# Solid glass dome (paperweight), radius 0.25, flat base on y = 0
# Generated procedurally for CSCI 4471 Assignment 1. 3074 vertices, 5952 triangles.
# Vertices shared between triangles are smooth; separate vertices give a sharp edge.
v 0.000000 0.000000 0.000000
v 0.250000 0.000000 0.000000
v 0.249465 0.000000 0.016351
v 0.247861 0.000000 0.032632
v 0.245196 0.000000 0.048773
v 0.241481 0.000000 0.064705
v 0.236733 0.000000 0.080360
v 0.230970 0.000000 0.095671
v 0.224218 0.000000 0.110572
v 0.216506 0.000000 0.125000
v 0.207867 0.000000 0.138893
v 0.198338 0.000000 0.152190
v 0.187960 0.000000 0.164836
v 0.176777 0.000000 0.176777
v 0.164836 0.000000 0.187960
v 0.152190 0.000000 0.198338
v 0.138893 0.000000 0.207867
v 0.125000 0.000000 0.216506
v 0.110572 0.000000 0.224218
v 0.095671 0.000000 0.230970
v 0.080360 0.000000 0.236733
v 0.064705 0.000000 0.241481
v 0.048773 0.000000 0.245196
v 0.032632 0.000000 0.247861
v 0.016351 0.000000 0.249465
v 0.000000 0.000000 0.250000
v -0.016351 0.000000 0.249465
v -0.032632 0.000000 0.247861
v -0.048773 0.000000 0.245196
v -0.064705 0.000000 0.241481
v -0.080360 0.000000 0.236733
v -0.095671 0.000000 0.230970
v -0.110572 0.000000 0.224218
v -0.125000 0.000000 0.216506
v -0.138893 0.000000 0.207867
v -0.152190 0.000000 0.198338
v -0.164836 0.000000 0.187960
v -0.176777 0.000000 0.176777
v -0.187960 0.000000 0.164836
v -0.198338 0.000000 0.152190
v -0.207867 0.000000 0.138893
v -0.216506 0.000000 0.125000
v -0.224218 0.000000 0.110572
v -0.230970 0.000000 0.095671
v -0.236733 0.000000 0.080360
v -0.241481 0.000000 0.064705
v -0.245196 0.000000 0.048773
v -0.247861 0.000000 0.032632
v -0.249465 0.000000 0.016351
v -0.250000 0.000000 0.000000
v -0.249465 0.000000 -0.016351
v -0.247861 0.000000 -0.032632
v -0.245196 0.000000 -0.048773
v -0.241481 0.000000 -0.064705
v -0.236733 0.000000 -0.080360
v -0.230970 0.000000 -0.095671
v -0.224218 0.000000 -0.110572
v -0.216506 0.000000 -0.125000
v -0.207867 0.000000 -0.138893
v -0.198338 0.000000 -0.152190
v -0.187960 0.000000 -0.164836
v -0.176777 0.000000 -0.176777
v -0.164836 0.000000 -0.187960
v -0.152190 0.000000 -0.198338
v -0.138893 0.000000 -0.207867
v -0.125000 0.000000 -0.216506
v -0.110572 0.000000 -0.224218
v -0.095671 0.000000 -0.230970
v -0.080360 0.000000 -0.236733
v -0.064705 0.000000 -0.241481
v -0.048773 0.000000 -0.245196
v -0.032632 0.000000 -0.247861
v -0.016351 0.000000 -0.249465
v -0.000000 0.000000 -0.250000
v 0.016351 0.000000 -0.249465
v 0.032632 0.000000 -0.247861
v 0.048773 0.000000 -0.245196
v 0.064705 0.000000 -0.241481
v 0.080360 0.000000 -0.236733
v 0.095671 0.000000 -0.230970
v 0.110572 0.000000 -0.224218
v 0.125000 0.000000 -0.216506
v 0.138893 0.000000 -0.207867
v 0.152190 0.000000 -0.198338
v 0.164836 0.000000 -0.187960
v 0.176777 0.000000 -0.176777
v 0.187960 0.000000 -0.164836
v 0.198338 0.000000 -0.152190
v 0.207867 0.000000 -0.138893
v 0.216506 0.000000 -0.125000
v 0.224218 0.000000 -0.110572
v 0.230970 0.000000 -0.095671
v 0.236733 0.000000 -0.080360
v 0.241481 0.000000 -0.064705
v 0.245196 0.000000 -0.048773
v 0.247861 0.000000 -0.032632
v 0.249465 0.000000 -0.016351
v 0.250000 0.000000 0.000000
v 0.249465 0.000000 0.016351
v 0.247861 0.000000 0.032632
v 0.245196 0.000000 0.048773
v 0.241481 0.000000 0.064705
v 0.236733 0.000000 0.080360
v 0.230970 0.000000 0.095671
v 0.224218 0.000000 0.110572
v 0.216506 0.000000 0.125000
v 0.207867 0.000000 0.138893
v 0.198338 0.000000 0.152190
v 0.187960 0.000000 0.164836
v 0.176777 0.000000 0.176777
v 0.164836 0.000000 0.187960
v 0.152190 0.000000 0.198338
v 0.138893 0.000000 0.207867
v 0.125000 0.000000 0.216506
v 0.110572 0.000000 0.224218
v 0.095671 0.000000 0.230970
v 0.080360 0.000000 0.236733
v 0.064705 0.000000 0.241481
v 0.048773 0.000000 0.245196
v 0.032632 0.000000 0.247861
v 0.016351 0.000000 0.249465
v 0.000000 0.000000 0.250000
v -0.016351 0.000000 0.249465
v -0.032632 0.000000 0.247861
v -0.048773 0.000000 0.245196
v -0.064705 0.000000 0.241481
v -0.080360 0.000000 0.236733
v -0.095671 0.000000 0.230970
v -0.110572 0.000000 0.224218
v -0.125000 0.000000 0.216506
v -0.138893 0.000000 0.207867
v -0.152190 0.000000 0.198338
v -0.164836 0.000000 0.187960
v -0.176777 0.000000 0.176777
v -0.187960 0.000000 0.164836
v -0.198338 0.000000 0.152190
v -0.207867 0.000000 0.138893
v -0.216506 0.000000 0.125000
v -0.224218 0.000000 0.110572
v -0.230970 0.000000 0.095671
v -0.236733 0.000000 0.080360
v -0.241481 0.000000 0.064705
v -0.245196 0.000000 0.048773
v -0.247861 0.000000 0.032632
v -0.249465 0.000000 0.016351
v -0.250000 0.000000 0.000000
v -0.249465 0.000000 -0.016351
v -0.247861 0.000000 -0.032632
v -0.245196 0.000000 -0.048773
v -0.241481 0.000000 -0.064705
v -0.236733 0.000000 -0.080360
v -0.230970 0.000000 -0.095671
v -0.224218 0.000000 -0.110572
v -0.216506 0.000000 -0.125000
v -0.207867 0.000000 -0.138893
v -0.198338 0.000000 -0.152190
v -0.187960 0.000000 -0.164836
v -0.176777 0.000000 -0.176777
v -0.164836 0.000000 -0.187960
v -0.152190 0.000000 -0.198338
v -0.138893 0.000000 -0.207867
v -0.125000 0.000000 -0.216506
v -0.110572 0.000000 -0.224218
v -0.095671 0.000000 -0.230970
v -0.080360 0.000000 -0.236733
v -0.064705 0.000000 -0.241481
v -0.048773 0.000000 -0.245196
v -0.032632 0.000000 -0.247861
v -0.016351 0.000000 -0.249465
v -0.000000 0.000000 -0.250000
v 0.016351 0.000000 -0.249465
v 0.032632 0.000000 -0.247861
v 0.048773 0.000000 -0.245196
v 0.064705 0.000000 -0.241481
v 0.080360 0.000000 -0.236733
v 0.095671 0.000000 -0.230970
v 0.110572 0.000000 -0.224218
v 0.125000 0.000000 -0.216506
v 0.138893 0.000000 -0.207867
v 0.152190 0.000000 -0.198338
v 0.164836 0.000000 -0.187960
v 0.176777 0.000000 -0.176777
v 0.187960 0.000000 -0.164836
v 0.198338 0.000000 -0.152190
v 0.207867 0.000000 -0.138893
v 0.216506 0.000000 -0.125000
v 0.224218 0.000000 -0.110572
v 0.230970 0.000000 -0.095671
v 0.236733 0.000000 -0.080360
v 0.241481 0.000000 -0.064705
v 0.245196 0.000000 -0.048773
v 0.247861 0.000000 -0.032632
v 0.249465 0.000000 -0.016351
v 0.249679 0.012662 0.000000
v 0.249145 0.012662 0.016330
v 0.247543 0.012662 0.032590
v 0.244882 0.012662 0.048710
v 0.241172 0.012662 0.064622
v 0.236429 0.012662 0.080257
v 0.230673 0.012662 0.095548
v 0.223930 0.012662 0.110430
v 0.216228 0.012662 0.124840
v 0.207601 0.012662 0.138714
v 0.198084 0.012662 0.151995
v 0.187719 0.012662 0.164625
v 0.176550 0.012662 0.176550
v 0.164625 0.012662 0.187719
v 0.151995 0.012662 0.198084
v 0.138714 0.012662 0.207601
v 0.124840 0.012662 0.216228
v 0.110430 0.012662 0.223930
v 0.095548 0.012662 0.230673
v 0.080257 0.012662 0.236429
v 0.064622 0.012662 0.241172
v 0.048710 0.012662 0.244882
v 0.032590 0.012662 0.247543
v 0.016330 0.012662 0.249145
v 0.000000 0.012662 0.249679
v -0.016330 0.012662 0.249145
v -0.032590 0.012662 0.247543
v -0.048710 0.012662 0.244882
v -0.064622 0.012662 0.241172
v -0.080257 0.012662 0.236429
v -0.095548 0.012662 0.230673
v -0.110430 0.012662 0.223930
v -0.124840 0.012662 0.216228
v -0.138714 0.012662 0.207601
v -0.151995 0.012662 0.198084
v -0.164625 0.012662 0.187719
v -0.176550 0.012662 0.176550
v -0.187719 0.012662 0.164625
v -0.198084 0.012662 0.151995
v -0.207601 0.012662 0.138714
v -0.216228 0.012662 0.124840
v -0.223930 0.012662 0.110430
v -0.230673 0.012662 0.095548
v -0.236429 0.012662 0.080257
v -0.241172 0.012662 0.064622
v -0.244882 0.012662 0.048710
v -0.247543 0.012662 0.032590
v -0.249145 0.012662 0.016330
v -0.249679 0.012662 0.000000
v -0.249145 0.012662 -0.016330
v -0.247543 0.012662 -0.032590
v -0.244882 0.012662 -0.048710
v -0.241172 0.012662 -0.064622
v -0.236429 0.012662 -0.080257
v -0.230673 0.012662 -0.095548
v -0.223930 0.012662 -0.110430
v -0.216228 0.012662 -0.124840
v -0.207601 0.012662 -0.138714
v -0.198084 0.012662 -0.151995
v -0.187719 0.012662 -0.164625
v -0.176550 0.012662 -0.176550
v -0.164625 0.012662 -0.187719
v -0.151995 0.012662 -0.198084
v -0.138714 0.012662 -0.207601
v -0.124840 0.012662 -0.216228
v -0.110430 0.012662 -0.223930
v -0.095548 0.012662 -0.230673
v -0.080257 0.012662 -0.236429
v -0.064622 0.012662 -0.241172
v -0.048710 0.012662 -0.244882
v -0.032590 0.012662 -0.247543
v -0.016330 0.012662 -0.249145
v -0.000000 0.012662 -0.249679
v 0.016330 0.012662 -0.249145
v 0.032590 0.012662 -0.247543
v 0.048710 0.012662 -0.244882
v 0.064622 0.012662 -0.241172
v 0.080257 0.012662 -0.236429
v 0.095548 0.012662 -0.230673
v 0.110430 0.012662 -0.223930
v 0.124840 0.012662 -0.216228
v 0.138714 0.012662 -0.207601
v 0.151995 0.012662 -0.198084
v 0.164625 0.012662 -0.187719
v 0.176550 0.012662 -0.176550
v 0.187719 0.012662 -0.164625
v 0.198084 0.012662 -0.151995
v 0.207601 0.012662 -0.138714
v 0.216228 0.012662 -0.124840
v 0.223930 0.012662 -0.110430
v 0.230673 0.012662 -0.095548
v 0.236429 0.012662 -0.080257
v 0.241172 0.012662 -0.064622
v 0.244882 0.012662 -0.048710
v 0.247543 0.012662 -0.032590
v 0.249145 0.012662 -0.016330
v 0.248717 0.025292 0.000000
v 0.248185 0.025292 0.016267
v 0.246590 0.025292 0.032464
v 0.243938 0.025292 0.048522
v 0.240242 0.025292 0.064373
v 0.235518 0.025292 0.079948
v 0.229785 0.025292 0.095180
v 0.223068 0.025292 0.110005
v 0.215396 0.025292 0.124359
v 0.206801 0.025292 0.138180
v 0.197321 0.025292 0.151410
v 0.186996 0.025292 0.163991
v 0.175870 0.025292 0.175870
v 0.163991 0.025292 0.186996
v 0.151410 0.025292 0.197321
v 0.138180 0.025292 0.206801
v 0.124359 0.025292 0.215396
v 0.110005 0.025292 0.223068
v 0.095180 0.025292 0.229785
v 0.079948 0.025292 0.235518
v 0.064373 0.025292 0.240242
v 0.048522 0.025292 0.243938
v 0.032464 0.025292 0.246590
v 0.016267 0.025292 0.248185
v 0.000000 0.025292 0.248717
v -0.016267 0.025292 0.248185
v -0.032464 0.025292 0.246590
v -0.048522 0.025292 0.243938
v -0.064373 0.025292 0.240242
v -0.079948 0.025292 0.235518
v -0.095180 0.025292 0.229785
v -0.110005 0.025292 0.223068
v -0.124359 0.025292 0.215396
v -0.138180 0.025292 0.206801
v -0.151410 0.025292 0.197321
v -0.163991 0.025292 0.186996
v -0.175870 0.025292 0.175870
v -0.186996 0.025292 0.163991
v -0.197321 0.025292 0.151410
v -0.206801 0.025292 0.138180
v -0.215396 0.025292 0.124359
v -0.223068 0.025292 0.110005
v -0.229785 0.025292 0.095180
v -0.235518 0.025292 0.079948
v -0.240242 0.025292 0.064373
v -0.243938 0.025292 0.048522
v -0.246590 0.025292 0.032464
v -0.248185 0.025292 0.016267
v -0.248717 0.025292 0.000000
v -0.248185 0.025292 -0.016267
v -0.246590 0.025292 -0.032464
v -0.243938 0.025292 -0.048522
v -0.240242 0.025292 -0.064373
v -0.235518 0.025292 -0.079948
v -0.229785 0.025292 -0.095180
v -0.223068 0.025292 -0.110005
v -0.215396 0.025292 -0.124359
v -0.206801 0.025292 -0.138180
v -0.197321 0.025292 -0.151410
v -0.186996 0.025292 -0.163991
v -0.175870 0.025292 -0.175870
v -0.163991 0.025292 -0.186996
v -0.151410 0.025292 -0.197321
v -0.138180 0.025292 -0.206801
v -0.124359 0.025292 -0.215396
v -0.110005 0.025292 -0.223068
v -0.095180 0.025292 -0.229785
v -0.079948 0.025292 -0.235518
v -0.064373 0.025292 -0.240242
v -0.048522 0.025292 -0.243938
v -0.032464 0.025292 -0.246590
v -0.016267 0.025292 -0.248185
v -0.000000 0.025292 -0.248717
v 0.016267 0.025292 -0.248185
v 0.032464 0.025292 -0.246590
v 0.048522 0.025292 -0.243938
v 0.064373 0.025292 -0.240242
v 0.079948 0.025292 -0.235518
v 0.095180 0.025292 -0.229785
v 0.110005 0.025292 -0.223068
v 0.124359 0.025292 -0.215396
v 0.138180 0.025292 -0.206801
v 0.151410 0.025292 -0.197321
v 0.163991 0.025292 -0.186996
v 0.175870 0.025292 -0.175870
v 0.186996 0.025292 -0.163991
v 0.197321 0.025292 -0.151410
v 0.206801 0.025292 -0.138180
v 0.215396 0.025292 -0.124359
v 0.223068 0.025292 -0.110005
v 0.229785 0.025292 -0.095180
v 0.235518 0.025292 -0.079948
v 0.240242 0.025292 -0.064373
v 0.243938 0.025292 -0.048522
v 0.246590 0.025292 -0.032464
v 0.248185 0.025292 -0.016267
v 0.247117 0.037857 0.000000
v 0.246588 0.037857 0.016162
v 0.245003 0.037857 0.032255
v 0.242369 0.037857 0.048210
v 0.238697 0.037857 0.063959
v 0.234003 0.037857 0.079433
v 0.228306 0.037857 0.094568
v 0.221633 0.037857 0.109297
v 0.214010 0.037857 0.123559
v 0.205470 0.037857 0.137291
v 0.196051 0.037857 0.150435
v 0.185792 0.037857 0.162936
v 0.174738 0.037857 0.174738
v 0.162936 0.037857 0.185792
v 0.150435 0.037857 0.196051
v 0.137291 0.037857 0.205470
v 0.123559 0.037857 0.214010
v 0.109297 0.037857 0.221633
v 0.094568 0.037857 0.228306
v 0.079433 0.037857 0.234003
v 0.063959 0.037857 0.238697
v 0.048210 0.037857 0.242369
v 0.032255 0.037857 0.245003
v 0.016162 0.037857 0.246588
v 0.000000 0.037857 0.247117
v -0.016162 0.037857 0.246588
v -0.032255 0.037857 0.245003
v -0.048210 0.037857 0.242369
v -0.063959 0.037857 0.238697
v -0.079433 0.037857 0.234003
v -0.094568 0.037857 0.228306
v -0.109297 0.037857 0.221633
v -0.123559 0.037857 0.214010
v -0.137291 0.037857 0.205470
v -0.150435 0.037857 0.196051
v -0.162936 0.037857 0.185792
v -0.174738 0.037857 0.174738
v -0.185792 0.037857 0.162936
v -0.196051 0.037857 0.150435
v -0.205470 0.037857 0.137291
v -0.214010 0.037857 0.123559
v -0.221633 0.037857 0.109297
v -0.228306 0.037857 0.094568
v -0.234003 0.037857 0.079433
v -0.238697 0.037857 0.063959
v -0.242369 0.037857 0.048210
v -0.245003 0.037857 0.032255
v -0.246588 0.037857 0.016162
v -0.247117 0.037857 0.000000
v -0.246588 0.037857 -0.016162
v -0.245003 0.037857 -0.032255
v -0.242369 0.037857 -0.048210
v -0.238697 0.037857 -0.063959
v -0.234003 0.037857 -0.079433
v -0.228306 0.037857 -0.094568
v -0.221633 0.037857 -0.109297
v -0.214010 0.037857 -0.123559
v -0.205470 0.037857 -0.137291
v -0.196051 0.037857 -0.150435
v -0.185792 0.037857 -0.162936
v -0.174738 0.037857 -0.174738
v -0.162936 0.037857 -0.185792
v -0.150435 0.037857 -0.196051
v -0.137291 0.037857 -0.205470
v -0.123559 0.037857 -0.214010
v -0.109297 0.037857 -0.221633
v -0.094568 0.037857 -0.228306
v -0.079433 0.037857 -0.234003
v -0.063959 0.037857 -0.238697
v -0.048210 0.037857 -0.242369
v -0.032255 0.037857 -0.245003
v -0.016162 0.037857 -0.246588
v -0.000000 0.037857 -0.247117
v 0.016162 0.037857 -0.246588
v 0.032255 0.037857 -0.245003
v 0.048210 0.037857 -0.242369
v 0.063959 0.037857 -0.238697
v 0.079433 0.037857 -0.234003
v 0.094568 0.037857 -0.228306
v 0.109297 0.037857 -0.221633
v 0.123559 0.037857 -0.214010
v 0.137291 0.037857 -0.205470
v 0.150435 0.037857 -0.196051
v 0.162936 0.037857 -0.185792
v 0.174738 0.037857 -0.174738
v 0.185792 0.037857 -0.162936
v 0.196051 0.037857 -0.150435
v 0.205470 0.037857 -0.137291
v 0.214010 0.037857 -0.123559
v 0.221633 0.037857 -0.109297
v 0.228306 0.037857 -0.094568
v 0.234003 0.037857 -0.079433
v 0.238697 0.037857 -0.063959
v 0.242369 0.037857 -0.048210
v 0.245003 0.037857 -0.032255
v 0.246588 0.037857 -0.016162
v 0.244882 0.050325 0.000000
v 0.244358 0.050325 0.016016
v 0.242787 0.050325 0.031964
v 0.240177 0.050325 0.047774
v 0.236538 0.050325 0.063380
v 0.231887 0.050325 0.078715
v 0.226242 0.050325 0.093712
v 0.219628 0.050325 0.108309
v 0.212074 0.050325 0.122441
v 0.203612 0.050325 0.136049
v 0.194278 0.050325 0.149075
v 0.184112 0.050325 0.161462
v 0.173158 0.050325 0.173158
v 0.161462 0.050325 0.184112
v 0.149075 0.050325 0.194278
v 0.136049 0.050325 0.203612
v 0.122441 0.050325 0.212074
v 0.108309 0.050325 0.219628
v 0.093712 0.050325 0.226242
v 0.078715 0.050325 0.231887
v 0.063380 0.050325 0.236538
v 0.047774 0.050325 0.240177
v 0.031964 0.050325 0.242787
v 0.016016 0.050325 0.244358
v 0.000000 0.050325 0.244882
v -0.016016 0.050325 0.244358
v -0.031964 0.050325 0.242787
v -0.047774 0.050325 0.240177
v -0.063380 0.050325 0.236538
v -0.078715 0.050325 0.231887
v -0.093712 0.050325 0.226242
v -0.108309 0.050325 0.219628
v -0.122441 0.050325 0.212074
v -0.136049 0.050325 0.203612
v -0.149075 0.050325 0.194278
v -0.161462 0.050325 0.184112
v -0.173158 0.050325 0.173158
v -0.184112 0.050325 0.161462
v -0.194278 0.050325 0.149075
v -0.203612 0.050325 0.136049
v -0.212074 0.050325 0.122441
v -0.219628 0.050325 0.108309
v -0.226242 0.050325 0.093712
v -0.231887 0.050325 0.078715
v -0.236538 0.050325 0.063380
v -0.240177 0.050325 0.047774
v -0.242787 0.050325 0.031964
v -0.244358 0.050325 0.016016
v -0.244882 0.050325 0.000000
v -0.244358 0.050325 -0.016016
v -0.242787 0.050325 -0.031964
v -0.240177 0.050325 -0.047774
v -0.236538 0.050325 -0.063380
v -0.231887 0.050325 -0.078715
v -0.226242 0.050325 -0.093712
v -0.219628 0.050325 -0.108309
v -0.212074 0.050325 -0.122441
v -0.203612 0.050325 -0.136049
v -0.194278 0.050325 -0.149075
v -0.184112 0.050325 -0.161462
v -0.173158 0.050325 -0.173158
v -0.161462 0.050325 -0.184112
v -0.149075 0.050325 -0.194278
v -0.136049 0.050325 -0.203612
v -0.122441 0.050325 -0.212074
v -0.108309 0.050325 -0.219628
v -0.093712 0.050325 -0.226242
v -0.078715 0.050325 -0.231887
v -0.063380 0.050325 -0.236538
v -0.047774 0.050325 -0.240177
v -0.031964 0.050325 -0.242787
v -0.016016 0.050325 -0.244358
v -0.000000 0.050325 -0.244882
v 0.016016 0.050325 -0.244358
v 0.031964 0.050325 -0.242787
v 0.047774 0.050325 -0.240177
v 0.063380 0.050325 -0.236538
v 0.078715 0.050325 -0.231887
v 0.093712 0.050325 -0.226242
v 0.108309 0.050325 -0.219628
v 0.122441 0.050325 -0.212074
v 0.136049 0.050325 -0.203612
v 0.149075 0.050325 -0.194278
v 0.161462 0.050325 -0.184112
v 0.173158 0.050325 -0.173158
v 0.184112 0.050325 -0.161462
v 0.194278 0.050325 -0.149075
v 0.203612 0.050325 -0.136049
v 0.212074 0.050325 -0.122441
v 0.219628 0.050325 -0.108309
v 0.226242 0.050325 -0.093712
v 0.231887 0.050325 -0.078715
v 0.236538 0.050325 -0.063380
v 0.240177 0.050325 -0.047774
v 0.242787 0.050325 -0.031964
v 0.244358 0.050325 -0.016016
v 0.242019 0.062663 0.000000
v 0.241501 0.062663 0.015829
v 0.239949 0.062663 0.031590
v 0.237369 0.062663 0.047216
v 0.233773 0.062663 0.062639
v 0.229175 0.062663 0.077795
v 0.223597 0.062663 0.092617
v 0.217060 0.062663 0.107042
v 0.209595 0.062663 0.121010
v 0.201232 0.062663 0.134459
v 0.192007 0.062663 0.147332
v 0.181960 0.062663 0.159574
v 0.171133 0.062663 0.171133
v 0.159574 0.062663 0.181960
v 0.147332 0.062663 0.192007
v 0.134459 0.062663 0.201232
v 0.121010 0.062663 0.209595
v 0.107042 0.062663 0.217060
v 0.092617 0.062663 0.223597
v 0.077795 0.062663 0.229175
v 0.062639 0.062663 0.233773
v 0.047216 0.062663 0.237369
v 0.031590 0.062663 0.239949
v 0.015829 0.062663 0.241501
v 0.000000 0.062663 0.242019
v -0.015829 0.062663 0.241501
v -0.031590 0.062663 0.239949
v -0.047216 0.062663 0.237369
v -0.062639 0.062663 0.233773
v -0.077795 0.062663 0.229175
v -0.092617 0.062663 0.223597
v -0.107042 0.062663 0.217060
v -0.121010 0.062663 0.209595
v -0.134459 0.062663 0.201232
v -0.147332 0.062663 0.192007
v -0.159574 0.062663 0.181960
v -0.171133 0.062663 0.171133
v -0.181960 0.062663 0.159574
v -0.192007 0.062663 0.147332
v -0.201232 0.062663 0.134459
v -0.209595 0.062663 0.121010
v -0.217060 0.062663 0.107042
v -0.223597 0.062663 0.092617
v -0.229175 0.062663 0.077795
v -0.233773 0.062663 0.062639
v -0.237369 0.062663 0.047216
v -0.239949 0.062663 0.031590
v -0.241501 0.062663 0.015829
v -0.242019 0.062663 0.000000
v -0.241501 0.062663 -0.015829
v -0.239949 0.062663 -0.031590
v -0.237369 0.062663 -0.047216
v -0.233773 0.062663 -0.062639
v -0.229175 0.062663 -0.077795
v -0.223597 0.062663 -0.092617
v -0.217060 0.062663 -0.107042
v -0.209595 0.062663 -0.121010
v -0.201232 0.062663 -0.134459
v -0.192007 0.062663 -0.147332
v -0.181960 0.062663 -0.159574
v -0.171133 0.062663 -0.171133
v -0.159574 0.062663 -0.181960
v -0.147332 0.062663 -0.192007
v -0.134459 0.062663 -0.201232
v -0.121010 0.062663 -0.209595
v -0.107042 0.062663 -0.217060
v -0.092617 0.062663 -0.223597
v -0.077795 0.062663 -0.229175
v -0.062639 0.062663 -0.233773
v -0.047216 0.062663 -0.237369
v -0.031590 0.062663 -0.239949
v -0.015829 0.062663 -0.241501
v -0.000000 0.062663 -0.242019
v 0.015829 0.062663 -0.241501
v 0.031590 0.062663 -0.239949
v 0.047216 0.062663 -0.237369
v 0.062639 0.062663 -0.233773
v 0.077795 0.062663 -0.229175
v 0.092617 0.062663 -0.223597
v 0.107042 0.062663 -0.217060
v 0.121010 0.062663 -0.209595
v 0.134459 0.062663 -0.201232
v 0.147332 0.062663 -0.192007
v 0.159574 0.062663 -0.181960
v 0.171133 0.062663 -0.171133
v 0.181960 0.062663 -0.159574
v 0.192007 0.062663 -0.147332
v 0.201232 0.062663 -0.134459
v 0.209595 0.062663 -0.121010
v 0.217060 0.062663 -0.107042
v 0.223597 0.062663 -0.092617
v 0.229175 0.062663 -0.077795
v 0.233773 0.062663 -0.062639
v 0.237369 0.062663 -0.047216
v 0.239949 0.062663 -0.031590
v 0.241501 0.062663 -0.015829
v 0.238535 0.074841 0.000000
v 0.238024 0.074841 0.015601
v 0.236494 0.074841 0.031135
v 0.233951 0.074841 0.046536
v 0.230407 0.074841 0.061737
v 0.225876 0.074841 0.076675
v 0.220377 0.074841 0.091283
v 0.213935 0.074841 0.105501
v 0.206577 0.074841 0.119267
v 0.198334 0.074841 0.132523
v 0.189242 0.074841 0.145211
v 0.179340 0.074841 0.157277
v 0.168670 0.074841 0.168670
v 0.157277 0.074841 0.179340
v 0.145211 0.074841 0.189242
v 0.132523 0.074841 0.198334
v 0.119267 0.074841 0.206577
v 0.105501 0.074841 0.213935
v 0.091283 0.074841 0.220377
v 0.076675 0.074841 0.225876
v 0.061737 0.074841 0.230407
v 0.046536 0.074841 0.233951
v 0.031135 0.074841 0.236494
v 0.015601 0.074841 0.238024
v 0.000000 0.074841 0.238535
v -0.015601 0.074841 0.238024
v -0.031135 0.074841 0.236494
v -0.046536 0.074841 0.233951
v -0.061737 0.074841 0.230407
v -0.076675 0.074841 0.225876
v -0.091283 0.074841 0.220377
v -0.105501 0.074841 0.213935
v -0.119267 0.074841 0.206577
v -0.132523 0.074841 0.198334
v -0.145211 0.074841 0.189242
v -0.157277 0.074841 0.179340
v -0.168670 0.074841 0.168670
v -0.179340 0.074841 0.157277
v -0.189242 0.074841 0.145211
v -0.198334 0.074841 0.132523
v -0.206577 0.074841 0.119267
v -0.213935 0.074841 0.105501
v -0.220377 0.074841 0.091283
v -0.225876 0.074841 0.076675
v -0.230407 0.074841 0.061737
v -0.233951 0.074841 0.046536
v -0.236494 0.074841 0.031135
v -0.238024 0.074841 0.015601
v -0.238535 0.074841 0.000000
v -0.238024 0.074841 -0.015601
v -0.236494 0.074841 -0.031135
v -0.233951 0.074841 -0.046536
v -0.230407 0.074841 -0.061737
v -0.225876 0.074841 -0.076675
v -0.220377 0.074841 -0.091283
v -0.213935 0.074841 -0.105501
v -0.206577 0.074841 -0.119267
v -0.198334 0.074841 -0.132523
v -0.189242 0.074841 -0.145211
v -0.179340 0.074841 -0.157277
v -0.168670 0.074841 -0.168670
v -0.157277 0.074841 -0.179340
v -0.145211 0.074841 -0.189242
v -0.132523 0.074841 -0.198334
v -0.119267 0.074841 -0.206577
v -0.105501 0.074841 -0.213935
v -0.091283 0.074841 -0.220377
v -0.076675 0.074841 -0.225876
v -0.061737 0.074841 -0.230407
v -0.046536 0.074841 -0.233951
v -0.031135 0.074841 -0.236494
v -0.015601 0.074841 -0.238024
v -0.000000 0.074841 -0.238535
v 0.015601 0.074841 -0.238024
v 0.031135 0.074841 -0.236494
v 0.046536 0.074841 -0.233951
v 0.061737 0.074841 -0.230407
v 0.076675 0.074841 -0.225876
v 0.091283 0.074841 -0.220377
v 0.105501 0.074841 -0.213935
v 0.119267 0.074841 -0.206577
v 0.132523 0.074841 -0.198334
v 0.145211 0.074841 -0.189242
v 0.157277 0.074841 -0.179340
v 0.168670 0.074841 -0.168670
v 0.179340 0.074841 -0.157277
v 0.189242 0.074841 -0.145211
v 0.198334 0.074841 -0.132523
v 0.206577 0.074841 -0.119267
v 0.213935 0.074841 -0.105501
v 0.220377 0.074841 -0.091283
v 0.225876 0.074841 -0.076675
v 0.230407 0.074841 -0.061737
v 0.233951 0.074841 -0.046536
v 0.236494 0.074841 -0.031135
v 0.238024 0.074841 -0.015601
v 0.234438 0.086826 0.000000
v 0.233936 0.086826 0.015333
v 0.232432 0.086826 0.030600
v 0.229933 0.086826 0.045737
v 0.226450 0.086826 0.060677
v 0.221996 0.086826 0.075358
v 0.216593 0.086826 0.089716
v 0.210261 0.086826 0.103689
v 0.203029 0.086826 0.117219
v 0.194928 0.086826 0.130247
v 0.185992 0.086826 0.142717
v 0.176260 0.086826 0.154576
v 0.165773 0.086826 0.165773
v 0.154576 0.086826 0.176260
v 0.142717 0.086826 0.185992
v 0.130247 0.086826 0.194928
v 0.117219 0.086826 0.203029
v 0.103689 0.086826 0.210261
v 0.089716 0.086826 0.216593
v 0.075358 0.086826 0.221996
v 0.060677 0.086826 0.226450
v 0.045737 0.086826 0.229933
v 0.030600 0.086826 0.232432
v 0.015333 0.086826 0.233936
v 0.000000 0.086826 0.234438
v -0.015333 0.086826 0.233936
v -0.030600 0.086826 0.232432
v -0.045737 0.086826 0.229933
v -0.060677 0.086826 0.226450
v -0.075358 0.086826 0.221996
v -0.089716 0.086826 0.216593
v -0.103689 0.086826 0.210261
v -0.117219 0.086826 0.203029
v -0.130247 0.086826 0.194928
v -0.142717 0.086826 0.185992
v -0.154576 0.086826 0.176260
v -0.165773 0.086826 0.165773
v -0.176260 0.086826 0.154576
v -0.185992 0.086826 0.142717
v -0.194928 0.086826 0.130247
v -0.203029 0.086826 0.117219
v -0.210261 0.086826 0.103689
v -0.216593 0.086826 0.089716
v -0.221996 0.086826 0.075358
v -0.226450 0.086826 0.060677
v -0.229933 0.086826 0.045737
v -0.232432 0.086826 0.030600
v -0.233936 0.086826 0.015333
v -0.234438 0.086826 0.000000
v -0.233936 0.086826 -0.015333
v -0.232432 0.086826 -0.030600
v -0.229933 0.086826 -0.045737
v -0.226450 0.086826 -0.060677
v -0.221996 0.086826 -0.075358
v -0.216593 0.086826 -0.089716
v -0.210261 0.086826 -0.103689
v -0.203029 0.086826 -0.117219
v -0.194928 0.086826 -0.130247
v -0.185992 0.086826 -0.142717
v -0.176260 0.086826 -0.154576
v -0.165773 0.086826 -0.165773
v -0.154576 0.086826 -0.176260
v -0.142717 0.086826 -0.185992
v -0.130247 0.086826 -0.194928
v -0.117219 0.086826 -0.203029
v -0.103689 0.086826 -0.210261
v -0.089716 0.086826 -0.216593
v -0.075358 0.086826 -0.221996
v -0.060677 0.086826 -0.226450
v -0.045737 0.086826 -0.229933
v -0.030600 0.086826 -0.232432
v -0.015333 0.086826 -0.233936
v -0.000000 0.086826 -0.234438
v 0.015333 0.086826 -0.233936
v 0.030600 0.086826 -0.232432
v 0.045737 0.086826 -0.229933
v 0.060677 0.086826 -0.226450
v 0.075358 0.086826 -0.221996
v 0.089716 0.086826 -0.216593
v 0.103689 0.086826 -0.210261
v 0.117219 0.086826 -0.203029
v 0.130247 0.086826 -0.194928
v 0.142717 0.086826 -0.185992
v 0.154576 0.086826 -0.176260
v 0.165773 0.086826 -0.165773
v 0.176260 0.086826 -0.154576
v 0.185992 0.086826 -0.142717
v 0.194928 0.086826 -0.130247
v 0.203029 0.086826 -0.117219
v 0.210261 0.086826 -0.103689
v 0.216593 0.086826 -0.089716
v 0.221996 0.086826 -0.075358
v 0.226450 0.086826 -0.060677
v 0.229933 0.086826 -0.045737
v 0.232432 0.086826 -0.030600
v 0.233936 0.086826 -0.015333
v 0.229739 0.098589 0.000000
v 0.229248 0.098589 0.015026
v 0.227774 0.098589 0.029987
v 0.225325 0.098589 0.044820
v 0.221911 0.098589 0.059461
v 0.217547 0.098589 0.073847
v 0.212252 0.098589 0.087917
v 0.206047 0.098589 0.101611
v 0.198960 0.098589 0.114870
v 0.191021 0.098589 0.127636
v 0.182265 0.098589 0.139857
v 0.172727 0.098589 0.151478
v 0.162450 0.098589 0.162450
v 0.151478 0.098589 0.172727
v 0.139857 0.098589 0.182265
v 0.127636 0.098589 0.191021
v 0.114870 0.098589 0.198960
v 0.101611 0.098589 0.206047
v 0.087917 0.098589 0.212252
v 0.073847 0.098589 0.217547
v 0.059461 0.098589 0.221911
v 0.044820 0.098589 0.225325
v 0.029987 0.098589 0.227774
v 0.015026 0.098589 0.229248
v 0.000000 0.098589 0.229739
v -0.015026 0.098589 0.229248
v -0.029987 0.098589 0.227774
v -0.044820 0.098589 0.225325
v -0.059461 0.098589 0.221911
v -0.073847 0.098589 0.217547
v -0.087917 0.098589 0.212252
v -0.101611 0.098589 0.206047
v -0.114870 0.098589 0.198960
v -0.127636 0.098589 0.191021
v -0.139857 0.098589 0.182265
v -0.151478 0.098589 0.172727
v -0.162450 0.098589 0.162450
v -0.172727 0.098589 0.151478
v -0.182265 0.098589 0.139857
v -0.191021 0.098589 0.127636
v -0.198960 0.098589 0.114870
v -0.206047 0.098589 0.101611
v -0.212252 0.098589 0.087917
v -0.217547 0.098589 0.073847
v -0.221911 0.098589 0.059461
v -0.225325 0.098589 0.044820
v -0.227774 0.098589 0.029987
v -0.229248 0.098589 0.015026
v -0.229739 0.098589 0.000000
v -0.229248 0.098589 -0.015026
v -0.227774 0.098589 -0.029987
v -0.225325 0.098589 -0.044820
v -0.221911 0.098589 -0.059461
v -0.217547 0.098589 -0.073847
v -0.212252 0.098589 -0.087917
v -0.206047 0.098589 -0.101611
v -0.198960 0.098589 -0.114870
v -0.191021 0.098589 -0.127636
v -0.182265 0.098589 -0.139857
v -0.172727 0.098589 -0.151478
v -0.162450 0.098589 -0.162450
v -0.151478 0.098589 -0.172727
v -0.139857 0.098589 -0.182265
v -0.127636 0.098589 -0.191021
v -0.114870 0.098589 -0.198960
v -0.101611 0.098589 -0.206047
v -0.087917 0.098589 -0.212252
v -0.073847 0.098589 -0.217547
v -0.059461 0.098589 -0.221911
v -0.044820 0.098589 -0.225325
v -0.029987 0.098589 -0.227774
v -0.015026 0.098589 -0.229248
v -0.000000 0.098589 -0.229739
v 0.015026 0.098589 -0.229248
v 0.029987 0.098589 -0.227774
v 0.044820 0.098589 -0.225325
v 0.059461 0.098589 -0.221911
v 0.073847 0.098589 -0.217547
v 0.087917 0.098589 -0.212252
v 0.101611 0.098589 -0.206047
v 0.114870 0.098589 -0.198960
v 0.127636 0.098589 -0.191021
v 0.139857 0.098589 -0.182265
v 0.151478 0.098589 -0.172727
v 0.162450 0.098589 -0.162450
v 0.172727 0.098589 -0.151478
v 0.182265 0.098589 -0.139857
v 0.191021 0.098589 -0.127636
v 0.198960 0.098589 -0.114870
v 0.206047 0.098589 -0.101611
v 0.212252 0.098589 -0.087917
v 0.217547 0.098589 -0.073847
v 0.221911 0.098589 -0.059461
v 0.225325 0.098589 -0.044820
v 0.227774 0.098589 -0.029987
v 0.229248 0.098589 -0.015026
v 0.224451 0.110099 0.000000
v 0.223971 0.110099 0.014680
v 0.222531 0.110099 0.029297
v 0.220138 0.110099 0.043788
v 0.216803 0.110099 0.058092
v 0.212540 0.110099 0.072147
v 0.207366 0.110099 0.085894
v 0.201304 0.110099 0.099272
v 0.194380 0.110099 0.112226
v 0.186624 0.110099 0.124698
v 0.178069 0.110099 0.136637
v 0.168751 0.110099 0.147991
v 0.158711 0.110099 0.158711
v 0.147991 0.110099 0.168751
v 0.136637 0.110099 0.178069
v 0.124698 0.110099 0.186624
v 0.112226 0.110099 0.194380
v 0.099272 0.110099 0.201304
v 0.085894 0.110099 0.207366
v 0.072147 0.110099 0.212540
v 0.058092 0.110099 0.216803
v 0.043788 0.110099 0.220138
v 0.029297 0.110099 0.222531
v 0.014680 0.110099 0.223971
v 0.000000 0.110099 0.224451
v -0.014680 0.110099 0.223971
v -0.029297 0.110099 0.222531
v -0.043788 0.110099 0.220138
v -0.058092 0.110099 0.216803
v -0.072147 0.110099 0.212540
v -0.085894 0.110099 0.207366
v -0.099272 0.110099 0.201304
v -0.112226 0.110099 0.194380
v -0.124698 0.110099 0.186624
v -0.136637 0.110099 0.178069
v -0.147991 0.110099 0.168751
v -0.158711 0.110099 0.158711
v -0.168751 0.110099 0.147991
v -0.178069 0.110099 0.136637
v -0.186624 0.110099 0.124698
v -0.194380 0.110099 0.112226
v -0.201304 0.110099 0.099272
v -0.207366 0.110099 0.085894
v -0.212540 0.110099 0.072147
v -0.216803 0.110099 0.058092
v -0.220138 0.110099 0.043788
v -0.222531 0.110099 0.029297
v -0.223971 0.110099 0.014680
v -0.224451 0.110099 0.000000
v -0.223971 0.110099 -0.014680
v -0.222531 0.110099 -0.029297
v -0.220138 0.110099 -0.043788
v -0.216803 0.110099 -0.058092
v -0.212540 0.110099 -0.072147
v -0.207366 0.110099 -0.085894
v -0.201304 0.110099 -0.099272
v -0.194380 0.110099 -0.112226
v -0.186624 0.110099 -0.124698
v -0.178069 0.110099 -0.136637
v -0.168751 0.110099 -0.147991
v -0.158711 0.110099 -0.158711
v -0.147991 0.110099 -0.168751
v -0.136637 0.110099 -0.178069
v -0.124698 0.110099 -0.186624
v -0.112226 0.110099 -0.194380
v -0.099272 0.110099 -0.201304
v -0.085894 0.110099 -0.207366
v -0.072147 0.110099 -0.212540
v -0.058092 0.110099 -0.216803
v -0.043788 0.110099 -0.220138
v -0.029297 0.110099 -0.222531
v -0.014680 0.110099 -0.223971
v -0.000000 0.110099 -0.224451
v 0.014680 0.110099 -0.223971
v 0.029297 0.110099 -0.222531
v 0.043788 0.110099 -0.220138
v 0.058092 0.110099 -0.216803
v 0.072147 0.110099 -0.212540
v 0.085894 0.110099 -0.207366
v 0.099272 0.110099 -0.201304
v 0.112226 0.110099 -0.194380
v 0.124698 0.110099 -0.186624
v 0.136637 0.110099 -0.178069
v 0.147991 0.110099 -0.168751
v 0.158711 0.110099 -0.158711
v 0.168751 0.110099 -0.147991
v 0.178069 0.110099 -0.136637
v 0.186624 0.110099 -0.124698
v 0.194380 0.110099 -0.112226
v 0.201304 0.110099 -0.099272
v 0.207366 0.110099 -0.085894
v 0.212540 0.110099 -0.072147
v 0.216803 0.110099 -0.058092
v 0.220138 0.110099 -0.043788
v 0.222531 0.110099 -0.029297
v 0.223971 0.110099 -0.014680
v 0.218587 0.121325 0.000000
v 0.218119 0.121325 0.014296
v 0.216717 0.121325 0.028531
v 0.214387 0.121325 0.042644
v 0.211138 0.121325 0.056574
v 0.206986 0.121325 0.070262
v 0.201948 0.121325 0.083649
v 0.196044 0.121325 0.096678
v 0.189302 0.121325 0.109293
v 0.181748 0.121325 0.121440
v 0.173416 0.121325 0.133067
v 0.164342 0.121325 0.144124
v 0.154564 0.121325 0.154564
v 0.144124 0.121325 0.164342
v 0.133067 0.121325 0.173416
v 0.121440 0.121325 0.181748
v 0.109293 0.121325 0.189302
v 0.096678 0.121325 0.196044
v 0.083649 0.121325 0.201948
v 0.070262 0.121325 0.206986
v 0.056574 0.121325 0.211138
v 0.042644 0.121325 0.214387
v 0.028531 0.121325 0.216717
v 0.014296 0.121325 0.218119
v 0.000000 0.121325 0.218587
v -0.014296 0.121325 0.218119
v -0.028531 0.121325 0.216717
v -0.042644 0.121325 0.214387
v -0.056574 0.121325 0.211138
v -0.070262 0.121325 0.206986
v -0.083649 0.121325 0.201948
v -0.096678 0.121325 0.196044
v -0.109293 0.121325 0.189302
v -0.121440 0.121325 0.181748
v -0.133067 0.121325 0.173416
v -0.144124 0.121325 0.164342
v -0.154564 0.121325 0.154564
v -0.164342 0.121325 0.144124
v -0.173416 0.121325 0.133067
v -0.181748 0.121325 0.121440
v -0.189302 0.121325 0.109293
v -0.196044 0.121325 0.096678
v -0.201948 0.121325 0.083649
v -0.206986 0.121325 0.070262
v -0.211138 0.121325 0.056574
v -0.214387 0.121325 0.042644
v -0.216717 0.121325 0.028531
v -0.218119 0.121325 0.014296
v -0.218587 0.121325 0.000000
v -0.218119 0.121325 -0.014296
v -0.216717 0.121325 -0.028531
v -0.214387 0.121325 -0.042644
v -0.211138 0.121325 -0.056574
v -0.206986 0.121325 -0.070262
v -0.201948 0.121325 -0.083649
v -0.196044 0.121325 -0.096678
v -0.189302 0.121325 -0.109293
v -0.181748 0.121325 -0.121440
v -0.173416 0.121325 -0.133067
v -0.164342 0.121325 -0.144124
v -0.154564 0.121325 -0.154564
v -0.144124 0.121325 -0.164342
v -0.133067 0.121325 -0.173416
v -0.121440 0.121325 -0.181748
v -0.109293 0.121325 -0.189302
v -0.096678 0.121325 -0.196044
v -0.083649 0.121325 -0.201948
v -0.070262 0.121325 -0.206986
v -0.056574 0.121325 -0.211138
v -0.042644 0.121325 -0.214387
v -0.028531 0.121325 -0.216717
v -0.014296 0.121325 -0.218119
v -0.000000 0.121325 -0.218587
v 0.014296 0.121325 -0.218119
v 0.028531 0.121325 -0.216717
v 0.042644 0.121325 -0.214387
v 0.056574 0.121325 -0.211138
v 0.070262 0.121325 -0.206986
v 0.083649 0.121325 -0.201948
v 0.096678 0.121325 -0.196044
v 0.109293 0.121325 -0.189302
v 0.121440 0.121325 -0.181748
v 0.133067 0.121325 -0.173416
v 0.144124 0.121325 -0.164342
v 0.154564 0.121325 -0.154564
v 0.164342 0.121325 -0.144124
v 0.173416 0.121325 -0.133067
v 0.181748 0.121325 -0.121440
v 0.189302 0.121325 -0.109293
v 0.196044 0.121325 -0.096678
v 0.201948 0.121325 -0.083649
v 0.206986 0.121325 -0.070262
v 0.211138 0.121325 -0.056574
v 0.214387 0.121325 -0.042644
v 0.216717 0.121325 -0.028531
v 0.218119 0.121325 -0.014296
v 0.212161 0.132241 0.000000
v 0.211707 0.132241 0.013876
v 0.210346 0.132241 0.027693
v 0.208084 0.132241 0.041391
v 0.204932 0.132241 0.054911
v 0.200902 0.132241 0.068197
v 0.196011 0.132241 0.081191
v 0.190281 0.132241 0.093836
v 0.183737 0.132241 0.106081
v 0.176405 0.132241 0.117870
v 0.168319 0.132241 0.129155
v 0.159511 0.132241 0.139888
v 0.150021 0.132241 0.150021
v 0.139888 0.132241 0.159511
v 0.129155 0.132241 0.168319
v 0.117870 0.132241 0.176405
v 0.106081 0.132241 0.183737
v 0.093836 0.132241 0.190281
v 0.081191 0.132241 0.196011
v 0.068197 0.132241 0.200902
v 0.054911 0.132241 0.204932
v 0.041391 0.132241 0.208084
v 0.027693 0.132241 0.210346
v 0.013876 0.132241 0.211707
v 0.000000 0.132241 0.212161
v -0.013876 0.132241 0.211707
v -0.027693 0.132241 0.210346
v -0.041391 0.132241 0.208084
v -0.054911 0.132241 0.204932
v -0.068197 0.132241 0.200902
v -0.081191 0.132241 0.196011
v -0.093836 0.132241 0.190281
v -0.106081 0.132241 0.183737
v -0.117870 0.132241 0.176405
v -0.129155 0.132241 0.168319
v -0.139888 0.132241 0.159511
v -0.150021 0.132241 0.150021
v -0.159511 0.132241 0.139888
v -0.168319 0.132241 0.129155
v -0.176405 0.132241 0.117870
v -0.183737 0.132241 0.106081
v -0.190281 0.132241 0.093836
v -0.196011 0.132241 0.081191
v -0.200902 0.132241 0.068197
v -0.204932 0.132241 0.054911
v -0.208084 0.132241 0.041391
v -0.210346 0.132241 0.027693
v -0.211707 0.132241 0.013876
v -0.212161 0.132241 0.000000
v -0.211707 0.132241 -0.013876
v -0.210346 0.132241 -0.027693
v -0.208084 0.132241 -0.041391
v -0.204932 0.132241 -0.054911
v -0.200902 0.132241 -0.068197
v -0.196011 0.132241 -0.081191
v -0.190281 0.132241 -0.093836
v -0.183737 0.132241 -0.106081
v -0.176405 0.132241 -0.117870
v -0.168319 0.132241 -0.129155
v -0.159511 0.132241 -0.139888
v -0.150021 0.132241 -0.150021
v -0.139888 0.132241 -0.159511
v -0.129155 0.132241 -0.168319
v -0.117870 0.132241 -0.176405
v -0.106081 0.132241 -0.183737
v -0.093836 0.132241 -0.190281
v -0.081191 0.132241 -0.196011
v -0.068197 0.132241 -0.200902
v -0.054911 0.132241 -0.204932
v -0.041391 0.132241 -0.208084
v -0.027693 0.132241 -0.210346
v -0.013876 0.132241 -0.211707
v -0.000000 0.132241 -0.212161
v 0.013876 0.132241 -0.211707
v 0.027693 0.132241 -0.210346
v 0.041391 0.132241 -0.208084
v 0.054911 0.132241 -0.204932
v 0.068197 0.132241 -0.200902
v 0.081191 0.132241 -0.196011
v 0.093836 0.132241 -0.190281
v 0.106081 0.132241 -0.183737
v 0.117870 0.132241 -0.176405
v 0.129155 0.132241 -0.168319
v 0.139888 0.132241 -0.159511
v 0.150021 0.132241 -0.150021
v 0.159511 0.132241 -0.139888
v 0.168319 0.132241 -0.129155
v 0.176405 0.132241 -0.117870
v 0.183737 0.132241 -0.106081
v 0.190281 0.132241 -0.093836
v 0.196011 0.132241 -0.081191
v 0.200902 0.132241 -0.068197
v 0.204932 0.132241 -0.054911
v 0.208084 0.132241 -0.041391
v 0.210346 0.132241 -0.027693
v 0.211707 0.132241 -0.013876
v 0.205191 0.142817 0.000000
v 0.204752 0.142817 0.013420
v 0.203435 0.142817 0.026783
v 0.201248 0.142817 0.040031
v 0.198199 0.142817 0.053107
v 0.194301 0.142817 0.065956
v 0.189572 0.142817 0.078523
v 0.184030 0.142817 0.090754
v 0.177700 0.142817 0.102595
v 0.170610 0.142817 0.113998
v 0.162789 0.142817 0.124912
v 0.154271 0.142817 0.135292
v 0.145092 0.142817 0.145092
v 0.135292 0.142817 0.154271
v 0.124912 0.142817 0.162789
v 0.113998 0.142817 0.170610
v 0.102595 0.142817 0.177700
v 0.090754 0.142817 0.184030
v 0.078523 0.142817 0.189572
v 0.065956 0.142817 0.194301
v 0.053107 0.142817 0.198199
v 0.040031 0.142817 0.201248
v 0.026783 0.142817 0.203435
v 0.013420 0.142817 0.204752
v 0.000000 0.142817 0.205191
v -0.013420 0.142817 0.204752
v -0.026783 0.142817 0.203435
v -0.040031 0.142817 0.201248
v -0.053107 0.142817 0.198199
v -0.065956 0.142817 0.194301
v -0.078523 0.142817 0.189572
v -0.090754 0.142817 0.184030
v -0.102595 0.142817 0.177700
v -0.113998 0.142817 0.170610
v -0.124912 0.142817 0.162789
v -0.135292 0.142817 0.154271
v -0.145092 0.142817 0.145092
v -0.154271 0.142817 0.135292
v -0.162789 0.142817 0.124912
v -0.170610 0.142817 0.113998
v -0.177700 0.142817 0.102595
v -0.184030 0.142817 0.090754
v -0.189572 0.142817 0.078523
v -0.194301 0.142817 0.065956
v -0.198199 0.142817 0.053107
v -0.201248 0.142817 0.040031
v -0.203435 0.142817 0.026783
v -0.204752 0.142817 0.013420
v -0.205191 0.142817 0.000000
v -0.204752 0.142817 -0.013420
v -0.203435 0.142817 -0.026783
v -0.201248 0.142817 -0.040031
v -0.198199 0.142817 -0.053107
v -0.194301 0.142817 -0.065956
v -0.189572 0.142817 -0.078523
v -0.184030 0.142817 -0.090754
v -0.177700 0.142817 -0.102595
v -0.170610 0.142817 -0.113998
v -0.162789 0.142817 -0.124912
v -0.154271 0.142817 -0.135292
v -0.145092 0.142817 -0.145092
v -0.135292 0.142817 -0.154271
v -0.124912 0.142817 -0.162789
v -0.113998 0.142817 -0.170610
v -0.102595 0.142817 -0.177700
v -0.090754 0.142817 -0.184030
v -0.078523 0.142817 -0.189572
v -0.065956 0.142817 -0.194301
v -0.053107 0.142817 -0.198199
v -0.040031 0.142817 -0.201248
v -0.026783 0.142817 -0.203435
v -0.013420 0.142817 -0.204752
v -0.000000 0.142817 -0.205191
v 0.013420 0.142817 -0.204752
v 0.026783 0.142817 -0.203435
v 0.040031 0.142817 -0.201248
v 0.053107 0.142817 -0.198199
v 0.065956 0.142817 -0.194301
v 0.078523 0.142817 -0.189572
v 0.090754 0.142817 -0.184030
v 0.102595 0.142817 -0.177700
v 0.113998 0.142817 -0.170610
v 0.124912 0.142817 -0.162789
v 0.135292 0.142817 -0.154271
v 0.145092 0.142817 -0.145092
v 0.154271 0.142817 -0.135292
v 0.162789 0.142817 -0.124912
v 0.170610 0.142817 -0.113998
v 0.177700 0.142817 -0.102595
v 0.184030 0.142817 -0.090754
v 0.189572 0.142817 -0.078523
v 0.194301 0.142817 -0.065956
v 0.198199 0.142817 -0.053107
v 0.201248 0.142817 -0.040031
v 0.203435 0.142817 -0.026783
v 0.204752 0.142817 -0.013420
v 0.197694 0.153026 0.000000
v 0.197271 0.153026 0.012930
v 0.196003 0.153026 0.025804
v 0.193895 0.153026 0.038568
v 0.190958 0.153026 0.051167
v 0.187202 0.153026 0.063547
v 0.182645 0.153026 0.075654
v 0.177306 0.153026 0.087438
v 0.171208 0.153026 0.098847
v 0.164376 0.153026 0.109833
v 0.156841 0.153026 0.120348
v 0.148634 0.153026 0.130349
v 0.139791 0.153026 0.139791
v 0.130349 0.153026 0.148634
v 0.120348 0.153026 0.156841
v 0.109833 0.153026 0.164376
v 0.098847 0.153026 0.171208
v 0.087438 0.153026 0.177306
v 0.075654 0.153026 0.182645
v 0.063547 0.153026 0.187202
v 0.051167 0.153026 0.190958
v 0.038568 0.153026 0.193895
v 0.025804 0.153026 0.196003
v 0.012930 0.153026 0.197271
v 0.000000 0.153026 0.197694
v -0.012930 0.153026 0.197271
v -0.025804 0.153026 0.196003
v -0.038568 0.153026 0.193895
v -0.051167 0.153026 0.190958
v -0.063547 0.153026 0.187202
v -0.075654 0.153026 0.182645
v -0.087438 0.153026 0.177306
v -0.098847 0.153026 0.171208
v -0.109833 0.153026 0.164376
v -0.120348 0.153026 0.156841
v -0.130349 0.153026 0.148634
v -0.139791 0.153026 0.139791
v -0.148634 0.153026 0.130349
v -0.156841 0.153026 0.120348
v -0.164376 0.153026 0.109833
v -0.171208 0.153026 0.098847
v -0.177306 0.153026 0.087438
v -0.182645 0.153026 0.075654
v -0.187202 0.153026 0.063547
v -0.190958 0.153026 0.051167
v -0.193895 0.153026 0.038568
v -0.196003 0.153026 0.025804
v -0.197271 0.153026 0.012930
v -0.197694 0.153026 0.000000
v -0.197271 0.153026 -0.012930
v -0.196003 0.153026 -0.025804
v -0.193895 0.153026 -0.038568
v -0.190958 0.153026 -0.051167
v -0.187202 0.153026 -0.063547
v -0.182645 0.153026 -0.075654
v -0.177306 0.153026 -0.087438
v -0.171208 0.153026 -0.098847
v -0.164376 0.153026 -0.109833
v -0.156841 0.153026 -0.120348
v -0.148634 0.153026 -0.130349
v -0.139791 0.153026 -0.139791
v -0.130349 0.153026 -0.148634
v -0.120348 0.153026 -0.156841
v -0.109833 0.153026 -0.164376
v -0.098847 0.153026 -0.171208
v -0.087438 0.153026 -0.177306
v -0.075654 0.153026 -0.182645
v -0.063547 0.153026 -0.187202
v -0.051167 0.153026 -0.190958
v -0.038568 0.153026 -0.193895
v -0.025804 0.153026 -0.196003
v -0.012930 0.153026 -0.197271
v -0.000000 0.153026 -0.197694
v 0.012930 0.153026 -0.197271
v 0.025804 0.153026 -0.196003
v 0.038568 0.153026 -0.193895
v 0.051167 0.153026 -0.190958
v 0.063547 0.153026 -0.187202
v 0.075654 0.153026 -0.182645
v 0.087438 0.153026 -0.177306
v 0.098847 0.153026 -0.171208
v 0.109833 0.153026 -0.164376
v 0.120348 0.153026 -0.156841
v 0.130349 0.153026 -0.148634
v 0.139791 0.153026 -0.139791
v 0.148634 0.153026 -0.130349
v 0.156841 0.153026 -0.120348
v 0.164376 0.153026 -0.109833
v 0.171208 0.153026 -0.098847
v 0.177306 0.153026 -0.087438
v 0.182645 0.153026 -0.075654
v 0.187202 0.153026 -0.063547
v 0.190958 0.153026 -0.051167
v 0.193895 0.153026 -0.038568
v 0.196003 0.153026 -0.025804
v 0.197271 0.153026 -0.012930
v 0.189690 0.162843 0.000000
v 0.189283 0.162843 0.012406
v 0.188067 0.162843 0.024759
v 0.186045 0.162843 0.037007
v 0.183226 0.162843 0.049095
v 0.179623 0.162843 0.060974
v 0.175250 0.162843 0.072591
v 0.170127 0.162843 0.083898
v 0.164276 0.162843 0.094845
v 0.157721 0.162843 0.105386
v 0.150491 0.162843 0.115476
v 0.142616 0.162843 0.125071
v 0.134131 0.162843 0.134131
v 0.125071 0.162843 0.142616
v 0.115476 0.162843 0.150491
v 0.105386 0.162843 0.157721
v 0.094845 0.162843 0.164276
v 0.083898 0.162843 0.170127
v 0.072591 0.162843 0.175250
v 0.060974 0.162843 0.179623
v 0.049095 0.162843 0.183226
v 0.037007 0.162843 0.186045
v 0.024759 0.162843 0.188067
v 0.012406 0.162843 0.189283
v 0.000000 0.162843 0.189690
v -0.012406 0.162843 0.189283
v -0.024759 0.162843 0.188067
v -0.037007 0.162843 0.186045
v -0.049095 0.162843 0.183226
v -0.060974 0.162843 0.179623
v -0.072591 0.162843 0.175250
v -0.083898 0.162843 0.170127
v -0.094845 0.162843 0.164276
v -0.105386 0.162843 0.157721
v -0.115476 0.162843 0.150491
v -0.125071 0.162843 0.142616
v -0.134131 0.162843 0.134131
v -0.142616 0.162843 0.125071
v -0.150491 0.162843 0.115476
v -0.157721 0.162843 0.105386
v -0.164276 0.162843 0.094845
v -0.170127 0.162843 0.083898
v -0.175250 0.162843 0.072591
v -0.179623 0.162843 0.060974
v -0.183226 0.162843 0.049095
v -0.186045 0.162843 0.037007
v -0.188067 0.162843 0.024759
v -0.189283 0.162843 0.012406
v -0.189690 0.162843 0.000000
v -0.189283 0.162843 -0.012406
v -0.188067 0.162843 -0.024759
v -0.186045 0.162843 -0.037007
v -0.183226 0.162843 -0.049095
v -0.179623 0.162843 -0.060974
v -0.175250 0.162843 -0.072591
v -0.170127 0.162843 -0.083898
v -0.164276 0.162843 -0.094845
v -0.157721 0.162843 -0.105386
v -0.150491 0.162843 -0.115476
v -0.142616 0.162843 -0.125071
v -0.134131 0.162843 -0.134131
v -0.125071 0.162843 -0.142616
v -0.115476 0.162843 -0.150491
v -0.105386 0.162843 -0.157721
v -0.094845 0.162843 -0.164276
v -0.083898 0.162843 -0.170127
v -0.072591 0.162843 -0.175250
v -0.060974 0.162843 -0.179623
v -0.049095 0.162843 -0.183226
v -0.037007 0.162843 -0.186045
v -0.024759 0.162843 -0.188067
v -0.012406 0.162843 -0.189283
v -0.000000 0.162843 -0.189690
v 0.012406 0.162843 -0.189283
v 0.024759 0.162843 -0.188067
v 0.037007 0.162843 -0.186045
v 0.049095 0.162843 -0.183226
v 0.060974 0.162843 -0.179623
v 0.072591 0.162843 -0.175250
v 0.083898 0.162843 -0.170127
v 0.094845 0.162843 -0.164276
v 0.105386 0.162843 -0.157721
v 0.115476 0.162843 -0.150491
v 0.125071 0.162843 -0.142616
v 0.134131 0.162843 -0.134131
v 0.142616 0.162843 -0.125071
v 0.150491 0.162843 -0.115476
v 0.157721 0.162843 -0.105386
v 0.164276 0.162843 -0.094845
v 0.170127 0.162843 -0.083898
v 0.175250 0.162843 -0.072591
v 0.179623 0.162843 -0.060974
v 0.183226 0.162843 -0.049095
v 0.186045 0.162843 -0.037007
v 0.188067 0.162843 -0.024759
v 0.189283 0.162843 -0.012406
v 0.181198 0.172242 0.000000
v 0.180810 0.172242 0.011851
v 0.179648 0.172242 0.023651
v 0.177717 0.172242 0.035350
v 0.175024 0.172242 0.046898
v 0.171582 0.172242 0.058244
v 0.167405 0.172242 0.069342
v 0.162512 0.172242 0.080142
v 0.156922 0.172242 0.090599
v 0.150661 0.172242 0.100668
v 0.143754 0.172242 0.110306
v 0.136232 0.172242 0.119472
v 0.128126 0.172242 0.128126
v 0.119472 0.172242 0.136232
v 0.110306 0.172242 0.143754
v 0.100668 0.172242 0.150661
v 0.090599 0.172242 0.156922
v 0.080142 0.172242 0.162512
v 0.069342 0.172242 0.167405
v 0.058244 0.172242 0.171582
v 0.046898 0.172242 0.175024
v 0.035350 0.172242 0.177717
v 0.023651 0.172242 0.179648
v 0.011851 0.172242 0.180810
v 0.000000 0.172242 0.181198
v -0.011851 0.172242 0.180810
v -0.023651 0.172242 0.179648
v -0.035350 0.172242 0.177717
v -0.046898 0.172242 0.175024
v -0.058244 0.172242 0.171582
v -0.069342 0.172242 0.167405
v -0.080142 0.172242 0.162512
v -0.090599 0.172242 0.156922
v -0.100668 0.172242 0.150661
v -0.110306 0.172242 0.143754
v -0.119472 0.172242 0.136232
v -0.128126 0.172242 0.128126
v -0.136232 0.172242 0.119472
v -0.143754 0.172242 0.110306
v -0.150661 0.172242 0.100668
v -0.156922 0.172242 0.090599
v -0.162512 0.172242 0.080142
v -0.167405 0.172242 0.069342
v -0.171582 0.172242 0.058244
v -0.175024 0.172242 0.046898
v -0.177717 0.172242 0.035350
v -0.179648 0.172242 0.023651
v -0.180810 0.172242 0.011851
v -0.181198 0.172242 0.000000
v -0.180810 0.172242 -0.011851
v -0.179648 0.172242 -0.023651
v -0.177717 0.172242 -0.035350
v -0.175024 0.172242 -0.046898
v -0.171582 0.172242 -0.058244
v -0.167405 0.172242 -0.069342
v -0.162512 0.172242 -0.080142
v -0.156922 0.172242 -0.090599
v -0.150661 0.172242 -0.100668
v -0.143754 0.172242 -0.110306
v -0.136232 0.172242 -0.119472
v -0.128126 0.172242 -0.128126
v -0.119472 0.172242 -0.136232
v -0.110306 0.172242 -0.143754
v -0.100668 0.172242 -0.150661
v -0.090599 0.172242 -0.156922
v -0.080142 0.172242 -0.162512
v -0.069342 0.172242 -0.167405
v -0.058244 0.172242 -0.171582
v -0.046898 0.172242 -0.175024
v -0.035350 0.172242 -0.177717
v -0.023651 0.172242 -0.179648
v -0.011851 0.172242 -0.180810
v -0.000000 0.172242 -0.181198
v 0.011851 0.172242 -0.180810
v 0.023651 0.172242 -0.179648
v 0.035350 0.172242 -0.177717
v 0.046898 0.172242 -0.175024
v 0.058244 0.172242 -0.171582
v 0.069342 0.172242 -0.167405
v 0.080142 0.172242 -0.162512
v 0.090599 0.172242 -0.156922
v 0.100668 0.172242 -0.150661
v 0.110306 0.172242 -0.143754
v 0.119472 0.172242 -0.136232
v 0.128126 0.172242 -0.128126
v 0.136232 0.172242 -0.119472
v 0.143754 0.172242 -0.110306
v 0.150661 0.172242 -0.100668
v 0.156922 0.172242 -0.090599
v 0.162512 0.172242 -0.080142
v 0.167405 0.172242 -0.069342
v 0.171582 0.172242 -0.058244
v 0.175024 0.172242 -0.046898
v 0.177717 0.172242 -0.035350
v 0.179648 0.172242 -0.023651
v 0.180810 0.172242 -0.011851
v 0.172242 0.181198 0.000000
v 0.171873 0.181198 0.011265
v 0.170768 0.181198 0.022482
v 0.168932 0.181198 0.033603
v 0.166373 0.181198 0.044579
v 0.163101 0.181198 0.055365
v 0.159131 0.181198 0.065914
v 0.154479 0.181198 0.076181
v 0.149166 0.181198 0.086121
v 0.143214 0.181198 0.095692
v 0.136649 0.181198 0.104854
v 0.129498 0.181198 0.113567
v 0.121793 0.181198 0.121793
v 0.113567 0.181198 0.129498
v 0.104854 0.181198 0.136649
v 0.095692 0.181198 0.143214
v 0.086121 0.181198 0.149166
v 0.076181 0.181198 0.154479
v 0.065914 0.181198 0.159131
v 0.055365 0.181198 0.163101
v 0.044579 0.181198 0.166373
v 0.033603 0.181198 0.168932
v 0.022482 0.181198 0.170768
v 0.011265 0.181198 0.171873
v 0.000000 0.181198 0.172242
v -0.011265 0.181198 0.171873
v -0.022482 0.181198 0.170768
v -0.033603 0.181198 0.168932
v -0.044579 0.181198 0.166373
v -0.055365 0.181198 0.163101
v -0.065914 0.181198 0.159131
v -0.076181 0.181198 0.154479
v -0.086121 0.181198 0.149166
v -0.095692 0.181198 0.143214
v -0.104854 0.181198 0.136649
v -0.113567 0.181198 0.129498
v -0.121793 0.181198 0.121793
v -0.129498 0.181198 0.113567
v -0.136649 0.181198 0.104854
v -0.143214 0.181198 0.095692
v -0.149166 0.181198 0.086121
v -0.154479 0.181198 0.076181
v -0.159131 0.181198 0.065914
v -0.163101 0.181198 0.055365
v -0.166373 0.181198 0.044579
v -0.168932 0.181198 0.033603
v -0.170768 0.181198 0.022482
v -0.171873 0.181198 0.011265
v -0.172242 0.181198 0.000000
v -0.171873 0.181198 -0.011265
v -0.170768 0.181198 -0.022482
v -0.168932 0.181198 -0.033603
v -0.166373 0.181198 -0.044579
v -0.163101 0.181198 -0.055365
v -0.159131 0.181198 -0.065914
v -0.154479 0.181198 -0.076181
v -0.149166 0.181198 -0.086121
v -0.143214 0.181198 -0.095692
v -0.136649 0.181198 -0.104854
v -0.129498 0.181198 -0.113567
v -0.121793 0.181198 -0.121793
v -0.113567 0.181198 -0.129498
v -0.104854 0.181198 -0.136649
v -0.095692 0.181198 -0.143214
v -0.086121 0.181198 -0.149166
v -0.076181 0.181198 -0.154479
v -0.065914 0.181198 -0.159131
v -0.055365 0.181198 -0.163101
v -0.044579 0.181198 -0.166373
v -0.033603 0.181198 -0.168932
v -0.022482 0.181198 -0.170768
v -0.011265 0.181198 -0.171873
v -0.000000 0.181198 -0.172242
v 0.011265 0.181198 -0.171873
v 0.022482 0.181198 -0.170768
v 0.033603 0.181198 -0.168932
v 0.044579 0.181198 -0.166373
v 0.055365 0.181198 -0.163101
v 0.065914 0.181198 -0.159131
v 0.076181 0.181198 -0.154479
v 0.086121 0.181198 -0.149166
v 0.095692 0.181198 -0.143214
v 0.104854 0.181198 -0.136649
v 0.113567 0.181198 -0.129498
v 0.121793 0.181198 -0.121793
v 0.129498 0.181198 -0.113567
v 0.136649 0.181198 -0.104854
v 0.143214 0.181198 -0.095692
v 0.149166 0.181198 -0.086121
v 0.154479 0.181198 -0.076181
v 0.159131 0.181198 -0.065914
v 0.163101 0.181198 -0.055365
v 0.166373 0.181198 -0.044579
v 0.168932 0.181198 -0.033603
v 0.170768 0.181198 -0.022482
v 0.171873 0.181198 -0.011265
v 0.162843 0.189690 0.000000
v 0.162494 0.189690 0.010650
v 0.161450 0.189690 0.021255
v 0.159714 0.189690 0.031769
v 0.157294 0.189690 0.042147
v 0.154201 0.189690 0.052344
v 0.150447 0.189690 0.062317
v 0.146050 0.189690 0.072024
v 0.141026 0.189690 0.081422
v 0.135399 0.189690 0.090471
v 0.129192 0.189690 0.099133
v 0.122432 0.189690 0.107370
v 0.115147 0.189690 0.115147
v 0.107370 0.189690 0.122432
v 0.099133 0.189690 0.129192
v 0.090471 0.189690 0.135399
v 0.081422 0.189690 0.141026
v 0.072024 0.189690 0.146050
v 0.062317 0.189690 0.150447
v 0.052344 0.189690 0.154201
v 0.042147 0.189690 0.157294
v 0.031769 0.189690 0.159714
v 0.021255 0.189690 0.161450
v 0.010650 0.189690 0.162494
v 0.000000 0.189690 0.162843
v -0.010650 0.189690 0.162494
v -0.021255 0.189690 0.161450
v -0.031769 0.189690 0.159714
v -0.042147 0.189690 0.157294
v -0.052344 0.189690 0.154201
v -0.062317 0.189690 0.150447
v -0.072024 0.189690 0.146050
v -0.081422 0.189690 0.141026
v -0.090471 0.189690 0.135399
v -0.099133 0.189690 0.129192
v -0.107370 0.189690 0.122432
v -0.115147 0.189690 0.115147
v -0.122432 0.189690 0.107370
v -0.129192 0.189690 0.099133
v -0.135399 0.189690 0.090471
v -0.141026 0.189690 0.081422
v -0.146050 0.189690 0.072024
v -0.150447 0.189690 0.062317
v -0.154201 0.189690 0.052344
v -0.157294 0.189690 0.042147
v -0.159714 0.189690 0.031769
v -0.161450 0.189690 0.021255
v -0.162494 0.189690 0.010650
v -0.162843 0.189690 0.000000
v -0.162494 0.189690 -0.010650
v -0.161450 0.189690 -0.021255
v -0.159714 0.189690 -0.031769
v -0.157294 0.189690 -0.042147
v -0.154201 0.189690 -0.052344
v -0.150447 0.189690 -0.062317
v -0.146050 0.189690 -0.072024
v -0.141026 0.189690 -0.081422
v -0.135399 0.189690 -0.090471
v -0.129192 0.189690 -0.099133
v -0.122432 0.189690 -0.107370
v -0.115147 0.189690 -0.115147
v -0.107370 0.189690 -0.122432
v -0.099133 0.189690 -0.129192
v -0.090471 0.189690 -0.135399
v -0.081422 0.189690 -0.141026
v -0.072024 0.189690 -0.146050
v -0.062317 0.189690 -0.150447
v -0.052344 0.189690 -0.154201
v -0.042147 0.189690 -0.157294
v -0.031769 0.189690 -0.159714
v -0.021255 0.189690 -0.161450
v -0.010650 0.189690 -0.162494
v -0.000000 0.189690 -0.162843
v 0.010650 0.189690 -0.162494
v 0.021255 0.189690 -0.161450
v 0.031769 0.189690 -0.159714
v 0.042147 0.189690 -0.157294
v 0.052344 0.189690 -0.154201
v 0.062317 0.189690 -0.150447
v 0.072024 0.189690 -0.146050
v 0.081422 0.189690 -0.141026
v 0.090471 0.189690 -0.135399
v 0.099133 0.189690 -0.129192
v 0.107370 0.189690 -0.122432
v 0.115147 0.189690 -0.115147
v 0.122432 0.189690 -0.107370
v 0.129192 0.189690 -0.099133
v 0.135399 0.189690 -0.090471
v 0.141026 0.189690 -0.081422
v 0.146050 0.189690 -0.072024
v 0.150447 0.189690 -0.062317
v 0.154201 0.189690 -0.052344
v 0.157294 0.189690 -0.042147
v 0.159714 0.189690 -0.031769
v 0.161450 0.189690 -0.021255
v 0.162494 0.189690 -0.010650
v 0.153026 0.197694 0.000000
v 0.152699 0.197694 0.010008
v 0.151717 0.197694 0.019974
v 0.150086 0.197694 0.029854
v 0.147812 0.197694 0.039606
v 0.144905 0.197694 0.049189
v 0.141378 0.197694 0.058561
v 0.137245 0.197694 0.067682
v 0.132525 0.197694 0.076513
v 0.127237 0.197694 0.085017
v 0.121404 0.197694 0.093157
v 0.115051 0.197694 0.100897
v 0.108206 0.197694 0.108206
v 0.100897 0.197694 0.115051
v 0.093157 0.197694 0.121404
v 0.085017 0.197694 0.127237
v 0.076513 0.197694 0.132525
v 0.067682 0.197694 0.137245
v 0.058561 0.197694 0.141378
v 0.049189 0.197694 0.144905
v 0.039606 0.197694 0.147812
v 0.029854 0.197694 0.150086
v 0.019974 0.197694 0.151717
v 0.010008 0.197694 0.152699
v 0.000000 0.197694 0.153026
v -0.010008 0.197694 0.152699
v -0.019974 0.197694 0.151717
v -0.029854 0.197694 0.150086
v -0.039606 0.197694 0.147812
v -0.049189 0.197694 0.144905
v -0.058561 0.197694 0.141378
v -0.067682 0.197694 0.137245
v -0.076513 0.197694 0.132525
v -0.085017 0.197694 0.127237
v -0.093157 0.197694 0.121404
v -0.100897 0.197694 0.115051
v -0.108206 0.197694 0.108206
v -0.115051 0.197694 0.100897
v -0.121404 0.197694 0.093157
v -0.127237 0.197694 0.085017
v -0.132525 0.197694 0.076513
v -0.137245 0.197694 0.067682
v -0.141378 0.197694 0.058561
v -0.144905 0.197694 0.049189
v -0.147812 0.197694 0.039606
v -0.150086 0.197694 0.029854
v -0.151717 0.197694 0.019974
v -0.152699 0.197694 0.010008
v -0.153026 0.197694 0.000000
v -0.152699 0.197694 -0.010008
v -0.151717 0.197694 -0.019974
v -0.150086 0.197694 -0.029854
v -0.147812 0.197694 -0.039606
v -0.144905 0.197694 -0.049189
v -0.141378 0.197694 -0.058561
v -0.137245 0.197694 -0.067682
v -0.132525 0.197694 -0.076513
v -0.127237 0.197694 -0.085017
v -0.121404 0.197694 -0.093157
v -0.115051 0.197694 -0.100897
v -0.108206 0.197694 -0.108206
v -0.100897 0.197694 -0.115051
v -0.093157 0.197694 -0.121404
v -0.085017 0.197694 -0.127237
v -0.076513 0.197694 -0.132525
v -0.067682 0.197694 -0.137245
v -0.058561 0.197694 -0.141378
v -0.049189 0.197694 -0.144905
v -0.039606 0.197694 -0.147812
v -0.029854 0.197694 -0.150086
v -0.019974 0.197694 -0.151717
v -0.010008 0.197694 -0.152699
v -0.000000 0.197694 -0.153026
v 0.010008 0.197694 -0.152699
v 0.019974 0.197694 -0.151717
v 0.029854 0.197694 -0.150086
v 0.039606 0.197694 -0.147812
v 0.049189 0.197694 -0.144905
v 0.058561 0.197694 -0.141378
v 0.067682 0.197694 -0.137245
v 0.076513 0.197694 -0.132525
v 0.085017 0.197694 -0.127237
v 0.093157 0.197694 -0.121404
v 0.100897 0.197694 -0.115051
v 0.108206 0.197694 -0.108206
v 0.115051 0.197694 -0.100897
v 0.121404 0.197694 -0.093157
v 0.127237 0.197694 -0.085017
v 0.132525 0.197694 -0.076513
v 0.137245 0.197694 -0.067682
v 0.141378 0.197694 -0.058561
v 0.144905 0.197694 -0.049189
v 0.147812 0.197694 -0.039606
v 0.150086 0.197694 -0.029854
v 0.151717 0.197694 -0.019974
v 0.152699 0.197694 -0.010008
v 0.142817 0.205191 0.000000
v 0.142511 0.205191 0.009341
v 0.141595 0.205191 0.018641
v 0.140073 0.205191 0.027862
v 0.137951 0.205191 0.036964
v 0.135238 0.205191 0.045907
v 0.131946 0.205191 0.054654
v 0.128089 0.205191 0.063166
v 0.123683 0.205191 0.071409
v 0.118748 0.205191 0.079345
v 0.113304 0.205191 0.086942
v 0.107376 0.205191 0.094166
v 0.100987 0.205191 0.100987
v 0.094166 0.205191 0.107376
v 0.086942 0.205191 0.113304
v 0.079345 0.205191 0.118748
v 0.071409 0.205191 0.123683
v 0.063166 0.205191 0.128089
v 0.054654 0.205191 0.131946
v 0.045907 0.205191 0.135238
v 0.036964 0.205191 0.137951
v 0.027862 0.205191 0.140073
v 0.018641 0.205191 0.141595
v 0.009341 0.205191 0.142511
v 0.000000 0.205191 0.142817
v -0.009341 0.205191 0.142511
v -0.018641 0.205191 0.141595
v -0.027862 0.205191 0.140073
v -0.036964 0.205191 0.137951
v -0.045907 0.205191 0.135238
v -0.054654 0.205191 0.131946
v -0.063166 0.205191 0.128089
v -0.071409 0.205191 0.123683
v -0.079345 0.205191 0.118748
v -0.086942 0.205191 0.113304
v -0.094166 0.205191 0.107376
v -0.100987 0.205191 0.100987
v -0.107376 0.205191 0.094166
v -0.113304 0.205191 0.086942
v -0.118748 0.205191 0.079345
v -0.123683 0.205191 0.071409
v -0.128089 0.205191 0.063166
v -0.131946 0.205191 0.054654
v -0.135238 0.205191 0.045907
v -0.137951 0.205191 0.036964
v -0.140073 0.205191 0.027862
v -0.141595 0.205191 0.018641
v -0.142511 0.205191 0.009341
v -0.142817 0.205191 0.000000
v -0.142511 0.205191 -0.009341
v -0.141595 0.205191 -0.018641
v -0.140073 0.205191 -0.027862
v -0.137951 0.205191 -0.036964
v -0.135238 0.205191 -0.045907
v -0.131946 0.205191 -0.054654
v -0.128089 0.205191 -0.063166
v -0.123683 0.205191 -0.071409
v -0.118748 0.205191 -0.079345
v -0.113304 0.205191 -0.086942
v -0.107376 0.205191 -0.094166
v -0.100987 0.205191 -0.100987
v -0.094166 0.205191 -0.107376
v -0.086942 0.205191 -0.113304
v -0.079345 0.205191 -0.118748
v -0.071409 0.205191 -0.123683
v -0.063166 0.205191 -0.128089
v -0.054654 0.205191 -0.131946
v -0.045907 0.205191 -0.135238
v -0.036964 0.205191 -0.137951
v -0.027862 0.205191 -0.140073
v -0.018641 0.205191 -0.141595
v -0.009341 0.205191 -0.142511
v -0.000000 0.205191 -0.142817
v 0.009341 0.205191 -0.142511
v 0.018641 0.205191 -0.141595
v 0.027862 0.205191 -0.140073
v 0.036964 0.205191 -0.137951
v 0.045907 0.205191 -0.135238
v 0.054654 0.205191 -0.131946
v 0.063166 0.205191 -0.128089
v 0.071409 0.205191 -0.123683
v 0.079345 0.205191 -0.118748
v 0.086942 0.205191 -0.113304
v 0.094166 0.205191 -0.107376
v 0.100987 0.205191 -0.100987
v 0.107376 0.205191 -0.094166
v 0.113304 0.205191 -0.086942
v 0.118748 0.205191 -0.079345
v 0.123683 0.205191 -0.071409
v 0.128089 0.205191 -0.063166
v 0.131946 0.205191 -0.054654
v 0.135238 0.205191 -0.045907
v 0.137951 0.205191 -0.036964
v 0.140073 0.205191 -0.027862
v 0.141595 0.205191 -0.018641
v 0.142511 0.205191 -0.009341
v 0.132241 0.212161 0.000000
v 0.131958 0.212161 0.008649
v 0.131110 0.212161 0.017261
v 0.129700 0.212161 0.025799
v 0.127735 0.212161 0.034226
v 0.125223 0.212161 0.042507
v 0.122175 0.212161 0.050606
v 0.118603 0.212161 0.058489
v 0.114524 0.212161 0.066121
v 0.109954 0.212161 0.073469
v 0.104914 0.212161 0.080503
v 0.099424 0.212161 0.087193
v 0.093509 0.212161 0.093509
v 0.087193 0.212161 0.099424
v 0.080503 0.212161 0.104914
v 0.073469 0.212161 0.109954
v 0.066121 0.212161 0.114524
v 0.058489 0.212161 0.118603
v 0.050606 0.212161 0.122175
v 0.042507 0.212161 0.125223
v 0.034226 0.212161 0.127735
v 0.025799 0.212161 0.129700
v 0.017261 0.212161 0.131110
v 0.008649 0.212161 0.131958
v 0.000000 0.212161 0.132241
v -0.008649 0.212161 0.131958
v -0.017261 0.212161 0.131110
v -0.025799 0.212161 0.129700
v -0.034226 0.212161 0.127735
v -0.042507 0.212161 0.125223
v -0.050606 0.212161 0.122175
v -0.058489 0.212161 0.118603
v -0.066121 0.212161 0.114524
v -0.073469 0.212161 0.109954
v -0.080503 0.212161 0.104914
v -0.087193 0.212161 0.099424
v -0.093509 0.212161 0.093509
v -0.099424 0.212161 0.087193
v -0.104914 0.212161 0.080503
v -0.109954 0.212161 0.073469
v -0.114524 0.212161 0.066121
v -0.118603 0.212161 0.058489
v -0.122175 0.212161 0.050606
v -0.125223 0.212161 0.042507
v -0.127735 0.212161 0.034226
v -0.129700 0.212161 0.025799
v -0.131110 0.212161 0.017261
v -0.131958 0.212161 0.008649
v -0.132241 0.212161 0.000000
v -0.131958 0.212161 -0.008649
v -0.131110 0.212161 -0.017261
v -0.129700 0.212161 -0.025799
v -0.127735 0.212161 -0.034226
v -0.125223 0.212161 -0.042507
v -0.122175 0.212161 -0.050606
v -0.118603 0.212161 -0.058489
v -0.114524 0.212161 -0.066121
v -0.109954 0.212161 -0.073469
v -0.104914 0.212161 -0.080503
v -0.099424 0.212161 -0.087193
v -0.093509 0.212161 -0.093509
v -0.087193 0.212161 -0.099424
v -0.080503 0.212161 -0.104914
v -0.073469 0.212161 -0.109954
v -0.066121 0.212161 -0.114524
v -0.058489 0.212161 -0.118603
v -0.050606 0.212161 -0.122175
v -0.042507 0.212161 -0.125223
v -0.034226 0.212161 -0.127735
v -0.025799 0.212161 -0.129700
v -0.017261 0.212161 -0.131110
v -0.008649 0.212161 -0.131958
v -0.000000 0.212161 -0.132241
v 0.008649 0.212161 -0.131958
v 0.017261 0.212161 -0.131110
v 0.025799 0.212161 -0.129700
v 0.034226 0.212161 -0.127735
v 0.042507 0.212161 -0.125223
v 0.050606 0.212161 -0.122175
v 0.058489 0.212161 -0.118603
v 0.066121 0.212161 -0.114524
v 0.073469 0.212161 -0.109954
v 0.080503 0.212161 -0.104914
v 0.087193 0.212161 -0.099424
v 0.093509 0.212161 -0.093509
v 0.099424 0.212161 -0.087193
v 0.104914 0.212161 -0.080503
v 0.109954 0.212161 -0.073469
v 0.114524 0.212161 -0.066121
v 0.118603 0.212161 -0.058489
v 0.122175 0.212161 -0.050606
v 0.125223 0.212161 -0.042507
v 0.127735 0.212161 -0.034226
v 0.129700 0.212161 -0.025799
v 0.131110 0.212161 -0.017261
v 0.131958 0.212161 -0.008649
v 0.121325 0.218587 0.000000
v 0.121066 0.218587 0.007935
v 0.120288 0.218587 0.015836
v 0.118994 0.218587 0.023669
v 0.117191 0.218587 0.031401
v 0.114887 0.218587 0.038999
v 0.112090 0.218587 0.046429
v 0.108814 0.218587 0.053661
v 0.105071 0.218587 0.060663
v 0.100878 0.218587 0.067405
v 0.096254 0.218587 0.073858
v 0.091217 0.218587 0.079995
v 0.085790 0.218587 0.085790
v 0.079995 0.218587 0.091217
v 0.073858 0.218587 0.096254
v 0.067405 0.218587 0.100878
v 0.060663 0.218587 0.105071
v 0.053661 0.218587 0.108814
v 0.046429 0.218587 0.112090
v 0.038999 0.218587 0.114887
v 0.031401 0.218587 0.117191
v 0.023669 0.218587 0.118994
v 0.015836 0.218587 0.120288
v 0.007935 0.218587 0.121066
v 0.000000 0.218587 0.121325
v -0.007935 0.218587 0.121066
v -0.015836 0.218587 0.120288
v -0.023669 0.218587 0.118994
v -0.031401 0.218587 0.117191
v -0.038999 0.218587 0.114887
v -0.046429 0.218587 0.112090
v -0.053661 0.218587 0.108814
v -0.060663 0.218587 0.105071
v -0.067405 0.218587 0.100878
v -0.073858 0.218587 0.096254
v -0.079995 0.218587 0.091217
v -0.085790 0.218587 0.085790
v -0.091217 0.218587 0.079995
v -0.096254 0.218587 0.073858
v -0.100878 0.218587 0.067405
v -0.105071 0.218587 0.060663
v -0.108814 0.218587 0.053661
v -0.112090 0.218587 0.046429
v -0.114887 0.218587 0.038999
v -0.117191 0.218587 0.031401
v -0.118994 0.218587 0.023669
v -0.120288 0.218587 0.015836
v -0.121066 0.218587 0.007935
v -0.121325 0.218587 0.000000
v -0.121066 0.218587 -0.007935
v -0.120288 0.218587 -0.015836
v -0.118994 0.218587 -0.023669
v -0.117191 0.218587 -0.031401
v -0.114887 0.218587 -0.038999
v -0.112090 0.218587 -0.046429
v -0.108814 0.218587 -0.053661
v -0.105071 0.218587 -0.060663
v -0.100878 0.218587 -0.067405
v -0.096254 0.218587 -0.073858
v -0.091217 0.218587 -0.079995
v -0.085790 0.218587 -0.085790
v -0.079995 0.218587 -0.091217
v -0.073858 0.218587 -0.096254
v -0.067405 0.218587 -0.100878
v -0.060663 0.218587 -0.105071
v -0.053661 0.218587 -0.108814
v -0.046429 0.218587 -0.112090
v -0.038999 0.218587 -0.114887
v -0.031401 0.218587 -0.117191
v -0.023669 0.218587 -0.118994
v -0.015836 0.218587 -0.120288
v -0.007935 0.218587 -0.121066
v -0.000000 0.218587 -0.121325
v 0.007935 0.218587 -0.121066
v 0.015836 0.218587 -0.120288
v 0.023669 0.218587 -0.118994
v 0.031401 0.218587 -0.117191
v 0.038999 0.218587 -0.114887
v 0.046429 0.218587 -0.112090
v 0.053661 0.218587 -0.108814
v 0.060663 0.218587 -0.105071
v 0.067405 0.218587 -0.100878
v 0.073858 0.218587 -0.096254
v 0.079995 0.218587 -0.091217
v 0.085790 0.218587 -0.085790
v 0.091217 0.218587 -0.079995
v 0.096254 0.218587 -0.073858
v 0.100878 0.218587 -0.067405
v 0.105071 0.218587 -0.060663
v 0.108814 0.218587 -0.053661
v 0.112090 0.218587 -0.046429
v 0.114887 0.218587 -0.038999
v 0.117191 0.218587 -0.031401
v 0.118994 0.218587 -0.023669
v 0.120288 0.218587 -0.015836
v 0.121066 0.218587 -0.007935
v 0.110099 0.224451 0.000000
v 0.109863 0.224451 0.007201
v 0.109157 0.224451 0.014371
v 0.107983 0.224451 0.021479
v 0.106347 0.224451 0.028496
v 0.104256 0.224451 0.035390
v 0.101718 0.224451 0.042133
v 0.098744 0.224451 0.048695
v 0.095348 0.224451 0.055049
v 0.091544 0.224451 0.061167
v 0.087347 0.224451 0.067024
v 0.082776 0.224451 0.072593
v 0.077851 0.224451 0.077851
v 0.072593 0.224451 0.082776
v 0.067024 0.224451 0.087347
v 0.061167 0.224451 0.091544
v 0.055049 0.224451 0.095348
v 0.048695 0.224451 0.098744
v 0.042133 0.224451 0.101718
v 0.035390 0.224451 0.104256
v 0.028496 0.224451 0.106347
v 0.021479 0.224451 0.107983
v 0.014371 0.224451 0.109157
v 0.007201 0.224451 0.109863
v 0.000000 0.224451 0.110099
v -0.007201 0.224451 0.109863
v -0.014371 0.224451 0.109157
v -0.021479 0.224451 0.107983
v -0.028496 0.224451 0.106347
v -0.035390 0.224451 0.104256
v -0.042133 0.224451 0.101718
v -0.048695 0.224451 0.098744
v -0.055049 0.224451 0.095348
v -0.061167 0.224451 0.091544
v -0.067024 0.224451 0.087347
v -0.072593 0.224451 0.082776
v -0.077851 0.224451 0.077851
v -0.082776 0.224451 0.072593
v -0.087347 0.224451 0.067024
v -0.091544 0.224451 0.061167
v -0.095348 0.224451 0.055049
v -0.098744 0.224451 0.048695
v -0.101718 0.224451 0.042133
v -0.104256 0.224451 0.035390
v -0.106347 0.224451 0.028496
v -0.107983 0.224451 0.021479
v -0.109157 0.224451 0.014371
v -0.109863 0.224451 0.007201
v -0.110099 0.224451 0.000000
v -0.109863 0.224451 -0.007201
v -0.109157 0.224451 -0.014371
v -0.107983 0.224451 -0.021479
v -0.106347 0.224451 -0.028496
v -0.104256 0.224451 -0.035390
v -0.101718 0.224451 -0.042133
v -0.098744 0.224451 -0.048695
v -0.095348 0.224451 -0.055049
v -0.091544 0.224451 -0.061167
v -0.087347 0.224451 -0.067024
v -0.082776 0.224451 -0.072593
v -0.077851 0.224451 -0.077851
v -0.072593 0.224451 -0.082776
v -0.067024 0.224451 -0.087347
v -0.061167 0.224451 -0.091544
v -0.055049 0.224451 -0.095348
v -0.048695 0.224451 -0.098744
v -0.042133 0.224451 -0.101718
v -0.035390 0.224451 -0.104256
v -0.028496 0.224451 -0.106347
v -0.021479 0.224451 -0.107983
v -0.014371 0.224451 -0.109157
v -0.007201 0.224451 -0.109863
v -0.000000 0.224451 -0.110099
v 0.007201 0.224451 -0.109863
v 0.014371 0.224451 -0.109157
v 0.021479 0.224451 -0.107983
v 0.028496 0.224451 -0.106347
v 0.035390 0.224451 -0.104256
v 0.042133 0.224451 -0.101718
v 0.048695 0.224451 -0.098744
v 0.055049 0.224451 -0.095348
v 0.061167 0.224451 -0.091544
v 0.067024 0.224451 -0.087347
v 0.072593 0.224451 -0.082776
v 0.077851 0.224451 -0.077851
v 0.082776 0.224451 -0.072593
v 0.087347 0.224451 -0.067024
v 0.091544 0.224451 -0.061167
v 0.095348 0.224451 -0.055049
v 0.098744 0.224451 -0.048695
v 0.101718 0.224451 -0.042133
v 0.104256 0.224451 -0.035390
v 0.106347 0.224451 -0.028496
v 0.107983 0.224451 -0.021479
v 0.109157 0.224451 -0.014371
v 0.109863 0.224451 -0.007201
v 0.098589 0.229739 0.000000
v 0.098378 0.229739 0.006448
v 0.097746 0.229739 0.012868
v 0.096695 0.229739 0.019234
v 0.095230 0.229739 0.025517
v 0.093357 0.229739 0.031690
v 0.091084 0.229739 0.037728
v 0.088422 0.229739 0.043605
v 0.085381 0.229739 0.049294
v 0.081974 0.229739 0.054773
v 0.078216 0.229739 0.060017
v 0.074123 0.229739 0.065004
v 0.069713 0.229739 0.069713
v 0.065004 0.229739 0.074123
v 0.060017 0.229739 0.078216
v 0.054773 0.229739 0.081974
v 0.049294 0.229739 0.085381
v 0.043605 0.229739 0.088422
v 0.037728 0.229739 0.091084
v 0.031690 0.229739 0.093357
v 0.025517 0.229739 0.095230
v 0.019234 0.229739 0.096695
v 0.012868 0.229739 0.097746
v 0.006448 0.229739 0.098378
v 0.000000 0.229739 0.098589
v -0.006448 0.229739 0.098378
v -0.012868 0.229739 0.097746
v -0.019234 0.229739 0.096695
v -0.025517 0.229739 0.095230
v -0.031690 0.229739 0.093357
v -0.037728 0.229739 0.091084
v -0.043605 0.229739 0.088422
v -0.049294 0.229739 0.085381
v -0.054773 0.229739 0.081974
v -0.060017 0.229739 0.078216
v -0.065004 0.229739 0.074123
v -0.069713 0.229739 0.069713
v -0.074123 0.229739 0.065004
v -0.078216 0.229739 0.060017
v -0.081974 0.229739 0.054773
v -0.085381 0.229739 0.049294
v -0.088422 0.229739 0.043605
v -0.091084 0.229739 0.037728
v -0.093357 0.229739 0.031690
v -0.095230 0.229739 0.025517
v -0.096695 0.229739 0.019234
v -0.097746 0.229739 0.012868
v -0.098378 0.229739 0.006448
v -0.098589 0.229739 0.000000
v -0.098378 0.229739 -0.006448
v -0.097746 0.229739 -0.012868
v -0.096695 0.229739 -0.019234
v -0.095230 0.229739 -0.025517
v -0.093357 0.229739 -0.031690
v -0.091084 0.229739 -0.037728
v -0.088422 0.229739 -0.043605
v -0.085381 0.229739 -0.049294
v -0.081974 0.229739 -0.054773
v -0.078216 0.229739 -0.060017
v -0.074123 0.229739 -0.065004
v -0.069713 0.229739 -0.069713
v -0.065004 0.229739 -0.074123
v -0.060017 0.229739 -0.078216
v -0.054773 0.229739 -0.081974
v -0.049294 0.229739 -0.085381
v -0.043605 0.229739 -0.088422
v -0.037728 0.229739 -0.091084
v -0.031690 0.229739 -0.093357
v -0.025517 0.229739 -0.095230
v -0.019234 0.229739 -0.096695
v -0.012868 0.229739 -0.097746
v -0.006448 0.229739 -0.098378
v -0.000000 0.229739 -0.098589
v 0.006448 0.229739 -0.098378
v 0.012868 0.229739 -0.097746
v 0.019234 0.229739 -0.096695
v 0.025517 0.229739 -0.095230
v 0.031690 0.229739 -0.093357
v 0.037728 0.229739 -0.091084
v 0.043605 0.229739 -0.088422
v 0.049294 0.229739 -0.085381
v 0.054773 0.229739 -0.081974
v 0.060017 0.229739 -0.078216
v 0.065004 0.229739 -0.074123
v 0.069713 0.229739 -0.069713
v 0.074123 0.229739 -0.065004
v 0.078216 0.229739 -0.060017
v 0.081974 0.229739 -0.054773
v 0.085381 0.229739 -0.049294
v 0.088422 0.229739 -0.043605
v 0.091084 0.229739 -0.037728
v 0.093357 0.229739 -0.031690
v 0.095230 0.229739 -0.025517
v 0.096695 0.229739 -0.019234
v 0.097746 0.229739 -0.012868
v 0.098378 0.229739 -0.006448
v 0.086826 0.234438 0.000000
v 0.086640 0.234438 0.005679
v 0.086084 0.234438 0.011333
v 0.085158 0.234438 0.016939
v 0.083868 0.234438 0.022472
v 0.082218 0.234438 0.027909
v 0.080217 0.234438 0.033227
v 0.077872 0.234438 0.038402
v 0.075194 0.234438 0.043413
v 0.072193 0.234438 0.048238
v 0.068884 0.234438 0.052857
v 0.065279 0.234438 0.057249
v 0.061395 0.234438 0.061395
v 0.057249 0.234438 0.065279
v 0.052857 0.234438 0.068884
v 0.048238 0.234438 0.072193
v 0.043413 0.234438 0.075194
v 0.038402 0.234438 0.077872
v 0.033227 0.234438 0.080217
v 0.027909 0.234438 0.082218
v 0.022472 0.234438 0.083868
v 0.016939 0.234438 0.085158
v 0.011333 0.234438 0.086084
v 0.005679 0.234438 0.086640
v 0.000000 0.234438 0.086826
v -0.005679 0.234438 0.086640
v -0.011333 0.234438 0.086084
v -0.016939 0.234438 0.085158
v -0.022472 0.234438 0.083868
v -0.027909 0.234438 0.082218
v -0.033227 0.234438 0.080217
v -0.038402 0.234438 0.077872
v -0.043413 0.234438 0.075194
v -0.048238 0.234438 0.072193
v -0.052857 0.234438 0.068884
v -0.057249 0.234438 0.065279
v -0.061395 0.234438 0.061395
v -0.065279 0.234438 0.057249
v -0.068884 0.234438 0.052857
v -0.072193 0.234438 0.048238
v -0.075194 0.234438 0.043413
v -0.077872 0.234438 0.038402
v -0.080217 0.234438 0.033227
v -0.082218 0.234438 0.027909
v -0.083868 0.234438 0.022472
v -0.085158 0.234438 0.016939
v -0.086084 0.234438 0.011333
v -0.086640 0.234438 0.005679
v -0.086826 0.234438 0.000000
v -0.086640 0.234438 -0.005679
v -0.086084 0.234438 -0.011333
v -0.085158 0.234438 -0.016939
v -0.083868 0.234438 -0.022472
v -0.082218 0.234438 -0.027909
v -0.080217 0.234438 -0.033227
v -0.077872 0.234438 -0.038402
v -0.075194 0.234438 -0.043413
v -0.072193 0.234438 -0.048238
v -0.068884 0.234438 -0.052857
v -0.065279 0.234438 -0.057249
v -0.061395 0.234438 -0.061395
v -0.057249 0.234438 -0.065279
v -0.052857 0.234438 -0.068884
v -0.048238 0.234438 -0.072193
v -0.043413 0.234438 -0.075194
v -0.038402 0.234438 -0.077872
v -0.033227 0.234438 -0.080217
v -0.027909 0.234438 -0.082218
v -0.022472 0.234438 -0.083868
v -0.016939 0.234438 -0.085158
v -0.011333 0.234438 -0.086084
v -0.005679 0.234438 -0.086640
v -0.000000 0.234438 -0.086826
v 0.005679 0.234438 -0.086640
v 0.011333 0.234438 -0.086084
v 0.016939 0.234438 -0.085158
v 0.022472 0.234438 -0.083868
v 0.027909 0.234438 -0.082218
v 0.033227 0.234438 -0.080217
v 0.038402 0.234438 -0.077872
v 0.043413 0.234438 -0.075194
v 0.048238 0.234438 -0.072193
v 0.052857 0.234438 -0.068884
v 0.057249 0.234438 -0.065279
v 0.061395 0.234438 -0.061395
v 0.065279 0.234438 -0.057249
v 0.068884 0.234438 -0.052857
v 0.072193 0.234438 -0.048238
v 0.075194 0.234438 -0.043413
v 0.077872 0.234438 -0.038402
v 0.080217 0.234438 -0.033227
v 0.082218 0.234438 -0.027909
v 0.083868 0.234438 -0.022472
v 0.085158 0.234438 -0.016939
v 0.086084 0.234438 -0.011333
v 0.086640 0.234438 -0.005679
v 0.074841 0.238535 0.000000
v 0.074681 0.238535 0.004895
v 0.074201 0.238535 0.009769
v 0.073403 0.238535 0.014601
v 0.072291 0.238535 0.019370
v 0.070869 0.238535 0.024057
v 0.069144 0.238535 0.028640
v 0.067123 0.238535 0.033101
v 0.064814 0.238535 0.037420
v 0.062228 0.238535 0.041579
v 0.059375 0.238535 0.045560
v 0.056268 0.238535 0.049346
v 0.052920 0.238535 0.052920
v 0.049346 0.238535 0.056268
v 0.045560 0.238535 0.059375
v 0.041579 0.238535 0.062228
v 0.037420 0.238535 0.064814
v 0.033101 0.238535 0.067123
v 0.028640 0.238535 0.069144
v 0.024057 0.238535 0.070869
v 0.019370 0.238535 0.072291
v 0.014601 0.238535 0.073403
v 0.009769 0.238535 0.074201
v 0.004895 0.238535 0.074681
v 0.000000 0.238535 0.074841
v -0.004895 0.238535 0.074681
v -0.009769 0.238535 0.074201
v -0.014601 0.238535 0.073403
v -0.019370 0.238535 0.072291
v -0.024057 0.238535 0.070869
v -0.028640 0.238535 0.069144
v -0.033101 0.238535 0.067123
v -0.037420 0.238535 0.064814
v -0.041579 0.238535 0.062228
v -0.045560 0.238535 0.059375
v -0.049346 0.238535 0.056268
v -0.052920 0.238535 0.052920
v -0.056268 0.238535 0.049346
v -0.059375 0.238535 0.045560
v -0.062228 0.238535 0.041579
v -0.064814 0.238535 0.037420
v -0.067123 0.238535 0.033101
v -0.069144 0.238535 0.028640
v -0.070869 0.238535 0.024057
v -0.072291 0.238535 0.019370
v -0.073403 0.238535 0.014601
v -0.074201 0.238535 0.009769
v -0.074681 0.238535 0.004895
v -0.074841 0.238535 0.000000
v -0.074681 0.238535 -0.004895
v -0.074201 0.238535 -0.009769
v -0.073403 0.238535 -0.014601
v -0.072291 0.238535 -0.019370
v -0.070869 0.238535 -0.024057
v -0.069144 0.238535 -0.028640
v -0.067123 0.238535 -0.033101
v -0.064814 0.238535 -0.037420
v -0.062228 0.238535 -0.041579
v -0.059375 0.238535 -0.045560
v -0.056268 0.238535 -0.049346
v -0.052920 0.238535 -0.052920
v -0.049346 0.238535 -0.056268
v -0.045560 0.238535 -0.059375
v -0.041579 0.238535 -0.062228
v -0.037420 0.238535 -0.064814
v -0.033101 0.238535 -0.067123
v -0.028640 0.238535 -0.069144
v -0.024057 0.238535 -0.070869
v -0.019370 0.238535 -0.072291
v -0.014601 0.238535 -0.073403
v -0.009769 0.238535 -0.074201
v -0.004895 0.238535 -0.074681
v -0.000000 0.238535 -0.074841
v 0.004895 0.238535 -0.074681
v 0.009769 0.238535 -0.074201
v 0.014601 0.238535 -0.073403
v 0.019370 0.238535 -0.072291
v 0.024057 0.238535 -0.070869
v 0.028640 0.238535 -0.069144
v 0.033101 0.238535 -0.067123
v 0.037420 0.238535 -0.064814
v 0.041579 0.238535 -0.062228
v 0.045560 0.238535 -0.059375
v 0.049346 0.238535 -0.056268
v 0.052920 0.238535 -0.052920
v 0.056268 0.238535 -0.049346
v 0.059375 0.238535 -0.045560
v 0.062228 0.238535 -0.041579
v 0.064814 0.238535 -0.037420
v 0.067123 0.238535 -0.033101
v 0.069144 0.238535 -0.028640
v 0.070869 0.238535 -0.024057
v 0.072291 0.238535 -0.019370
v 0.073403 0.238535 -0.014601
v 0.074201 0.238535 -0.009769
v 0.074681 0.238535 -0.004895
v 0.062663 0.242019 0.000000
v 0.062529 0.242019 0.004098
v 0.062127 0.242019 0.008179
v 0.061459 0.242019 0.012225
v 0.060528 0.242019 0.016218
v 0.059338 0.242019 0.020142
v 0.057893 0.242019 0.023980
v 0.056201 0.242019 0.027715
v 0.054268 0.242019 0.031332
v 0.052102 0.242019 0.034814
v 0.049714 0.242019 0.038147
v 0.047113 0.242019 0.041317
v 0.044310 0.242019 0.044310
v 0.041317 0.242019 0.047113
v 0.038147 0.242019 0.049714
v 0.034814 0.242019 0.052102
v 0.031332 0.242019 0.054268
v 0.027715 0.242019 0.056201
v 0.023980 0.242019 0.057893
v 0.020142 0.242019 0.059338
v 0.016218 0.242019 0.060528
v 0.012225 0.242019 0.061459
v 0.008179 0.242019 0.062127
v 0.004098 0.242019 0.062529
v 0.000000 0.242019 0.062663
v -0.004098 0.242019 0.062529
v -0.008179 0.242019 0.062127
v -0.012225 0.242019 0.061459
v -0.016218 0.242019 0.060528
v -0.020142 0.242019 0.059338
v -0.023980 0.242019 0.057893
v -0.027715 0.242019 0.056201
v -0.031332 0.242019 0.054268
v -0.034814 0.242019 0.052102
v -0.038147 0.242019 0.049714
v -0.041317 0.242019 0.047113
v -0.044310 0.242019 0.044310
v -0.047113 0.242019 0.041317
v -0.049714 0.242019 0.038147
v -0.052102 0.242019 0.034814
v -0.054268 0.242019 0.031332
v -0.056201 0.242019 0.027715
v -0.057893 0.242019 0.023980
v -0.059338 0.242019 0.020142
v -0.060528 0.242019 0.016218
v -0.061459 0.242019 0.012225
v -0.062127 0.242019 0.008179
v -0.062529 0.242019 0.004098
v -0.062663 0.242019 0.000000
v -0.062529 0.242019 -0.004098
v -0.062127 0.242019 -0.008179
v -0.061459 0.242019 -0.012225
v -0.060528 0.242019 -0.016218
v -0.059338 0.242019 -0.020142
v -0.057893 0.242019 -0.023980
v -0.056201 0.242019 -0.027715
v -0.054268 0.242019 -0.031332
v -0.052102 0.242019 -0.034814
v -0.049714 0.242019 -0.038147
v -0.047113 0.242019 -0.041317
v -0.044310 0.242019 -0.044310
v -0.041317 0.242019 -0.047113
v -0.038147 0.242019 -0.049714
v -0.034814 0.242019 -0.052102
v -0.031332 0.242019 -0.054268
v -0.027715 0.242019 -0.056201
v -0.023980 0.242019 -0.057893
v -0.020142 0.242019 -0.059338
v -0.016218 0.242019 -0.060528
v -0.012225 0.242019 -0.061459
v -0.008179 0.242019 -0.062127
v -0.004098 0.242019 -0.062529
v -0.000000 0.242019 -0.062663
v 0.004098 0.242019 -0.062529
v 0.008179 0.242019 -0.062127
v 0.012225 0.242019 -0.061459
v 0.016218 0.242019 -0.060528
v 0.020142 0.242019 -0.059338
v 0.023980 0.242019 -0.057893
v 0.027715 0.242019 -0.056201
v 0.031332 0.242019 -0.054268
v 0.034814 0.242019 -0.052102
v 0.038147 0.242019 -0.049714
v 0.041317 0.242019 -0.047113
v 0.044310 0.242019 -0.044310
v 0.047113 0.242019 -0.041317
v 0.049714 0.242019 -0.038147
v 0.052102 0.242019 -0.034814
v 0.054268 0.242019 -0.031332
v 0.056201 0.242019 -0.027715
v 0.057893 0.242019 -0.023980
v 0.059338 0.242019 -0.020142
v 0.060528 0.242019 -0.016218
v 0.061459 0.242019 -0.012225
v 0.062127 0.242019 -0.008179
v 0.062529 0.242019 -0.004098
v 0.050325 0.244882 0.000000
v 0.050217 0.244882 0.003291
v 0.049894 0.244882 0.006569
v 0.049358 0.244882 0.009818
v 0.048610 0.244882 0.013025
v 0.047654 0.244882 0.016176
v 0.046494 0.244882 0.019258
v 0.045135 0.244882 0.022258
v 0.043582 0.244882 0.025162
v 0.041843 0.244882 0.027959
v 0.039925 0.244882 0.030636
v 0.037836 0.244882 0.033181
v 0.035585 0.244882 0.035585
v 0.033181 0.244882 0.037836
v 0.030636 0.244882 0.039925
v 0.027959 0.244882 0.041843
v 0.025162 0.244882 0.043582
v 0.022258 0.244882 0.045135
v 0.019258 0.244882 0.046494
v 0.016176 0.244882 0.047654
v 0.013025 0.244882 0.048610
v 0.009818 0.244882 0.049358
v 0.006569 0.244882 0.049894
v 0.003291 0.244882 0.050217
v 0.000000 0.244882 0.050325
v -0.003291 0.244882 0.050217
v -0.006569 0.244882 0.049894
v -0.009818 0.244882 0.049358
v -0.013025 0.244882 0.048610
v -0.016176 0.244882 0.047654
v -0.019258 0.244882 0.046494
v -0.022258 0.244882 0.045135
v -0.025162 0.244882 0.043582
v -0.027959 0.244882 0.041843
v -0.030636 0.244882 0.039925
v -0.033181 0.244882 0.037836
v -0.035585 0.244882 0.035585
v -0.037836 0.244882 0.033181
v -0.039925 0.244882 0.030636
v -0.041843 0.244882 0.027959
v -0.043582 0.244882 0.025162
v -0.045135 0.244882 0.022258
v -0.046494 0.244882 0.019258
v -0.047654 0.244882 0.016176
v -0.048610 0.244882 0.013025
v -0.049358 0.244882 0.009818
v -0.049894 0.244882 0.006569
v -0.050217 0.244882 0.003291
v -0.050325 0.244882 0.000000
v -0.050217 0.244882 -0.003291
v -0.049894 0.244882 -0.006569
v -0.049358 0.244882 -0.009818
v -0.048610 0.244882 -0.013025
v -0.047654 0.244882 -0.016176
v -0.046494 0.244882 -0.019258
v -0.045135 0.244882 -0.022258
v -0.043582 0.244882 -0.025162
v -0.041843 0.244882 -0.027959
v -0.039925 0.244882 -0.030636
v -0.037836 0.244882 -0.033181
v -0.035585 0.244882 -0.035585
v -0.033181 0.244882 -0.037836
v -0.030636 0.244882 -0.039925
v -0.027959 0.244882 -0.041843
v -0.025162 0.244882 -0.043582
v -0.022258 0.244882 -0.045135
v -0.019258 0.244882 -0.046494
v -0.016176 0.244882 -0.047654
v -0.013025 0.244882 -0.048610
v -0.009818 0.244882 -0.049358
v -0.006569 0.244882 -0.049894
v -0.003291 0.244882 -0.050217
v -0.000000 0.244882 -0.050325
v 0.003291 0.244882 -0.050217
v 0.006569 0.244882 -0.049894
v 0.009818 0.244882 -0.049358
v 0.013025 0.244882 -0.048610
v 0.016176 0.244882 -0.047654
v 0.019258 0.244882 -0.046494
v 0.022258 0.244882 -0.045135
v 0.025162 0.244882 -0.043582
v 0.027959 0.244882 -0.041843
v 0.030636 0.244882 -0.039925
v 0.033181 0.244882 -0.037836
v 0.035585 0.244882 -0.035585
v 0.037836 0.244882 -0.033181
v 0.039925 0.244882 -0.030636
v 0.041843 0.244882 -0.027959
v 0.043582 0.244882 -0.025162
v 0.045135 0.244882 -0.022258
v 0.046494 0.244882 -0.019258
v 0.047654 0.244882 -0.016176
v 0.048610 0.244882 -0.013025
v 0.049358 0.244882 -0.009818
v 0.049894 0.244882 -0.006569
v 0.050217 0.244882 -0.003291
v 0.037857 0.247117 0.000000
v 0.037776 0.247117 0.002476
v 0.037533 0.247117 0.004941
v 0.037130 0.247117 0.007386
v 0.036567 0.247117 0.009798
v 0.035848 0.247117 0.012169
v 0.034975 0.247117 0.014487
v 0.033953 0.247117 0.016744
v 0.032785 0.247117 0.018928
v 0.031477 0.247117 0.021032
v 0.030034 0.247117 0.023046
v 0.028462 0.247117 0.024961
v 0.026769 0.247117 0.026769
v 0.024961 0.247117 0.028462
v 0.023046 0.247117 0.030034
v 0.021032 0.247117 0.031477
v 0.018928 0.247117 0.032785
v 0.016744 0.247117 0.033953
v 0.014487 0.247117 0.034975
v 0.012169 0.247117 0.035848
v 0.009798 0.247117 0.036567
v 0.007386 0.247117 0.037130
v 0.004941 0.247117 0.037533
v 0.002476 0.247117 0.037776
v 0.000000 0.247117 0.037857
v -0.002476 0.247117 0.037776
v -0.004941 0.247117 0.037533
v -0.007386 0.247117 0.037130
v -0.009798 0.247117 0.036567
v -0.012169 0.247117 0.035848
v -0.014487 0.247117 0.034975
v -0.016744 0.247117 0.033953
v -0.018928 0.247117 0.032785
v -0.021032 0.247117 0.031477
v -0.023046 0.247117 0.030034
v -0.024961 0.247117 0.028462
v -0.026769 0.247117 0.026769
v -0.028462 0.247117 0.024961
v -0.030034 0.247117 0.023046
v -0.031477 0.247117 0.021032
v -0.032785 0.247117 0.018928
v -0.033953 0.247117 0.016744
v -0.034975 0.247117 0.014487
v -0.035848 0.247117 0.012169
v -0.036567 0.247117 0.009798
v -0.037130 0.247117 0.007386
v -0.037533 0.247117 0.004941
v -0.037776 0.247117 0.002476
v -0.037857 0.247117 0.000000
v -0.037776 0.247117 -0.002476
v -0.037533 0.247117 -0.004941
v -0.037130 0.247117 -0.007386
v -0.036567 0.247117 -0.009798
v -0.035848 0.247117 -0.012169
v -0.034975 0.247117 -0.014487
v -0.033953 0.247117 -0.016744
v -0.032785 0.247117 -0.018928
v -0.031477 0.247117 -0.021032
v -0.030034 0.247117 -0.023046
v -0.028462 0.247117 -0.024961
v -0.026769 0.247117 -0.026769
v -0.024961 0.247117 -0.028462
v -0.023046 0.247117 -0.030034
v -0.021032 0.247117 -0.031477
v -0.018928 0.247117 -0.032785
v -0.016744 0.247117 -0.033953
v -0.014487 0.247117 -0.034975
v -0.012169 0.247117 -0.035848
v -0.009798 0.247117 -0.036567
v -0.007386 0.247117 -0.037130
v -0.004941 0.247117 -0.037533
v -0.002476 0.247117 -0.037776
v -0.000000 0.247117 -0.037857
v 0.002476 0.247117 -0.037776
v 0.004941 0.247117 -0.037533
v 0.007386 0.247117 -0.037130
v 0.009798 0.247117 -0.036567
v 0.012169 0.247117 -0.035848
v 0.014487 0.247117 -0.034975
v 0.016744 0.247117 -0.033953
v 0.018928 0.247117 -0.032785
v 0.021032 0.247117 -0.031477
v 0.023046 0.247117 -0.030034
v 0.024961 0.247117 -0.028462
v 0.026769 0.247117 -0.026769
v 0.028462 0.247117 -0.024961
v 0.030034 0.247117 -0.023046
v 0.031477 0.247117 -0.021032
v 0.032785 0.247117 -0.018928
v 0.033953 0.247117 -0.016744
v 0.034975 0.247117 -0.014487
v 0.035848 0.247117 -0.012169
v 0.036567 0.247117 -0.009798
v 0.037130 0.247117 -0.007386
v 0.037533 0.247117 -0.004941
v 0.037776 0.247117 -0.002476
v 0.025292 0.248717 0.000000
v 0.025238 0.248717 0.001654
v 0.025076 0.248717 0.003301
v 0.024806 0.248717 0.004934
v 0.024430 0.248717 0.006546
v 0.023950 0.248717 0.008130
v 0.023367 0.248717 0.009679
v 0.022684 0.248717 0.011186
v 0.021904 0.248717 0.012646
v 0.021030 0.248717 0.014052
v 0.020066 0.248717 0.015397
v 0.019016 0.248717 0.016676
v 0.017884 0.248717 0.017884
v 0.016676 0.248717 0.019016
v 0.015397 0.248717 0.020066
v 0.014052 0.248717 0.021030
v 0.012646 0.248717 0.021904
v 0.011186 0.248717 0.022684
v 0.009679 0.248717 0.023367
v 0.008130 0.248717 0.023950
v 0.006546 0.248717 0.024430
v 0.004934 0.248717 0.024806
v 0.003301 0.248717 0.025076
v 0.001654 0.248717 0.025238
v 0.000000 0.248717 0.025292
v -0.001654 0.248717 0.025238
v -0.003301 0.248717 0.025076
v -0.004934 0.248717 0.024806
v -0.006546 0.248717 0.024430
v -0.008130 0.248717 0.023950
v -0.009679 0.248717 0.023367
v -0.011186 0.248717 0.022684
v -0.012646 0.248717 0.021904
v -0.014052 0.248717 0.021030
v -0.015397 0.248717 0.020066
v -0.016676 0.248717 0.019016
v -0.017884 0.248717 0.017884
v -0.019016 0.248717 0.016676
v -0.020066 0.248717 0.015397
v -0.021030 0.248717 0.014052
v -0.021904 0.248717 0.012646
v -0.022684 0.248717 0.011186
v -0.023367 0.248717 0.009679
v -0.023950 0.248717 0.008130
v -0.024430 0.248717 0.006546
v -0.024806 0.248717 0.004934
v -0.025076 0.248717 0.003301
v -0.025238 0.248717 0.001654
v -0.025292 0.248717 0.000000
v -0.025238 0.248717 -0.001654
v -0.025076 0.248717 -0.003301
v -0.024806 0.248717 -0.004934
v -0.024430 0.248717 -0.006546
v -0.023950 0.248717 -0.008130
v -0.023367 0.248717 -0.009679
v -0.022684 0.248717 -0.011186
v -0.021904 0.248717 -0.012646
v -0.021030 0.248717 -0.014052
v -0.020066 0.248717 -0.015397
v -0.019016 0.248717 -0.016676
v -0.017884 0.248717 -0.017884
v -0.016676 0.248717 -0.019016
v -0.015397 0.248717 -0.020066
v -0.014052 0.248717 -0.021030
v -0.012646 0.248717 -0.021904
v -0.011186 0.248717 -0.022684
v -0.009679 0.248717 -0.023367
v -0.008130 0.248717 -0.023950
v -0.006546 0.248717 -0.024430
v -0.004934 0.248717 -0.024806
v -0.003301 0.248717 -0.025076
v -0.001654 0.248717 -0.025238
v -0.000000 0.248717 -0.025292
v 0.001654 0.248717 -0.025238
v 0.003301 0.248717 -0.025076
v 0.004934 0.248717 -0.024806
v 0.006546 0.248717 -0.024430
v 0.008130 0.248717 -0.023950
v 0.009679 0.248717 -0.023367
v 0.011186 0.248717 -0.022684
v 0.012646 0.248717 -0.021904
v 0.014052 0.248717 -0.021030
v 0.015397 0.248717 -0.020066
v 0.016676 0.248717 -0.019016
v 0.017884 0.248717 -0.017884
v 0.019016 0.248717 -0.016676
v 0.020066 0.248717 -0.015397
v 0.021030 0.248717 -0.014052
v 0.021904 0.248717 -0.012646
v 0.022684 0.248717 -0.011186
v 0.023367 0.248717 -0.009679
v 0.023950 0.248717 -0.008130
v 0.024430 0.248717 -0.006546
v 0.024806 0.248717 -0.004934
v 0.025076 0.248717 -0.003301
v 0.025238 0.248717 -0.001654
v 0.012662 0.249679 0.000000
v 0.012635 0.249679 0.000828
v 0.012554 0.249679 0.001653
v 0.012419 0.249679 0.002470
v 0.012231 0.249679 0.003277
v 0.011990 0.249679 0.004070
v 0.011698 0.249679 0.004846
v 0.011356 0.249679 0.005600
v 0.010966 0.249679 0.006331
v 0.010528 0.249679 0.007035
v 0.010046 0.249679 0.007708
v 0.009520 0.249679 0.008349
v 0.008954 0.249679 0.008954
v 0.008349 0.249679 0.009520
v 0.007708 0.249679 0.010046
v 0.007035 0.249679 0.010528
v 0.006331 0.249679 0.010966
v 0.005600 0.249679 0.011356
v 0.004846 0.249679 0.011698
v 0.004070 0.249679 0.011990
v 0.003277 0.249679 0.012231
v 0.002470 0.249679 0.012419
v 0.001653 0.249679 0.012554
v 0.000828 0.249679 0.012635
v 0.000000 0.249679 0.012662
v -0.000828 0.249679 0.012635
v -0.001653 0.249679 0.012554
v -0.002470 0.249679 0.012419
v -0.003277 0.249679 0.012231
v -0.004070 0.249679 0.011990
v -0.004846 0.249679 0.011698
v -0.005600 0.249679 0.011356
v -0.006331 0.249679 0.010966
v -0.007035 0.249679 0.010528
v -0.007708 0.249679 0.010046
v -0.008349 0.249679 0.009520
v -0.008954 0.249679 0.008954
v -0.009520 0.249679 0.008349
v -0.010046 0.249679 0.007708
v -0.010528 0.249679 0.007035
v -0.010966 0.249679 0.006331
v -0.011356 0.249679 0.005600
v -0.011698 0.249679 0.004846
v -0.011990 0.249679 0.004070
v -0.012231 0.249679 0.003277
v -0.012419 0.249679 0.002470
v -0.012554 0.249679 0.001653
v -0.012635 0.249679 0.000828
v -0.012662 0.249679 0.000000
v -0.012635 0.249679 -0.000828
v -0.012554 0.249679 -0.001653
v -0.012419 0.249679 -0.002470
v -0.012231 0.249679 -0.003277
v -0.011990 0.249679 -0.004070
v -0.011698 0.249679 -0.004846
v -0.011356 0.249679 -0.005600
v -0.010966 0.249679 -0.006331
v -0.010528 0.249679 -0.007035
v -0.010046 0.249679 -0.007708
v -0.009520 0.249679 -0.008349
v -0.008954 0.249679 -0.008954
v -0.008349 0.249679 -0.009520
v -0.007708 0.249679 -0.010046
v -0.007035 0.249679 -0.010528
v -0.006331 0.249679 -0.010966
v -0.005600 0.249679 -0.011356
v -0.004846 0.249679 -0.011698
v -0.004070 0.249679 -0.011990
v -0.003277 0.249679 -0.012231
v -0.002470 0.249679 -0.012419
v -0.001653 0.249679 -0.012554
v -0.000828 0.249679 -0.012635
v -0.000000 0.249679 -0.012662
v 0.000828 0.249679 -0.012635
v 0.001653 0.249679 -0.012554
v 0.002470 0.249679 -0.012419
v 0.003277 0.249679 -0.012231
v 0.004070 0.249679 -0.011990
v 0.004846 0.249679 -0.011698
v 0.005600 0.249679 -0.011356
v 0.006331 0.249679 -0.010966
v 0.007035 0.249679 -0.010528
v 0.007708 0.249679 -0.010046
v 0.008349 0.249679 -0.009520
v 0.008954 0.249679 -0.008954
v 0.009520 0.249679 -0.008349
v 0.010046 0.249679 -0.007708
v 0.010528 0.249679 -0.007035
v 0.010966 0.249679 -0.006331
v 0.011356 0.249679 -0.005600
v 0.011698 0.249679 -0.004846
v 0.011990 0.249679 -0.004070
v 0.012231 0.249679 -0.003277
v 0.012419 0.249679 -0.002470
v 0.012554 0.249679 -0.001653
v 0.012635 0.249679 -0.000828
v 0.000000 0.250000 0.000000
f 1 2 3
f 1 3 4
f 1 4 5
f 1 5 6
f 1 6 7
f 1 7 8
f 1 8 9
f 1 9 10
f 1 10 11
f 1 11 12
f 1 12 13
f 1 13 14
f 1 14 15
f 1 15 16
f 1 16 17
f 1 17 18
f 1 18 19
f 1 19 20
f 1 20 21
f 1 21 22
f 1 22 23
f 1 23 24
f 1 24 25
f 1 25 26
f 1 26 27
f 1 27 28
f 1 28 29
f 1 29 30
f 1 30 31
f 1 31 32
f 1 32 33
f 1 33 34
f 1 34 35
f 1 35 36
f 1 36 37
f 1 37 38
f 1 38 39
f 1 39 40
f 1 40 41
f 1 41 42
f 1 42 43
f 1 43 44
f 1 44 45
f 1 45 46
f 1 46 47
f 1 47 48
f 1 48 49
f 1 49 50
f 1 50 51
f 1 51 52
f 1 52 53
f 1 53 54
f 1 54 55
f 1 55 56
f 1 56 57
f 1 57 58
f 1 58 59
f 1 59 60
f 1 60 61
f 1 61 62
f 1 62 63
f 1 63 64
f 1 64 65
f 1 65 66
f 1 66 67
f 1 67 68
f 1 68 69
f 1 69 70
f 1 70 71
f 1 71 72
f 1 72 73
f 1 73 74
f 1 74 75
f 1 75 76
f 1 76 77
f 1 77 78
f 1 78 79
f 1 79 80
f 1 80 81
f 1 81 82
f 1 82 83
f 1 83 84
f 1 84 85
f 1 85 86
f 1 86 87
f 1 87 88
f 1 88 89
f 1 89 90
f 1 90 91
f 1 91 92
f 1 92 93
f 1 93 94
f 1 94 95
f 1 95 96
f 1 96 97
f 1 97 2
f 98 195 99
f 98 194 195
f 99 196 100
f 99 195 196
f 100 197 101
f 100 196 197
f 101 198 102
f 101 197 198
f 102 199 103
f 102 198 199
f 103 200 104
f 103 199 200
f 104 201 105
f 104 200 201
f 105 202 106
f 105 201 202
f 106 203 107
f 106 202 203
f 107 204 108
f 107 203 204
f 108 205 109
f 108 204 205
f 109 206 110
f 109 205 206
f 110 207 111
f 110 206 207
f 111 208 112
f 111 207 208
f 112 209 113
f 112 208 209
f 113 210 114
f 113 209 210
f 114 211 115
f 114 210 211
f 115 212 116
f 115 211 212
f 116 213 117
f 116 212 213
f 117 214 118
f 117 213 214
f 118 215 119
f 118 214 215
f 119 216 120
f 119 215 216
f 120 217 121
f 120 216 217
f 121 218 122
f 121 217 218
f 122 219 123
f 122 218 219
f 123 220 124
f 123 219 220
f 124 221 125
f 124 220 221
f 125 222 126
f 125 221 222
f 126 223 127
f 126 222 223
f 127 224 128
f 127 223 224
f 128 225 129
f 128 224 225
f 129 226 130
f 129 225 226
f 130 227 131
f 130 226 227
f 131 228 132
f 131 227 228
f 132 229 133
f 132 228 229
f 133 230 134
f 133 229 230
f 134 231 135
f 134 230 231
f 135 232 136
f 135 231 232
f 136 233 137
f 136 232 233
f 137 234 138
f 137 233 234
f 138 235 139
f 138 234 235
f 139 236 140
f 139 235 236
f 140 237 141
f 140 236 237
f 141 238 142
f 141 237 238
f 142 239 143
f 142 238 239
f 143 240 144
f 143 239 240
f 144 241 145
f 144 240 241
f 145 242 146
f 145 241 242
f 146 243 147
f 146 242 243
f 147 244 148
f 147 243 244
f 148 245 149
f 148 244 245
f 149 246 150
f 149 245 246
f 150 247 151
f 150 246 247
f 151 248 152
f 151 247 248
f 152 249 153
f 152 248 249
f 153 250 154
f 153 249 250
f 154 251 155
f 154 250 251
f 155 252 156
f 155 251 252
f 156 253 157
f 156 252 253
f 157 254 158
f 157 253 254
f 158 255 159
f 158 254 255
f 159 256 160
f 159 255 256
f 160 257 161
f 160 256 257
f 161 258 162
f 161 257 258
f 162 259 163
f 162 258 259
f 163 260 164
f 163 259 260
f 164 261 165
f 164 260 261
f 165 262 166
f 165 261 262
f 166 263 167
f 166 262 263
f 167 264 168
f 167 263 264
f 168 265 169
f 168 264 265
f 169 266 170
f 169 265 266
f 170 267 171
f 170 266 267
f 171 268 172
f 171 267 268
f 172 269 173
f 172 268 269
f 173 270 174
f 173 269 270
f 174 271 175
f 174 270 271
f 175 272 176
f 175 271 272
f 176 273 177
f 176 272 273
f 177 274 178
f 177 273 274
f 178 275 179
f 178 274 275
f 179 276 180
f 179 275 276
f 180 277 181
f 180 276 277
f 181 278 182
f 181 277 278
f 182 279 183
f 182 278 279
f 183 280 184
f 183 279 280
f 184 281 185
f 184 280 281
f 185 282 186
f 185 281 282
f 186 283 187
f 186 282 283
f 187 284 188
f 187 283 284
f 188 285 189
f 188 284 285
f 189 286 190
f 189 285 286
f 190 287 191
f 190 286 287
f 191 288 192
f 191 287 288
f 192 289 193
f 192 288 289
f 193 194 98
f 193 289 194
f 194 291 195
f 194 290 291
f 195 292 196
f 195 291 292
f 196 293 197
f 196 292 293
f 197 294 198
f 197 293 294
f 198 295 199
f 198 294 295
f 199 296 200
f 199 295 296
f 200 297 201
f 200 296 297
f 201 298 202
f 201 297 298
f 202 299 203
f 202 298 299
f 203 300 204
f 203 299 300
f 204 301 205
f 204 300 301
f 205 302 206
f 205 301 302
f 206 303 207
f 206 302 303
f 207 304 208
f 207 303 304
f 208 305 209
f 208 304 305
f 209 306 210
f 209 305 306
f 210 307 211
f 210 306 307
f 211 308 212
f 211 307 308
f 212 309 213
f 212 308 309
f 213 310 214
f 213 309 310
f 214 311 215
f 214 310 311
f 215 312 216
f 215 311 312
f 216 313 217
f 216 312 313
f 217 314 218
f 217 313 314
f 218 315 219
f 218 314 315
f 219 316 220
f 219 315 316
f 220 317 221
f 220 316 317
f 221 318 222
f 221 317 318
f 222 319 223
f 222 318 319
f 223 320 224
f 223 319 320
f 224 321 225
f 224 320 321
f 225 322 226
f 225 321 322
f 226 323 227
f 226 322 323
f 227 324 228
f 227 323 324
f 228 325 229
f 228 324 325
f 229 326 230
f 229 325 326
f 230 327 231
f 230 326 327
f 231 328 232
f 231 327 328
f 232 329 233
f 232 328 329
f 233 330 234
f 233 329 330
f 234 331 235
f 234 330 331
f 235 332 236
f 235 331 332
f 236 333 237
f 236 332 333
f 237 334 238
f 237 333 334
f 238 335 239
f 238 334 335
f 239 336 240
f 239 335 336
f 240 337 241
f 240 336 337
f 241 338 242
f 241 337 338
f 242 339 243
f 242 338 339
f 243 340 244
f 243 339 340
f 244 341 245
f 244 340 341
f 245 342 246
f 245 341 342
f 246 343 247
f 246 342 343
f 247 344 248
f 247 343 344
f 248 345 249
f 248 344 345
f 249 346 250
f 249 345 346
f 250 347 251
f 250 346 347
f 251 348 252
f 251 347 348
f 252 349 253
f 252 348 349
f 253 350 254
f 253 349 350
f 254 351 255
f 254 350 351
f 255 352 256
f 255 351 352
f 256 353 257
f 256 352 353
f 257 354 258
f 257 353 354
f 258 355 259
f 258 354 355
f 259 356 260
f 259 355 356
f 260 357 261
f 260 356 357
f 261 358 262
f 261 357 358
f 262 359 263
f 262 358 359
f 263 360 264
f 263 359 360
f 264 361 265
f 264 360 361
f 265 362 266
f 265 361 362
f 266 363 267
f 266 362 363
f 267 364 268
f 267 363 364
f 268 365 269
f 268 364 365
f 269 366 270
f 269 365 366
f 270 367 271
f 270 366 367
f 271 368 272
f 271 367 368
f 272 369 273
f 272 368 369
f 273 370 274
f 273 369 370
f 274 371 275
f 274 370 371
f 275 372 276
f 275 371 372
f 276 373 277
f 276 372 373
f 277 374 278
f 277 373 374
f 278 375 279
f 278 374 375
f 279 376 280
f 279 375 376
f 280 377 281
f 280 376 377
f 281 378 282
f 281 377 378
f 282 379 283
f 282 378 379
f 283 380 284
f 283 379 380
f 284 381 285
f 284 380 381
f 285 382 286
f 285 381 382
f 286 383 287
f 286 382 383
f 287 384 288
f 287 383 384
f 288 385 289
f 288 384 385
f 289 290 194
f 289 385 290
f 290 387 291
f 290 386 387
f 291 388 292
f 291 387 388
f 292 389 293
f 292 388 389
f 293 390 294
f 293 389 390
f 294 391 295
f 294 390 391
f 295 392 296
f 295 391 392
f 296 393 297
f 296 392 393
f 297 394 298
f 297 393 394
f 298 395 299
f 298 394 395
f 299 396 300
f 299 395 396
f 300 397 301
f 300 396 397
f 301 398 302
f 301 397 398
f 302 399 303
f 302 398 399
f 303 400 304
f 303 399 400
f 304 401 305
f 304 400 401
f 305 402 306
f 305 401 402
f 306 403 307
f 306 402 403
f 307 404 308
f 307 403 404
f 308 405 309
f 308 404 405
f 309 406 310
f 309 405 406
f 310 407 311
f 310 406 407
f 311 408 312
f 311 407 408
f 312 409 313
f 312 408 409
f 313 410 314
f 313 409 410
f 314 411 315
f 314 410 411
f 315 412 316
f 315 411 412
f 316 413 317
f 316 412 413
f 317 414 318
f 317 413 414
f 318 415 319
f 318 414 415
f 319 416 320
f 319 415 416
f 320 417 321
f 320 416 417
f 321 418 322
f 321 417 418
f 322 419 323
f 322 418 419
f 323 420 324
f 323 419 420
f 324 421 325
f 324 420 421
f 325 422 326
f 325 421 422
f 326 423 327
f 326 422 423
f 327 424 328
f 327 423 424
f 328 425 329
f 328 424 425
f 329 426 330
f 329 425 426
f 330 427 331
f 330 426 427
f 331 428 332
f 331 427 428
f 332 429 333
f 332 428 429
f 333 430 334
f 333 429 430
f 334 431 335
f 334 430 431
f 335 432 336
f 335 431 432
f 336 433 337
f 336 432 433
f 337 434 338
f 337 433 434
f 338 435 339
f 338 434 435
f 339 436 340
f 339 435 436
f 340 437 341
f 340 436 437
f 341 438 342
f 341 437 438
f 342 439 343
f 342 438 439
f 343 440 344
f 343 439 440
f 344 441 345
f 344 440 441
f 345 442 346
f 345 441 442
f 346 443 347
f 346 442 443
f 347 444 348
f 347 443 444
f 348 445 349
f 348 444 445
f 349 446 350
f 349 445 446
f 350 447 351
f 350 446 447
f 351 448 352
f 351 447 448
f 352 449 353
f 352 448 449
f 353 450 354
f 353 449 450
f 354 451 355
f 354 450 451
f 355 452 356
f 355 451 452
f 356 453 357
f 356 452 453
f 357 454 358
f 357 453 454
f 358 455 359
f 358 454 455
f 359 456 360
f 359 455 456
f 360 457 361
f 360 456 457
f 361 458 362
f 361 457 458
f 362 459 363
f 362 458 459
f 363 460 364
f 363 459 460
f 364 461 365
f 364 460 461
f 365 462 366
f 365 461 462
f 366 463 367
f 366 462 463
f 367 464 368
f 367 463 464
f 368 465 369
f 368 464 465
f 369 466 370
f 369 465 466
f 370 467 371
f 370 466 467
f 371 468 372
f 371 467 468
f 372 469 373
f 372 468 469
f 373 470 374
f 373 469 470
f 374 471 375
f 374 470 471
f 375 472 376
f 375 471 472
f 376 473 377
f 376 472 473
f 377 474 378
f 377 473 474
f 378 475 379
f 378 474 475
f 379 476 380
f 379 475 476
f 380 477 381
f 380 476 477
f 381 478 382
f 381 477 478
f 382 479 383
f 382 478 479
f 383 480 384
f 383 479 480
f 384 481 385
f 384 480 481
f 385 386 290
f 385 481 386
f 386 483 387
f 386 482 483
f 387 484 388
f 387 483 484
f 388 485 389
f 388 484 485
f 389 486 390
f 389 485 486
f 390 487 391
f 390 486 487
f 391 488 392
f 391 487 488
f 392 489 393
f 392 488 489
f 393 490 394
f 393 489 490
f 394 491 395
f 394 490 491
f 395 492 396
f 395 491 492
f 396 493 397
f 396 492 493
f 397 494 398
f 397 493 494
f 398 495 399
f 398 494 495
f 399 496 400
f 399 495 496
f 400 497 401
f 400 496 497
f 401 498 402
f 401 497 498
f 402 499 403
f 402 498 499
f 403 500 404
f 403 499 500
f 404 501 405
f 404 500 501
f 405 502 406
f 405 501 502
f 406 503 407
f 406 502 503
f 407 504 408
f 407 503 504
f 408 505 409
f 408 504 505
f 409 506 410
f 409 505 506
f 410 507 411
f 410 506 507
f 411 508 412
f 411 507 508
f 412 509 413
f 412 508 509
f 413 510 414
f 413 509 510
f 414 511 415
f 414 510 511
f 415 512 416
f 415 511 512
f 416 513 417
f 416 512 513
f 417 514 418
f 417 513 514
f 418 515 419
f 418 514 515
f 419 516 420
f 419 515 516
f 420 517 421
f 420 516 517
f 421 518 422
f 421 517 518
f 422 519 423
f 422 518 519
f 423 520 424
f 423 519 520
f 424 521 425
f 424 520 521
f 425 522 426
f 425 521 522
f 426 523 427
f 426 522 523
f 427 524 428
f 427 523 524
f 428 525 429
f 428 524 525
f 429 526 430
f 429 525 526
f 430 527 431
f 430 526 527
f 431 528 432
f 431 527 528
f 432 529 433
f 432 528 529
f 433 530 434
f 433 529 530
f 434 531 435
f 434 530 531
f 435 532 436
f 435 531 532
f 436 533 437
f 436 532 533
f 437 534 438
f 437 533 534
f 438 535 439
f 438 534 535
f 439 536 440
f 439 535 536
f 440 537 441
f 440 536 537
f 441 538 442
f 441 537 538
f 442 539 443
f 442 538 539
f 443 540 444
f 443 539 540
f 444 541 445
f 444 540 541
f 445 542 446
f 445 541 542
f 446 543 447
f 446 542 543
f 447 544 448
f 447 543 544
f 448 545 449
f 448 544 545
f 449 546 450
f 449 545 546
f 450 547 451
f 450 546 547
f 451 548 452
f 451 547 548
f 452 549 453
f 452 548 549
f 453 550 454
f 453 549 550
f 454 551 455
f 454 550 551
f 455 552 456
f 455 551 552
f 456 553 457
f 456 552 553
f 457 554 458
f 457 553 554
f 458 555 459
f 458 554 555
f 459 556 460
f 459 555 556
f 460 557 461
f 460 556 557
f 461 558 462
f 461 557 558
f 462 559 463
f 462 558 559
f 463 560 464
f 463 559 560
f 464 561 465
f 464 560 561
f 465 562 466
f 465 561 562
f 466 563 467
f 466 562 563
f 467 564 468
f 467 563 564
f 468 565 469
f 468 564 565
f 469 566 470
f 469 565 566
f 470 567 471
f 470 566 567
f 471 568 472
f 471 567 568
f 472 569 473
f 472 568 569
f 473 570 474
f 473 569 570
f 474 571 475
f 474 570 571
f 475 572 476
f 475 571 572
f 476 573 477
f 476 572 573
f 477 574 478
f 477 573 574
f 478 575 479
f 478 574 575
f 479 576 480
f 479 575 576
f 480 577 481
f 480 576 577
f 481 482 386
f 481 577 482
f 482 579 483
f 482 578 579
f 483 580 484
f 483 579 580
f 484 581 485
f 484 580 581
f 485 582 486
f 485 581 582
f 486 583 487
f 486 582 583
f 487 584 488
f 487 583 584
f 488 585 489
f 488 584 585
f 489 586 490
f 489 585 586
f 490 587 491
f 490 586 587
f 491 588 492
f 491 587 588
f 492 589 493
f 492 588 589
f 493 590 494
f 493 589 590
f 494 591 495
f 494 590 591
f 495 592 496
f 495 591 592
f 496 593 497
f 496 592 593
f 497 594 498
f 497 593 594
f 498 595 499
f 498 594 595
f 499 596 500
f 499 595 596
f 500 597 501
f 500 596 597
f 501 598 502
f 501 597 598
f 502 599 503
f 502 598 599
f 503 600 504
f 503 599 600
f 504 601 505
f 504 600 601
f 505 602 506
f 505 601 602
f 506 603 507
f 506 602 603
f 507 604 508
f 507 603 604
f 508 605 509
f 508 604 605
f 509 606 510
f 509 605 606
f 510 607 511
f 510 606 607
f 511 608 512
f 511 607 608
f 512 609 513
f 512 608 609
f 513 610 514
f 513 609 610
f 514 611 515
f 514 610 611
f 515 612 516
f 515 611 612
f 516 613 517
f 516 612 613
f 517 614 518
f 517 613 614
f 518 615 519
f 518 614 615
f 519 616 520
f 519 615 616
f 520 617 521
f 520 616 617
f 521 618 522
f 521 617 618
f 522 619 523
f 522 618 619
f 523 620 524
f 523 619 620
f 524 621 525
f 524 620 621
f 525 622 526
f 525 621 622
f 526 623 527
f 526 622 623
f 527 624 528
f 527 623 624
f 528 625 529
f 528 624 625
f 529 626 530
f 529 625 626
f 530 627 531
f 530 626 627
f 531 628 532
f 531 627 628
f 532 629 533
f 532 628 629
f 533 630 534
f 533 629 630
f 534 631 535
f 534 630 631
f 535 632 536
f 535 631 632
f 536 633 537
f 536 632 633
f 537 634 538
f 537 633 634
f 538 635 539
f 538 634 635
f 539 636 540
f 539 635 636
f 540 637 541
f 540 636 637
f 541 638 542
f 541 637 638
f 542 639 543
f 542 638 639
f 543 640 544
f 543 639 640
f 544 641 545
f 544 640 641
f 545 642 546
f 545 641 642
f 546 643 547
f 546 642 643
f 547 644 548
f 547 643 644
f 548 645 549
f 548 644 645
f 549 646 550
f 549 645 646
f 550 647 551
f 550 646 647
f 551 648 552
f 551 647 648
f 552 649 553
f 552 648 649
f 553 650 554
f 553 649 650
f 554 651 555
f 554 650 651
f 555 652 556
f 555 651 652
f 556 653 557
f 556 652 653
f 557 654 558
f 557 653 654
f 558 655 559
f 558 654 655
f 559 656 560
f 559 655 656
f 560 657 561
f 560 656 657
f 561 658 562
f 561 657 658
f 562 659 563
f 562 658 659
f 563 660 564
f 563 659 660
f 564 661 565
f 564 660 661
f 565 662 566
f 565 661 662
f 566 663 567
f 566 662 663
f 567 664 568
f 567 663 664
f 568 665 569
f 568 664 665
f 569 666 570
f 569 665 666
f 570 667 571
f 570 666 667
f 571 668 572
f 571 667 668
f 572 669 573
f 572 668 669
f 573 670 574
f 573 669 670
f 574 671 575
f 574 670 671
f 575 672 576
f 575 671 672
f 576 673 577
f 576 672 673
f 577 578 482
f 577 673 578
f 578 675 579
f 578 674 675
f 579 676 580
f 579 675 676
f 580 677 581
f 580 676 677
f 581 678 582
f 581 677 678
f 582 679 583
f 582 678 679
f 583 680 584
f 583 679 680
f 584 681 585
f 584 680 681
f 585 682 586
f 585 681 682
f 586 683 587
f 586 682 683
f 587 684 588
f 587 683 684
f 588 685 589
f 588 684 685
f 589 686 590
f 589 685 686
f 590 687 591
f 590 686 687
f 591 688 592
f 591 687 688
f 592 689 593
f 592 688 689
f 593 690 594
f 593 689 690
f 594 691 595
f 594 690 691
f 595 692 596
f 595 691 692
f 596 693 597
f 596 692 693
f 597 694 598
f 597 693 694
f 598 695 599
f 598 694 695
f 599 696 600
f 599 695 696
f 600 697 601
f 600 696 697
f 601 698 602
f 601 697 698
f 602 699 603
f 602 698 699
f 603 700 604
f 603 699 700
f 604 701 605
f 604 700 701
f 605 702 606
f 605 701 702
f 606 703 607
f 606 702 703
f 607 704 608
f 607 703 704
f 608 705 609
f 608 704 705
f 609 706 610
f 609 705 706
f 610 707 611
f 610 706 707
f 611 708 612
f 611 707 708
f 612 709 613
f 612 708 709
f 613 710 614
f 613 709 710
f 614 711 615
f 614 710 711
f 615 712 616
f 615 711 712
f 616 713 617
f 616 712 713
f 617 714 618
f 617 713 714
f 618 715 619
f 618 714 715
f 619 716 620
f 619 715 716
f 620 717 621
f 620 716 717
f 621 718 622
f 621 717 718
f 622 719 623
f 622 718 719
f 623 720 624
f 623 719 720
f 624 721 625
f 624 720 721
f 625 722 626
f 625 721 722
f 626 723 627
f 626 722 723
f 627 724 628
f 627 723 724
f 628 725 629
f 628 724 725
f 629 726 630
f 629 725 726
f 630 727 631
f 630 726 727
f 631 728 632
f 631 727 728
f 632 729 633
f 632 728 729
f 633 730 634
f 633 729 730
f 634 731 635
f 634 730 731
f 635 732 636
f 635 731 732
f 636 733 637
f 636 732 733
f 637 734 638
f 637 733 734
f 638 735 639
f 638 734 735
f 639 736 640
f 639 735 736
f 640 737 641
f 640 736 737
f 641 738 642
f 641 737 738
f 642 739 643
f 642 738 739
f 643 740 644
f 643 739 740
f 644 741 645
f 644 740 741
f 645 742 646
f 645 741 742
f 646 743 647
f 646 742 743
f 647 744 648
f 647 743 744
f 648 745 649
f 648 744 745
f 649 746 650
f 649 745 746
f 650 747 651
f 650 746 747
f 651 748 652
f 651 747 748
f 652 749 653
f 652 748 749
f 653 750 654
f 653 749 750
f 654 751 655
f 654 750 751
f 655 752 656
f 655 751 752
f 656 753 657
f 656 752 753
f 657 754 658
f 657 753 754
f 658 755 659
f 658 754 755
f 659 756 660
f 659 755 756
f 660 757 661
f 660 756 757
f 661 758 662
f 661 757 758
f 662 759 663
f 662 758 759
f 663 760 664
f 663 759 760
f 664 761 665
f 664 760 761
f 665 762 666
f 665 761 762
f 666 763 667
f 666 762 763
f 667 764 668
f 667 763 764
f 668 765 669
f 668 764 765
f 669 766 670
f 669 765 766
f 670 767 671
f 670 766 767
f 671 768 672
f 671 767 768
f 672 769 673
f 672 768 769
f 673 674 578
f 673 769 674
f 674 771 675
f 674 770 771
f 675 772 676
f 675 771 772
f 676 773 677
f 676 772 773
f 677 774 678
f 677 773 774
f 678 775 679
f 678 774 775
f 679 776 680
f 679 775 776
f 680 777 681
f 680 776 777
f 681 778 682
f 681 777 778
f 682 779 683
f 682 778 779
f 683 780 684
f 683 779 780
f 684 781 685
f 684 780 781
f 685 782 686
f 685 781 782
f 686 783 687
f 686 782 783
f 687 784 688
f 687 783 784
f 688 785 689
f 688 784 785
f 689 786 690
f 689 785 786
f 690 787 691
f 690 786 787
f 691 788 692
f 691 787 788
f 692 789 693
f 692 788 789
f 693 790 694
f 693 789 790
f 694 791 695
f 694 790 791
f 695 792 696
f 695 791 792
f 696 793 697
f 696 792 793
f 697 794 698
f 697 793 794
f 698 795 699
f 698 794 795
f 699 796 700
f 699 795 796
f 700 797 701
f 700 796 797
f 701 798 702
f 701 797 798
f 702 799 703
f 702 798 799
f 703 800 704
f 703 799 800
f 704 801 705
f 704 800 801
f 705 802 706
f 705 801 802
f 706 803 707
f 706 802 803
f 707 804 708
f 707 803 804
f 708 805 709
f 708 804 805
f 709 806 710
f 709 805 806
f 710 807 711
f 710 806 807
f 711 808 712
f 711 807 808
f 712 809 713
f 712 808 809
f 713 810 714
f 713 809 810
f 714 811 715
f 714 810 811
f 715 812 716
f 715 811 812
f 716 813 717
f 716 812 813
f 717 814 718
f 717 813 814
f 718 815 719
f 718 814 815
f 719 816 720
f 719 815 816
f 720 817 721
f 720 816 817
f 721 818 722
f 721 817 818
f 722 819 723
f 722 818 819
f 723 820 724
f 723 819 820
f 724 821 725
f 724 820 821
f 725 822 726
f 725 821 822
f 726 823 727
f 726 822 823
f 727 824 728
f 727 823 824
f 728 825 729
f 728 824 825
f 729 826 730
f 729 825 826
f 730 827 731
f 730 826 827
f 731 828 732
f 731 827 828
f 732 829 733
f 732 828 829
f 733 830 734
f 733 829 830
f 734 831 735
f 734 830 831
f 735 832 736
f 735 831 832
f 736 833 737
f 736 832 833
f 737 834 738
f 737 833 834
f 738 835 739
f 738 834 835
f 739 836 740
f 739 835 836
f 740 837 741
f 740 836 837
f 741 838 742
f 741 837 838
f 742 839 743
f 742 838 839
f 743 840 744
f 743 839 840
f 744 841 745
f 744 840 841
f 745 842 746
f 745 841 842
f 746 843 747
f 746 842 843
f 747 844 748
f 747 843 844
f 748 845 749
f 748 844 845
f 749 846 750
f 749 845 846
f 750 847 751
f 750 846 847
f 751 848 752
f 751 847 848
f 752 849 753
f 752 848 849
f 753 850 754
f 753 849 850
f 754 851 755
f 754 850 851
f 755 852 756
f 755 851 852
f 756 853 757
f 756 852 853
f 757 854 758
f 757 853 854
f 758 855 759
f 758 854 855
f 759 856 760
f 759 855 856
f 760 857 761
f 760 856 857
f 761 858 762
f 761 857 858
f 762 859 763
f 762 858 859
f 763 860 764
f 763 859 860
f 764 861 765
f 764 860 861
f 765 862 766
f 765 861 862
f 766 863 767
f 766 862 863
f 767 864 768
f 767 863 864
f 768 865 769
f 768 864 865
f 769 770 674
f 769 865 770
f 770 867 771
f 770 866 867
f 771 868 772
f 771 867 868
f 772 869 773
f 772 868 869
f 773 870 774
f 773 869 870
f 774 871 775
f 774 870 871
f 775 872 776
f 775 871 872
f 776 873 777
f 776 872 873
f 777 874 778
f 777 873 874
f 778 875 779
f 778 874 875
f 779 876 780
f 779 875 876
f 780 877 781
f 780 876 877
f 781 878 782
f 781 877 878
f 782 879 783
f 782 878 879
f 783 880 784
f 783 879 880
f 784 881 785
f 784 880 881
f 785 882 786
f 785 881 882
f 786 883 787
f 786 882 883
f 787 884 788
f 787 883 884
f 788 885 789
f 788 884 885
f 789 886 790
f 789 885 886
f 790 887 791
f 790 886 887
f 791 888 792
f 791 887 888
f 792 889 793
f 792 888 889
f 793 890 794
f 793 889 890
f 794 891 795
f 794 890 891
f 795 892 796
f 795 891 892
f 796 893 797
f 796 892 893
f 797 894 798
f 797 893 894
f 798 895 799
f 798 894 895
f 799 896 800
f 799 895 896
f 800 897 801
f 800 896 897
f 801 898 802
f 801 897 898
f 802 899 803
f 802 898 899
f 803 900 804
f 803 899 900
f 804 901 805
f 804 900 901
f 805 902 806
f 805 901 902
f 806 903 807
f 806 902 903
f 807 904 808
f 807 903 904
f 808 905 809
f 808 904 905
f 809 906 810
f 809 905 906
f 810 907 811
f 810 906 907
f 811 908 812
f 811 907 908
f 812 909 813
f 812 908 909
f 813 910 814
f 813 909 910
f 814 911 815
f 814 910 911
f 815 912 816
f 815 911 912
f 816 913 817
f 816 912 913
f 817 914 818
f 817 913 914
f 818 915 819
f 818 914 915
f 819 916 820
f 819 915 916
f 820 917 821
f 820 916 917
f 821 918 822
f 821 917 918
f 822 919 823
f 822 918 919
f 823 920 824
f 823 919 920
f 824 921 825
f 824 920 921
f 825 922 826
f 825 921 922
f 826 923 827
f 826 922 923
f 827 924 828
f 827 923 924
f 828 925 829
f 828 924 925
f 829 926 830
f 829 925 926
f 830 927 831
f 830 926 927
f 831 928 832
f 831 927 928
f 832 929 833
f 832 928 929
f 833 930 834
f 833 929 930
f 834 931 835
f 834 930 931
f 835 932 836
f 835 931 932
f 836 933 837
f 836 932 933
f 837 934 838
f 837 933 934
f 838 935 839
f 838 934 935
f 839 936 840
f 839 935 936
f 840 937 841
f 840 936 937
f 841 938 842
f 841 937 938
f 842 939 843
f 842 938 939
f 843 940 844
f 843 939 940
f 844 941 845
f 844 940 941
f 845 942 846
f 845 941 942
f 846 943 847
f 846 942 943
f 847 944 848
f 847 943 944
f 848 945 849
f 848 944 945
f 849 946 850
f 849 945 946
f 850 947 851
f 850 946 947
f 851 948 852
f 851 947 948
f 852 949 853
f 852 948 949
f 853 950 854
f 853 949 950
f 854 951 855
f 854 950 951
f 855 952 856
f 855 951 952
f 856 953 857
f 856 952 953
f 857 954 858
f 857 953 954
f 858 955 859
f 858 954 955
f 859 956 860
f 859 955 956
f 860 957 861
f 860 956 957
f 861 958 862
f 861 957 958
f 862 959 863
f 862 958 959
f 863 960 864
f 863 959 960
f 864 961 865
f 864 960 961
f 865 866 770
f 865 961 866
f 866 963 867
f 866 962 963
f 867 964 868
f 867 963 964
f 868 965 869
f 868 964 965
f 869 966 870
f 869 965 966
f 870 967 871
f 870 966 967
f 871 968 872
f 871 967 968
f 872 969 873
f 872 968 969
f 873 970 874
f 873 969 970
f 874 971 875
f 874 970 971
f 875 972 876
f 875 971 972
f 876 973 877
f 876 972 973
f 877 974 878
f 877 973 974
f 878 975 879
f 878 974 975
f 879 976 880
f 879 975 976
f 880 977 881
f 880 976 977
f 881 978 882
f 881 977 978
f 882 979 883
f 882 978 979
f 883 980 884
f 883 979 980
f 884 981 885
f 884 980 981
f 885 982 886
f 885 981 982
f 886 983 887
f 886 982 983
f 887 984 888
f 887 983 984
f 888 985 889
f 888 984 985
f 889 986 890
f 889 985 986
f 890 987 891
f 890 986 987
f 891 988 892
f 891 987 988
f 892 989 893
f 892 988 989
f 893 990 894
f 893 989 990
f 894 991 895
f 894 990 991
f 895 992 896
f 895 991 992
f 896 993 897
f 896 992 993
f 897 994 898
f 897 993 994
f 898 995 899
f 898 994 995
f 899 996 900
f 899 995 996
f 900 997 901
f 900 996 997
f 901 998 902
f 901 997 998
f 902 999 903
f 902 998 999
f 903 1000 904
f 903 999 1000
f 904 1001 905
f 904 1000 1001
f 905 1002 906
f 905 1001 1002
f 906 1003 907
f 906 1002 1003
f 907 1004 908
f 907 1003 1004
f 908 1005 909
f 908 1004 1005
f 909 1006 910
f 909 1005 1006
f 910 1007 911
f 910 1006 1007
f 911 1008 912
f 911 1007 1008
f 912 1009 913
f 912 1008 1009
f 913 1010 914
f 913 1009 1010
f 914 1011 915
f 914 1010 1011
f 915 1012 916
f 915 1011 1012
f 916 1013 917
f 916 1012 1013
f 917 1014 918
f 917 1013 1014
f 918 1015 919
f 918 1014 1015
f 919 1016 920
f 919 1015 1016
f 920 1017 921
f 920 1016 1017
f 921 1018 922
f 921 1017 1018
f 922 1019 923
f 922 1018 1019
f 923 1020 924
f 923 1019 1020
f 924 1021 925
f 924 1020 1021
f 925 1022 926
f 925 1021 1022
f 926 1023 927
f 926 1022 1023
f 927 1024 928
f 927 1023 1024
f 928 1025 929
f 928 1024 1025
f 929 1026 930
f 929 1025 1026
f 930 1027 931
f 930 1026 1027
f 931 1028 932
f 931 1027 1028
f 932 1029 933
f 932 1028 1029
f 933 1030 934
f 933 1029 1030
f 934 1031 935
f 934 1030 1031
f 935 1032 936
f 935 1031 1032
f 936 1033 937
f 936 1032 1033
f 937 1034 938
f 937 1033 1034
f 938 1035 939
f 938 1034 1035
f 939 1036 940
f 939 1035 1036
f 940 1037 941
f 940 1036 1037
f 941 1038 942
f 941 1037 1038
f 942 1039 943
f 942 1038 1039
f 943 1040 944
f 943 1039 1040
f 944 1041 945
f 944 1040 1041
f 945 1042 946
f 945 1041 1042
f 946 1043 947
f 946 1042 1043
f 947 1044 948
f 947 1043 1044
f 948 1045 949
f 948 1044 1045
f 949 1046 950
f 949 1045 1046
f 950 1047 951
f 950 1046 1047
f 951 1048 952
f 951 1047 1048
f 952 1049 953
f 952 1048 1049
f 953 1050 954
f 953 1049 1050
f 954 1051 955
f 954 1050 1051
f 955 1052 956
f 955 1051 1052
f 956 1053 957
f 956 1052 1053
f 957 1054 958
f 957 1053 1054
f 958 1055 959
f 958 1054 1055
f 959 1056 960
f 959 1055 1056
f 960 1057 961
f 960 1056 1057
f 961 962 866
f 961 1057 962
f 962 1059 963
f 962 1058 1059
f 963 1060 964
f 963 1059 1060
f 964 1061 965
f 964 1060 1061
f 965 1062 966
f 965 1061 1062
f 966 1063 967
f 966 1062 1063
f 967 1064 968
f 967 1063 1064
f 968 1065 969
f 968 1064 1065
f 969 1066 970
f 969 1065 1066
f 970 1067 971
f 970 1066 1067
f 971 1068 972
f 971 1067 1068
f 972 1069 973
f 972 1068 1069
f 973 1070 974
f 973 1069 1070
f 974 1071 975
f 974 1070 1071
f 975 1072 976
f 975 1071 1072
f 976 1073 977
f 976 1072 1073
f 977 1074 978
f 977 1073 1074
f 978 1075 979
f 978 1074 1075
f 979 1076 980
f 979 1075 1076
f 980 1077 981
f 980 1076 1077
f 981 1078 982
f 981 1077 1078
f 982 1079 983
f 982 1078 1079
f 983 1080 984
f 983 1079 1080
f 984 1081 985
f 984 1080 1081
f 985 1082 986
f 985 1081 1082
f 986 1083 987
f 986 1082 1083
f 987 1084 988
f 987 1083 1084
f 988 1085 989
f 988 1084 1085
f 989 1086 990
f 989 1085 1086
f 990 1087 991
f 990 1086 1087
f 991 1088 992
f 991 1087 1088
f 992 1089 993
f 992 1088 1089
f 993 1090 994
f 993 1089 1090
f 994 1091 995
f 994 1090 1091
f 995 1092 996
f 995 1091 1092
f 996 1093 997
f 996 1092 1093
f 997 1094 998
f 997 1093 1094
f 998 1095 999
f 998 1094 1095
f 999 1096 1000
f 999 1095 1096
f 1000 1097 1001
f 1000 1096 1097
f 1001 1098 1002
f 1001 1097 1098
f 1002 1099 1003
f 1002 1098 1099
f 1003 1100 1004
f 1003 1099 1100
f 1004 1101 1005
f 1004 1100 1101
f 1005 1102 1006
f 1005 1101 1102
f 1006 1103 1007
f 1006 1102 1103
f 1007 1104 1008
f 1007 1103 1104
f 1008 1105 1009
f 1008 1104 1105
f 1009 1106 1010
f 1009 1105 1106
f 1010 1107 1011
f 1010 1106 1107
f 1011 1108 1012
f 1011 1107 1108
f 1012 1109 1013
f 1012 1108 1109
f 1013 1110 1014
f 1013 1109 1110
f 1014 1111 1015
f 1014 1110 1111
f 1015 1112 1016
f 1015 1111 1112
f 1016 1113 1017
f 1016 1112 1113
f 1017 1114 1018
f 1017 1113 1114
f 1018 1115 1019
f 1018 1114 1115
f 1019 1116 1020
f 1019 1115 1116
f 1020 1117 1021
f 1020 1116 1117
f 1021 1118 1022
f 1021 1117 1118
f 1022 1119 1023
f 1022 1118 1119
f 1023 1120 1024
f 1023 1119 1120
f 1024 1121 1025
f 1024 1120 1121
f 1025 1122 1026
f 1025 1121 1122
f 1026 1123 1027
f 1026 1122 1123
f 1027 1124 1028
f 1027 1123 1124
f 1028 1125 1029
f 1028 1124 1125
f 1029 1126 1030
f 1029 1125 1126
f 1030 1127 1031
f 1030 1126 1127
f 1031 1128 1032
f 1031 1127 1128
f 1032 1129 1033
f 1032 1128 1129
f 1033 1130 1034
f 1033 1129 1130
f 1034 1131 1035
f 1034 1130 1131
f 1035 1132 1036
f 1035 1131 1132
f 1036 1133 1037
f 1036 1132 1133
f 1037 1134 1038
f 1037 1133 1134
f 1038 1135 1039
f 1038 1134 1135
f 1039 1136 1040
f 1039 1135 1136
f 1040 1137 1041
f 1040 1136 1137
f 1041 1138 1042
f 1041 1137 1138
f 1042 1139 1043
f 1042 1138 1139
f 1043 1140 1044
f 1043 1139 1140
f 1044 1141 1045
f 1044 1140 1141
f 1045 1142 1046
f 1045 1141 1142
f 1046 1143 1047
f 1046 1142 1143
f 1047 1144 1048
f 1047 1143 1144
f 1048 1145 1049
f 1048 1144 1145
f 1049 1146 1050
f 1049 1145 1146
f 1050 1147 1051
f 1050 1146 1147
f 1051 1148 1052
f 1051 1147 1148
f 1052 1149 1053
f 1052 1148 1149
f 1053 1150 1054
f 1053 1149 1150
f 1054 1151 1055
f 1054 1150 1151
f 1055 1152 1056
f 1055 1151 1152
f 1056 1153 1057
f 1056 1152 1153
f 1057 1058 962
f 1057 1153 1058
f 1058 1155 1059
f 1058 1154 1155
f 1059 1156 1060
f 1059 1155 1156
f 1060 1157 1061
f 1060 1156 1157
f 1061 1158 1062
f 1061 1157 1158
f 1062 1159 1063
f 1062 1158 1159
f 1063 1160 1064
f 1063 1159 1160
f 1064 1161 1065
f 1064 1160 1161
f 1065 1162 1066
f 1065 1161 1162
f 1066 1163 1067
f 1066 1162 1163
f 1067 1164 1068
f 1067 1163 1164
f 1068 1165 1069
f 1068 1164 1165
f 1069 1166 1070
f 1069 1165 1166
f 1070 1167 1071
f 1070 1166 1167
f 1071 1168 1072
f 1071 1167 1168
f 1072 1169 1073
f 1072 1168 1169
f 1073 1170 1074
f 1073 1169 1170
f 1074 1171 1075
f 1074 1170 1171
f 1075 1172 1076
f 1075 1171 1172
f 1076 1173 1077
f 1076 1172 1173
f 1077 1174 1078
f 1077 1173 1174
f 1078 1175 1079
f 1078 1174 1175
f 1079 1176 1080
f 1079 1175 1176
f 1080 1177 1081
f 1080 1176 1177
f 1081 1178 1082
f 1081 1177 1178
f 1082 1179 1083
f 1082 1178 1179
f 1083 1180 1084
f 1083 1179 1180
f 1084 1181 1085
f 1084 1180 1181
f 1085 1182 1086
f 1085 1181 1182
f 1086 1183 1087
f 1086 1182 1183
f 1087 1184 1088
f 1087 1183 1184
f 1088 1185 1089
f 1088 1184 1185
f 1089 1186 1090
f 1089 1185 1186
f 1090 1187 1091
f 1090 1186 1187
f 1091 1188 1092
f 1091 1187 1188
f 1092 1189 1093
f 1092 1188 1189
f 1093 1190 1094
f 1093 1189 1190
f 1094 1191 1095
f 1094 1190 1191
f 1095 1192 1096
f 1095 1191 1192
f 1096 1193 1097
f 1096 1192 1193
f 1097 1194 1098
f 1097 1193 1194
f 1098 1195 1099
f 1098 1194 1195
f 1099 1196 1100
f 1099 1195 1196
f 1100 1197 1101
f 1100 1196 1197
f 1101 1198 1102
f 1101 1197 1198
f 1102 1199 1103
f 1102 1198 1199
f 1103 1200 1104
f 1103 1199 1200
f 1104 1201 1105
f 1104 1200 1201
f 1105 1202 1106
f 1105 1201 1202
f 1106 1203 1107
f 1106 1202 1203
f 1107 1204 1108
f 1107 1203 1204
f 1108 1205 1109
f 1108 1204 1205
f 1109 1206 1110
f 1109 1205 1206
f 1110 1207 1111
f 1110 1206 1207
f 1111 1208 1112
f 1111 1207 1208
f 1112 1209 1113
f 1112 1208 1209
f 1113 1210 1114
f 1113 1209 1210
f 1114 1211 1115
f 1114 1210 1211
f 1115 1212 1116
f 1115 1211 1212
f 1116 1213 1117
f 1116 1212 1213
f 1117 1214 1118
f 1117 1213 1214
f 1118 1215 1119
f 1118 1214 1215
f 1119 1216 1120
f 1119 1215 1216
f 1120 1217 1121
f 1120 1216 1217
f 1121 1218 1122
f 1121 1217 1218
f 1122 1219 1123
f 1122 1218 1219
f 1123 1220 1124
f 1123 1219 1220
f 1124 1221 1125
f 1124 1220 1221
f 1125 1222 1126
f 1125 1221 1222
f 1126 1223 1127
f 1126 1222 1223
f 1127 1224 1128
f 1127 1223 1224
f 1128 1225 1129
f 1128 1224 1225
f 1129 1226 1130
f 1129 1225 1226
f 1130 1227 1131
f 1130 1226 1227
f 1131 1228 1132
f 1131 1227 1228
f 1132 1229 1133
f 1132 1228 1229
f 1133 1230 1134
f 1133 1229 1230
f 1134 1231 1135
f 1134 1230 1231
f 1135 1232 1136
f 1135 1231 1232
f 1136 1233 1137
f 1136 1232 1233
f 1137 1234 1138
f 1137 1233 1234
f 1138 1235 1139
f 1138 1234 1235
f 1139 1236 1140
f 1139 1235 1236
f 1140 1237 1141
f 1140 1236 1237
f 1141 1238 1142
f 1141 1237 1238
f 1142 1239 1143
f 1142 1238 1239
f 1143 1240 1144
f 1143 1239 1240
f 1144 1241 1145
f 1144 1240 1241
f 1145 1242 1146
f 1145 1241 1242
f 1146 1243 1147
f 1146 1242 1243
f 1147 1244 1148
f 1147 1243 1244
f 1148 1245 1149
f 1148 1244 1245
f 1149 1246 1150
f 1149 1245 1246
f 1150 1247 1151
f 1150 1246 1247
f 1151 1248 1152
f 1151 1247 1248
f 1152 1249 1153
f 1152 1248 1249
f 1153 1154 1058
f 1153 1249 1154
f 1154 1251 1155
f 1154 1250 1251
f 1155 1252 1156
f 1155 1251 1252
f 1156 1253 1157
f 1156 1252 1253
f 1157 1254 1158
f 1157 1253 1254
f 1158 1255 1159
f 1158 1254 1255
f 1159 1256 1160
f 1159 1255 1256
f 1160 1257 1161
f 1160 1256 1257
f 1161 1258 1162
f 1161 1257 1258
f 1162 1259 1163
f 1162 1258 1259
f 1163 1260 1164
f 1163 1259 1260
f 1164 1261 1165
f 1164 1260 1261
f 1165 1262 1166
f 1165 1261 1262
f 1166 1263 1167
f 1166 1262 1263
f 1167 1264 1168
f 1167 1263 1264
f 1168 1265 1169
f 1168 1264 1265
f 1169 1266 1170
f 1169 1265 1266
f 1170 1267 1171
f 1170 1266 1267
f 1171 1268 1172
f 1171 1267 1268
f 1172 1269 1173
f 1172 1268 1269
f 1173 1270 1174
f 1173 1269 1270
f 1174 1271 1175
f 1174 1270 1271
f 1175 1272 1176
f 1175 1271 1272
f 1176 1273 1177
f 1176 1272 1273
f 1177 1274 1178
f 1177 1273 1274
f 1178 1275 1179
f 1178 1274 1275
f 1179 1276 1180
f 1179 1275 1276
f 1180 1277 1181
f 1180 1276 1277
f 1181 1278 1182
f 1181 1277 1278
f 1182 1279 1183
f 1182 1278 1279
f 1183 1280 1184
f 1183 1279 1280
f 1184 1281 1185
f 1184 1280 1281
f 1185 1282 1186
f 1185 1281 1282
f 1186 1283 1187
f 1186 1282 1283
f 1187 1284 1188
f 1187 1283 1284
f 1188 1285 1189
f 1188 1284 1285
f 1189 1286 1190
f 1189 1285 1286
f 1190 1287 1191
f 1190 1286 1287
f 1191 1288 1192
f 1191 1287 1288
f 1192 1289 1193
f 1192 1288 1289
f 1193 1290 1194
f 1193 1289 1290
f 1194 1291 1195
f 1194 1290 1291
f 1195 1292 1196
f 1195 1291 1292
f 1196 1293 1197
f 1196 1292 1293
f 1197 1294 1198
f 1197 1293 1294
f 1198 1295 1199
f 1198 1294 1295
f 1199 1296 1200
f 1199 1295 1296
f 1200 1297 1201
f 1200 1296 1297
f 1201 1298 1202
f 1201 1297 1298
f 1202 1299 1203
f 1202 1298 1299
f 1203 1300 1204
f 1203 1299 1300
f 1204 1301 1205
f 1204 1300 1301
f 1205 1302 1206
f 1205 1301 1302
f 1206 1303 1207
f 1206 1302 1303
f 1207 1304 1208
f 1207 1303 1304
f 1208 1305 1209
f 1208 1304 1305
f 1209 1306 1210
f 1209 1305 1306
f 1210 1307 1211
f 1210 1306 1307
f 1211 1308 1212
f 1211 1307 1308
f 1212 1309 1213
f 1212 1308 1309
f 1213 1310 1214
f 1213 1309 1310
f 1214 1311 1215
f 1214 1310 1311
f 1215 1312 1216
f 1215 1311 1312
f 1216 1313 1217
f 1216 1312 1313
f 1217 1314 1218
f 1217 1313 1314
f 1218 1315 1219
f 1218 1314 1315
f 1219 1316 1220
f 1219 1315 1316
f 1220 1317 1221
f 1220 1316 1317
f 1221 1318 1222
f 1221 1317 1318
f 1222 1319 1223
f 1222 1318 1319
f 1223 1320 1224
f 1223 1319 1320
f 1224 1321 1225
f 1224 1320 1321
f 1225 1322 1226
f 1225 1321 1322
f 1226 1323 1227
f 1226 1322 1323
f 1227 1324 1228
f 1227 1323 1324
f 1228 1325 1229
f 1228 1324 1325
f 1229 1326 1230
f 1229 1325 1326
f 1230 1327 1231
f 1230 1326 1327
f 1231 1328 1232
f 1231 1327 1328
f 1232 1329 1233
f 1232 1328 1329
f 1233 1330 1234
f 1233 1329 1330
f 1234 1331 1235
f 1234 1330 1331
f 1235 1332 1236
f 1235 1331 1332
f 1236 1333 1237
f 1236 1332 1333
f 1237 1334 1238
f 1237 1333 1334
f 1238 1335 1239
f 1238 1334 1335
f 1239 1336 1240
f 1239 1335 1336
f 1240 1337 1241
f 1240 1336 1337
f 1241 1338 1242
f 1241 1337 1338
f 1242 1339 1243
f 1242 1338 1339
f 1243 1340 1244
f 1243 1339 1340
f 1244 1341 1245
f 1244 1340 1341
f 1245 1342 1246
f 1245 1341 1342
f 1246 1343 1247
f 1246 1342 1343
f 1247 1344 1248
f 1247 1343 1344
f 1248 1345 1249
f 1248 1344 1345
f 1249 1250 1154
f 1249 1345 1250
f 1250 1347 1251
f 1250 1346 1347
f 1251 1348 1252
f 1251 1347 1348
f 1252 1349 1253
f 1252 1348 1349
f 1253 1350 1254
f 1253 1349 1350
f 1254 1351 1255
f 1254 1350 1351
f 1255 1352 1256
f 1255 1351 1352
f 1256 1353 1257
f 1256 1352 1353
f 1257 1354 1258
f 1257 1353 1354
f 1258 1355 1259
f 1258 1354 1355
f 1259 1356 1260
f 1259 1355 1356
f 1260 1357 1261
f 1260 1356 1357
f 1261 1358 1262
f 1261 1357 1358
f 1262 1359 1263
f 1262 1358 1359
f 1263 1360 1264
f 1263 1359 1360
f 1264 1361 1265
f 1264 1360 1361
f 1265 1362 1266
f 1265 1361 1362
f 1266 1363 1267
f 1266 1362 1363
f 1267 1364 1268
f 1267 1363 1364
f 1268 1365 1269
f 1268 1364 1365
f 1269 1366 1270
f 1269 1365 1366
f 1270 1367 1271
f 1270 1366 1367
f 1271 1368 1272
f 1271 1367 1368
f 1272 1369 1273
f 1272 1368 1369
f 1273 1370 1274
f 1273 1369 1370
f 1274 1371 1275
f 1274 1370 1371
f 1275 1372 1276
f 1275 1371 1372
f 1276 1373 1277
f 1276 1372 1373
f 1277 1374 1278
f 1277 1373 1374
f 1278 1375 1279
f 1278 1374 1375
f 1279 1376 1280
f 1279 1375 1376
f 1280 1377 1281
f 1280 1376 1377
f 1281 1378 1282
f 1281 1377 1378
f 1282 1379 1283
f 1282 1378 1379
f 1283 1380 1284
f 1283 1379 1380
f 1284 1381 1285
f 1284 1380 1381
f 1285 1382 1286
f 1285 1381 1382
f 1286 1383 1287
f 1286 1382 1383
f 1287 1384 1288
f 1287 1383 1384
f 1288 1385 1289
f 1288 1384 1385
f 1289 1386 1290
f 1289 1385 1386
f 1290 1387 1291
f 1290 1386 1387
f 1291 1388 1292
f 1291 1387 1388
f 1292 1389 1293
f 1292 1388 1389
f 1293 1390 1294
f 1293 1389 1390
f 1294 1391 1295
f 1294 1390 1391
f 1295 1392 1296
f 1295 1391 1392
f 1296 1393 1297
f 1296 1392 1393
f 1297 1394 1298
f 1297 1393 1394
f 1298 1395 1299
f 1298 1394 1395
f 1299 1396 1300
f 1299 1395 1396
f 1300 1397 1301
f 1300 1396 1397
f 1301 1398 1302
f 1301 1397 1398
f 1302 1399 1303
f 1302 1398 1399
f 1303 1400 1304
f 1303 1399 1400
f 1304 1401 1305
f 1304 1400 1401
f 1305 1402 1306
f 1305 1401 1402
f 1306 1403 1307
f 1306 1402 1403
f 1307 1404 1308
f 1307 1403 1404
f 1308 1405 1309
f 1308 1404 1405
f 1309 1406 1310
f 1309 1405 1406
f 1310 1407 1311
f 1310 1406 1407
f 1311 1408 1312
f 1311 1407 1408
f 1312 1409 1313
f 1312 1408 1409
f 1313 1410 1314
f 1313 1409 1410
f 1314 1411 1315
f 1314 1410 1411
f 1315 1412 1316
f 1315 1411 1412
f 1316 1413 1317
f 1316 1412 1413
f 1317 1414 1318
f 1317 1413 1414
f 1318 1415 1319
f 1318 1414 1415
f 1319 1416 1320
f 1319 1415 1416
f 1320 1417 1321
f 1320 1416 1417
f 1321 1418 1322
f 1321 1417 1418
f 1322 1419 1323
f 1322 1418 1419
f 1323 1420 1324
f 1323 1419 1420
f 1324 1421 1325
f 1324 1420 1421
f 1325 1422 1326
f 1325 1421 1422
f 1326 1423 1327
f 1326 1422 1423
f 1327 1424 1328
f 1327 1423 1424
f 1328 1425 1329
f 1328 1424 1425
f 1329 1426 1330
f 1329 1425 1426
f 1330 1427 1331
f 1330 1426 1427
f 1331 1428 1332
f 1331 1427 1428
f 1332 1429 1333
f 1332 1428 1429
f 1333 1430 1334
f 1333 1429 1430
f 1334 1431 1335
f 1334 1430 1431
f 1335 1432 1336
f 1335 1431 1432
f 1336 1433 1337
f 1336 1432 1433
f 1337 1434 1338
f 1337 1433 1434
f 1338 1435 1339
f 1338 1434 1435
f 1339 1436 1340
f 1339 1435 1436
f 1340 1437 1341
f 1340 1436 1437
f 1341 1438 1342
f 1341 1437 1438
f 1342 1439 1343
f 1342 1438 1439
f 1343 1440 1344
f 1343 1439 1440
f 1344 1441 1345
f 1344 1440 1441
f 1345 1346 1250
f 1345 1441 1346
f 1346 1443 1347
f 1346 1442 1443
f 1347 1444 1348
f 1347 1443 1444
f 1348 1445 1349
f 1348 1444 1445
f 1349 1446 1350
f 1349 1445 1446
f 1350 1447 1351
f 1350 1446 1447
f 1351 1448 1352
f 1351 1447 1448
f 1352 1449 1353
f 1352 1448 1449
f 1353 1450 1354
f 1353 1449 1450
f 1354 1451 1355
f 1354 1450 1451
f 1355 1452 1356
f 1355 1451 1452
f 1356 1453 1357
f 1356 1452 1453
f 1357 1454 1358
f 1357 1453 1454
f 1358 1455 1359
f 1358 1454 1455
f 1359 1456 1360
f 1359 1455 1456
f 1360 1457 1361
f 1360 1456 1457
f 1361 1458 1362
f 1361 1457 1458
f 1362 1459 1363
f 1362 1458 1459
f 1363 1460 1364
f 1363 1459 1460
f 1364 1461 1365
f 1364 1460 1461
f 1365 1462 1366
f 1365 1461 1462
f 1366 1463 1367
f 1366 1462 1463
f 1367 1464 1368
f 1367 1463 1464
f 1368 1465 1369
f 1368 1464 1465
f 1369 1466 1370
f 1369 1465 1466
f 1370 1467 1371
f 1370 1466 1467
f 1371 1468 1372
f 1371 1467 1468
f 1372 1469 1373
f 1372 1468 1469
f 1373 1470 1374
f 1373 1469 1470
f 1374 1471 1375
f 1374 1470 1471
f 1375 1472 1376
f 1375 1471 1472
f 1376 1473 1377
f 1376 1472 1473
f 1377 1474 1378
f 1377 1473 1474
f 1378 1475 1379
f 1378 1474 1475
f 1379 1476 1380
f 1379 1475 1476
f 1380 1477 1381
f 1380 1476 1477
f 1381 1478 1382
f 1381 1477 1478
f 1382 1479 1383
f 1382 1478 1479
f 1383 1480 1384
f 1383 1479 1480
f 1384 1481 1385
f 1384 1480 1481
f 1385 1482 1386
f 1385 1481 1482
f 1386 1483 1387
f 1386 1482 1483
f 1387 1484 1388
f 1387 1483 1484
f 1388 1485 1389
f 1388 1484 1485
f 1389 1486 1390
f 1389 1485 1486
f 1390 1487 1391
f 1390 1486 1487
f 1391 1488 1392
f 1391 1487 1488
f 1392 1489 1393
f 1392 1488 1489
f 1393 1490 1394
f 1393 1489 1490
f 1394 1491 1395
f 1394 1490 1491
f 1395 1492 1396
f 1395 1491 1492
f 1396 1493 1397
f 1396 1492 1493
f 1397 1494 1398
f 1397 1493 1494
f 1398 1495 1399
f 1398 1494 1495
f 1399 1496 1400
f 1399 1495 1496
f 1400 1497 1401
f 1400 1496 1497
f 1401 1498 1402
f 1401 1497 1498
f 1402 1499 1403
f 1402 1498 1499
f 1403 1500 1404
f 1403 1499 1500
f 1404 1501 1405
f 1404 1500 1501
f 1405 1502 1406
f 1405 1501 1502
f 1406 1503 1407
f 1406 1502 1503
f 1407 1504 1408
f 1407 1503 1504
f 1408 1505 1409
f 1408 1504 1505
f 1409 1506 1410
f 1409 1505 1506
f 1410 1507 1411
f 1410 1506 1507
f 1411 1508 1412
f 1411 1507 1508
f 1412 1509 1413
f 1412 1508 1509
f 1413 1510 1414
f 1413 1509 1510
f 1414 1511 1415
f 1414 1510 1511
f 1415 1512 1416
f 1415 1511 1512
f 1416 1513 1417
f 1416 1512 1513
f 1417 1514 1418
f 1417 1513 1514
f 1418 1515 1419
f 1418 1514 1515
f 1419 1516 1420
f 1419 1515 1516
f 1420 1517 1421
f 1420 1516 1517
f 1421 1518 1422
f 1421 1517 1518
f 1422 1519 1423
f 1422 1518 1519
f 1423 1520 1424
f 1423 1519 1520
f 1424 1521 1425
f 1424 1520 1521
f 1425 1522 1426
f 1425 1521 1522
f 1426 1523 1427
f 1426 1522 1523
f 1427 1524 1428
f 1427 1523 1524
f 1428 1525 1429
f 1428 1524 1525
f 1429 1526 1430
f 1429 1525 1526
f 1430 1527 1431
f 1430 1526 1527
f 1431 1528 1432
f 1431 1527 1528
f 1432 1529 1433
f 1432 1528 1529
f 1433 1530 1434
f 1433 1529 1530
f 1434 1531 1435
f 1434 1530 1531
f 1435 1532 1436
f 1435 1531 1532
f 1436 1533 1437
f 1436 1532 1533
f 1437 1534 1438
f 1437 1533 1534
f 1438 1535 1439
f 1438 1534 1535
f 1439 1536 1440
f 1439 1535 1536
f 1440 1537 1441
f 1440 1536 1537
f 1441 1442 1346
f 1441 1537 1442
f 1442 1539 1443
f 1442 1538 1539
f 1443 1540 1444
f 1443 1539 1540
f 1444 1541 1445
f 1444 1540 1541
f 1445 1542 1446
f 1445 1541 1542
f 1446 1543 1447
f 1446 1542 1543
f 1447 1544 1448
f 1447 1543 1544
f 1448 1545 1449
f 1448 1544 1545
f 1449 1546 1450
f 1449 1545 1546
f 1450 1547 1451
f 1450 1546 1547
f 1451 1548 1452
f 1451 1547 1548
f 1452 1549 1453
f 1452 1548 1549
f 1453 1550 1454
f 1453 1549 1550
f 1454 1551 1455
f 1454 1550 1551
f 1455 1552 1456
f 1455 1551 1552
f 1456 1553 1457
f 1456 1552 1553
f 1457 1554 1458
f 1457 1553 1554
f 1458 1555 1459
f 1458 1554 1555
f 1459 1556 1460
f 1459 1555 1556
f 1460 1557 1461
f 1460 1556 1557
f 1461 1558 1462
f 1461 1557 1558
f 1462 1559 1463
f 1462 1558 1559
f 1463 1560 1464
f 1463 1559 1560
f 1464 1561 1465
f 1464 1560 1561
f 1465 1562 1466
f 1465 1561 1562
f 1466 1563 1467
f 1466 1562 1563
f 1467 1564 1468
f 1467 1563 1564
f 1468 1565 1469
f 1468 1564 1565
f 1469 1566 1470
f 1469 1565 1566
f 1470 1567 1471
f 1470 1566 1567
f 1471 1568 1472
f 1471 1567 1568
f 1472 1569 1473
f 1472 1568 1569
f 1473 1570 1474
f 1473 1569 1570
f 1474 1571 1475
f 1474 1570 1571
f 1475 1572 1476
f 1475 1571 1572
f 1476 1573 1477
f 1476 1572 1573
f 1477 1574 1478
f 1477 1573 1574
f 1478 1575 1479
f 1478 1574 1575
f 1479 1576 1480
f 1479 1575 1576
f 1480 1577 1481
f 1480 1576 1577
f 1481 1578 1482
f 1481 1577 1578
f 1482 1579 1483
f 1482 1578 1579
f 1483 1580 1484
f 1483 1579 1580
f 1484 1581 1485
f 1484 1580 1581
f 1485 1582 1486
f 1485 1581 1582
f 1486 1583 1487
f 1486 1582 1583
f 1487 1584 1488
f 1487 1583 1584
f 1488 1585 1489
f 1488 1584 1585
f 1489 1586 1490
f 1489 1585 1586
f 1490 1587 1491
f 1490 1586 1587
f 1491 1588 1492
f 1491 1587 1588
f 1492 1589 1493
f 1492 1588 1589
f 1493 1590 1494
f 1493 1589 1590
f 1494 1591 1495
f 1494 1590 1591
f 1495 1592 1496
f 1495 1591 1592
f 1496 1593 1497
f 1496 1592 1593
f 1497 1594 1498
f 1497 1593 1594
f 1498 1595 1499
f 1498 1594 1595
f 1499 1596 1500
f 1499 1595 1596
f 1500 1597 1501
f 1500 1596 1597
f 1501 1598 1502
f 1501 1597 1598
f 1502 1599 1503
f 1502 1598 1599
f 1503 1600 1504
f 1503 1599 1600
f 1504 1601 1505
f 1504 1600 1601
f 1505 1602 1506
f 1505 1601 1602
f 1506 1603 1507
f 1506 1602 1603
f 1507 1604 1508
f 1507 1603 1604
f 1508 1605 1509
f 1508 1604 1605
f 1509 1606 1510
f 1509 1605 1606
f 1510 1607 1511
f 1510 1606 1607
f 1511 1608 1512
f 1511 1607 1608
f 1512 1609 1513
f 1512 1608 1609
f 1513 1610 1514
f 1513 1609 1610
f 1514 1611 1515
f 1514 1610 1611
f 1515 1612 1516
f 1515 1611 1612
f 1516 1613 1517
f 1516 1612 1613
f 1517 1614 1518
f 1517 1613 1614
f 1518 1615 1519
f 1518 1614 1615
f 1519 1616 1520
f 1519 1615 1616
f 1520 1617 1521
f 1520 1616 1617
f 1521 1618 1522
f 1521 1617 1618
f 1522 1619 1523
f 1522 1618 1619
f 1523 1620 1524
f 1523 1619 1620
f 1524 1621 1525
f 1524 1620 1621
f 1525 1622 1526
f 1525 1621 1622
f 1526 1623 1527
f 1526 1622 1623
f 1527 1624 1528
f 1527 1623 1624
f 1528 1625 1529
f 1528 1624 1625
f 1529 1626 1530
f 1529 1625 1626
f 1530 1627 1531
f 1530 1626 1627
f 1531 1628 1532
f 1531 1627 1628
f 1532 1629 1533
f 1532 1628 1629
f 1533 1630 1534
f 1533 1629 1630
f 1534 1631 1535
f 1534 1630 1631
f 1535 1632 1536
f 1535 1631 1632
f 1536 1633 1537
f 1536 1632 1633
f 1537 1538 1442
f 1537 1633 1538
f 1538 1635 1539
f 1538 1634 1635
f 1539 1636 1540
f 1539 1635 1636
f 1540 1637 1541
f 1540 1636 1637
f 1541 1638 1542
f 1541 1637 1638
f 1542 1639 1543
f 1542 1638 1639
f 1543 1640 1544
f 1543 1639 1640
f 1544 1641 1545
f 1544 1640 1641
f 1545 1642 1546
f 1545 1641 1642
f 1546 1643 1547
f 1546 1642 1643
f 1547 1644 1548
f 1547 1643 1644
f 1548 1645 1549
f 1548 1644 1645
f 1549 1646 1550
f 1549 1645 1646
f 1550 1647 1551
f 1550 1646 1647
f 1551 1648 1552
f 1551 1647 1648
f 1552 1649 1553
f 1552 1648 1649
f 1553 1650 1554
f 1553 1649 1650
f 1554 1651 1555
f 1554 1650 1651
f 1555 1652 1556
f 1555 1651 1652
f 1556 1653 1557
f 1556 1652 1653
f 1557 1654 1558
f 1557 1653 1654
f 1558 1655 1559
f 1558 1654 1655
f 1559 1656 1560
f 1559 1655 1656
f 1560 1657 1561
f 1560 1656 1657
f 1561 1658 1562
f 1561 1657 1658
f 1562 1659 1563
f 1562 1658 1659
f 1563 1660 1564
f 1563 1659 1660
f 1564 1661 1565
f 1564 1660 1661
f 1565 1662 1566
f 1565 1661 1662
f 1566 1663 1567
f 1566 1662 1663
f 1567 1664 1568
f 1567 1663 1664
f 1568 1665 1569
f 1568 1664 1665
f 1569 1666 1570
f 1569 1665 1666
f 1570 1667 1571
f 1570 1666 1667
f 1571 1668 1572
f 1571 1667 1668
f 1572 1669 1573
f 1572 1668 1669
f 1573 1670 1574
f 1573 1669 1670
f 1574 1671 1575
f 1574 1670 1671
f 1575 1672 1576
f 1575 1671 1672
f 1576 1673 1577
f 1576 1672 1673
f 1577 1674 1578
f 1577 1673 1674
f 1578 1675 1579
f 1578 1674 1675
f 1579 1676 1580
f 1579 1675 1676
f 1580 1677 1581
f 1580 1676 1677
f 1581 1678 1582
f 1581 1677 1678
f 1582 1679 1583
f 1582 1678 1679
f 1583 1680 1584
f 1583 1679 1680
f 1584 1681 1585
f 1584 1680 1681
f 1585 1682 1586
f 1585 1681 1682
f 1586 1683 1587
f 1586 1682 1683
f 1587 1684 1588
f 1587 1683 1684
f 1588 1685 1589
f 1588 1684 1685
f 1589 1686 1590
f 1589 1685 1686
f 1590 1687 1591
f 1590 1686 1687
f 1591 1688 1592
f 1591 1687 1688
f 1592 1689 1593
f 1592 1688 1689
f 1593 1690 1594
f 1593 1689 1690
f 1594 1691 1595
f 1594 1690 1691
f 1595 1692 1596
f 1595 1691 1692
f 1596 1693 1597
f 1596 1692 1693
f 1597 1694 1598
f 1597 1693 1694
f 1598 1695 1599
f 1598 1694 1695
f 1599 1696 1600
f 1599 1695 1696
f 1600 1697 1601
f 1600 1696 1697
f 1601 1698 1602
f 1601 1697 1698
f 1602 1699 1603
f 1602 1698 1699
f 1603 1700 1604
f 1603 1699 1700
f 1604 1701 1605
f 1604 1700 1701
f 1605 1702 1606
f 1605 1701 1702
f 1606 1703 1607
f 1606 1702 1703
f 1607 1704 1608
f 1607 1703 1704
f 1608 1705 1609
f 1608 1704 1705
f 1609 1706 1610
f 1609 1705 1706
f 1610 1707 1611
f 1610 1706 1707
f 1611 1708 1612
f 1611 1707 1708
f 1612 1709 1613
f 1612 1708 1709
f 1613 1710 1614
f 1613 1709 1710
f 1614 1711 1615
f 1614 1710 1711
f 1615 1712 1616
f 1615 1711 1712
f 1616 1713 1617
f 1616 1712 1713
f 1617 1714 1618
f 1617 1713 1714
f 1618 1715 1619
f 1618 1714 1715
f 1619 1716 1620
f 1619 1715 1716
f 1620 1717 1621
f 1620 1716 1717
f 1621 1718 1622
f 1621 1717 1718
f 1622 1719 1623
f 1622 1718 1719
f 1623 1720 1624
f 1623 1719 1720
f 1624 1721 1625
f 1624 1720 1721
f 1625 1722 1626
f 1625 1721 1722
f 1626 1723 1627
f 1626 1722 1723
f 1627 1724 1628
f 1627 1723 1724
f 1628 1725 1629
f 1628 1724 1725
f 1629 1726 1630
f 1629 1725 1726
f 1630 1727 1631
f 1630 1726 1727
f 1631 1728 1632
f 1631 1727 1728
f 1632 1729 1633
f 1632 1728 1729
f 1633 1634 1538
f 1633 1729 1634
f 1634 1731 1635
f 1634 1730 1731
f 1635 1732 1636
f 1635 1731 1732
f 1636 1733 1637
f 1636 1732 1733
f 1637 1734 1638
f 1637 1733 1734
f 1638 1735 1639
f 1638 1734 1735
f 1639 1736 1640
f 1639 1735 1736
f 1640 1737 1641
f 1640 1736 1737
f 1641 1738 1642
f 1641 1737 1738
f 1642 1739 1643
f 1642 1738 1739
f 1643 1740 1644
f 1643 1739 1740
f 1644 1741 1645
f 1644 1740 1741
f 1645 1742 1646
f 1645 1741 1742
f 1646 1743 1647
f 1646 1742 1743
f 1647 1744 1648
f 1647 1743 1744
f 1648 1745 1649
f 1648 1744 1745
f 1649 1746 1650
f 1649 1745 1746
f 1650 1747 1651
f 1650 1746 1747
f 1651 1748 1652
f 1651 1747 1748
f 1652 1749 1653
f 1652 1748 1749
f 1653 1750 1654
f 1653 1749 1750
f 1654 1751 1655
f 1654 1750 1751
f 1655 1752 1656
f 1655 1751 1752
f 1656 1753 1657
f 1656 1752 1753
f 1657 1754 1658
f 1657 1753 1754
f 1658 1755 1659
f 1658 1754 1755
f 1659 1756 1660
f 1659 1755 1756
f 1660 1757 1661
f 1660 1756 1757
f 1661 1758 1662
f 1661 1757 1758
f 1662 1759 1663
f 1662 1758 1759
f 1663 1760 1664
f 1663 1759 1760
f 1664 1761 1665
f 1664 1760 1761
f 1665 1762 1666
f 1665 1761 1762
f 1666 1763 1667
f 1666 1762 1763
f 1667 1764 1668
f 1667 1763 1764
f 1668 1765 1669
f 1668 1764 1765
f 1669 1766 1670
f 1669 1765 1766
f 1670 1767 1671
f 1670 1766 1767
f 1671 1768 1672
f 1671 1767 1768
f 1672 1769 1673
f 1672 1768 1769
f 1673 1770 1674
f 1673 1769 1770
f 1674 1771 1675
f 1674 1770 1771
f 1675 1772 1676
f 1675 1771 1772
f 1676 1773 1677
f 1676 1772 1773
f 1677 1774 1678
f 1677 1773 1774
f 1678 1775 1679
f 1678 1774 1775
f 1679 1776 1680
f 1679 1775 1776
f 1680 1777 1681
f 1680 1776 1777
f 1681 1778 1682
f 1681 1777 1778
f 1682 1779 1683
f 1682 1778 1779
f 1683 1780 1684
f 1683 1779 1780
f 1684 1781 1685
f 1684 1780 1781
f 1685 1782 1686
f 1685 1781 1782
f 1686 1783 1687
f 1686 1782 1783
f 1687 1784 1688
f 1687 1783 1784
f 1688 1785 1689
f 1688 1784 1785
f 1689 1786 1690
f 1689 1785 1786
f 1690 1787 1691
f 1690 1786 1787
f 1691 1788 1692
f 1691 1787 1788
f 1692 1789 1693
f 1692 1788 1789
f 1693 1790 1694
f 1693 1789 1790
f 1694 1791 1695
f 1694 1790 1791
f 1695 1792 1696
f 1695 1791 1792
f 1696 1793 1697
f 1696 1792 1793
f 1697 1794 1698
f 1697 1793 1794
f 1698 1795 1699
f 1698 1794 1795
f 1699 1796 1700
f 1699 1795 1796
f 1700 1797 1701
f 1700 1796 1797
f 1701 1798 1702
f 1701 1797 1798
f 1702 1799 1703
f 1702 1798 1799
f 1703 1800 1704
f 1703 1799 1800
f 1704 1801 1705
f 1704 1800 1801
f 1705 1802 1706
f 1705 1801 1802
f 1706 1803 1707
f 1706 1802 1803
f 1707 1804 1708
f 1707 1803 1804
f 1708 1805 1709
f 1708 1804 1805
f 1709 1806 1710
f 1709 1805 1806
f 1710 1807 1711
f 1710 1806 1807
f 1711 1808 1712
f 1711 1807 1808
f 1712 1809 1713
f 1712 1808 1809
f 1713 1810 1714
f 1713 1809 1810
f 1714 1811 1715
f 1714 1810 1811
f 1715 1812 1716
f 1715 1811 1812
f 1716 1813 1717
f 1716 1812 1813
f 1717 1814 1718
f 1717 1813 1814
f 1718 1815 1719
f 1718 1814 1815
f 1719 1816 1720
f 1719 1815 1816
f 1720 1817 1721
f 1720 1816 1817
f 1721 1818 1722
f 1721 1817 1818
f 1722 1819 1723
f 1722 1818 1819
f 1723 1820 1724
f 1723 1819 1820
f 1724 1821 1725
f 1724 1820 1821
f 1725 1822 1726
f 1725 1821 1822
f 1726 1823 1727
f 1726 1822 1823
f 1727 1824 1728
f 1727 1823 1824
f 1728 1825 1729
f 1728 1824 1825
f 1729 1730 1634
f 1729 1825 1730
f 1730 1827 1731
f 1730 1826 1827
f 1731 1828 1732
f 1731 1827 1828
f 1732 1829 1733
f 1732 1828 1829
f 1733 1830 1734
f 1733 1829 1830
f 1734 1831 1735
f 1734 1830 1831
f 1735 1832 1736
f 1735 1831 1832
f 1736 1833 1737
f 1736 1832 1833
f 1737 1834 1738
f 1737 1833 1834
f 1738 1835 1739
f 1738 1834 1835
f 1739 1836 1740
f 1739 1835 1836
f 1740 1837 1741
f 1740 1836 1837
f 1741 1838 1742
f 1741 1837 1838
f 1742 1839 1743
f 1742 1838 1839
f 1743 1840 1744
f 1743 1839 1840
f 1744 1841 1745
f 1744 1840 1841
f 1745 1842 1746
f 1745 1841 1842
f 1746 1843 1747
f 1746 1842 1843
f 1747 1844 1748
f 1747 1843 1844
f 1748 1845 1749
f 1748 1844 1845
f 1749 1846 1750
f 1749 1845 1846
f 1750 1847 1751
f 1750 1846 1847
f 1751 1848 1752
f 1751 1847 1848
f 1752 1849 1753
f 1752 1848 1849
f 1753 1850 1754
f 1753 1849 1850
f 1754 1851 1755
f 1754 1850 1851
f 1755 1852 1756
f 1755 1851 1852
f 1756 1853 1757
f 1756 1852 1853
f 1757 1854 1758
f 1757 1853 1854
f 1758 1855 1759
f 1758 1854 1855
f 1759 1856 1760
f 1759 1855 1856
f 1760 1857 1761
f 1760 1856 1857
f 1761 1858 1762
f 1761 1857 1858
f 1762 1859 1763
f 1762 1858 1859
f 1763 1860 1764
f 1763 1859 1860
f 1764 1861 1765
f 1764 1860 1861
f 1765 1862 1766
f 1765 1861 1862
f 1766 1863 1767
f 1766 1862 1863
f 1767 1864 1768
f 1767 1863 1864
f 1768 1865 1769
f 1768 1864 1865
f 1769 1866 1770
f 1769 1865 1866
f 1770 1867 1771
f 1770 1866 1867
f 1771 1868 1772
f 1771 1867 1868
f 1772 1869 1773
f 1772 1868 1869
f 1773 1870 1774
f 1773 1869 1870
f 1774 1871 1775
f 1774 1870 1871
f 1775 1872 1776
f 1775 1871 1872
f 1776 1873 1777
f 1776 1872 1873
f 1777 1874 1778
f 1777 1873 1874
f 1778 1875 1779
f 1778 1874 1875
f 1779 1876 1780
f 1779 1875 1876
f 1780 1877 1781
f 1780 1876 1877
f 1781 1878 1782
f 1781 1877 1878
f 1782 1879 1783
f 1782 1878 1879
f 1783 1880 1784
f 1783 1879 1880
f 1784 1881 1785
f 1784 1880 1881
f 1785 1882 1786
f 1785 1881 1882
f 1786 1883 1787
f 1786 1882 1883
f 1787 1884 1788
f 1787 1883 1884
f 1788 1885 1789
f 1788 1884 1885
f 1789 1886 1790
f 1789 1885 1886
f 1790 1887 1791
f 1790 1886 1887
f 1791 1888 1792
f 1791 1887 1888
f 1792 1889 1793
f 1792 1888 1889
f 1793 1890 1794
f 1793 1889 1890
f 1794 1891 1795
f 1794 1890 1891
f 1795 1892 1796
f 1795 1891 1892
f 1796 1893 1797
f 1796 1892 1893
f 1797 1894 1798
f 1797 1893 1894
f 1798 1895 1799
f 1798 1894 1895
f 1799 1896 1800
f 1799 1895 1896
f 1800 1897 1801
f 1800 1896 1897
f 1801 1898 1802
f 1801 1897 1898
f 1802 1899 1803
f 1802 1898 1899
f 1803 1900 1804
f 1803 1899 1900
f 1804 1901 1805
f 1804 1900 1901
f 1805 1902 1806
f 1805 1901 1902
f 1806 1903 1807
f 1806 1902 1903
f 1807 1904 1808
f 1807 1903 1904
f 1808 1905 1809
f 1808 1904 1905
f 1809 1906 1810
f 1809 1905 1906
f 1810 1907 1811
f 1810 1906 1907
f 1811 1908 1812
f 1811 1907 1908
f 1812 1909 1813
f 1812 1908 1909
f 1813 1910 1814
f 1813 1909 1910
f 1814 1911 1815
f 1814 1910 1911
f 1815 1912 1816
f 1815 1911 1912
f 1816 1913 1817
f 1816 1912 1913
f 1817 1914 1818
f 1817 1913 1914
f 1818 1915 1819
f 1818 1914 1915
f 1819 1916 1820
f 1819 1915 1916
f 1820 1917 1821
f 1820 1916 1917
f 1821 1918 1822
f 1821 1917 1918
f 1822 1919 1823
f 1822 1918 1919
f 1823 1920 1824
f 1823 1919 1920
f 1824 1921 1825
f 1824 1920 1921
f 1825 1826 1730
f 1825 1921 1826
f 1826 1923 1827
f 1826 1922 1923
f 1827 1924 1828
f 1827 1923 1924
f 1828 1925 1829
f 1828 1924 1925
f 1829 1926 1830
f 1829 1925 1926
f 1830 1927 1831
f 1830 1926 1927
f 1831 1928 1832
f 1831 1927 1928
f 1832 1929 1833
f 1832 1928 1929
f 1833 1930 1834
f 1833 1929 1930
f 1834 1931 1835
f 1834 1930 1931
f 1835 1932 1836
f 1835 1931 1932
f 1836 1933 1837
f 1836 1932 1933
f 1837 1934 1838
f 1837 1933 1934
f 1838 1935 1839
f 1838 1934 1935
f 1839 1936 1840
f 1839 1935 1936
f 1840 1937 1841
f 1840 1936 1937
f 1841 1938 1842
f 1841 1937 1938
f 1842 1939 1843
f 1842 1938 1939
f 1843 1940 1844
f 1843 1939 1940
f 1844 1941 1845
f 1844 1940 1941
f 1845 1942 1846
f 1845 1941 1942
f 1846 1943 1847
f 1846 1942 1943
f 1847 1944 1848
f 1847 1943 1944
f 1848 1945 1849
f 1848 1944 1945
f 1849 1946 1850
f 1849 1945 1946
f 1850 1947 1851
f 1850 1946 1947
f 1851 1948 1852
f 1851 1947 1948
f 1852 1949 1853
f 1852 1948 1949
f 1853 1950 1854
f 1853 1949 1950
f 1854 1951 1855
f 1854 1950 1951
f 1855 1952 1856
f 1855 1951 1952
f 1856 1953 1857
f 1856 1952 1953
f 1857 1954 1858
f 1857 1953 1954
f 1858 1955 1859
f 1858 1954 1955
f 1859 1956 1860
f 1859 1955 1956
f 1860 1957 1861
f 1860 1956 1957
f 1861 1958 1862
f 1861 1957 1958
f 1862 1959 1863
f 1862 1958 1959
f 1863 1960 1864
f 1863 1959 1960
f 1864 1961 1865
f 1864 1960 1961
f 1865 1962 1866
f 1865 1961 1962
f 1866 1963 1867
f 1866 1962 1963
f 1867 1964 1868
f 1867 1963 1964
f 1868 1965 1869
f 1868 1964 1965
f 1869 1966 1870
f 1869 1965 1966
f 1870 1967 1871
f 1870 1966 1967
f 1871 1968 1872
f 1871 1967 1968
f 1872 1969 1873
f 1872 1968 1969
f 1873 1970 1874
f 1873 1969 1970
f 1874 1971 1875
f 1874 1970 1971
f 1875 1972 1876
f 1875 1971 1972
f 1876 1973 1877
f 1876 1972 1973
f 1877 1974 1878
f 1877 1973 1974
f 1878 1975 1879
f 1878 1974 1975
f 1879 1976 1880
f 1879 1975 1976
f 1880 1977 1881
f 1880 1976 1977
f 1881 1978 1882
f 1881 1977 1978
f 1882 1979 1883
f 1882 1978 1979
f 1883 1980 1884
f 1883 1979 1980
f 1884 1981 1885
f 1884 1980 1981
f 1885 1982 1886
f 1885 1981 1982
f 1886 1983 1887
f 1886 1982 1983
f 1887 1984 1888
f 1887 1983 1984
f 1888 1985 1889
f 1888 1984 1985
f 1889 1986 1890
f 1889 1985 1986
f 1890 1987 1891
f 1890 1986 1987
f 1891 1988 1892
f 1891 1987 1988
f 1892 1989 1893
f 1892 1988 1989
f 1893 1990 1894
f 1893 1989 1990
f 1894 1991 1895
f 1894 1990 1991
f 1895 1992 1896
f 1895 1991 1992
f 1896 1993 1897
f 1896 1992 1993
f 1897 1994 1898
f 1897 1993 1994
f 1898 1995 1899
f 1898 1994 1995
f 1899 1996 1900
f 1899 1995 1996
f 1900 1997 1901
f 1900 1996 1997
f 1901 1998 1902
f 1901 1997 1998
f 1902 1999 1903
f 1902 1998 1999
f 1903 2000 1904
f 1903 1999 2000
f 1904 2001 1905
f 1904 2000 2001
f 1905 2002 1906
f 1905 2001 2002
f 1906 2003 1907
f 1906 2002 2003
f 1907 2004 1908
f 1907 2003 2004
f 1908 2005 1909
f 1908 2004 2005
f 1909 2006 1910
f 1909 2005 2006
f 1910 2007 1911
f 1910 2006 2007
f 1911 2008 1912
f 1911 2007 2008
f 1912 2009 1913
f 1912 2008 2009
f 1913 2010 1914
f 1913 2009 2010
f 1914 2011 1915
f 1914 2010 2011
f 1915 2012 1916
f 1915 2011 2012
f 1916 2013 1917
f 1916 2012 2013
f 1917 2014 1918
f 1917 2013 2014
f 1918 2015 1919
f 1918 2014 2015
f 1919 2016 1920
f 1919 2015 2016
f 1920 2017 1921
f 1920 2016 2017
f 1921 1922 1826
f 1921 2017 1922
f 1922 2019 1923
f 1922 2018 2019
f 1923 2020 1924
f 1923 2019 2020
f 1924 2021 1925
f 1924 2020 2021
f 1925 2022 1926
f 1925 2021 2022
f 1926 2023 1927
f 1926 2022 2023
f 1927 2024 1928
f 1927 2023 2024
f 1928 2025 1929
f 1928 2024 2025
f 1929 2026 1930
f 1929 2025 2026
f 1930 2027 1931
f 1930 2026 2027
f 1931 2028 1932
f 1931 2027 2028
f 1932 2029 1933
f 1932 2028 2029
f 1933 2030 1934
f 1933 2029 2030
f 1934 2031 1935
f 1934 2030 2031
f 1935 2032 1936
f 1935 2031 2032
f 1936 2033 1937
f 1936 2032 2033
f 1937 2034 1938
f 1937 2033 2034
f 1938 2035 1939
f 1938 2034 2035
f 1939 2036 1940
f 1939 2035 2036
f 1940 2037 1941
f 1940 2036 2037
f 1941 2038 1942
f 1941 2037 2038
f 1942 2039 1943
f 1942 2038 2039
f 1943 2040 1944
f 1943 2039 2040
f 1944 2041 1945
f 1944 2040 2041
f 1945 2042 1946
f 1945 2041 2042
f 1946 2043 1947
f 1946 2042 2043
f 1947 2044 1948
f 1947 2043 2044
f 1948 2045 1949
f 1948 2044 2045
f 1949 2046 1950
f 1949 2045 2046
f 1950 2047 1951
f 1950 2046 2047
f 1951 2048 1952
f 1951 2047 2048
f 1952 2049 1953
f 1952 2048 2049
f 1953 2050 1954
f 1953 2049 2050
f 1954 2051 1955
f 1954 2050 2051
f 1955 2052 1956
f 1955 2051 2052
f 1956 2053 1957
f 1956 2052 2053
f 1957 2054 1958
f 1957 2053 2054
f 1958 2055 1959
f 1958 2054 2055
f 1959 2056 1960
f 1959 2055 2056
f 1960 2057 1961
f 1960 2056 2057
f 1961 2058 1962
f 1961 2057 2058
f 1962 2059 1963
f 1962 2058 2059
f 1963 2060 1964
f 1963 2059 2060
f 1964 2061 1965
f 1964 2060 2061
f 1965 2062 1966
f 1965 2061 2062
f 1966 2063 1967
f 1966 2062 2063
f 1967 2064 1968
f 1967 2063 2064
f 1968 2065 1969
f 1968 2064 2065
f 1969 2066 1970
f 1969 2065 2066
f 1970 2067 1971
f 1970 2066 2067
f 1971 2068 1972
f 1971 2067 2068
f 1972 2069 1973
f 1972 2068 2069
f 1973 2070 1974
f 1973 2069 2070
f 1974 2071 1975
f 1974 2070 2071
f 1975 2072 1976
f 1975 2071 2072
f 1976 2073 1977
f 1976 2072 2073
f 1977 2074 1978
f 1977 2073 2074
f 1978 2075 1979
f 1978 2074 2075
f 1979 2076 1980
f 1979 2075 2076
f 1980 2077 1981
f 1980 2076 2077
f 1981 2078 1982
f 1981 2077 2078
f 1982 2079 1983
f 1982 2078 2079
f 1983 2080 1984
f 1983 2079 2080
f 1984 2081 1985
f 1984 2080 2081
f 1985 2082 1986
f 1985 2081 2082
f 1986 2083 1987
f 1986 2082 2083
f 1987 2084 1988
f 1987 2083 2084
f 1988 2085 1989
f 1988 2084 2085
f 1989 2086 1990
f 1989 2085 2086
f 1990 2087 1991
f 1990 2086 2087
f 1991 2088 1992
f 1991 2087 2088
f 1992 2089 1993
f 1992 2088 2089
f 1993 2090 1994
f 1993 2089 2090
f 1994 2091 1995
f 1994 2090 2091
f 1995 2092 1996
f 1995 2091 2092
f 1996 2093 1997
f 1996 2092 2093
f 1997 2094 1998
f 1997 2093 2094
f 1998 2095 1999
f 1998 2094 2095
f 1999 2096 2000
f 1999 2095 2096
f 2000 2097 2001
f 2000 2096 2097
f 2001 2098 2002
f 2001 2097 2098
f 2002 2099 2003
f 2002 2098 2099
f 2003 2100 2004
f 2003 2099 2100
f 2004 2101 2005
f 2004 2100 2101
f 2005 2102 2006
f 2005 2101 2102
f 2006 2103 2007
f 2006 2102 2103
f 2007 2104 2008
f 2007 2103 2104
f 2008 2105 2009
f 2008 2104 2105
f 2009 2106 2010
f 2009 2105 2106
f 2010 2107 2011
f 2010 2106 2107
f 2011 2108 2012
f 2011 2107 2108
f 2012 2109 2013
f 2012 2108 2109
f 2013 2110 2014
f 2013 2109 2110
f 2014 2111 2015
f 2014 2110 2111
f 2015 2112 2016
f 2015 2111 2112
f 2016 2113 2017
f 2016 2112 2113
f 2017 2018 1922
f 2017 2113 2018
f 2018 2115 2019
f 2018 2114 2115
f 2019 2116 2020
f 2019 2115 2116
f 2020 2117 2021
f 2020 2116 2117
f 2021 2118 2022
f 2021 2117 2118
f 2022 2119 2023
f 2022 2118 2119
f 2023 2120 2024
f 2023 2119 2120
f 2024 2121 2025
f 2024 2120 2121
f 2025 2122 2026
f 2025 2121 2122
f 2026 2123 2027
f 2026 2122 2123
f 2027 2124 2028
f 2027 2123 2124
f 2028 2125 2029
f 2028 2124 2125
f 2029 2126 2030
f 2029 2125 2126
f 2030 2127 2031
f 2030 2126 2127
f 2031 2128 2032
f 2031 2127 2128
f 2032 2129 2033
f 2032 2128 2129
f 2033 2130 2034
f 2033 2129 2130
f 2034 2131 2035
f 2034 2130 2131
f 2035 2132 2036
f 2035 2131 2132
f 2036 2133 2037
f 2036 2132 2133
f 2037 2134 2038
f 2037 2133 2134
f 2038 2135 2039
f 2038 2134 2135
f 2039 2136 2040
f 2039 2135 2136
f 2040 2137 2041
f 2040 2136 2137
f 2041 2138 2042
f 2041 2137 2138
f 2042 2139 2043
f 2042 2138 2139
f 2043 2140 2044
f 2043 2139 2140
f 2044 2141 2045
f 2044 2140 2141
f 2045 2142 2046
f 2045 2141 2142
f 2046 2143 2047
f 2046 2142 2143
f 2047 2144 2048
f 2047 2143 2144
f 2048 2145 2049
f 2048 2144 2145
f 2049 2146 2050
f 2049 2145 2146
f 2050 2147 2051
f 2050 2146 2147
f 2051 2148 2052
f 2051 2147 2148
f 2052 2149 2053
f 2052 2148 2149
f 2053 2150 2054
f 2053 2149 2150
f 2054 2151 2055
f 2054 2150 2151
f 2055 2152 2056
f 2055 2151 2152
f 2056 2153 2057
f 2056 2152 2153
f 2057 2154 2058
f 2057 2153 2154
f 2058 2155 2059
f 2058 2154 2155
f 2059 2156 2060
f 2059 2155 2156
f 2060 2157 2061
f 2060 2156 2157
f 2061 2158 2062
f 2061 2157 2158
f 2062 2159 2063
f 2062 2158 2159
f 2063 2160 2064
f 2063 2159 2160
f 2064 2161 2065
f 2064 2160 2161
f 2065 2162 2066
f 2065 2161 2162
f 2066 2163 2067
f 2066 2162 2163
f 2067 2164 2068
f 2067 2163 2164
f 2068 2165 2069
f 2068 2164 2165
f 2069 2166 2070
f 2069 2165 2166
f 2070 2167 2071
f 2070 2166 2167
f 2071 2168 2072
f 2071 2167 2168
f 2072 2169 2073
f 2072 2168 2169
f 2073 2170 2074
f 2073 2169 2170
f 2074 2171 2075
f 2074 2170 2171
f 2075 2172 2076
f 2075 2171 2172
f 2076 2173 2077
f 2076 2172 2173
f 2077 2174 2078
f 2077 2173 2174
f 2078 2175 2079
f 2078 2174 2175
f 2079 2176 2080
f 2079 2175 2176
f 2080 2177 2081
f 2080 2176 2177
f 2081 2178 2082
f 2081 2177 2178
f 2082 2179 2083
f 2082 2178 2179
f 2083 2180 2084
f 2083 2179 2180
f 2084 2181 2085
f 2084 2180 2181
f 2085 2182 2086
f 2085 2181 2182
f 2086 2183 2087
f 2086 2182 2183
f 2087 2184 2088
f 2087 2183 2184
f 2088 2185 2089
f 2088 2184 2185
f 2089 2186 2090
f 2089 2185 2186
f 2090 2187 2091
f 2090 2186 2187
f 2091 2188 2092
f 2091 2187 2188
f 2092 2189 2093
f 2092 2188 2189
f 2093 2190 2094
f 2093 2189 2190
f 2094 2191 2095
f 2094 2190 2191
f 2095 2192 2096
f 2095 2191 2192
f 2096 2193 2097
f 2096 2192 2193
f 2097 2194 2098
f 2097 2193 2194
f 2098 2195 2099
f 2098 2194 2195
f 2099 2196 2100
f 2099 2195 2196
f 2100 2197 2101
f 2100 2196 2197
f 2101 2198 2102
f 2101 2197 2198
f 2102 2199 2103
f 2102 2198 2199
f 2103 2200 2104
f 2103 2199 2200
f 2104 2201 2105
f 2104 2200 2201
f 2105 2202 2106
f 2105 2201 2202
f 2106 2203 2107
f 2106 2202 2203
f 2107 2204 2108
f 2107 2203 2204
f 2108 2205 2109
f 2108 2204 2205
f 2109 2206 2110
f 2109 2205 2206
f 2110 2207 2111
f 2110 2206 2207
f 2111 2208 2112
f 2111 2207 2208
f 2112 2209 2113
f 2112 2208 2209
f 2113 2114 2018
f 2113 2209 2114
f 2114 2211 2115
f 2114 2210 2211
f 2115 2212 2116
f 2115 2211 2212
f 2116 2213 2117
f 2116 2212 2213
f 2117 2214 2118
f 2117 2213 2214
f 2118 2215 2119
f 2118 2214 2215
f 2119 2216 2120
f 2119 2215 2216
f 2120 2217 2121
f 2120 2216 2217
f 2121 2218 2122
f 2121 2217 2218
f 2122 2219 2123
f 2122 2218 2219
f 2123 2220 2124
f 2123 2219 2220
f 2124 2221 2125
f 2124 2220 2221
f 2125 2222 2126
f 2125 2221 2222
f 2126 2223 2127
f 2126 2222 2223
f 2127 2224 2128
f 2127 2223 2224
f 2128 2225 2129
f 2128 2224 2225
f 2129 2226 2130
f 2129 2225 2226
f 2130 2227 2131
f 2130 2226 2227
f 2131 2228 2132
f 2131 2227 2228
f 2132 2229 2133
f 2132 2228 2229
f 2133 2230 2134
f 2133 2229 2230
f 2134 2231 2135
f 2134 2230 2231
f 2135 2232 2136
f 2135 2231 2232
f 2136 2233 2137
f 2136 2232 2233
f 2137 2234 2138
f 2137 2233 2234
f 2138 2235 2139
f 2138 2234 2235
f 2139 2236 2140
f 2139 2235 2236
f 2140 2237 2141
f 2140 2236 2237
f 2141 2238 2142
f 2141 2237 2238
f 2142 2239 2143
f 2142 2238 2239
f 2143 2240 2144
f 2143 2239 2240
f 2144 2241 2145
f 2144 2240 2241
f 2145 2242 2146
f 2145 2241 2242
f 2146 2243 2147
f 2146 2242 2243
f 2147 2244 2148
f 2147 2243 2244
f 2148 2245 2149
f 2148 2244 2245
f 2149 2246 2150
f 2149 2245 2246
f 2150 2247 2151
f 2150 2246 2247
f 2151 2248 2152
f 2151 2247 2248
f 2152 2249 2153
f 2152 2248 2249
f 2153 2250 2154
f 2153 2249 2250
f 2154 2251 2155
f 2154 2250 2251
f 2155 2252 2156
f 2155 2251 2252
f 2156 2253 2157
f 2156 2252 2253
f 2157 2254 2158
f 2157 2253 2254
f 2158 2255 2159
f 2158 2254 2255
f 2159 2256 2160
f 2159 2255 2256
f 2160 2257 2161
f 2160 2256 2257
f 2161 2258 2162
f 2161 2257 2258
f 2162 2259 2163
f 2162 2258 2259
f 2163 2260 2164
f 2163 2259 2260
f 2164 2261 2165
f 2164 2260 2261
f 2165 2262 2166
f 2165 2261 2262
f 2166 2263 2167
f 2166 2262 2263
f 2167 2264 2168
f 2167 2263 2264
f 2168 2265 2169
f 2168 2264 2265
f 2169 2266 2170
f 2169 2265 2266
f 2170 2267 2171
f 2170 2266 2267
f 2171 2268 2172
f 2171 2267 2268
f 2172 2269 2173
f 2172 2268 2269
f 2173 2270 2174
f 2173 2269 2270
f 2174 2271 2175
f 2174 2270 2271
f 2175 2272 2176
f 2175 2271 2272
f 2176 2273 2177
f 2176 2272 2273
f 2177 2274 2178
f 2177 2273 2274
f 2178 2275 2179
f 2178 2274 2275
f 2179 2276 2180
f 2179 2275 2276
f 2180 2277 2181
f 2180 2276 2277
f 2181 2278 2182
f 2181 2277 2278
f 2182 2279 2183
f 2182 2278 2279
f 2183 2280 2184
f 2183 2279 2280
f 2184 2281 2185
f 2184 2280 2281
f 2185 2282 2186
f 2185 2281 2282
f 2186 2283 2187
f 2186 2282 2283
f 2187 2284 2188
f 2187 2283 2284
f 2188 2285 2189
f 2188 2284 2285
f 2189 2286 2190
f 2189 2285 2286
f 2190 2287 2191
f 2190 2286 2287
f 2191 2288 2192
f 2191 2287 2288
f 2192 2289 2193
f 2192 2288 2289
f 2193 2290 2194
f 2193 2289 2290
f 2194 2291 2195
f 2194 2290 2291
f 2195 2292 2196
f 2195 2291 2292
f 2196 2293 2197
f 2196 2292 2293
f 2197 2294 2198
f 2197 2293 2294
f 2198 2295 2199
f 2198 2294 2295
f 2199 2296 2200
f 2199 2295 2296
f 2200 2297 2201
f 2200 2296 2297
f 2201 2298 2202
f 2201 2297 2298
f 2202 2299 2203
f 2202 2298 2299
f 2203 2300 2204
f 2203 2299 2300
f 2204 2301 2205
f 2204 2300 2301
f 2205 2302 2206
f 2205 2301 2302
f 2206 2303 2207
f 2206 2302 2303
f 2207 2304 2208
f 2207 2303 2304
f 2208 2305 2209
f 2208 2304 2305
f 2209 2210 2114
f 2209 2305 2210
f 2210 2307 2211
f 2210 2306 2307
f 2211 2308 2212
f 2211 2307 2308
f 2212 2309 2213
f 2212 2308 2309
f 2213 2310 2214
f 2213 2309 2310
f 2214 2311 2215
f 2214 2310 2311
f 2215 2312 2216
f 2215 2311 2312
f 2216 2313 2217
f 2216 2312 2313
f 2217 2314 2218
f 2217 2313 2314
f 2218 2315 2219
f 2218 2314 2315
f 2219 2316 2220
f 2219 2315 2316
f 2220 2317 2221
f 2220 2316 2317
f 2221 2318 2222
f 2221 2317 2318
f 2222 2319 2223
f 2222 2318 2319
f 2223 2320 2224
f 2223 2319 2320
f 2224 2321 2225
f 2224 2320 2321
f 2225 2322 2226
f 2225 2321 2322
f 2226 2323 2227
f 2226 2322 2323
f 2227 2324 2228
f 2227 2323 2324
f 2228 2325 2229
f 2228 2324 2325
f 2229 2326 2230
f 2229 2325 2326
f 2230 2327 2231
f 2230 2326 2327
f 2231 2328 2232
f 2231 2327 2328
f 2232 2329 2233
f 2232 2328 2329
f 2233 2330 2234
f 2233 2329 2330
f 2234 2331 2235
f 2234 2330 2331
f 2235 2332 2236
f 2235 2331 2332
f 2236 2333 2237
f 2236 2332 2333
f 2237 2334 2238
f 2237 2333 2334
f 2238 2335 2239
f 2238 2334 2335
f 2239 2336 2240
f 2239 2335 2336
f 2240 2337 2241
f 2240 2336 2337
f 2241 2338 2242
f 2241 2337 2338
f 2242 2339 2243
f 2242 2338 2339
f 2243 2340 2244
f 2243 2339 2340
f 2244 2341 2245
f 2244 2340 2341
f 2245 2342 2246
f 2245 2341 2342
f 2246 2343 2247
f 2246 2342 2343
f 2247 2344 2248
f 2247 2343 2344
f 2248 2345 2249
f 2248 2344 2345
f 2249 2346 2250
f 2249 2345 2346
f 2250 2347 2251
f 2250 2346 2347
f 2251 2348 2252
f 2251 2347 2348
f 2252 2349 2253
f 2252 2348 2349
f 2253 2350 2254
f 2253 2349 2350
f 2254 2351 2255
f 2254 2350 2351
f 2255 2352 2256
f 2255 2351 2352
f 2256 2353 2257
f 2256 2352 2353
f 2257 2354 2258
f 2257 2353 2354
f 2258 2355 2259
f 2258 2354 2355
f 2259 2356 2260
f 2259 2355 2356
f 2260 2357 2261
f 2260 2356 2357
f 2261 2358 2262
f 2261 2357 2358
f 2262 2359 2263
f 2262 2358 2359
f 2263 2360 2264
f 2263 2359 2360
f 2264 2361 2265
f 2264 2360 2361
f 2265 2362 2266
f 2265 2361 2362
f 2266 2363 2267
f 2266 2362 2363
f 2267 2364 2268
f 2267 2363 2364
f 2268 2365 2269
f 2268 2364 2365
f 2269 2366 2270
f 2269 2365 2366
f 2270 2367 2271
f 2270 2366 2367
f 2271 2368 2272
f 2271 2367 2368
f 2272 2369 2273
f 2272 2368 2369
f 2273 2370 2274
f 2273 2369 2370
f 2274 2371 2275
f 2274 2370 2371
f 2275 2372 2276
f 2275 2371 2372
f 2276 2373 2277
f 2276 2372 2373
f 2277 2374 2278
f 2277 2373 2374
f 2278 2375 2279
f 2278 2374 2375
f 2279 2376 2280
f 2279 2375 2376
f 2280 2377 2281
f 2280 2376 2377
f 2281 2378 2282
f 2281 2377 2378
f 2282 2379 2283
f 2282 2378 2379
f 2283 2380 2284
f 2283 2379 2380
f 2284 2381 2285
f 2284 2380 2381
f 2285 2382 2286
f 2285 2381 2382
f 2286 2383 2287
f 2286 2382 2383
f 2287 2384 2288
f 2287 2383 2384
f 2288 2385 2289
f 2288 2384 2385
f 2289 2386 2290
f 2289 2385 2386
f 2290 2387 2291
f 2290 2386 2387
f 2291 2388 2292
f 2291 2387 2388
f 2292 2389 2293
f 2292 2388 2389
f 2293 2390 2294
f 2293 2389 2390
f 2294 2391 2295
f 2294 2390 2391
f 2295 2392 2296
f 2295 2391 2392
f 2296 2393 2297
f 2296 2392 2393
f 2297 2394 2298
f 2297 2393 2394
f 2298 2395 2299
f 2298 2394 2395
f 2299 2396 2300
f 2299 2395 2396
f 2300 2397 2301
f 2300 2396 2397
f 2301 2398 2302
f 2301 2397 2398
f 2302 2399 2303
f 2302 2398 2399
f 2303 2400 2304
f 2303 2399 2400
f 2304 2401 2305
f 2304 2400 2401
f 2305 2306 2210
f 2305 2401 2306
f 2306 2403 2307
f 2306 2402 2403
f 2307 2404 2308
f 2307 2403 2404
f 2308 2405 2309
f 2308 2404 2405
f 2309 2406 2310
f 2309 2405 2406
f 2310 2407 2311
f 2310 2406 2407
f 2311 2408 2312
f 2311 2407 2408
f 2312 2409 2313
f 2312 2408 2409
f 2313 2410 2314
f 2313 2409 2410
f 2314 2411 2315
f 2314 2410 2411
f 2315 2412 2316
f 2315 2411 2412
f 2316 2413 2317
f 2316 2412 2413
f 2317 2414 2318
f 2317 2413 2414
f 2318 2415 2319
f 2318 2414 2415
f 2319 2416 2320
f 2319 2415 2416
f 2320 2417 2321
f 2320 2416 2417
f 2321 2418 2322
f 2321 2417 2418
f 2322 2419 2323
f 2322 2418 2419
f 2323 2420 2324
f 2323 2419 2420
f 2324 2421 2325
f 2324 2420 2421
f 2325 2422 2326
f 2325 2421 2422
f 2326 2423 2327
f 2326 2422 2423
f 2327 2424 2328
f 2327 2423 2424
f 2328 2425 2329
f 2328 2424 2425
f 2329 2426 2330
f 2329 2425 2426
f 2330 2427 2331
f 2330 2426 2427
f 2331 2428 2332
f 2331 2427 2428
f 2332 2429 2333
f 2332 2428 2429
f 2333 2430 2334
f 2333 2429 2430
f 2334 2431 2335
f 2334 2430 2431
f 2335 2432 2336
f 2335 2431 2432
f 2336 2433 2337
f 2336 2432 2433
f 2337 2434 2338
f 2337 2433 2434
f 2338 2435 2339
f 2338 2434 2435
f 2339 2436 2340
f 2339 2435 2436
f 2340 2437 2341
f 2340 2436 2437
f 2341 2438 2342
f 2341 2437 2438
f 2342 2439 2343
f 2342 2438 2439
f 2343 2440 2344
f 2343 2439 2440
f 2344 2441 2345
f 2344 2440 2441
f 2345 2442 2346
f 2345 2441 2442
f 2346 2443 2347
f 2346 2442 2443
f 2347 2444 2348
f 2347 2443 2444
f 2348 2445 2349
f 2348 2444 2445
f 2349 2446 2350
f 2349 2445 2446
f 2350 2447 2351
f 2350 2446 2447
f 2351 2448 2352
f 2351 2447 2448
f 2352 2449 2353
f 2352 2448 2449
f 2353 2450 2354
f 2353 2449 2450
f 2354 2451 2355
f 2354 2450 2451
f 2355 2452 2356
f 2355 2451 2452
f 2356 2453 2357
f 2356 2452 2453
f 2357 2454 2358
f 2357 2453 2454
f 2358 2455 2359
f 2358 2454 2455
f 2359 2456 2360
f 2359 2455 2456
f 2360 2457 2361
f 2360 2456 2457
f 2361 2458 2362
f 2361 2457 2458
f 2362 2459 2363
f 2362 2458 2459
f 2363 2460 2364
f 2363 2459 2460
f 2364 2461 2365
f 2364 2460 2461
f 2365 2462 2366
f 2365 2461 2462
f 2366 2463 2367
f 2366 2462 2463
f 2367 2464 2368
f 2367 2463 2464
f 2368 2465 2369
f 2368 2464 2465
f 2369 2466 2370
f 2369 2465 2466
f 2370 2467 2371
f 2370 2466 2467
f 2371 2468 2372
f 2371 2467 2468
f 2372 2469 2373
f 2372 2468 2469
f 2373 2470 2374
f 2373 2469 2470
f 2374 2471 2375
f 2374 2470 2471
f 2375 2472 2376
f 2375 2471 2472
f 2376 2473 2377
f 2376 2472 2473
f 2377 2474 2378
f 2377 2473 2474
f 2378 2475 2379
f 2378 2474 2475
f 2379 2476 2380
f 2379 2475 2476
f 2380 2477 2381
f 2380 2476 2477
f 2381 2478 2382
f 2381 2477 2478
f 2382 2479 2383
f 2382 2478 2479
f 2383 2480 2384
f 2383 2479 2480
f 2384 2481 2385
f 2384 2480 2481
f 2385 2482 2386
f 2385 2481 2482
f 2386 2483 2387
f 2386 2482 2483
f 2387 2484 2388
f 2387 2483 2484
f 2388 2485 2389
f 2388 2484 2485
f 2389 2486 2390
f 2389 2485 2486
f 2390 2487 2391
f 2390 2486 2487
f 2391 2488 2392
f 2391 2487 2488
f 2392 2489 2393
f 2392 2488 2489
f 2393 2490 2394
f 2393 2489 2490
f 2394 2491 2395
f 2394 2490 2491
f 2395 2492 2396
f 2395 2491 2492
f 2396 2493 2397
f 2396 2492 2493
f 2397 2494 2398
f 2397 2493 2494
f 2398 2495 2399
f 2398 2494 2495
f 2399 2496 2400
f 2399 2495 2496
f 2400 2497 2401
f 2400 2496 2497
f 2401 2402 2306
f 2401 2497 2402
f 2402 2499 2403
f 2402 2498 2499
f 2403 2500 2404
f 2403 2499 2500
f 2404 2501 2405
f 2404 2500 2501
f 2405 2502 2406
f 2405 2501 2502
f 2406 2503 2407
f 2406 2502 2503
f 2407 2504 2408
f 2407 2503 2504
f 2408 2505 2409
f 2408 2504 2505
f 2409 2506 2410
f 2409 2505 2506
f 2410 2507 2411
f 2410 2506 2507
f 2411 2508 2412
f 2411 2507 2508
f 2412 2509 2413
f 2412 2508 2509
f 2413 2510 2414
f 2413 2509 2510
f 2414 2511 2415
f 2414 2510 2511
f 2415 2512 2416
f 2415 2511 2512
f 2416 2513 2417
f 2416 2512 2513
f 2417 2514 2418
f 2417 2513 2514
f 2418 2515 2419
f 2418 2514 2515
f 2419 2516 2420
f 2419 2515 2516
f 2420 2517 2421
f 2420 2516 2517
f 2421 2518 2422
f 2421 2517 2518
f 2422 2519 2423
f 2422 2518 2519
f 2423 2520 2424
f 2423 2519 2520
f 2424 2521 2425
f 2424 2520 2521
f 2425 2522 2426
f 2425 2521 2522
f 2426 2523 2427
f 2426 2522 2523
f 2427 2524 2428
f 2427 2523 2524
f 2428 2525 2429
f 2428 2524 2525
f 2429 2526 2430
f 2429 2525 2526
f 2430 2527 2431
f 2430 2526 2527
f 2431 2528 2432
f 2431 2527 2528
f 2432 2529 2433
f 2432 2528 2529
f 2433 2530 2434
f 2433 2529 2530
f 2434 2531 2435
f 2434 2530 2531
f 2435 2532 2436
f 2435 2531 2532
f 2436 2533 2437
f 2436 2532 2533
f 2437 2534 2438
f 2437 2533 2534
f 2438 2535 2439
f 2438 2534 2535
f 2439 2536 2440
f 2439 2535 2536
f 2440 2537 2441
f 2440 2536 2537
f 2441 2538 2442
f 2441 2537 2538
f 2442 2539 2443
f 2442 2538 2539
f 2443 2540 2444
f 2443 2539 2540
f 2444 2541 2445
f 2444 2540 2541
f 2445 2542 2446
f 2445 2541 2542
f 2446 2543 2447
f 2446 2542 2543
f 2447 2544 2448
f 2447 2543 2544
f 2448 2545 2449
f 2448 2544 2545
f 2449 2546 2450
f 2449 2545 2546
f 2450 2547 2451
f 2450 2546 2547
f 2451 2548 2452
f 2451 2547 2548
f 2452 2549 2453
f 2452 2548 2549
f 2453 2550 2454
f 2453 2549 2550
f 2454 2551 2455
f 2454 2550 2551
f 2455 2552 2456
f 2455 2551 2552
f 2456 2553 2457
f 2456 2552 2553
f 2457 2554 2458
f 2457 2553 2554
f 2458 2555 2459
f 2458 2554 2555
f 2459 2556 2460
f 2459 2555 2556
f 2460 2557 2461
f 2460 2556 2557
f 2461 2558 2462
f 2461 2557 2558
f 2462 2559 2463
f 2462 2558 2559
f 2463 2560 2464
f 2463 2559 2560
f 2464 2561 2465
f 2464 2560 2561
f 2465 2562 2466
f 2465 2561 2562
f 2466 2563 2467
f 2466 2562 2563
f 2467 2564 2468
f 2467 2563 2564
f 2468 2565 2469
f 2468 2564 2565
f 2469 2566 2470
f 2469 2565 2566
f 2470 2567 2471
f 2470 2566 2567
f 2471 2568 2472
f 2471 2567 2568
f 2472 2569 2473
f 2472 2568 2569
f 2473 2570 2474
f 2473 2569 2570
f 2474 2571 2475
f 2474 2570 2571
f 2475 2572 2476
f 2475 2571 2572
f 2476 2573 2477
f 2476 2572 2573
f 2477 2574 2478
f 2477 2573 2574
f 2478 2575 2479
f 2478 2574 2575
f 2479 2576 2480
f 2479 2575 2576
f 2480 2577 2481
f 2480 2576 2577
f 2481 2578 2482
f 2481 2577 2578
f 2482 2579 2483
f 2482 2578 2579
f 2483 2580 2484
f 2483 2579 2580
f 2484 2581 2485
f 2484 2580 2581
f 2485 2582 2486
f 2485 2581 2582
f 2486 2583 2487
f 2486 2582 2583
f 2487 2584 2488
f 2487 2583 2584
f 2488 2585 2489
f 2488 2584 2585
f 2489 2586 2490
f 2489 2585 2586
f 2490 2587 2491
f 2490 2586 2587
f 2491 2588 2492
f 2491 2587 2588
f 2492 2589 2493
f 2492 2588 2589
f 2493 2590 2494
f 2493 2589 2590
f 2494 2591 2495
f 2494 2590 2591
f 2495 2592 2496
f 2495 2591 2592
f 2496 2593 2497
f 2496 2592 2593
f 2497 2498 2402
f 2497 2593 2498
f 2498 2595 2499
f 2498 2594 2595
f 2499 2596 2500
f 2499 2595 2596
f 2500 2597 2501
f 2500 2596 2597
f 2501 2598 2502
f 2501 2597 2598
f 2502 2599 2503
f 2502 2598 2599
f 2503 2600 2504
f 2503 2599 2600
f 2504 2601 2505
f 2504 2600 2601
f 2505 2602 2506
f 2505 2601 2602
f 2506 2603 2507
f 2506 2602 2603
f 2507 2604 2508
f 2507 2603 2604
f 2508 2605 2509
f 2508 2604 2605
f 2509 2606 2510
f 2509 2605 2606
f 2510 2607 2511
f 2510 2606 2607
f 2511 2608 2512
f 2511 2607 2608
f 2512 2609 2513
f 2512 2608 2609
f 2513 2610 2514
f 2513 2609 2610
f 2514 2611 2515
f 2514 2610 2611
f 2515 2612 2516
f 2515 2611 2612
f 2516 2613 2517
f 2516 2612 2613
f 2517 2614 2518
f 2517 2613 2614
f 2518 2615 2519
f 2518 2614 2615
f 2519 2616 2520
f 2519 2615 2616
f 2520 2617 2521
f 2520 2616 2617
f 2521 2618 2522
f 2521 2617 2618
f 2522 2619 2523
f 2522 2618 2619
f 2523 2620 2524
f 2523 2619 2620
f 2524 2621 2525
f 2524 2620 2621
f 2525 2622 2526
f 2525 2621 2622
f 2526 2623 2527
f 2526 2622 2623
f 2527 2624 2528
f 2527 2623 2624
f 2528 2625 2529
f 2528 2624 2625
f 2529 2626 2530
f 2529 2625 2626
f 2530 2627 2531
f 2530 2626 2627
f 2531 2628 2532
f 2531 2627 2628
f 2532 2629 2533
f 2532 2628 2629
f 2533 2630 2534
f 2533 2629 2630
f 2534 2631 2535
f 2534 2630 2631
f 2535 2632 2536
f 2535 2631 2632
f 2536 2633 2537
f 2536 2632 2633
f 2537 2634 2538
f 2537 2633 2634
f 2538 2635 2539
f 2538 2634 2635
f 2539 2636 2540
f 2539 2635 2636
f 2540 2637 2541
f 2540 2636 2637
f 2541 2638 2542
f 2541 2637 2638
f 2542 2639 2543
f 2542 2638 2639
f 2543 2640 2544
f 2543 2639 2640
f 2544 2641 2545
f 2544 2640 2641
f 2545 2642 2546
f 2545 2641 2642
f 2546 2643 2547
f 2546 2642 2643
f 2547 2644 2548
f 2547 2643 2644
f 2548 2645 2549
f 2548 2644 2645
f 2549 2646 2550
f 2549 2645 2646
f 2550 2647 2551
f 2550 2646 2647
f 2551 2648 2552
f 2551 2647 2648
f 2552 2649 2553
f 2552 2648 2649
f 2553 2650 2554
f 2553 2649 2650
f 2554 2651 2555
f 2554 2650 2651
f 2555 2652 2556
f 2555 2651 2652
f 2556 2653 2557
f 2556 2652 2653
f 2557 2654 2558
f 2557 2653 2654
f 2558 2655 2559
f 2558 2654 2655
f 2559 2656 2560
f 2559 2655 2656
f 2560 2657 2561
f 2560 2656 2657
f 2561 2658 2562
f 2561 2657 2658
f 2562 2659 2563
f 2562 2658 2659
f 2563 2660 2564
f 2563 2659 2660
f 2564 2661 2565
f 2564 2660 2661
f 2565 2662 2566
f 2565 2661 2662
f 2566 2663 2567
f 2566 2662 2663
f 2567 2664 2568
f 2567 2663 2664
f 2568 2665 2569
f 2568 2664 2665
f 2569 2666 2570
f 2569 2665 2666
f 2570 2667 2571
f 2570 2666 2667
f 2571 2668 2572
f 2571 2667 2668
f 2572 2669 2573
f 2572 2668 2669
f 2573 2670 2574
f 2573 2669 2670
f 2574 2671 2575
f 2574 2670 2671
f 2575 2672 2576
f 2575 2671 2672
f 2576 2673 2577
f 2576 2672 2673
f 2577 2674 2578
f 2577 2673 2674
f 2578 2675 2579
f 2578 2674 2675
f 2579 2676 2580
f 2579 2675 2676
f 2580 2677 2581
f 2580 2676 2677
f 2581 2678 2582
f 2581 2677 2678
f 2582 2679 2583
f 2582 2678 2679
f 2583 2680 2584
f 2583 2679 2680
f 2584 2681 2585
f 2584 2680 2681
f 2585 2682 2586
f 2585 2681 2682
f 2586 2683 2587
f 2586 2682 2683
f 2587 2684 2588
f 2587 2683 2684
f 2588 2685 2589
f 2588 2684 2685
f 2589 2686 2590
f 2589 2685 2686
f 2590 2687 2591
f 2590 2686 2687
f 2591 2688 2592
f 2591 2687 2688
f 2592 2689 2593
f 2592 2688 2689
f 2593 2594 2498
f 2593 2689 2594
f 2594 2691 2595
f 2594 2690 2691
f 2595 2692 2596
f 2595 2691 2692
f 2596 2693 2597
f 2596 2692 2693
f 2597 2694 2598
f 2597 2693 2694
f 2598 2695 2599
f 2598 2694 2695
f 2599 2696 2600
f 2599 2695 2696
f 2600 2697 2601
f 2600 2696 2697
f 2601 2698 2602
f 2601 2697 2698
f 2602 2699 2603
f 2602 2698 2699
f 2603 2700 2604
f 2603 2699 2700
f 2604 2701 2605
f 2604 2700 2701
f 2605 2702 2606
f 2605 2701 2702
f 2606 2703 2607
f 2606 2702 2703
f 2607 2704 2608
f 2607 2703 2704
f 2608 2705 2609
f 2608 2704 2705
f 2609 2706 2610
f 2609 2705 2706
f 2610 2707 2611
f 2610 2706 2707
f 2611 2708 2612
f 2611 2707 2708
f 2612 2709 2613
f 2612 2708 2709
f 2613 2710 2614
f 2613 2709 2710
f 2614 2711 2615
f 2614 2710 2711
f 2615 2712 2616
f 2615 2711 2712
f 2616 2713 2617
f 2616 2712 2713
f 2617 2714 2618
f 2617 2713 2714
f 2618 2715 2619
f 2618 2714 2715
f 2619 2716 2620
f 2619 2715 2716
f 2620 2717 2621
f 2620 2716 2717
f 2621 2718 2622
f 2621 2717 2718
f 2622 2719 2623
f 2622 2718 2719
f 2623 2720 2624
f 2623 2719 2720
f 2624 2721 2625
f 2624 2720 2721
f 2625 2722 2626
f 2625 2721 2722
f 2626 2723 2627
f 2626 2722 2723
f 2627 2724 2628
f 2627 2723 2724
f 2628 2725 2629
f 2628 2724 2725
f 2629 2726 2630
f 2629 2725 2726
f 2630 2727 2631
f 2630 2726 2727
f 2631 2728 2632
f 2631 2727 2728
f 2632 2729 2633
f 2632 2728 2729
f 2633 2730 2634
f 2633 2729 2730
f 2634 2731 2635
f 2634 2730 2731
f 2635 2732 2636
f 2635 2731 2732
f 2636 2733 2637
f 2636 2732 2733
f 2637 2734 2638
f 2637 2733 2734
f 2638 2735 2639
f 2638 2734 2735
f 2639 2736 2640
f 2639 2735 2736
f 2640 2737 2641
f 2640 2736 2737
f 2641 2738 2642
f 2641 2737 2738
f 2642 2739 2643
f 2642 2738 2739
f 2643 2740 2644
f 2643 2739 2740
f 2644 2741 2645
f 2644 2740 2741
f 2645 2742 2646
f 2645 2741 2742
f 2646 2743 2647
f 2646 2742 2743
f 2647 2744 2648
f 2647 2743 2744
f 2648 2745 2649
f 2648 2744 2745
f 2649 2746 2650
f 2649 2745 2746
f 2650 2747 2651
f 2650 2746 2747
f 2651 2748 2652
f 2651 2747 2748
f 2652 2749 2653
f 2652 2748 2749
f 2653 2750 2654
f 2653 2749 2750
f 2654 2751 2655
f 2654 2750 2751
f 2655 2752 2656
f 2655 2751 2752
f 2656 2753 2657
f 2656 2752 2753
f 2657 2754 2658
f 2657 2753 2754
f 2658 2755 2659
f 2658 2754 2755
f 2659 2756 2660
f 2659 2755 2756
f 2660 2757 2661
f 2660 2756 2757
f 2661 2758 2662
f 2661 2757 2758
f 2662 2759 2663
f 2662 2758 2759
f 2663 2760 2664
f 2663 2759 2760
f 2664 2761 2665
f 2664 2760 2761
f 2665 2762 2666
f 2665 2761 2762
f 2666 2763 2667
f 2666 2762 2763
f 2667 2764 2668
f 2667 2763 2764
f 2668 2765 2669
f 2668 2764 2765
f 2669 2766 2670
f 2669 2765 2766
f 2670 2767 2671
f 2670 2766 2767
f 2671 2768 2672
f 2671 2767 2768
f 2672 2769 2673
f 2672 2768 2769
f 2673 2770 2674
f 2673 2769 2770
f 2674 2771 2675
f 2674 2770 2771
f 2675 2772 2676
f 2675 2771 2772
f 2676 2773 2677
f 2676 2772 2773
f 2677 2774 2678
f 2677 2773 2774
f 2678 2775 2679
f 2678 2774 2775
f 2679 2776 2680
f 2679 2775 2776
f 2680 2777 2681
f 2680 2776 2777
f 2681 2778 2682
f 2681 2777 2778
f 2682 2779 2683
f 2682 2778 2779
f 2683 2780 2684
f 2683 2779 2780
f 2684 2781 2685
f 2684 2780 2781
f 2685 2782 2686
f 2685 2781 2782
f 2686 2783 2687
f 2686 2782 2783
f 2687 2784 2688
f 2687 2783 2784
f 2688 2785 2689
f 2688 2784 2785
f 2689 2690 2594
f 2689 2785 2690
f 2690 2787 2691
f 2690 2786 2787
f 2691 2788 2692
f 2691 2787 2788
f 2692 2789 2693
f 2692 2788 2789
f 2693 2790 2694
f 2693 2789 2790
f 2694 2791 2695
f 2694 2790 2791
f 2695 2792 2696
f 2695 2791 2792
f 2696 2793 2697
f 2696 2792 2793
f 2697 2794 2698
f 2697 2793 2794
f 2698 2795 2699
f 2698 2794 2795
f 2699 2796 2700
f 2699 2795 2796
f 2700 2797 2701
f 2700 2796 2797
f 2701 2798 2702
f 2701 2797 2798
f 2702 2799 2703
f 2702 2798 2799
f 2703 2800 2704
f 2703 2799 2800
f 2704 2801 2705
f 2704 2800 2801
f 2705 2802 2706
f 2705 2801 2802
f 2706 2803 2707
f 2706 2802 2803
f 2707 2804 2708
f 2707 2803 2804
f 2708 2805 2709
f 2708 2804 2805
f 2709 2806 2710
f 2709 2805 2806
f 2710 2807 2711
f 2710 2806 2807
f 2711 2808 2712
f 2711 2807 2808
f 2712 2809 2713
f 2712 2808 2809
f 2713 2810 2714
f 2713 2809 2810
f 2714 2811 2715
f 2714 2810 2811
f 2715 2812 2716
f 2715 2811 2812
f 2716 2813 2717
f 2716 2812 2813
f 2717 2814 2718
f 2717 2813 2814
f 2718 2815 2719
f 2718 2814 2815
f 2719 2816 2720
f 2719 2815 2816
f 2720 2817 2721
f 2720 2816 2817
f 2721 2818 2722
f 2721 2817 2818
f 2722 2819 2723
f 2722 2818 2819
f 2723 2820 2724
f 2723 2819 2820
f 2724 2821 2725
f 2724 2820 2821
f 2725 2822 2726
f 2725 2821 2822
f 2726 2823 2727
f 2726 2822 2823
f 2727 2824 2728
f 2727 2823 2824
f 2728 2825 2729
f 2728 2824 2825
f 2729 2826 2730
f 2729 2825 2826
f 2730 2827 2731
f 2730 2826 2827
f 2731 2828 2732
f 2731 2827 2828
f 2732 2829 2733
f 2732 2828 2829
f 2733 2830 2734
f 2733 2829 2830
f 2734 2831 2735
f 2734 2830 2831
f 2735 2832 2736
f 2735 2831 2832
f 2736 2833 2737
f 2736 2832 2833
f 2737 2834 2738
f 2737 2833 2834
f 2738 2835 2739
f 2738 2834 2835
f 2739 2836 2740
f 2739 2835 2836
f 2740 2837 2741
f 2740 2836 2837
f 2741 2838 2742
f 2741 2837 2838
f 2742 2839 2743
f 2742 2838 2839
f 2743 2840 2744
f 2743 2839 2840
f 2744 2841 2745
f 2744 2840 2841
f 2745 2842 2746
f 2745 2841 2842
f 2746 2843 2747
f 2746 2842 2843
f 2747 2844 2748
f 2747 2843 2844
f 2748 2845 2749
f 2748 2844 2845
f 2749 2846 2750
f 2749 2845 2846
f 2750 2847 2751
f 2750 2846 2847
f 2751 2848 2752
f 2751 2847 2848
f 2752 2849 2753
f 2752 2848 2849
f 2753 2850 2754
f 2753 2849 2850
f 2754 2851 2755
f 2754 2850 2851
f 2755 2852 2756
f 2755 2851 2852
f 2756 2853 2757
f 2756 2852 2853
f 2757 2854 2758
f 2757 2853 2854
f 2758 2855 2759
f 2758 2854 2855
f 2759 2856 2760
f 2759 2855 2856
f 2760 2857 2761
f 2760 2856 2857
f 2761 2858 2762
f 2761 2857 2858
f 2762 2859 2763
f 2762 2858 2859
f 2763 2860 2764
f 2763 2859 2860
f 2764 2861 2765
f 2764 2860 2861
f 2765 2862 2766
f 2765 2861 2862
f 2766 2863 2767
f 2766 2862 2863
f 2767 2864 2768
f 2767 2863 2864
f 2768 2865 2769
f 2768 2864 2865
f 2769 2866 2770
f 2769 2865 2866
f 2770 2867 2771
f 2770 2866 2867
f 2771 2868 2772
f 2771 2867 2868
f 2772 2869 2773
f 2772 2868 2869
f 2773 2870 2774
f 2773 2869 2870
f 2774 2871 2775
f 2774 2870 2871
f 2775 2872 2776
f 2775 2871 2872
f 2776 2873 2777
f 2776 2872 2873
f 2777 2874 2778
f 2777 2873 2874
f 2778 2875 2779
f 2778 2874 2875
f 2779 2876 2780
f 2779 2875 2876
f 2780 2877 2781
f 2780 2876 2877
f 2781 2878 2782
f 2781 2877 2878
f 2782 2879 2783
f 2782 2878 2879
f 2783 2880 2784
f 2783 2879 2880
f 2784 2881 2785
f 2784 2880 2881
f 2785 2786 2690
f 2785 2881 2786
f 2786 2883 2787
f 2786 2882 2883
f 2787 2884 2788
f 2787 2883 2884
f 2788 2885 2789
f 2788 2884 2885
f 2789 2886 2790
f 2789 2885 2886
f 2790 2887 2791
f 2790 2886 2887
f 2791 2888 2792
f 2791 2887 2888
f 2792 2889 2793
f 2792 2888 2889
f 2793 2890 2794
f 2793 2889 2890
f 2794 2891 2795
f 2794 2890 2891
f 2795 2892 2796
f 2795 2891 2892
f 2796 2893 2797
f 2796 2892 2893
f 2797 2894 2798
f 2797 2893 2894
f 2798 2895 2799
f 2798 2894 2895
f 2799 2896 2800
f 2799 2895 2896
f 2800 2897 2801
f 2800 2896 2897
f 2801 2898 2802
f 2801 2897 2898
f 2802 2899 2803
f 2802 2898 2899
f 2803 2900 2804
f 2803 2899 2900
f 2804 2901 2805
f 2804 2900 2901
f 2805 2902 2806
f 2805 2901 2902
f 2806 2903 2807
f 2806 2902 2903
f 2807 2904 2808
f 2807 2903 2904
f 2808 2905 2809
f 2808 2904 2905
f 2809 2906 2810
f 2809 2905 2906
f 2810 2907 2811
f 2810 2906 2907
f 2811 2908 2812
f 2811 2907 2908
f 2812 2909 2813
f 2812 2908 2909
f 2813 2910 2814
f 2813 2909 2910
f 2814 2911 2815
f 2814 2910 2911
f 2815 2912 2816
f 2815 2911 2912
f 2816 2913 2817
f 2816 2912 2913
f 2817 2914 2818
f 2817 2913 2914
f 2818 2915 2819
f 2818 2914 2915
f 2819 2916 2820
f 2819 2915 2916
f 2820 2917 2821
f 2820 2916 2917
f 2821 2918 2822
f 2821 2917 2918
f 2822 2919 2823
f 2822 2918 2919
f 2823 2920 2824
f 2823 2919 2920
f 2824 2921 2825
f 2824 2920 2921
f 2825 2922 2826
f 2825 2921 2922
f 2826 2923 2827
f 2826 2922 2923
f 2827 2924 2828
f 2827 2923 2924
f 2828 2925 2829
f 2828 2924 2925
f 2829 2926 2830
f 2829 2925 2926
f 2830 2927 2831
f 2830 2926 2927
f 2831 2928 2832
f 2831 2927 2928
f 2832 2929 2833
f 2832 2928 2929
f 2833 2930 2834
f 2833 2929 2930
f 2834 2931 2835
f 2834 2930 2931
f 2835 2932 2836
f 2835 2931 2932
f 2836 2933 2837
f 2836 2932 2933
f 2837 2934 2838
f 2837 2933 2934
f 2838 2935 2839
f 2838 2934 2935
f 2839 2936 2840
f 2839 2935 2936
f 2840 2937 2841
f 2840 2936 2937
f 2841 2938 2842
f 2841 2937 2938
f 2842 2939 2843
f 2842 2938 2939
f 2843 2940 2844
f 2843 2939 2940
f 2844 2941 2845
f 2844 2940 2941
f 2845 2942 2846
f 2845 2941 2942
f 2846 2943 2847
f 2846 2942 2943
f 2847 2944 2848
f 2847 2943 2944
f 2848 2945 2849
f 2848 2944 2945
f 2849 2946 2850
f 2849 2945 2946
f 2850 2947 2851
f 2850 2946 2947
f 2851 2948 2852
f 2851 2947 2948
f 2852 2949 2853
f 2852 2948 2949
f 2853 2950 2854
f 2853 2949 2950
f 2854 2951 2855
f 2854 2950 2951
f 2855 2952 2856
f 2855 2951 2952
f 2856 2953 2857
f 2856 2952 2953
f 2857 2954 2858
f 2857 2953 2954
f 2858 2955 2859
f 2858 2954 2955
f 2859 2956 2860
f 2859 2955 2956
f 2860 2957 2861
f 2860 2956 2957
f 2861 2958 2862
f 2861 2957 2958
f 2862 2959 2863
f 2862 2958 2959
f 2863 2960 2864
f 2863 2959 2960
f 2864 2961 2865
f 2864 2960 2961
f 2865 2962 2866
f 2865 2961 2962
f 2866 2963 2867
f 2866 2962 2963
f 2867 2964 2868
f 2867 2963 2964
f 2868 2965 2869
f 2868 2964 2965
f 2869 2966 2870
f 2869 2965 2966
f 2870 2967 2871
f 2870 2966 2967
f 2871 2968 2872
f 2871 2967 2968
f 2872 2969 2873
f 2872 2968 2969
f 2873 2970 2874
f 2873 2969 2970
f 2874 2971 2875
f 2874 2970 2971
f 2875 2972 2876
f 2875 2971 2972
f 2876 2973 2877
f 2876 2972 2973
f 2877 2974 2878
f 2877 2973 2974
f 2878 2975 2879
f 2878 2974 2975
f 2879 2976 2880
f 2879 2975 2976
f 2880 2977 2881
f 2880 2976 2977
f 2881 2882 2786
f 2881 2977 2882
f 2882 2979 2883
f 2882 2978 2979
f 2883 2980 2884
f 2883 2979 2980
f 2884 2981 2885
f 2884 2980 2981
f 2885 2982 2886
f 2885 2981 2982
f 2886 2983 2887
f 2886 2982 2983
f 2887 2984 2888
f 2887 2983 2984
f 2888 2985 2889
f 2888 2984 2985
f 2889 2986 2890
f 2889 2985 2986
f 2890 2987 2891
f 2890 2986 2987
f 2891 2988 2892
f 2891 2987 2988
f 2892 2989 2893
f 2892 2988 2989
f 2893 2990 2894
f 2893 2989 2990
f 2894 2991 2895
f 2894 2990 2991
f 2895 2992 2896
f 2895 2991 2992
f 2896 2993 2897
f 2896 2992 2993
f 2897 2994 2898
f 2897 2993 2994
f 2898 2995 2899
f 2898 2994 2995
f 2899 2996 2900
f 2899 2995 2996
f 2900 2997 2901
f 2900 2996 2997
f 2901 2998 2902
f 2901 2997 2998
f 2902 2999 2903
f 2902 2998 2999
f 2903 3000 2904
f 2903 2999 3000
f 2904 3001 2905
f 2904 3000 3001
f 2905 3002 2906
f 2905 3001 3002
f 2906 3003 2907
f 2906 3002 3003
f 2907 3004 2908
f 2907 3003 3004
f 2908 3005 2909
f 2908 3004 3005
f 2909 3006 2910
f 2909 3005 3006
f 2910 3007 2911
f 2910 3006 3007
f 2911 3008 2912
f 2911 3007 3008
f 2912 3009 2913
f 2912 3008 3009
f 2913 3010 2914
f 2913 3009 3010
f 2914 3011 2915
f 2914 3010 3011
f 2915 3012 2916
f 2915 3011 3012
f 2916 3013 2917
f 2916 3012 3013
f 2917 3014 2918
f 2917 3013 3014
f 2918 3015 2919
f 2918 3014 3015
f 2919 3016 2920
f 2919 3015 3016
f 2920 3017 2921
f 2920 3016 3017
f 2921 3018 2922
f 2921 3017 3018
f 2922 3019 2923
f 2922 3018 3019
f 2923 3020 2924
f 2923 3019 3020
f 2924 3021 2925
f 2924 3020 3021
f 2925 3022 2926
f 2925 3021 3022
f 2926 3023 2927
f 2926 3022 3023
f 2927 3024 2928
f 2927 3023 3024
f 2928 3025 2929
f 2928 3024 3025
f 2929 3026 2930
f 2929 3025 3026
f 2930 3027 2931
f 2930 3026 3027
f 2931 3028 2932
f 2931 3027 3028
f 2932 3029 2933
f 2932 3028 3029
f 2933 3030 2934
f 2933 3029 3030
f 2934 3031 2935
f 2934 3030 3031
f 2935 3032 2936
f 2935 3031 3032
f 2936 3033 2937
f 2936 3032 3033
f 2937 3034 2938
f 2937 3033 3034
f 2938 3035 2939
f 2938 3034 3035
f 2939 3036 2940
f 2939 3035 3036
f 2940 3037 2941
f 2940 3036 3037
f 2941 3038 2942
f 2941 3037 3038
f 2942 3039 2943
f 2942 3038 3039
f 2943 3040 2944
f 2943 3039 3040
f 2944 3041 2945
f 2944 3040 3041
f 2945 3042 2946
f 2945 3041 3042
f 2946 3043 2947
f 2946 3042 3043
f 2947 3044 2948
f 2947 3043 3044
f 2948 3045 2949
f 2948 3044 3045
f 2949 3046 2950
f 2949 3045 3046
f 2950 3047 2951
f 2950 3046 3047
f 2951 3048 2952
f 2951 3047 3048
f 2952 3049 2953
f 2952 3048 3049
f 2953 3050 2954
f 2953 3049 3050
f 2954 3051 2955
f 2954 3050 3051
f 2955 3052 2956
f 2955 3051 3052
f 2956 3053 2957
f 2956 3052 3053
f 2957 3054 2958
f 2957 3053 3054
f 2958 3055 2959
f 2958 3054 3055
f 2959 3056 2960
f 2959 3055 3056
f 2960 3057 2961
f 2960 3056 3057
f 2961 3058 2962
f 2961 3057 3058
f 2962 3059 2963
f 2962 3058 3059
f 2963 3060 2964
f 2963 3059 3060
f 2964 3061 2965
f 2964 3060 3061
f 2965 3062 2966
f 2965 3061 3062
f 2966 3063 2967
f 2966 3062 3063
f 2967 3064 2968
f 2967 3063 3064
f 2968 3065 2969
f 2968 3064 3065
f 2969 3066 2970
f 2969 3065 3066
f 2970 3067 2971
f 2970 3066 3067
f 2971 3068 2972
f 2971 3067 3068
f 2972 3069 2973
f 2972 3068 3069
f 2973 3070 2974
f 2973 3069 3070
f 2974 3071 2975
f 2974 3070 3071
f 2975 3072 2976
f 2975 3071 3072
f 2976 3073 2977
f 2976 3072 3073
f 2977 2978 2882
f 2977 3073 2978
f 2978 3074 2979
f 2979 3074 2980
f 2980 3074 2981
f 2981 3074 2982
f 2982 3074 2983
f 2983 3074 2984
f 2984 3074 2985
f 2985 3074 2986
f 2986 3074 2987
f 2987 3074 2988
f 2988 3074 2989
f 2989 3074 2990
f 2990 3074 2991
f 2991 3074 2992
f 2992 3074 2993
f 2993 3074 2994
f 2994 3074 2995
f 2995 3074 2996
f 2996 3074 2997
f 2997 3074 2998
f 2998 3074 2999
f 2999 3074 3000
f 3000 3074 3001
f 3001 3074 3002
f 3002 3074 3003
f 3003 3074 3004
f 3004 3074 3005
f 3005 3074 3006
f 3006 3074 3007
f 3007 3074 3008
f 3008 3074 3009
f 3009 3074 3010
f 3010 3074 3011
f 3011 3074 3012
f 3012 3074 3013
f 3013 3074 3014
f 3014 3074 3015
f 3015 3074 3016
f 3016 3074 3017
f 3017 3074 3018
f 3018 3074 3019
f 3019 3074 3020
f 3020 3074 3021
f 3021 3074 3022
f 3022 3074 3023
f 3023 3074 3024
f 3024 3074 3025
f 3025 3074 3026
f 3026 3074 3027
f 3027 3074 3028
f 3028 3074 3029
f 3029 3074 3030
f 3030 3074 3031
f 3031 3074 3032
f 3032 3074 3033
f 3033 3074 3034
f 3034 3074 3035
f 3035 3074 3036
f 3036 3074 3037
f 3037 3074 3038
f 3038 3074 3039
f 3039 3074 3040
f 3040 3074 3041
f 3041 3074 3042
f 3042 3074 3043
f 3043 3074 3044
f 3044 3074 3045
f 3045 3074 3046
f 3046 3074 3047
f 3047 3074 3048
f 3048 3074 3049
f 3049 3074 3050
f 3050 3074 3051
f 3051 3074 3052
f 3052 3074 3053
f 3053 3074 3054
f 3054 3074 3055
f 3055 3074 3056
f 3056 3074 3057
f 3057 3074 3058
f 3058 3074 3059
f 3059 3074 3060
f 3060 3074 3061
f 3061 3074 3062
f 3062 3074 3063
f 3063 3074 3064
f 3064 3074 3065
f 3065 3074 3066
f 3066 3074 3067
f 3067 3074 3068
f 3068 3074 3069
f 3069 3074 3070
f 3070 3074 3071
f 3071 3074 3072
f 3072 3074 3073
f 3073 3074 2978
