# Biconvex lens, radius 0.3, axis along y, centred at the origin (rotate to stand it up)
# Generated procedurally for CSCI 4471 Assignment 1. 4610 vertices, 8640 triangles.
# Vertices shared between triangles are smooth; separate vertices give a sharp edge.
v 0.000000 0.067544 0.000000
v 0.013043 0.067423 0.000000
v 0.013016 0.067423 0.000853
v 0.012932 0.067423 0.001703
v 0.012793 0.067423 0.002545
v 0.012599 0.067423 0.003376
v 0.012351 0.067423 0.004193
v 0.012051 0.067423 0.004992
v 0.011698 0.067423 0.005769
v 0.011296 0.067423 0.006522
v 0.010845 0.067423 0.007247
v 0.010348 0.067423 0.007940
v 0.009807 0.067423 0.008600
v 0.009223 0.067423 0.009223
v 0.008600 0.067423 0.009807
v 0.007940 0.067423 0.010348
v 0.007247 0.067423 0.010845
v 0.006522 0.067423 0.011296
v 0.005769 0.067423 0.011698
v 0.004992 0.067423 0.012051
v 0.004193 0.067423 0.012351
v 0.003376 0.067423 0.012599
v 0.002545 0.067423 0.012793
v 0.001703 0.067423 0.012932
v 0.000853 0.067423 0.013016
v 0.000000 0.067423 0.013043
v -0.000853 0.067423 0.013016
v -0.001703 0.067423 0.012932
v -0.002545 0.067423 0.012793
v -0.003376 0.067423 0.012599
v -0.004193 0.067423 0.012351
v -0.004992 0.067423 0.012051
v -0.005769 0.067423 0.011698
v -0.006522 0.067423 0.011296
v -0.007247 0.067423 0.010845
v -0.007940 0.067423 0.010348
v -0.008600 0.067423 0.009807
v -0.009223 0.067423 0.009223
v -0.009807 0.067423 0.008600
v -0.010348 0.067423 0.007940
v -0.010845 0.067423 0.007247
v -0.011296 0.067423 0.006522
v -0.011698 0.067423 0.005769
v -0.012051 0.067423 0.004992
v -0.012351 0.067423 0.004193
v -0.012599 0.067423 0.003376
v -0.012793 0.067423 0.002545
v -0.012932 0.067423 0.001703
v -0.013016 0.067423 0.000853
v -0.013043 0.067423 0.000000
v -0.013016 0.067423 -0.000853
v -0.012932 0.067423 -0.001703
v -0.012793 0.067423 -0.002545
v -0.012599 0.067423 -0.003376
v -0.012351 0.067423 -0.004193
v -0.012051 0.067423 -0.004992
v -0.011698 0.067423 -0.005769
v -0.011296 0.067423 -0.006522
v -0.010845 0.067423 -0.007247
v -0.010348 0.067423 -0.007940
v -0.009807 0.067423 -0.008600
v -0.009223 0.067423 -0.009223
v -0.008600 0.067423 -0.009807
v -0.007940 0.067423 -0.010348
v -0.007247 0.067423 -0.010845
v -0.006522 0.067423 -0.011296
v -0.005769 0.067423 -0.011698
v -0.004992 0.067423 -0.012051
v -0.004193 0.067423 -0.012351
v -0.003376 0.067423 -0.012599
v -0.002545 0.067423 -0.012793
v -0.001703 0.067423 -0.012932
v -0.000853 0.067423 -0.013016
v -0.000000 0.067423 -0.013043
v 0.000853 0.067423 -0.013016
v 0.001703 0.067423 -0.012932
v 0.002545 0.067423 -0.012793
v 0.003376 0.067423 -0.012599
v 0.004193 0.067423 -0.012351
v 0.004992 0.067423 -0.012051
v 0.005769 0.067423 -0.011698
v 0.006522 0.067423 -0.011296
v 0.007247 0.067423 -0.010845
v 0.007940 0.067423 -0.010348
v 0.008600 0.067423 -0.009807
v 0.009223 0.067423 -0.009223
v 0.009807 0.067423 -0.008600
v 0.010348 0.067423 -0.007940
v 0.010845 0.067423 -0.007247
v 0.011296 0.067423 -0.006522
v 0.011698 0.067423 -0.005769
v 0.012051 0.067423 -0.004992
v 0.012351 0.067423 -0.004193
v 0.012599 0.067423 -0.003376
v 0.012793 0.067423 -0.002545
v 0.012932 0.067423 -0.001703
v 0.013016 0.067423 -0.000853
v 0.026087 0.067058 0.000000
v 0.026031 0.067058 0.001706
v 0.025864 0.067058 0.003405
v 0.025586 0.067058 0.005089
v 0.025198 0.067058 0.006752
v 0.024703 0.067058 0.008385
v 0.024101 0.067058 0.009983
v 0.023397 0.067058 0.011538
v 0.022592 0.067058 0.013043
v 0.021691 0.067058 0.014493
v 0.020696 0.067058 0.015881
v 0.019613 0.067058 0.017200
v 0.018446 0.067058 0.018446
v 0.017200 0.067058 0.019613
v 0.015881 0.067058 0.020696
v 0.014493 0.067058 0.021691
v 0.013043 0.067058 0.022592
v 0.011538 0.067058 0.023397
v 0.009983 0.067058 0.024101
v 0.008385 0.067058 0.024703
v 0.006752 0.067058 0.025198
v 0.005089 0.067058 0.025586
v 0.003405 0.067058 0.025864
v 0.001706 0.067058 0.026031
v 0.000000 0.067058 0.026087
v -0.001706 0.067058 0.026031
v -0.003405 0.067058 0.025864
v -0.005089 0.067058 0.025586
v -0.006752 0.067058 0.025198
v -0.008385 0.067058 0.024703
v -0.009983 0.067058 0.024101
v -0.011538 0.067058 0.023397
v -0.013043 0.067058 0.022592
v -0.014493 0.067058 0.021691
v -0.015881 0.067058 0.020696
v -0.017200 0.067058 0.019613
v -0.018446 0.067058 0.018446
v -0.019613 0.067058 0.017200
v -0.020696 0.067058 0.015881
v -0.021691 0.067058 0.014493
v -0.022592 0.067058 0.013043
v -0.023397 0.067058 0.011538
v -0.024101 0.067058 0.009983
v -0.024703 0.067058 0.008385
v -0.025198 0.067058 0.006752
v -0.025586 0.067058 0.005089
v -0.025864 0.067058 0.003405
v -0.026031 0.067058 0.001706
v -0.026087 0.067058 0.000000
v -0.026031 0.067058 -0.001706
v -0.025864 0.067058 -0.003405
v -0.025586 0.067058 -0.005089
v -0.025198 0.067058 -0.006752
v -0.024703 0.067058 -0.008385
v -0.024101 0.067058 -0.009983
v -0.023397 0.067058 -0.011538
v -0.022592 0.067058 -0.013043
v -0.021691 0.067058 -0.014493
v -0.020696 0.067058 -0.015881
v -0.019613 0.067058 -0.017200
v -0.018446 0.067058 -0.018446
v -0.017200 0.067058 -0.019613
v -0.015881 0.067058 -0.020696
v -0.014493 0.067058 -0.021691
v -0.013043 0.067058 -0.022592
v -0.011538 0.067058 -0.023397
v -0.009983 0.067058 -0.024101
v -0.008385 0.067058 -0.024703
v -0.006752 0.067058 -0.025198
v -0.005089 0.067058 -0.025586
v -0.003405 0.067058 -0.025864
v -0.001706 0.067058 -0.026031
v -0.000000 0.067058 -0.026087
v 0.001706 0.067058 -0.026031
v 0.003405 0.067058 -0.025864
v 0.005089 0.067058 -0.025586
v 0.006752 0.067058 -0.025198
v 0.008385 0.067058 -0.024703
v 0.009983 0.067058 -0.024101
v 0.011538 0.067058 -0.023397
v 0.013043 0.067058 -0.022592
v 0.014493 0.067058 -0.021691
v 0.015881 0.067058 -0.020696
v 0.017200 0.067058 -0.019613
v 0.018446 0.067058 -0.018446
v 0.019613 0.067058 -0.017200
v 0.020696 0.067058 -0.015881
v 0.021691 0.067058 -0.014493
v 0.022592 0.067058 -0.013043
v 0.023397 0.067058 -0.011538
v 0.024101 0.067058 -0.009983
v 0.024703 0.067058 -0.008385
v 0.025198 0.067058 -0.006752
v 0.025586 0.067058 -0.005089
v 0.025864 0.067058 -0.003405
v 0.026031 0.067058 -0.001706
v 0.039130 0.066450 0.000000
v 0.039047 0.066450 0.002559
v 0.038796 0.066450 0.005108
v 0.038379 0.066450 0.007634
v 0.037797 0.066450 0.010128
v 0.037054 0.066450 0.012578
v 0.036152 0.066450 0.014975
v 0.035095 0.066450 0.017307
v 0.033888 0.066450 0.019565
v 0.032536 0.066450 0.021740
v 0.031044 0.066450 0.023821
v 0.029420 0.066450 0.025800
v 0.027669 0.066450 0.027669
v 0.025800 0.066450 0.029420
v 0.023821 0.066450 0.031044
v 0.021740 0.066450 0.032536
v 0.019565 0.066450 0.033888
v 0.017307 0.066450 0.035095
v 0.014975 0.066450 0.036152
v 0.012578 0.066450 0.037054
v 0.010128 0.066450 0.037797
v 0.007634 0.066450 0.038379
v 0.005108 0.066450 0.038796
v 0.002559 0.066450 0.039047
v 0.000000 0.066450 0.039130
v -0.002559 0.066450 0.039047
v -0.005108 0.066450 0.038796
v -0.007634 0.066450 0.038379
v -0.010128 0.066450 0.037797
v -0.012578 0.066450 0.037054
v -0.014975 0.066450 0.036152
v -0.017307 0.066450 0.035095
v -0.019565 0.066450 0.033888
v -0.021740 0.066450 0.032536
v -0.023821 0.066450 0.031044
v -0.025800 0.066450 0.029420
v -0.027669 0.066450 0.027669
v -0.029420 0.066450 0.025800
v -0.031044 0.066450 0.023821
v -0.032536 0.066450 0.021740
v -0.033888 0.066450 0.019565
v -0.035095 0.066450 0.017307
v -0.036152 0.066450 0.014975
v -0.037054 0.066450 0.012578
v -0.037797 0.066450 0.010128
v -0.038379 0.066450 0.007634
v -0.038796 0.066450 0.005108
v -0.039047 0.066450 0.002559
v -0.039130 0.066450 0.000000
v -0.039047 0.066450 -0.002559
v -0.038796 0.066450 -0.005108
v -0.038379 0.066450 -0.007634
v -0.037797 0.066450 -0.010128
v -0.037054 0.066450 -0.012578
v -0.036152 0.066450 -0.014975
v -0.035095 0.066450 -0.017307
v -0.033888 0.066450 -0.019565
v -0.032536 0.066450 -0.021740
v -0.031044 0.066450 -0.023821
v -0.029420 0.066450 -0.025800
v -0.027669 0.066450 -0.027669
v -0.025800 0.066450 -0.029420
v -0.023821 0.066450 -0.031044
v -0.021740 0.066450 -0.032536
v -0.019565 0.066450 -0.033888
v -0.017307 0.066450 -0.035095
v -0.014975 0.066450 -0.036152
v -0.012578 0.066450 -0.037054
v -0.010128 0.066450 -0.037797
v -0.007634 0.066450 -0.038379
v -0.005108 0.066450 -0.038796
v -0.002559 0.066450 -0.039047
v -0.000000 0.066450 -0.039130
v 0.002559 0.066450 -0.039047
v 0.005108 0.066450 -0.038796
v 0.007634 0.066450 -0.038379
v 0.010128 0.066450 -0.037797
v 0.012578 0.066450 -0.037054
v 0.014975 0.066450 -0.036152
v 0.017307 0.066450 -0.035095
v 0.019565 0.066450 -0.033888
v 0.021740 0.066450 -0.032536
v 0.023821 0.066450 -0.031044
v 0.025800 0.066450 -0.029420
v 0.027669 0.066450 -0.027669
v 0.029420 0.066450 -0.025800
v 0.031044 0.066450 -0.023821
v 0.032536 0.066450 -0.021740
v 0.033888 0.066450 -0.019565
v 0.035095 0.066450 -0.017307
v 0.036152 0.066450 -0.014975
v 0.037054 0.066450 -0.012578
v 0.037797 0.066450 -0.010128
v 0.038379 0.066450 -0.007634
v 0.038796 0.066450 -0.005108
v 0.039047 0.066450 -0.002559
v 0.052174 0.065597 0.000000
v 0.052062 0.065597 0.003412
v 0.051728 0.065597 0.006810
v 0.051171 0.065597 0.010179
v 0.050396 0.065597 0.013504
v 0.049405 0.065597 0.016771
v 0.048202 0.065597 0.019966
v 0.046793 0.065597 0.023076
v 0.045184 0.065597 0.026087
v 0.043381 0.065597 0.028986
v 0.041392 0.065597 0.031761
v 0.039226 0.065597 0.034401
v 0.036893 0.065597 0.036893
v 0.034401 0.065597 0.039226
v 0.031761 0.065597 0.041392
v 0.028986 0.065597 0.043381
v 0.026087 0.065597 0.045184
v 0.023076 0.065597 0.046793
v 0.019966 0.065597 0.048202
v 0.016771 0.065597 0.049405
v 0.013504 0.065597 0.050396
v 0.010179 0.065597 0.051171
v 0.006810 0.065597 0.051728
v 0.003412 0.065597 0.052062
v 0.000000 0.065597 0.052174
v -0.003412 0.065597 0.052062
v -0.006810 0.065597 0.051728
v -0.010179 0.065597 0.051171
v -0.013504 0.065597 0.050396
v -0.016771 0.065597 0.049405
v -0.019966 0.065597 0.048202
v -0.023076 0.065597 0.046793
v -0.026087 0.065597 0.045184
v -0.028986 0.065597 0.043381
v -0.031761 0.065597 0.041392
v -0.034401 0.065597 0.039226
v -0.036893 0.065597 0.036893
v -0.039226 0.065597 0.034401
v -0.041392 0.065597 0.031761
v -0.043381 0.065597 0.028986
v -0.045184 0.065597 0.026087
v -0.046793 0.065597 0.023076
v -0.048202 0.065597 0.019966
v -0.049405 0.065597 0.016771
v -0.050396 0.065597 0.013504
v -0.051171 0.065597 0.010179
v -0.051728 0.065597 0.006810
v -0.052062 0.065597 0.003412
v -0.052174 0.065597 0.000000
v -0.052062 0.065597 -0.003412
v -0.051728 0.065597 -0.006810
v -0.051171 0.065597 -0.010179
v -0.050396 0.065597 -0.013504
v -0.049405 0.065597 -0.016771
v -0.048202 0.065597 -0.019966
v -0.046793 0.065597 -0.023076
v -0.045184 0.065597 -0.026087
v -0.043381 0.065597 -0.028986
v -0.041392 0.065597 -0.031761
v -0.039226 0.065597 -0.034401
v -0.036893 0.065597 -0.036893
v -0.034401 0.065597 -0.039226
v -0.031761 0.065597 -0.041392
v -0.028986 0.065597 -0.043381
v -0.026087 0.065597 -0.045184
v -0.023076 0.065597 -0.046793
v -0.019966 0.065597 -0.048202
v -0.016771 0.065597 -0.049405
v -0.013504 0.065597 -0.050396
v -0.010179 0.065597 -0.051171
v -0.006810 0.065597 -0.051728
v -0.003412 0.065597 -0.052062
v -0.000000 0.065597 -0.052174
v 0.003412 0.065597 -0.052062
v 0.006810 0.065597 -0.051728
v 0.010179 0.065597 -0.051171
v 0.013504 0.065597 -0.050396
v 0.016771 0.065597 -0.049405
v 0.019966 0.065597 -0.048202
v 0.023076 0.065597 -0.046793
v 0.026087 0.065597 -0.045184
v 0.028986 0.065597 -0.043381
v 0.031761 0.065597 -0.041392
v 0.034401 0.065597 -0.039226
v 0.036893 0.065597 -0.036893
v 0.039226 0.065597 -0.034401
v 0.041392 0.065597 -0.031761
v 0.043381 0.065597 -0.028986
v 0.045184 0.065597 -0.026087
v 0.046793 0.065597 -0.023076
v 0.048202 0.065597 -0.019966
v 0.049405 0.065597 -0.016771
v 0.050396 0.065597 -0.013504
v 0.051171 0.065597 -0.010179
v 0.051728 0.065597 -0.006810
v 0.052062 0.065597 -0.003412
v 0.065217 0.064500 0.000000
v 0.065078 0.064500 0.004265
v 0.064659 0.064500 0.008513
v 0.063964 0.064500 0.012723
v 0.062995 0.064500 0.016880
v 0.061756 0.064500 0.020963
v 0.060253 0.064500 0.024958
v 0.058492 0.064500 0.028845
v 0.056480 0.064500 0.032609
v 0.054226 0.064500 0.036233
v 0.051740 0.064500 0.039702
v 0.049033 0.064500 0.043001
v 0.046116 0.064500 0.046116
v 0.043001 0.064500 0.049033
v 0.039702 0.064500 0.051740
v 0.036233 0.064500 0.054226
v 0.032609 0.064500 0.056480
v 0.028845 0.064500 0.058492
v 0.024958 0.064500 0.060253
v 0.020963 0.064500 0.061756
v 0.016880 0.064500 0.062995
v 0.012723 0.064500 0.063964
v 0.008513 0.064500 0.064659
v 0.004265 0.064500 0.065078
v 0.000000 0.064500 0.065217
v -0.004265 0.064500 0.065078
v -0.008513 0.064500 0.064659
v -0.012723 0.064500 0.063964
v -0.016880 0.064500 0.062995
v -0.020963 0.064500 0.061756
v -0.024958 0.064500 0.060253
v -0.028845 0.064500 0.058492
v -0.032609 0.064500 0.056480
v -0.036233 0.064500 0.054226
v -0.039702 0.064500 0.051740
v -0.043001 0.064500 0.049033
v -0.046116 0.064500 0.046116
v -0.049033 0.064500 0.043001
v -0.051740 0.064500 0.039702
v -0.054226 0.064500 0.036233
v -0.056480 0.064500 0.032609
v -0.058492 0.064500 0.028845
v -0.060253 0.064500 0.024958
v -0.061756 0.064500 0.020963
v -0.062995 0.064500 0.016880
v -0.063964 0.064500 0.012723
v -0.064659 0.064500 0.008513
v -0.065078 0.064500 0.004265
v -0.065217 0.064500 0.000000
v -0.065078 0.064500 -0.004265
v -0.064659 0.064500 -0.008513
v -0.063964 0.064500 -0.012723
v -0.062995 0.064500 -0.016880
v -0.061756 0.064500 -0.020963
v -0.060253 0.064500 -0.024958
v -0.058492 0.064500 -0.028845
v -0.056480 0.064500 -0.032609
v -0.054226 0.064500 -0.036233
v -0.051740 0.064500 -0.039702
v -0.049033 0.064500 -0.043001
v -0.046116 0.064500 -0.046116
v -0.043001 0.064500 -0.049033
v -0.039702 0.064500 -0.051740
v -0.036233 0.064500 -0.054226
v -0.032609 0.064500 -0.056480
v -0.028845 0.064500 -0.058492
v -0.024958 0.064500 -0.060253
v -0.020963 0.064500 -0.061756
v -0.016880 0.064500 -0.062995
v -0.012723 0.064500 -0.063964
v -0.008513 0.064500 -0.064659
v -0.004265 0.064500 -0.065078
v -0.000000 0.064500 -0.065217
v 0.004265 0.064500 -0.065078
v 0.008513 0.064500 -0.064659
v 0.012723 0.064500 -0.063964
v 0.016880 0.064500 -0.062995
v 0.020963 0.064500 -0.061756
v 0.024958 0.064500 -0.060253
v 0.028845 0.064500 -0.058492
v 0.032609 0.064500 -0.056480
v 0.036233 0.064500 -0.054226
v 0.039702 0.064500 -0.051740
v 0.043001 0.064500 -0.049033
v 0.046116 0.064500 -0.046116
v 0.049033 0.064500 -0.043001
v 0.051740 0.064500 -0.039702
v 0.054226 0.064500 -0.036233
v 0.056480 0.064500 -0.032609
v 0.058492 0.064500 -0.028845
v 0.060253 0.064500 -0.024958
v 0.061756 0.064500 -0.020963
v 0.062995 0.064500 -0.016880
v 0.063964 0.064500 -0.012723
v 0.064659 0.064500 -0.008513
v 0.065078 0.064500 -0.004265
v 0.078261 0.063156 0.000000
v 0.078093 0.063156 0.005119
v 0.077591 0.063156 0.010215
v 0.076757 0.063156 0.015268
v 0.075594 0.063156 0.020255
v 0.074108 0.063156 0.025156
v 0.072304 0.063156 0.029949
v 0.070190 0.063156 0.034614
v 0.067776 0.063156 0.039130
v 0.065072 0.063156 0.043479
v 0.062089 0.063156 0.047642
v 0.058840 0.063156 0.051601
v 0.055339 0.063156 0.055339
v 0.051601 0.063156 0.058840
v 0.047642 0.063156 0.062089
v 0.043479 0.063156 0.065072
v 0.039130 0.063156 0.067776
v 0.034614 0.063156 0.070190
v 0.029949 0.063156 0.072304
v 0.025156 0.063156 0.074108
v 0.020255 0.063156 0.075594
v 0.015268 0.063156 0.076757
v 0.010215 0.063156 0.077591
v 0.005119 0.063156 0.078093
v 0.000000 0.063156 0.078261
v -0.005119 0.063156 0.078093
v -0.010215 0.063156 0.077591
v -0.015268 0.063156 0.076757
v -0.020255 0.063156 0.075594
v -0.025156 0.063156 0.074108
v -0.029949 0.063156 0.072304
v -0.034614 0.063156 0.070190
v -0.039130 0.063156 0.067776
v -0.043479 0.063156 0.065072
v -0.047642 0.063156 0.062089
v -0.051601 0.063156 0.058840
v -0.055339 0.063156 0.055339
v -0.058840 0.063156 0.051601
v -0.062089 0.063156 0.047642
v -0.065072 0.063156 0.043479
v -0.067776 0.063156 0.039130
v -0.070190 0.063156 0.034614
v -0.072304 0.063156 0.029949
v -0.074108 0.063156 0.025156
v -0.075594 0.063156 0.020255
v -0.076757 0.063156 0.015268
v -0.077591 0.063156 0.010215
v -0.078093 0.063156 0.005119
v -0.078261 0.063156 0.000000
v -0.078093 0.063156 -0.005119
v -0.077591 0.063156 -0.010215
v -0.076757 0.063156 -0.015268
v -0.075594 0.063156 -0.020255
v -0.074108 0.063156 -0.025156
v -0.072304 0.063156 -0.029949
v -0.070190 0.063156 -0.034614
v -0.067776 0.063156 -0.039130
v -0.065072 0.063156 -0.043479
v -0.062089 0.063156 -0.047642
v -0.058840 0.063156 -0.051601
v -0.055339 0.063156 -0.055339
v -0.051601 0.063156 -0.058840
v -0.047642 0.063156 -0.062089
v -0.043479 0.063156 -0.065072
v -0.039130 0.063156 -0.067776
v -0.034614 0.063156 -0.070190
v -0.029949 0.063156 -0.072304
v -0.025156 0.063156 -0.074108
v -0.020255 0.063156 -0.075594
v -0.015268 0.063156 -0.076757
v -0.010215 0.063156 -0.077591
v -0.005119 0.063156 -0.078093
v -0.000000 0.063156 -0.078261
v 0.005119 0.063156 -0.078093
v 0.010215 0.063156 -0.077591
v 0.015268 0.063156 -0.076757
v 0.020255 0.063156 -0.075594
v 0.025156 0.063156 -0.074108
v 0.029949 0.063156 -0.072304
v 0.034614 0.063156 -0.070190
v 0.039130 0.063156 -0.067776
v 0.043479 0.063156 -0.065072
v 0.047642 0.063156 -0.062089
v 0.051601 0.063156 -0.058840
v 0.055339 0.063156 -0.055339
v 0.058840 0.063156 -0.051601
v 0.062089 0.063156 -0.047642
v 0.065072 0.063156 -0.043479
v 0.067776 0.063156 -0.039130
v 0.070190 0.063156 -0.034614
v 0.072304 0.063156 -0.029949
v 0.074108 0.063156 -0.025156
v 0.075594 0.063156 -0.020255
v 0.076757 0.063156 -0.015268
v 0.077591 0.063156 -0.010215
v 0.078093 0.063156 -0.005119
v 0.091304 0.061564 0.000000
v 0.091109 0.061564 0.005972
v 0.090523 0.061564 0.011918
v 0.089550 0.061564 0.017813
v 0.088193 0.061564 0.023631
v 0.086459 0.061564 0.029349
v 0.084354 0.061564 0.034941
v 0.081888 0.061564 0.040383
v 0.079072 0.061564 0.045652
v 0.075917 0.061564 0.050726
v 0.072437 0.061564 0.055583
v 0.068646 0.061564 0.060201
v 0.064562 0.061564 0.064562
v 0.060201 0.061564 0.068646
v 0.055583 0.061564 0.072437
v 0.050726 0.061564 0.075917
v 0.045652 0.061564 0.079072
v 0.040383 0.061564 0.081888
v 0.034941 0.061564 0.084354
v 0.029349 0.061564 0.086459
v 0.023631 0.061564 0.088193
v 0.017813 0.061564 0.089550
v 0.011918 0.061564 0.090523
v 0.005972 0.061564 0.091109
v 0.000000 0.061564 0.091304
v -0.005972 0.061564 0.091109
v -0.011918 0.061564 0.090523
v -0.017813 0.061564 0.089550
v -0.023631 0.061564 0.088193
v -0.029349 0.061564 0.086459
v -0.034941 0.061564 0.084354
v -0.040383 0.061564 0.081888
v -0.045652 0.061564 0.079072
v -0.050726 0.061564 0.075917
v -0.055583 0.061564 0.072437
v -0.060201 0.061564 0.068646
v -0.064562 0.061564 0.064562
v -0.068646 0.061564 0.060201
v -0.072437 0.061564 0.055583
v -0.075917 0.061564 0.050726
v -0.079072 0.061564 0.045652
v -0.081888 0.061564 0.040383
v -0.084354 0.061564 0.034941
v -0.086459 0.061564 0.029349
v -0.088193 0.061564 0.023631
v -0.089550 0.061564 0.017813
v -0.090523 0.061564 0.011918
v -0.091109 0.061564 0.005972
v -0.091304 0.061564 0.000000
v -0.091109 0.061564 -0.005972
v -0.090523 0.061564 -0.011918
v -0.089550 0.061564 -0.017813
v -0.088193 0.061564 -0.023631
v -0.086459 0.061564 -0.029349
v -0.084354 0.061564 -0.034941
v -0.081888 0.061564 -0.040383
v -0.079072 0.061564 -0.045652
v -0.075917 0.061564 -0.050726
v -0.072437 0.061564 -0.055583
v -0.068646 0.061564 -0.060201
v -0.064562 0.061564 -0.064562
v -0.060201 0.061564 -0.068646
v -0.055583 0.061564 -0.072437
v -0.050726 0.061564 -0.075917
v -0.045652 0.061564 -0.079072
v -0.040383 0.061564 -0.081888
v -0.034941 0.061564 -0.084354
v -0.029349 0.061564 -0.086459
v -0.023631 0.061564 -0.088193
v -0.017813 0.061564 -0.089550
v -0.011918 0.061564 -0.090523
v -0.005972 0.061564 -0.091109
v -0.000000 0.061564 -0.091304
v 0.005972 0.061564 -0.091109
v 0.011918 0.061564 -0.090523
v 0.017813 0.061564 -0.089550
v 0.023631 0.061564 -0.088193
v 0.029349 0.061564 -0.086459
v 0.034941 0.061564 -0.084354
v 0.040383 0.061564 -0.081888
v 0.045652 0.061564 -0.079072
v 0.050726 0.061564 -0.075917
v 0.055583 0.061564 -0.072437
v 0.060201 0.061564 -0.068646
v 0.064562 0.061564 -0.064562
v 0.068646 0.061564 -0.060201
v 0.072437 0.061564 -0.055583
v 0.075917 0.061564 -0.050726
v 0.079072 0.061564 -0.045652
v 0.081888 0.061564 -0.040383
v 0.084354 0.061564 -0.034941
v 0.086459 0.061564 -0.029349
v 0.088193 0.061564 -0.023631
v 0.089550 0.061564 -0.017813
v 0.090523 0.061564 -0.011918
v 0.091109 0.061564 -0.005972
v 0.104348 0.059723 0.000000
v 0.104124 0.059723 0.006825
v 0.103455 0.059723 0.013620
v 0.102343 0.059723 0.020357
v 0.100792 0.059723 0.027007
v 0.098810 0.059723 0.033542
v 0.096405 0.059723 0.039932
v 0.093587 0.059723 0.046152
v 0.090368 0.059723 0.052174
v 0.086762 0.059723 0.057973
v 0.082785 0.059723 0.063523
v 0.078453 0.059723 0.068801
v 0.073785 0.059723 0.073785
v 0.068801 0.059723 0.078453
v 0.063523 0.059723 0.082785
v 0.057973 0.059723 0.086762
v 0.052174 0.059723 0.090368
v 0.046152 0.059723 0.093587
v 0.039932 0.059723 0.096405
v 0.033542 0.059723 0.098810
v 0.027007 0.059723 0.100792
v 0.020357 0.059723 0.102343
v 0.013620 0.059723 0.103455
v 0.006825 0.059723 0.104124
v 0.000000 0.059723 0.104348
v -0.006825 0.059723 0.104124
v -0.013620 0.059723 0.103455
v -0.020357 0.059723 0.102343
v -0.027007 0.059723 0.100792
v -0.033542 0.059723 0.098810
v -0.039932 0.059723 0.096405
v -0.046152 0.059723 0.093587
v -0.052174 0.059723 0.090368
v -0.057973 0.059723 0.086762
v -0.063523 0.059723 0.082785
v -0.068801 0.059723 0.078453
v -0.073785 0.059723 0.073785
v -0.078453 0.059723 0.068801
v -0.082785 0.059723 0.063523
v -0.086762 0.059723 0.057973
v -0.090368 0.059723 0.052174
v -0.093587 0.059723 0.046152
v -0.096405 0.059723 0.039932
v -0.098810 0.059723 0.033542
v -0.100792 0.059723 0.027007
v -0.102343 0.059723 0.020357
v -0.103455 0.059723 0.013620
v -0.104124 0.059723 0.006825
v -0.104348 0.059723 0.000000
v -0.104124 0.059723 -0.006825
v -0.103455 0.059723 -0.013620
v -0.102343 0.059723 -0.020357
v -0.100792 0.059723 -0.027007
v -0.098810 0.059723 -0.033542
v -0.096405 0.059723 -0.039932
v -0.093587 0.059723 -0.046152
v -0.090368 0.059723 -0.052174
v -0.086762 0.059723 -0.057973
v -0.082785 0.059723 -0.063523
v -0.078453 0.059723 -0.068801
v -0.073785 0.059723 -0.073785
v -0.068801 0.059723 -0.078453
v -0.063523 0.059723 -0.082785
v -0.057973 0.059723 -0.086762
v -0.052174 0.059723 -0.090368
v -0.046152 0.059723 -0.093587
v -0.039932 0.059723 -0.096405
v -0.033542 0.059723 -0.098810
v -0.027007 0.059723 -0.100792
v -0.020357 0.059723 -0.102343
v -0.013620 0.059723 -0.103455
v -0.006825 0.059723 -0.104124
v -0.000000 0.059723 -0.104348
v 0.006825 0.059723 -0.104124
v 0.013620 0.059723 -0.103455
v 0.020357 0.059723 -0.102343
v 0.027007 0.059723 -0.100792
v 0.033542 0.059723 -0.098810
v 0.039932 0.059723 -0.096405
v 0.046152 0.059723 -0.093587
v 0.052174 0.059723 -0.090368
v 0.057973 0.059723 -0.086762
v 0.063523 0.059723 -0.082785
v 0.068801 0.059723 -0.078453
v 0.073785 0.059723 -0.073785
v 0.078453 0.059723 -0.068801
v 0.082785 0.059723 -0.063523
v 0.086762 0.059723 -0.057973
v 0.090368 0.059723 -0.052174
v 0.093587 0.059723 -0.046152
v 0.096405 0.059723 -0.039932
v 0.098810 0.059723 -0.033542
v 0.100792 0.059723 -0.027007
v 0.102343 0.059723 -0.020357
v 0.103455 0.059723 -0.013620
v 0.104124 0.059723 -0.006825
v 0.117391 0.057631 0.000000
v 0.117140 0.057631 0.007678
v 0.116387 0.057631 0.015323
v 0.115136 0.057631 0.022902
v 0.113391 0.057631 0.030383
v 0.111161 0.057631 0.037734
v 0.108455 0.057631 0.044924
v 0.105285 0.057631 0.051921
v 0.101664 0.057631 0.058696
v 0.097607 0.057631 0.065219
v 0.093133 0.057631 0.071463
v 0.088259 0.057631 0.077401
v 0.083008 0.057631 0.083008
v 0.077401 0.057631 0.088259
v 0.071463 0.057631 0.093133
v 0.065219 0.057631 0.097607
v 0.058696 0.057631 0.101664
v 0.051921 0.057631 0.105285
v 0.044924 0.057631 0.108455
v 0.037734 0.057631 0.111161
v 0.030383 0.057631 0.113391
v 0.022902 0.057631 0.115136
v 0.015323 0.057631 0.116387
v 0.007678 0.057631 0.117140
v 0.000000 0.057631 0.117391
v -0.007678 0.057631 0.117140
v -0.015323 0.057631 0.116387
v -0.022902 0.057631 0.115136
v -0.030383 0.057631 0.113391
v -0.037734 0.057631 0.111161
v -0.044924 0.057631 0.108455
v -0.051921 0.057631 0.105285
v -0.058696 0.057631 0.101664
v -0.065219 0.057631 0.097607
v -0.071463 0.057631 0.093133
v -0.077401 0.057631 0.088259
v -0.083008 0.057631 0.083008
v -0.088259 0.057631 0.077401
v -0.093133 0.057631 0.071463
v -0.097607 0.057631 0.065219
v -0.101664 0.057631 0.058696
v -0.105285 0.057631 0.051921
v -0.108455 0.057631 0.044924
v -0.111161 0.057631 0.037734
v -0.113391 0.057631 0.030383
v -0.115136 0.057631 0.022902
v -0.116387 0.057631 0.015323
v -0.117140 0.057631 0.007678
v -0.117391 0.057631 0.000000
v -0.117140 0.057631 -0.007678
v -0.116387 0.057631 -0.015323
v -0.115136 0.057631 -0.022902
v -0.113391 0.057631 -0.030383
v -0.111161 0.057631 -0.037734
v -0.108455 0.057631 -0.044924
v -0.105285 0.057631 -0.051921
v -0.101664 0.057631 -0.058696
v -0.097607 0.057631 -0.065219
v -0.093133 0.057631 -0.071463
v -0.088259 0.057631 -0.077401
v -0.083008 0.057631 -0.083008
v -0.077401 0.057631 -0.088259
v -0.071463 0.057631 -0.093133
v -0.065219 0.057631 -0.097607
v -0.058696 0.057631 -0.101664
v -0.051921 0.057631 -0.105285
v -0.044924 0.057631 -0.108455
v -0.037734 0.057631 -0.111161
v -0.030383 0.057631 -0.113391
v -0.022902 0.057631 -0.115136
v -0.015323 0.057631 -0.116387
v -0.007678 0.057631 -0.117140
v -0.000000 0.057631 -0.117391
v 0.007678 0.057631 -0.117140
v 0.015323 0.057631 -0.116387
v 0.022902 0.057631 -0.115136
v 0.030383 0.057631 -0.113391
v 0.037734 0.057631 -0.111161
v 0.044924 0.057631 -0.108455
v 0.051921 0.057631 -0.105285
v 0.058696 0.057631 -0.101664
v 0.065219 0.057631 -0.097607
v 0.071463 0.057631 -0.093133
v 0.077401 0.057631 -0.088259
v 0.083008 0.057631 -0.083008
v 0.088259 0.057631 -0.077401
v 0.093133 0.057631 -0.071463
v 0.097607 0.057631 -0.065219
v 0.101664 0.057631 -0.058696
v 0.105285 0.057631 -0.051921
v 0.108455 0.057631 -0.044924
v 0.111161 0.057631 -0.037734
v 0.113391 0.057631 -0.030383
v 0.115136 0.057631 -0.022902
v 0.116387 0.057631 -0.015323
v 0.117140 0.057631 -0.007678
v 0.130435 0.055285 0.000000
v 0.130156 0.055285 0.008531
v 0.129319 0.055285 0.017025
v 0.127929 0.055285 0.025447
v 0.125990 0.055285 0.033759
v 0.123513 0.055285 0.041927
v 0.120506 0.055285 0.049915
v 0.116983 0.055285 0.057690
v 0.112960 0.055285 0.065217
v 0.108453 0.055285 0.072466
v 0.103481 0.055285 0.079404
v 0.098066 0.055285 0.086002
v 0.092231 0.055285 0.092231
v 0.086002 0.055285 0.098066
v 0.079404 0.055285 0.103481
v 0.072466 0.055285 0.108453
v 0.065217 0.055285 0.112960
v 0.057690 0.055285 0.116983
v 0.049915 0.055285 0.120506
v 0.041927 0.055285 0.123513
v 0.033759 0.055285 0.125990
v 0.025447 0.055285 0.127929
v 0.017025 0.055285 0.129319
v 0.008531 0.055285 0.130156
v 0.000000 0.055285 0.130435
v -0.008531 0.055285 0.130156
v -0.017025 0.055285 0.129319
v -0.025447 0.055285 0.127929
v -0.033759 0.055285 0.125990
v -0.041927 0.055285 0.123513
v -0.049915 0.055285 0.120506
v -0.057690 0.055285 0.116983
v -0.065217 0.055285 0.112960
v -0.072466 0.055285 0.108453
v -0.079404 0.055285 0.103481
v -0.086002 0.055285 0.098066
v -0.092231 0.055285 0.092231
v -0.098066 0.055285 0.086002
v -0.103481 0.055285 0.079404
v -0.108453 0.055285 0.072466
v -0.112960 0.055285 0.065217
v -0.116983 0.055285 0.057690
v -0.120506 0.055285 0.049915
v -0.123513 0.055285 0.041927
v -0.125990 0.055285 0.033759
v -0.127929 0.055285 0.025447
v -0.129319 0.055285 0.017025
v -0.130156 0.055285 0.008531
v -0.130435 0.055285 0.000000
v -0.130156 0.055285 -0.008531
v -0.129319 0.055285 -0.017025
v -0.127929 0.055285 -0.025447
v -0.125990 0.055285 -0.033759
v -0.123513 0.055285 -0.041927
v -0.120506 0.055285 -0.049915
v -0.116983 0.055285 -0.057690
v -0.112960 0.055285 -0.065217
v -0.108453 0.055285 -0.072466
v -0.103481 0.055285 -0.079404
v -0.098066 0.055285 -0.086002
v -0.092231 0.055285 -0.092231
v -0.086002 0.055285 -0.098066
v -0.079404 0.055285 -0.103481
v -0.072466 0.055285 -0.108453
v -0.065217 0.055285 -0.112960
v -0.057690 0.055285 -0.116983
v -0.049915 0.055285 -0.120506
v -0.041927 0.055285 -0.123513
v -0.033759 0.055285 -0.125990
v -0.025447 0.055285 -0.127929
v -0.017025 0.055285 -0.129319
v -0.008531 0.055285 -0.130156
v -0.000000 0.055285 -0.130435
v 0.008531 0.055285 -0.130156
v 0.017025 0.055285 -0.129319
v 0.025447 0.055285 -0.127929
v 0.033759 0.055285 -0.125990
v 0.041927 0.055285 -0.123513
v 0.049915 0.055285 -0.120506
v 0.057690 0.055285 -0.116983
v 0.065217 0.055285 -0.112960
v 0.072466 0.055285 -0.108453
v 0.079404 0.055285 -0.103481
v 0.086002 0.055285 -0.098066
v 0.092231 0.055285 -0.092231
v 0.098066 0.055285 -0.086002
v 0.103481 0.055285 -0.079404
v 0.108453 0.055285 -0.072466
v 0.112960 0.055285 -0.065217
v 0.116983 0.055285 -0.057690
v 0.120506 0.055285 -0.049915
v 0.123513 0.055285 -0.041927
v 0.125990 0.055285 -0.033759
v 0.127929 0.055285 -0.025447
v 0.129319 0.055285 -0.017025
v 0.130156 0.055285 -0.008531
v 0.143478 0.052682 0.000000
v 0.143171 0.052682 0.009384
v 0.142251 0.052682 0.018728
v 0.140721 0.052682 0.027991
v 0.138589 0.052682 0.037135
v 0.135864 0.052682 0.046120
v 0.132557 0.052682 0.054907
v 0.128682 0.052682 0.063459
v 0.124256 0.052682 0.071739
v 0.119298 0.052682 0.079712
v 0.113829 0.052682 0.087344
v 0.107873 0.052682 0.094602
v 0.101454 0.052682 0.101454
v 0.094602 0.052682 0.107873
v 0.087344 0.052682 0.113829
v 0.079712 0.052682 0.119298
v 0.071739 0.052682 0.124256
v 0.063459 0.052682 0.128682
v 0.054907 0.052682 0.132557
v 0.046120 0.052682 0.135864
v 0.037135 0.052682 0.138589
v 0.027991 0.052682 0.140721
v 0.018728 0.052682 0.142251
v 0.009384 0.052682 0.143171
v 0.000000 0.052682 0.143478
v -0.009384 0.052682 0.143171
v -0.018728 0.052682 0.142251
v -0.027991 0.052682 0.140721
v -0.037135 0.052682 0.138589
v -0.046120 0.052682 0.135864
v -0.054907 0.052682 0.132557
v -0.063459 0.052682 0.128682
v -0.071739 0.052682 0.124256
v -0.079712 0.052682 0.119298
v -0.087344 0.052682 0.113829
v -0.094602 0.052682 0.107873
v -0.101454 0.052682 0.101454
v -0.107873 0.052682 0.094602
v -0.113829 0.052682 0.087344
v -0.119298 0.052682 0.079712
v -0.124256 0.052682 0.071739
v -0.128682 0.052682 0.063459
v -0.132557 0.052682 0.054907
v -0.135864 0.052682 0.046120
v -0.138589 0.052682 0.037135
v -0.140721 0.052682 0.027991
v -0.142251 0.052682 0.018728
v -0.143171 0.052682 0.009384
v -0.143478 0.052682 0.000000
v -0.143171 0.052682 -0.009384
v -0.142251 0.052682 -0.018728
v -0.140721 0.052682 -0.027991
v -0.138589 0.052682 -0.037135
v -0.135864 0.052682 -0.046120
v -0.132557 0.052682 -0.054907
v -0.128682 0.052682 -0.063459
v -0.124256 0.052682 -0.071739
v -0.119298 0.052682 -0.079712
v -0.113829 0.052682 -0.087344
v -0.107873 0.052682 -0.094602
v -0.101454 0.052682 -0.101454
v -0.094602 0.052682 -0.107873
v -0.087344 0.052682 -0.113829
v -0.079712 0.052682 -0.119298
v -0.071739 0.052682 -0.124256
v -0.063459 0.052682 -0.128682
v -0.054907 0.052682 -0.132557
v -0.046120 0.052682 -0.135864
v -0.037135 0.052682 -0.138589
v -0.027991 0.052682 -0.140721
v -0.018728 0.052682 -0.142251
v -0.009384 0.052682 -0.143171
v -0.000000 0.052682 -0.143478
v 0.009384 0.052682 -0.143171
v 0.018728 0.052682 -0.142251
v 0.027991 0.052682 -0.140721
v 0.037135 0.052682 -0.138589
v 0.046120 0.052682 -0.135864
v 0.054907 0.052682 -0.132557
v 0.063459 0.052682 -0.128682
v 0.071739 0.052682 -0.124256
v 0.079712 0.052682 -0.119298
v 0.087344 0.052682 -0.113829
v 0.094602 0.052682 -0.107873
v 0.101454 0.052682 -0.101454
v 0.107873 0.052682 -0.094602
v 0.113829 0.052682 -0.087344
v 0.119298 0.052682 -0.079712
v 0.124256 0.052682 -0.071739
v 0.128682 0.052682 -0.063459
v 0.132557 0.052682 -0.054907
v 0.135864 0.052682 -0.046120
v 0.138589 0.052682 -0.037135
v 0.140721 0.052682 -0.027991
v 0.142251 0.052682 -0.018728
v 0.143171 0.052682 -0.009384
v 0.156522 0.049821 0.000000
v 0.156187 0.049821 0.010237
v 0.155183 0.049821 0.020430
v 0.153514 0.049821 0.030536
v 0.151188 0.049821 0.040511
v 0.148215 0.049821 0.050312
v 0.144607 0.049821 0.059898
v 0.140380 0.049821 0.069228
v 0.135552 0.049821 0.078261
v 0.130143 0.049821 0.086959
v 0.124177 0.049821 0.095284
v 0.117679 0.049821 0.103202
v 0.110678 0.049821 0.110678
v 0.103202 0.049821 0.117679
v 0.095284 0.049821 0.124177
v 0.086959 0.049821 0.130143
v 0.078261 0.049821 0.135552
v 0.069228 0.049821 0.140380
v 0.059898 0.049821 0.144607
v 0.050312 0.049821 0.148215
v 0.040511 0.049821 0.151188
v 0.030536 0.049821 0.153514
v 0.020430 0.049821 0.155183
v 0.010237 0.049821 0.156187
v 0.000000 0.049821 0.156522
v -0.010237 0.049821 0.156187
v -0.020430 0.049821 0.155183
v -0.030536 0.049821 0.153514
v -0.040511 0.049821 0.151188
v -0.050312 0.049821 0.148215
v -0.059898 0.049821 0.144607
v -0.069228 0.049821 0.140380
v -0.078261 0.049821 0.135552
v -0.086959 0.049821 0.130143
v -0.095284 0.049821 0.124177
v -0.103202 0.049821 0.117679
v -0.110678 0.049821 0.110678
v -0.117679 0.049821 0.103202
v -0.124177 0.049821 0.095284
v -0.130143 0.049821 0.086959
v -0.135552 0.049821 0.078261
v -0.140380 0.049821 0.069228
v -0.144607 0.049821 0.059898
v -0.148215 0.049821 0.050312
v -0.151188 0.049821 0.040511
v -0.153514 0.049821 0.030536
v -0.155183 0.049821 0.020430
v -0.156187 0.049821 0.010237
v -0.156522 0.049821 0.000000
v -0.156187 0.049821 -0.010237
v -0.155183 0.049821 -0.020430
v -0.153514 0.049821 -0.030536
v -0.151188 0.049821 -0.040511
v -0.148215 0.049821 -0.050312
v -0.144607 0.049821 -0.059898
v -0.140380 0.049821 -0.069228
v -0.135552 0.049821 -0.078261
v -0.130143 0.049821 -0.086959
v -0.124177 0.049821 -0.095284
v -0.117679 0.049821 -0.103202
v -0.110678 0.049821 -0.110678
v -0.103202 0.049821 -0.117679
v -0.095284 0.049821 -0.124177
v -0.086959 0.049821 -0.130143
v -0.078261 0.049821 -0.135552
v -0.069228 0.049821 -0.140380
v -0.059898 0.049821 -0.144607
v -0.050312 0.049821 -0.148215
v -0.040511 0.049821 -0.151188
v -0.030536 0.049821 -0.153514
v -0.020430 0.049821 -0.155183
v -0.010237 0.049821 -0.156187
v -0.000000 0.049821 -0.156522
v 0.010237 0.049821 -0.156187
v 0.020430 0.049821 -0.155183
v 0.030536 0.049821 -0.153514
v 0.040511 0.049821 -0.151188
v 0.050312 0.049821 -0.148215
v 0.059898 0.049821 -0.144607
v 0.069228 0.049821 -0.140380
v 0.078261 0.049821 -0.135552
v 0.086959 0.049821 -0.130143
v 0.095284 0.049821 -0.124177
v 0.103202 0.049821 -0.117679
v 0.110678 0.049821 -0.110678
v 0.117679 0.049821 -0.103202
v 0.124177 0.049821 -0.095284
v 0.130143 0.049821 -0.086959
v 0.135552 0.049821 -0.078261
v 0.140380 0.049821 -0.069228
v 0.144607 0.049821 -0.059898
v 0.148215 0.049821 -0.050312
v 0.151188 0.049821 -0.040511
v 0.153514 0.049821 -0.030536
v 0.155183 0.049821 -0.020430
v 0.156187 0.049821 -0.010237
v 0.169565 0.046697 0.000000
v 0.169202 0.046697 0.011090
v 0.168115 0.046697 0.022133
v 0.166307 0.046697 0.033081
v 0.163787 0.046697 0.043887
v 0.160566 0.046697 0.054505
v 0.156658 0.046697 0.064890
v 0.152078 0.046697 0.074997
v 0.146848 0.046697 0.084783
v 0.140988 0.046697 0.094205
v 0.134525 0.046697 0.103225
v 0.127486 0.046697 0.111802
v 0.119901 0.046697 0.119901
v 0.111802 0.046697 0.127486
v 0.103225 0.046697 0.134525
v 0.094205 0.046697 0.140988
v 0.084783 0.046697 0.146848
v 0.074997 0.046697 0.152078
v 0.064890 0.046697 0.156658
v 0.054505 0.046697 0.160566
v 0.043887 0.046697 0.163787
v 0.033081 0.046697 0.166307
v 0.022133 0.046697 0.168115
v 0.011090 0.046697 0.169202
v 0.000000 0.046697 0.169565
v -0.011090 0.046697 0.169202
v -0.022133 0.046697 0.168115
v -0.033081 0.046697 0.166307
v -0.043887 0.046697 0.163787
v -0.054505 0.046697 0.160566
v -0.064890 0.046697 0.156658
v -0.074997 0.046697 0.152078
v -0.084783 0.046697 0.146848
v -0.094205 0.046697 0.140988
v -0.103225 0.046697 0.134525
v -0.111802 0.046697 0.127486
v -0.119901 0.046697 0.119901
v -0.127486 0.046697 0.111802
v -0.134525 0.046697 0.103225
v -0.140988 0.046697 0.094205
v -0.146848 0.046697 0.084783
v -0.152078 0.046697 0.074997
v -0.156658 0.046697 0.064890
v -0.160566 0.046697 0.054505
v -0.163787 0.046697 0.043887
v -0.166307 0.046697 0.033081
v -0.168115 0.046697 0.022133
v -0.169202 0.046697 0.011090
v -0.169565 0.046697 0.000000
v -0.169202 0.046697 -0.011090
v -0.168115 0.046697 -0.022133
v -0.166307 0.046697 -0.033081
v -0.163787 0.046697 -0.043887
v -0.160566 0.046697 -0.054505
v -0.156658 0.046697 -0.064890
v -0.152078 0.046697 -0.074997
v -0.146848 0.046697 -0.084783
v -0.140988 0.046697 -0.094205
v -0.134525 0.046697 -0.103225
v -0.127486 0.046697 -0.111802
v -0.119901 0.046697 -0.119901
v -0.111802 0.046697 -0.127486
v -0.103225 0.046697 -0.134525
v -0.094205 0.046697 -0.140988
v -0.084783 0.046697 -0.146848
v -0.074997 0.046697 -0.152078
v -0.064890 0.046697 -0.156658
v -0.054505 0.046697 -0.160566
v -0.043887 0.046697 -0.163787
v -0.033081 0.046697 -0.166307
v -0.022133 0.046697 -0.168115
v -0.011090 0.046697 -0.169202
v -0.000000 0.046697 -0.169565
v 0.011090 0.046697 -0.169202
v 0.022133 0.046697 -0.168115
v 0.033081 0.046697 -0.166307
v 0.043887 0.046697 -0.163787
v 0.054505 0.046697 -0.160566
v 0.064890 0.046697 -0.156658
v 0.074997 0.046697 -0.152078
v 0.084783 0.046697 -0.146848
v 0.094205 0.046697 -0.140988
v 0.103225 0.046697 -0.134525
v 0.111802 0.046697 -0.127486
v 0.119901 0.046697 -0.119901
v 0.127486 0.046697 -0.111802
v 0.134525 0.046697 -0.103225
v 0.140988 0.046697 -0.094205
v 0.146848 0.046697 -0.084783
v 0.152078 0.046697 -0.074997
v 0.156658 0.046697 -0.064890
v 0.160566 0.046697 -0.054505
v 0.163787 0.046697 -0.043887
v 0.166307 0.046697 -0.033081
v 0.168115 0.046697 -0.022133
v 0.169202 0.046697 -0.011090
v 0.182609 0.043306 0.000000
v 0.182218 0.043306 0.011943
v 0.181046 0.043306 0.023835
v 0.179100 0.043306 0.035625
v 0.176386 0.043306 0.047263
v 0.172918 0.043306 0.058698
v 0.168708 0.043306 0.069881
v 0.163777 0.043306 0.080766
v 0.158144 0.043306 0.091304
v 0.151834 0.043306 0.101452
v 0.144873 0.043306 0.111165
v 0.137292 0.043306 0.120402
v 0.129124 0.043306 0.129124
v 0.120402 0.043306 0.137292
v 0.111165 0.043306 0.144873
v 0.101452 0.043306 0.151834
v 0.091304 0.043306 0.158144
v 0.080766 0.043306 0.163777
v 0.069881 0.043306 0.168708
v 0.058698 0.043306 0.172918
v 0.047263 0.043306 0.176386
v 0.035625 0.043306 0.179100
v 0.023835 0.043306 0.181046
v 0.011943 0.043306 0.182218
v 0.000000 0.043306 0.182609
v -0.011943 0.043306 0.182218
v -0.023835 0.043306 0.181046
v -0.035625 0.043306 0.179100
v -0.047263 0.043306 0.176386
v -0.058698 0.043306 0.172918
v -0.069881 0.043306 0.168708
v -0.080766 0.043306 0.163777
v -0.091304 0.043306 0.158144
v -0.101452 0.043306 0.151834
v -0.111165 0.043306 0.144873
v -0.120402 0.043306 0.137292
v -0.129124 0.043306 0.129124
v -0.137292 0.043306 0.120402
v -0.144873 0.043306 0.111165
v -0.151834 0.043306 0.101452
v -0.158144 0.043306 0.091304
v -0.163777 0.043306 0.080766
v -0.168708 0.043306 0.069881
v -0.172918 0.043306 0.058698
v -0.176386 0.043306 0.047263
v -0.179100 0.043306 0.035625
v -0.181046 0.043306 0.023835
v -0.182218 0.043306 0.011943
v -0.182609 0.043306 0.000000
v -0.182218 0.043306 -0.011943
v -0.181046 0.043306 -0.023835
v -0.179100 0.043306 -0.035625
v -0.176386 0.043306 -0.047263
v -0.172918 0.043306 -0.058698
v -0.168708 0.043306 -0.069881
v -0.163777 0.043306 -0.080766
v -0.158144 0.043306 -0.091304
v -0.151834 0.043306 -0.101452
v -0.144873 0.043306 -0.111165
v -0.137292 0.043306 -0.120402
v -0.129124 0.043306 -0.129124
v -0.120402 0.043306 -0.137292
v -0.111165 0.043306 -0.144873
v -0.101452 0.043306 -0.151834
v -0.091304 0.043306 -0.158144
v -0.080766 0.043306 -0.163777
v -0.069881 0.043306 -0.168708
v -0.058698 0.043306 -0.172918
v -0.047263 0.043306 -0.176386
v -0.035625 0.043306 -0.179100
v -0.023835 0.043306 -0.181046
v -0.011943 0.043306 -0.182218
v -0.000000 0.043306 -0.182609
v 0.011943 0.043306 -0.182218
v 0.023835 0.043306 -0.181046
v 0.035625 0.043306 -0.179100
v 0.047263 0.043306 -0.176386
v 0.058698 0.043306 -0.172918
v 0.069881 0.043306 -0.168708
v 0.080766 0.043306 -0.163777
v 0.091304 0.043306 -0.158144
v 0.101452 0.043306 -0.151834
v 0.111165 0.043306 -0.144873
v 0.120402 0.043306 -0.137292
v 0.129124 0.043306 -0.129124
v 0.137292 0.043306 -0.120402
v 0.144873 0.043306 -0.111165
v 0.151834 0.043306 -0.101452
v 0.158144 0.043306 -0.091304
v 0.163777 0.043306 -0.080766
v 0.168708 0.043306 -0.069881
v 0.172918 0.043306 -0.058698
v 0.176386 0.043306 -0.047263
v 0.179100 0.043306 -0.035625
v 0.181046 0.043306 -0.023835
v 0.182218 0.043306 -0.011943
v 0.195652 0.039646 0.000000
v 0.195233 0.039646 0.012796
v 0.193978 0.039646 0.025538
v 0.191893 0.039646 0.038170
v 0.188985 0.039646 0.050639
v 0.185269 0.039646 0.062890
v 0.180759 0.039646 0.074873
v 0.175475 0.039646 0.086535
v 0.169440 0.039646 0.097826
v 0.162679 0.039646 0.108699
v 0.155221 0.039646 0.119105
v 0.147099 0.039646 0.129002
v 0.138347 0.039646 0.138347
v 0.129002 0.039646 0.147099
v 0.119105 0.039646 0.155221
v 0.108699 0.039646 0.162679
v 0.097826 0.039646 0.169440
v 0.086535 0.039646 0.175475
v 0.074873 0.039646 0.180759
v 0.062890 0.039646 0.185269
v 0.050639 0.039646 0.188985
v 0.038170 0.039646 0.191893
v 0.025538 0.039646 0.193978
v 0.012796 0.039646 0.195233
v 0.000000 0.039646 0.195652
v -0.012796 0.039646 0.195233
v -0.025538 0.039646 0.193978
v -0.038170 0.039646 0.191893
v -0.050639 0.039646 0.188985
v -0.062890 0.039646 0.185269
v -0.074873 0.039646 0.180759
v -0.086535 0.039646 0.175475
v -0.097826 0.039646 0.169440
v -0.108699 0.039646 0.162679
v -0.119105 0.039646 0.155221
v -0.129002 0.039646 0.147099
v -0.138347 0.039646 0.138347
v -0.147099 0.039646 0.129002
v -0.155221 0.039646 0.119105
v -0.162679 0.039646 0.108699
v -0.169440 0.039646 0.097826
v -0.175475 0.039646 0.086535
v -0.180759 0.039646 0.074873
v -0.185269 0.039646 0.062890
v -0.188985 0.039646 0.050639
v -0.191893 0.039646 0.038170
v -0.193978 0.039646 0.025538
v -0.195233 0.039646 0.012796
v -0.195652 0.039646 0.000000
v -0.195233 0.039646 -0.012796
v -0.193978 0.039646 -0.025538
v -0.191893 0.039646 -0.038170
v -0.188985 0.039646 -0.050639
v -0.185269 0.039646 -0.062890
v -0.180759 0.039646 -0.074873
v -0.175475 0.039646 -0.086535
v -0.169440 0.039646 -0.097826
v -0.162679 0.039646 -0.108699
v -0.155221 0.039646 -0.119105
v -0.147099 0.039646 -0.129002
v -0.138347 0.039646 -0.138347
v -0.129002 0.039646 -0.147099
v -0.119105 0.039646 -0.155221
v -0.108699 0.039646 -0.162679
v -0.097826 0.039646 -0.169440
v -0.086535 0.039646 -0.175475
v -0.074873 0.039646 -0.180759
v -0.062890 0.039646 -0.185269
v -0.050639 0.039646 -0.188985
v -0.038170 0.039646 -0.191893
v -0.025538 0.039646 -0.193978
v -0.012796 0.039646 -0.195233
v -0.000000 0.039646 -0.195652
v 0.012796 0.039646 -0.195233
v 0.025538 0.039646 -0.193978
v 0.038170 0.039646 -0.191893
v 0.050639 0.039646 -0.188985
v 0.062890 0.039646 -0.185269
v 0.074873 0.039646 -0.180759
v 0.086535 0.039646 -0.175475
v 0.097826 0.039646 -0.169440
v 0.108699 0.039646 -0.162679
v 0.119105 0.039646 -0.155221
v 0.129002 0.039646 -0.147099
v 0.138347 0.039646 -0.138347
v 0.147099 0.039646 -0.129002
v 0.155221 0.039646 -0.119105
v 0.162679 0.039646 -0.108699
v 0.169440 0.039646 -0.097826
v 0.175475 0.039646 -0.086535
v 0.180759 0.039646 -0.074873
v 0.185269 0.039646 -0.062890
v 0.188985 0.039646 -0.050639
v 0.191893 0.039646 -0.038170
v 0.193978 0.039646 -0.025538
v 0.195233 0.039646 -0.012796
v 0.208696 0.035711 0.000000
v 0.208249 0.035711 0.013649
v 0.206910 0.035711 0.027240
v 0.204686 0.035711 0.040715
v 0.201585 0.035711 0.054014
v 0.197620 0.035711 0.067083
v 0.192810 0.035711 0.079864
v 0.187173 0.035711 0.092304
v 0.180736 0.035711 0.104348
v 0.173524 0.035711 0.115945
v 0.165569 0.035711 0.127046
v 0.156906 0.035711 0.137603
v 0.147570 0.035711 0.147570
v 0.137603 0.035711 0.156906
v 0.127046 0.035711 0.165569
v 0.115945 0.035711 0.173524
v 0.104348 0.035711 0.180736
v 0.092304 0.035711 0.187173
v 0.079864 0.035711 0.192810
v 0.067083 0.035711 0.197620
v 0.054014 0.035711 0.201585
v 0.040715 0.035711 0.204686
v 0.027240 0.035711 0.206910
v 0.013649 0.035711 0.208249
v 0.000000 0.035711 0.208696
v -0.013649 0.035711 0.208249
v -0.027240 0.035711 0.206910
v -0.040715 0.035711 0.204686
v -0.054014 0.035711 0.201585
v -0.067083 0.035711 0.197620
v -0.079864 0.035711 0.192810
v -0.092304 0.035711 0.187173
v -0.104348 0.035711 0.180736
v -0.115945 0.035711 0.173524
v -0.127046 0.035711 0.165569
v -0.137603 0.035711 0.156906
v -0.147570 0.035711 0.147570
v -0.156906 0.035711 0.137603
v -0.165569 0.035711 0.127046
v -0.173524 0.035711 0.115945
v -0.180736 0.035711 0.104348
v -0.187173 0.035711 0.092304
v -0.192810 0.035711 0.079864
v -0.197620 0.035711 0.067083
v -0.201585 0.035711 0.054014
v -0.204686 0.035711 0.040715
v -0.206910 0.035711 0.027240
v -0.208249 0.035711 0.013649
v -0.208696 0.035711 0.000000
v -0.208249 0.035711 -0.013649
v -0.206910 0.035711 -0.027240
v -0.204686 0.035711 -0.040715
v -0.201585 0.035711 -0.054014
v -0.197620 0.035711 -0.067083
v -0.192810 0.035711 -0.079864
v -0.187173 0.035711 -0.092304
v -0.180736 0.035711 -0.104348
v -0.173524 0.035711 -0.115945
v -0.165569 0.035711 -0.127046
v -0.156906 0.035711 -0.137603
v -0.147570 0.035711 -0.147570
v -0.137603 0.035711 -0.156906
v -0.127046 0.035711 -0.165569
v -0.115945 0.035711 -0.173524
v -0.104348 0.035711 -0.180736
v -0.092304 0.035711 -0.187173
v -0.079864 0.035711 -0.192810
v -0.067083 0.035711 -0.197620
v -0.054014 0.035711 -0.201585
v -0.040715 0.035711 -0.204686
v -0.027240 0.035711 -0.206910
v -0.013649 0.035711 -0.208249
v -0.000000 0.035711 -0.208696
v 0.013649 0.035711 -0.208249
v 0.027240 0.035711 -0.206910
v 0.040715 0.035711 -0.204686
v 0.054014 0.035711 -0.201585
v 0.067083 0.035711 -0.197620
v 0.079864 0.035711 -0.192810
v 0.092304 0.035711 -0.187173
v 0.104348 0.035711 -0.180736
v 0.115945 0.035711 -0.173524
v 0.127046 0.035711 -0.165569
v 0.137603 0.035711 -0.156906
v 0.147570 0.035711 -0.147570
v 0.156906 0.035711 -0.137603
v 0.165569 0.035711 -0.127046
v 0.173524 0.035711 -0.115945
v 0.180736 0.035711 -0.104348
v 0.187173 0.035711 -0.092304
v 0.192810 0.035711 -0.079864
v 0.197620 0.035711 -0.067083
v 0.201585 0.035711 -0.054014
v 0.204686 0.035711 -0.040715
v 0.206910 0.035711 -0.027240
v 0.208249 0.035711 -0.013649
v 0.221739 0.031496 0.000000
v 0.221264 0.031496 0.014502
v 0.219842 0.031496 0.028943
v 0.217478 0.031496 0.043259
v 0.214184 0.031496 0.057390
v 0.209971 0.031496 0.071276
v 0.204860 0.031496 0.084856
v 0.198872 0.031496 0.098073
v 0.192032 0.031496 0.110870
v 0.184369 0.031496 0.123192
v 0.175917 0.031496 0.134986
v 0.166712 0.031496 0.146203
v 0.156793 0.031496 0.156793
v 0.146203 0.031496 0.166712
v 0.134986 0.031496 0.175917
v 0.123192 0.031496 0.184369
v 0.110870 0.031496 0.192032
v 0.098073 0.031496 0.198872
v 0.084856 0.031496 0.204860
v 0.071276 0.031496 0.209971
v 0.057390 0.031496 0.214184
v 0.043259 0.031496 0.217478
v 0.028943 0.031496 0.219842
v 0.014502 0.031496 0.221264
v 0.000000 0.031496 0.221739
v -0.014502 0.031496 0.221264
v -0.028943 0.031496 0.219842
v -0.043259 0.031496 0.217478
v -0.057390 0.031496 0.214184
v -0.071276 0.031496 0.209971
v -0.084856 0.031496 0.204860
v -0.098073 0.031496 0.198872
v -0.110870 0.031496 0.192032
v -0.123192 0.031496 0.184369
v -0.134986 0.031496 0.175917
v -0.146203 0.031496 0.166712
v -0.156793 0.031496 0.156793
v -0.166712 0.031496 0.146203
v -0.175917 0.031496 0.134986
v -0.184369 0.031496 0.123192
v -0.192032 0.031496 0.110870
v -0.198872 0.031496 0.098073
v -0.204860 0.031496 0.084856
v -0.209971 0.031496 0.071276
v -0.214184 0.031496 0.057390
v -0.217478 0.031496 0.043259
v -0.219842 0.031496 0.028943
v -0.221264 0.031496 0.014502
v -0.221739 0.031496 0.000000
v -0.221264 0.031496 -0.014502
v -0.219842 0.031496 -0.028943
v -0.217478 0.031496 -0.043259
v -0.214184 0.031496 -0.057390
v -0.209971 0.031496 -0.071276
v -0.204860 0.031496 -0.084856
v -0.198872 0.031496 -0.098073
v -0.192032 0.031496 -0.110870
v -0.184369 0.031496 -0.123192
v -0.175917 0.031496 -0.134986
v -0.166712 0.031496 -0.146203
v -0.156793 0.031496 -0.156793
v -0.146203 0.031496 -0.166712
v -0.134986 0.031496 -0.175917
v -0.123192 0.031496 -0.184369
v -0.110870 0.031496 -0.192032
v -0.098073 0.031496 -0.198872
v -0.084856 0.031496 -0.204860
v -0.071276 0.031496 -0.209971
v -0.057390 0.031496 -0.214184
v -0.043259 0.031496 -0.217478
v -0.028943 0.031496 -0.219842
v -0.014502 0.031496 -0.221264
v -0.000000 0.031496 -0.221739
v 0.014502 0.031496 -0.221264
v 0.028943 0.031496 -0.219842
v 0.043259 0.031496 -0.217478
v 0.057390 0.031496 -0.214184
v 0.071276 0.031496 -0.209971
v 0.084856 0.031496 -0.204860
v 0.098073 0.031496 -0.198872
v 0.110870 0.031496 -0.192032
v 0.123192 0.031496 -0.184369
v 0.134986 0.031496 -0.175917
v 0.146203 0.031496 -0.166712
v 0.156793 0.031496 -0.156793
v 0.166712 0.031496 -0.146203
v 0.175917 0.031496 -0.134986
v 0.184369 0.031496 -0.123192
v 0.192032 0.031496 -0.110870
v 0.198872 0.031496 -0.098073
v 0.204860 0.031496 -0.084856
v 0.209971 0.031496 -0.071276
v 0.214184 0.031496 -0.057390
v 0.217478 0.031496 -0.043259
v 0.219842 0.031496 -0.028943
v 0.221264 0.031496 -0.014502
v 0.234783 0.026997 0.000000
v 0.234280 0.026997 0.015356
v 0.232774 0.026997 0.030645
v 0.230271 0.026997 0.045804
v 0.226783 0.026997 0.060766
v 0.222323 0.026997 0.075468
v 0.216911 0.026997 0.089847
v 0.210570 0.026997 0.103842
v 0.203328 0.026997 0.117391
v 0.195215 0.026997 0.130438
v 0.186266 0.026997 0.142927
v 0.176519 0.026997 0.154803
v 0.166016 0.026997 0.166016
v 0.154803 0.026997 0.176519
v 0.142927 0.026997 0.186266
v 0.130438 0.026997 0.195215
v 0.117391 0.026997 0.203328
v 0.103842 0.026997 0.210570
v 0.089847 0.026997 0.216911
v 0.075468 0.026997 0.222323
v 0.060766 0.026997 0.226783
v 0.045804 0.026997 0.230271
v 0.030645 0.026997 0.232774
v 0.015356 0.026997 0.234280
v 0.000000 0.026997 0.234783
v -0.015356 0.026997 0.234280
v -0.030645 0.026997 0.232774
v -0.045804 0.026997 0.230271
v -0.060766 0.026997 0.226783
v -0.075468 0.026997 0.222323
v -0.089847 0.026997 0.216911
v -0.103842 0.026997 0.210570
v -0.117391 0.026997 0.203328
v -0.130438 0.026997 0.195215
v -0.142927 0.026997 0.186266
v -0.154803 0.026997 0.176519
v -0.166016 0.026997 0.166016
v -0.176519 0.026997 0.154803
v -0.186266 0.026997 0.142927
v -0.195215 0.026997 0.130438
v -0.203328 0.026997 0.117391
v -0.210570 0.026997 0.103842
v -0.216911 0.026997 0.089847
v -0.222323 0.026997 0.075468
v -0.226783 0.026997 0.060766
v -0.230271 0.026997 0.045804
v -0.232774 0.026997 0.030645
v -0.234280 0.026997 0.015356
v -0.234783 0.026997 0.000000
v -0.234280 0.026997 -0.015356
v -0.232774 0.026997 -0.030645
v -0.230271 0.026997 -0.045804
v -0.226783 0.026997 -0.060766
v -0.222323 0.026997 -0.075468
v -0.216911 0.026997 -0.089847
v -0.210570 0.026997 -0.103842
v -0.203328 0.026997 -0.117391
v -0.195215 0.026997 -0.130438
v -0.186266 0.026997 -0.142927
v -0.176519 0.026997 -0.154803
v -0.166016 0.026997 -0.166016
v -0.154803 0.026997 -0.176519
v -0.142927 0.026997 -0.186266
v -0.130438 0.026997 -0.195215
v -0.117391 0.026997 -0.203328
v -0.103842 0.026997 -0.210570
v -0.089847 0.026997 -0.216911
v -0.075468 0.026997 -0.222323
v -0.060766 0.026997 -0.226783
v -0.045804 0.026997 -0.230271
v -0.030645 0.026997 -0.232774
v -0.015356 0.026997 -0.234280
v -0.000000 0.026997 -0.234783
v 0.015356 0.026997 -0.234280
v 0.030645 0.026997 -0.232774
v 0.045804 0.026997 -0.230271
v 0.060766 0.026997 -0.226783
v 0.075468 0.026997 -0.222323
v 0.089847 0.026997 -0.216911
v 0.103842 0.026997 -0.210570
v 0.117391 0.026997 -0.203328
v 0.130438 0.026997 -0.195215
v 0.142927 0.026997 -0.186266
v 0.154803 0.026997 -0.176519
v 0.166016 0.026997 -0.166016
v 0.176519 0.026997 -0.154803
v 0.186266 0.026997 -0.142927
v 0.195215 0.026997 -0.130438
v 0.203328 0.026997 -0.117391
v 0.210570 0.026997 -0.103842
v 0.216911 0.026997 -0.089847
v 0.222323 0.026997 -0.075468
v 0.226783 0.026997 -0.060766
v 0.230271 0.026997 -0.045804
v 0.232774 0.026997 -0.030645
v 0.234280 0.026997 -0.015356
v 0.247826 0.022206 0.000000
v 0.247295 0.022206 0.016209
v 0.245706 0.022206 0.032348
v 0.243064 0.022206 0.048348
v 0.239382 0.022206 0.064142
v 0.234674 0.022206 0.079661
v 0.228961 0.022206 0.094839
v 0.222268 0.022206 0.109611
v 0.214624 0.022206 0.123913
v 0.206060 0.022206 0.137685
v 0.196614 0.022206 0.150867
v 0.186326 0.022206 0.163403
v 0.175240 0.022206 0.175240
v 0.163403 0.022206 0.186326
v 0.150867 0.022206 0.196614
v 0.137685 0.022206 0.206060
v 0.123913 0.022206 0.214624
v 0.109611 0.022206 0.222268
v 0.094839 0.022206 0.228961
v 0.079661 0.022206 0.234674
v 0.064142 0.022206 0.239382
v 0.048348 0.022206 0.243064
v 0.032348 0.022206 0.245706
v 0.016209 0.022206 0.247295
v 0.000000 0.022206 0.247826
v -0.016209 0.022206 0.247295
v -0.032348 0.022206 0.245706
v -0.048348 0.022206 0.243064
v -0.064142 0.022206 0.239382
v -0.079661 0.022206 0.234674
v -0.094839 0.022206 0.228961
v -0.109611 0.022206 0.222268
v -0.123913 0.022206 0.214624
v -0.137685 0.022206 0.206060
v -0.150867 0.022206 0.196614
v -0.163403 0.022206 0.186326
v -0.175240 0.022206 0.175240
v -0.186326 0.022206 0.163403
v -0.196614 0.022206 0.150867
v -0.206060 0.022206 0.137685
v -0.214624 0.022206 0.123913
v -0.222268 0.022206 0.109611
v -0.228961 0.022206 0.094839
v -0.234674 0.022206 0.079661
v -0.239382 0.022206 0.064142
v -0.243064 0.022206 0.048348
v -0.245706 0.022206 0.032348
v -0.247295 0.022206 0.016209
v -0.247826 0.022206 0.000000
v -0.247295 0.022206 -0.016209
v -0.245706 0.022206 -0.032348
v -0.243064 0.022206 -0.048348
v -0.239382 0.022206 -0.064142
v -0.234674 0.022206 -0.079661
v -0.228961 0.022206 -0.094839
v -0.222268 0.022206 -0.109611
v -0.214624 0.022206 -0.123913
v -0.206060 0.022206 -0.137685
v -0.196614 0.022206 -0.150867
v -0.186326 0.022206 -0.163403
v -0.175240 0.022206 -0.175240
v -0.163403 0.022206 -0.186326
v -0.150867 0.022206 -0.196614
v -0.137685 0.022206 -0.206060
v -0.123913 0.022206 -0.214624
v -0.109611 0.022206 -0.222268
v -0.094839 0.022206 -0.228961
v -0.079661 0.022206 -0.234674
v -0.064142 0.022206 -0.239382
v -0.048348 0.022206 -0.243064
v -0.032348 0.022206 -0.245706
v -0.016209 0.022206 -0.247295
v -0.000000 0.022206 -0.247826
v 0.016209 0.022206 -0.247295
v 0.032348 0.022206 -0.245706
v 0.048348 0.022206 -0.243064
v 0.064142 0.022206 -0.239382
v 0.079661 0.022206 -0.234674
v 0.094839 0.022206 -0.228961
v 0.109611 0.022206 -0.222268
v 0.123913 0.022206 -0.214624
v 0.137685 0.022206 -0.206060
v 0.150867 0.022206 -0.196614
v 0.163403 0.022206 -0.186326
v 0.175240 0.022206 -0.175240
v 0.186326 0.022206 -0.163403
v 0.196614 0.022206 -0.150867
v 0.206060 0.022206 -0.137685
v 0.214624 0.022206 -0.123913
v 0.222268 0.022206 -0.109611
v 0.228961 0.022206 -0.094839
v 0.234674 0.022206 -0.079661
v 0.239382 0.022206 -0.064142
v 0.243064 0.022206 -0.048348
v 0.245706 0.022206 -0.032348
v 0.247295 0.022206 -0.016209
v 0.260870 0.017119 0.000000
v 0.260311 0.017119 0.017062
v 0.258638 0.017119 0.034050
v 0.255857 0.017119 0.050893
v 0.251981 0.017119 0.067518
v 0.247025 0.017119 0.083854
v 0.241012 0.017119 0.099830
v 0.233967 0.017119 0.115380
v 0.225920 0.017119 0.130435
v 0.216905 0.017119 0.144931
v 0.206962 0.017119 0.158807
v 0.196132 0.017119 0.172003
v 0.184463 0.017119 0.184463
v 0.172003 0.017119 0.196132
v 0.158807 0.017119 0.206962
v 0.144931 0.017119 0.216905
v 0.130435 0.017119 0.225920
v 0.115380 0.017119 0.233967
v 0.099830 0.017119 0.241012
v 0.083854 0.017119 0.247025
v 0.067518 0.017119 0.251981
v 0.050893 0.017119 0.255857
v 0.034050 0.017119 0.258638
v 0.017062 0.017119 0.260311
v 0.000000 0.017119 0.260870
v -0.017062 0.017119 0.260311
v -0.034050 0.017119 0.258638
v -0.050893 0.017119 0.255857
v -0.067518 0.017119 0.251981
v -0.083854 0.017119 0.247025
v -0.099830 0.017119 0.241012
v -0.115380 0.017119 0.233967
v -0.130435 0.017119 0.225920
v -0.144931 0.017119 0.216905
v -0.158807 0.017119 0.206962
v -0.172003 0.017119 0.196132
v -0.184463 0.017119 0.184463
v -0.196132 0.017119 0.172003
v -0.206962 0.017119 0.158807
v -0.216905 0.017119 0.144931
v -0.225920 0.017119 0.130435
v -0.233967 0.017119 0.115380
v -0.241012 0.017119 0.099830
v -0.247025 0.017119 0.083854
v -0.251981 0.017119 0.067518
v -0.255857 0.017119 0.050893
v -0.258638 0.017119 0.034050
v -0.260311 0.017119 0.017062
v -0.260870 0.017119 0.000000
v -0.260311 0.017119 -0.017062
v -0.258638 0.017119 -0.034050
v -0.255857 0.017119 -0.050893
v -0.251981 0.017119 -0.067518
v -0.247025 0.017119 -0.083854
v -0.241012 0.017119 -0.099830
v -0.233967 0.017119 -0.115380
v -0.225920 0.017119 -0.130435
v -0.216905 0.017119 -0.144931
v -0.206962 0.017119 -0.158807
v -0.196132 0.017119 -0.172003
v -0.184463 0.017119 -0.184463
v -0.172003 0.017119 -0.196132
v -0.158807 0.017119 -0.206962
v -0.144931 0.017119 -0.216905
v -0.130435 0.017119 -0.225920
v -0.115380 0.017119 -0.233967
v -0.099830 0.017119 -0.241012
v -0.083854 0.017119 -0.247025
v -0.067518 0.017119 -0.251981
v -0.050893 0.017119 -0.255857
v -0.034050 0.017119 -0.258638
v -0.017062 0.017119 -0.260311
v -0.000000 0.017119 -0.260870
v 0.017062 0.017119 -0.260311
v 0.034050 0.017119 -0.258638
v 0.050893 0.017119 -0.255857
v 0.067518 0.017119 -0.251981
v 0.083854 0.017119 -0.247025
v 0.099830 0.017119 -0.241012
v 0.115380 0.017119 -0.233967
v 0.130435 0.017119 -0.225920
v 0.144931 0.017119 -0.216905
v 0.158807 0.017119 -0.206962
v 0.172003 0.017119 -0.196132
v 0.184463 0.017119 -0.184463
v 0.196132 0.017119 -0.172003
v 0.206962 0.017119 -0.158807
v 0.216905 0.017119 -0.144931
v 0.225920 0.017119 -0.130435
v 0.233967 0.017119 -0.115380
v 0.241012 0.017119 -0.099830
v 0.247025 0.017119 -0.083854
v 0.251981 0.017119 -0.067518
v 0.255857 0.017119 -0.050893
v 0.258638 0.017119 -0.034050
v 0.260311 0.017119 -0.017062
v 0.273913 0.011727 0.000000
v 0.273327 0.011727 0.017915
v 0.271570 0.011727 0.035753
v 0.268650 0.011727 0.053438
v 0.264580 0.011727 0.070894
v 0.259377 0.011727 0.088046
v 0.253063 0.011727 0.104822
v 0.245665 0.011727 0.121149
v 0.237216 0.011727 0.136957
v 0.227750 0.011727 0.152178
v 0.217310 0.011727 0.166748
v 0.205939 0.011727 0.180603
v 0.193686 0.011727 0.193686
v 0.180603 0.011727 0.205939
v 0.166748 0.011727 0.217310
v 0.152178 0.011727 0.227750
v 0.136957 0.011727 0.237216
v 0.121149 0.011727 0.245665
v 0.104822 0.011727 0.253063
v 0.088046 0.011727 0.259377
v 0.070894 0.011727 0.264580
v 0.053438 0.011727 0.268650
v 0.035753 0.011727 0.271570
v 0.017915 0.011727 0.273327
v 0.000000 0.011727 0.273913
v -0.017915 0.011727 0.273327
v -0.035753 0.011727 0.271570
v -0.053438 0.011727 0.268650
v -0.070894 0.011727 0.264580
v -0.088046 0.011727 0.259377
v -0.104822 0.011727 0.253063
v -0.121149 0.011727 0.245665
v -0.136957 0.011727 0.237216
v -0.152178 0.011727 0.227750
v -0.166748 0.011727 0.217310
v -0.180603 0.011727 0.205939
v -0.193686 0.011727 0.193686
v -0.205939 0.011727 0.180603
v -0.217310 0.011727 0.166748
v -0.227750 0.011727 0.152178
v -0.237216 0.011727 0.136957
v -0.245665 0.011727 0.121149
v -0.253063 0.011727 0.104822
v -0.259377 0.011727 0.088046
v -0.264580 0.011727 0.070894
v -0.268650 0.011727 0.053438
v -0.271570 0.011727 0.035753
v -0.273327 0.011727 0.017915
v -0.273913 0.011727 0.000000
v -0.273327 0.011727 -0.017915
v -0.271570 0.011727 -0.035753
v -0.268650 0.011727 -0.053438
v -0.264580 0.011727 -0.070894
v -0.259377 0.011727 -0.088046
v -0.253063 0.011727 -0.104822
v -0.245665 0.011727 -0.121149
v -0.237216 0.011727 -0.136957
v -0.227750 0.011727 -0.152178
v -0.217310 0.011727 -0.166748
v -0.205939 0.011727 -0.180603
v -0.193686 0.011727 -0.193686
v -0.180603 0.011727 -0.205939
v -0.166748 0.011727 -0.217310
v -0.152178 0.011727 -0.227750
v -0.136957 0.011727 -0.237216
v -0.121149 0.011727 -0.245665
v -0.104822 0.011727 -0.253063
v -0.088046 0.011727 -0.259377
v -0.070894 0.011727 -0.264580
v -0.053438 0.011727 -0.268650
v -0.035753 0.011727 -0.271570
v -0.017915 0.011727 -0.273327
v -0.000000 0.011727 -0.273913
v 0.017915 0.011727 -0.273327
v 0.035753 0.011727 -0.271570
v 0.053438 0.011727 -0.268650
v 0.070894 0.011727 -0.264580
v 0.088046 0.011727 -0.259377
v 0.104822 0.011727 -0.253063
v 0.121149 0.011727 -0.245665
v 0.136957 0.011727 -0.237216
v 0.152178 0.011727 -0.227750
v 0.166748 0.011727 -0.217310
v 0.180603 0.011727 -0.205939
v 0.193686 0.011727 -0.193686
v 0.205939 0.011727 -0.180603
v 0.217310 0.011727 -0.166748
v 0.227750 0.011727 -0.152178
v 0.237216 0.011727 -0.136957
v 0.245665 0.011727 -0.121149
v 0.253063 0.011727 -0.104822
v 0.259377 0.011727 -0.088046
v 0.264580 0.011727 -0.070894
v 0.268650 0.011727 -0.053438
v 0.271570 0.011727 -0.035753
v 0.273327 0.011727 -0.017915
v 0.286957 0.006024 0.000000
v 0.286342 0.006024 0.018768
v 0.284502 0.006024 0.037455
v 0.281443 0.006024 0.055982
v 0.277179 0.006024 0.074270
v 0.271728 0.006024 0.092239
v 0.265113 0.006024 0.109814
v 0.257363 0.006024 0.126918
v 0.248512 0.006024 0.143478
v 0.238596 0.006024 0.159425
v 0.227658 0.006024 0.174688
v 0.215745 0.006024 0.189204
v 0.202909 0.006024 0.202909
v 0.189204 0.006024 0.215745
v 0.174688 0.006024 0.227658
v 0.159425 0.006024 0.238596
v 0.143478 0.006024 0.248512
v 0.126918 0.006024 0.257363
v 0.109814 0.006024 0.265113
v 0.092239 0.006024 0.271728
v 0.074270 0.006024 0.277179
v 0.055982 0.006024 0.281443
v 0.037455 0.006024 0.284502
v 0.018768 0.006024 0.286342
v 0.000000 0.006024 0.286957
v -0.018768 0.006024 0.286342
v -0.037455 0.006024 0.284502
v -0.055982 0.006024 0.281443
v -0.074270 0.006024 0.277179
v -0.092239 0.006024 0.271728
v -0.109814 0.006024 0.265113
v -0.126918 0.006024 0.257363
v -0.143478 0.006024 0.248512
v -0.159425 0.006024 0.238596
v -0.174688 0.006024 0.227658
v -0.189204 0.006024 0.215745
v -0.202909 0.006024 0.202909
v -0.215745 0.006024 0.189204
v -0.227658 0.006024 0.174688
v -0.238596 0.006024 0.159425
v -0.248512 0.006024 0.143478
v -0.257363 0.006024 0.126918
v -0.265113 0.006024 0.109814
v -0.271728 0.006024 0.092239
v -0.277179 0.006024 0.074270
v -0.281443 0.006024 0.055982
v -0.284502 0.006024 0.037455
v -0.286342 0.006024 0.018768
v -0.286957 0.006024 0.000000
v -0.286342 0.006024 -0.018768
v -0.284502 0.006024 -0.037455
v -0.281443 0.006024 -0.055982
v -0.277179 0.006024 -0.074270
v -0.271728 0.006024 -0.092239
v -0.265113 0.006024 -0.109814
v -0.257363 0.006024 -0.126918
v -0.248512 0.006024 -0.143478
v -0.238596 0.006024 -0.159425
v -0.227658 0.006024 -0.174688
v -0.215745 0.006024 -0.189204
v -0.202909 0.006024 -0.202909
v -0.189204 0.006024 -0.215745
v -0.174688 0.006024 -0.227658
v -0.159425 0.006024 -0.238596
v -0.143478 0.006024 -0.248512
v -0.126918 0.006024 -0.257363
v -0.109814 0.006024 -0.265113
v -0.092239 0.006024 -0.271728
v -0.074270 0.006024 -0.277179
v -0.055982 0.006024 -0.281443
v -0.037455 0.006024 -0.284502
v -0.018768 0.006024 -0.286342
v -0.000000 0.006024 -0.286957
v 0.018768 0.006024 -0.286342
v 0.037455 0.006024 -0.284502
v 0.055982 0.006024 -0.281443
v 0.074270 0.006024 -0.277179
v 0.092239 0.006024 -0.271728
v 0.109814 0.006024 -0.265113
v 0.126918 0.006024 -0.257363
v 0.143478 0.006024 -0.248512
v 0.159425 0.006024 -0.238596
v 0.174688 0.006024 -0.227658
v 0.189204 0.006024 -0.215745
v 0.202909 0.006024 -0.202909
v 0.215745 0.006024 -0.189204
v 0.227658 0.006024 -0.174688
v 0.238596 0.006024 -0.159425
v 0.248512 0.006024 -0.143478
v 0.257363 0.006024 -0.126918
v 0.265113 0.006024 -0.109814
v 0.271728 0.006024 -0.092239
v 0.277179 0.006024 -0.074270
v 0.281443 0.006024 -0.055982
v 0.284502 0.006024 -0.037455
v 0.286342 0.006024 -0.018768
v 0.300000 0.000000 0.000000
v 0.299358 0.000000 0.019621
v 0.297433 0.000000 0.039158
v 0.294236 0.000000 0.058527
v 0.289778 0.000000 0.077646
v 0.284079 0.000000 0.096432
v 0.277164 0.000000 0.114805
v 0.269062 0.000000 0.132687
v 0.259808 0.000000 0.150000
v 0.249441 0.000000 0.166671
v 0.238006 0.000000 0.182628
v 0.225552 0.000000 0.197804
v 0.212132 0.000000 0.212132
v 0.197804 0.000000 0.225552
v 0.182628 0.000000 0.238006
v 0.166671 0.000000 0.249441
v 0.150000 0.000000 0.259808
v 0.132687 0.000000 0.269062
v 0.114805 0.000000 0.277164
v 0.096432 0.000000 0.284079
v 0.077646 0.000000 0.289778
v 0.058527 0.000000 0.294236
v 0.039158 0.000000 0.297433
v 0.019621 0.000000 0.299358
v 0.000000 0.000000 0.300000
v -0.019621 0.000000 0.299358
v -0.039158 0.000000 0.297433
v -0.058527 0.000000 0.294236
v -0.077646 0.000000 0.289778
v -0.096432 0.000000 0.284079
v -0.114805 0.000000 0.277164
v -0.132687 0.000000 0.269062
v -0.150000 0.000000 0.259808
v -0.166671 0.000000 0.249441
v -0.182628 0.000000 0.238006
v -0.197804 0.000000 0.225552
v -0.212132 0.000000 0.212132
v -0.225552 0.000000 0.197804
v -0.238006 0.000000 0.182628
v -0.249441 0.000000 0.166671
v -0.259808 0.000000 0.150000
v -0.269062 0.000000 0.132687
v -0.277164 0.000000 0.114805
v -0.284079 0.000000 0.096432
v -0.289778 0.000000 0.077646
v -0.294236 0.000000 0.058527
v -0.297433 0.000000 0.039158
v -0.299358 0.000000 0.019621
v -0.300000 0.000000 0.000000
v -0.299358 0.000000 -0.019621
v -0.297433 0.000000 -0.039158
v -0.294236 0.000000 -0.058527
v -0.289778 0.000000 -0.077646
v -0.284079 0.000000 -0.096432
v -0.277164 0.000000 -0.114805
v -0.269062 0.000000 -0.132687
v -0.259808 0.000000 -0.150000
v -0.249441 0.000000 -0.166671
v -0.238006 0.000000 -0.182628
v -0.225552 0.000000 -0.197804
v -0.212132 0.000000 -0.212132
v -0.197804 0.000000 -0.225552
v -0.182628 0.000000 -0.238006
v -0.166671 0.000000 -0.249441
v -0.150000 0.000000 -0.259808
v -0.132687 0.000000 -0.269062
v -0.114805 0.000000 -0.277164
v -0.096432 0.000000 -0.284079
v -0.077646 0.000000 -0.289778
v -0.058527 0.000000 -0.294236
v -0.039158 0.000000 -0.297433
v -0.019621 0.000000 -0.299358
v -0.000000 0.000000 -0.300000
v 0.019621 0.000000 -0.299358
v 0.039158 0.000000 -0.297433
v 0.058527 0.000000 -0.294236
v 0.077646 0.000000 -0.289778
v 0.096432 0.000000 -0.284079
v 0.114805 0.000000 -0.277164
v 0.132687 0.000000 -0.269062
v 0.150000 0.000000 -0.259808
v 0.166671 0.000000 -0.249441
v 0.182628 0.000000 -0.238006
v 0.197804 0.000000 -0.225552
v 0.212132 0.000000 -0.212132
v 0.225552 0.000000 -0.197804
v 0.238006 0.000000 -0.182628
v 0.249441 0.000000 -0.166671
v 0.259808 0.000000 -0.150000
v 0.269062 0.000000 -0.132687
v 0.277164 0.000000 -0.114805
v 0.284079 0.000000 -0.096432
v 0.289778 0.000000 -0.077646
v 0.294236 0.000000 -0.058527
v 0.297433 0.000000 -0.039158
v 0.299358 0.000000 -0.019621
v 0.300000 0.000000 0.000000
v 0.299358 0.000000 0.019621
v 0.297433 0.000000 0.039158
v 0.294236 0.000000 0.058527
v 0.289778 0.000000 0.077646
v 0.284079 0.000000 0.096432
v 0.277164 0.000000 0.114805
v 0.269062 0.000000 0.132687
v 0.259808 0.000000 0.150000
v 0.249441 0.000000 0.166671
v 0.238006 0.000000 0.182628
v 0.225552 0.000000 0.197804
v 0.212132 0.000000 0.212132
v 0.197804 0.000000 0.225552
v 0.182628 0.000000 0.238006
v 0.166671 0.000000 0.249441
v 0.150000 0.000000 0.259808
v 0.132687 0.000000 0.269062
v 0.114805 0.000000 0.277164
v 0.096432 0.000000 0.284079
v 0.077646 0.000000 0.289778
v 0.058527 0.000000 0.294236
v 0.039158 0.000000 0.297433
v 0.019621 0.000000 0.299358
v 0.000000 0.000000 0.300000
v -0.019621 0.000000 0.299358
v -0.039158 0.000000 0.297433
v -0.058527 0.000000 0.294236
v -0.077646 0.000000 0.289778
v -0.096432 0.000000 0.284079
v -0.114805 0.000000 0.277164
v -0.132687 0.000000 0.269062
v -0.150000 0.000000 0.259808
v -0.166671 0.000000 0.249441
v -0.182628 0.000000 0.238006
v -0.197804 0.000000 0.225552
v -0.212132 0.000000 0.212132
v -0.225552 0.000000 0.197804
v -0.238006 0.000000 0.182628
v -0.249441 0.000000 0.166671
v -0.259808 0.000000 0.150000
v -0.269062 0.000000 0.132687
v -0.277164 0.000000 0.114805
v -0.284079 0.000000 0.096432
v -0.289778 0.000000 0.077646
v -0.294236 0.000000 0.058527
v -0.297433 0.000000 0.039158
v -0.299358 0.000000 0.019621
v -0.300000 0.000000 0.000000
v -0.299358 0.000000 -0.019621
v -0.297433 0.000000 -0.039158
v -0.294236 0.000000 -0.058527
v -0.289778 0.000000 -0.077646
v -0.284079 0.000000 -0.096432
v -0.277164 0.000000 -0.114805
v -0.269062 0.000000 -0.132687
v -0.259808 0.000000 -0.150000
v -0.249441 0.000000 -0.166671
v -0.238006 0.000000 -0.182628
v -0.225552 0.000000 -0.197804
v -0.212132 0.000000 -0.212132
v -0.197804 0.000000 -0.225552
v -0.182628 0.000000 -0.238006
v -0.166671 0.000000 -0.249441
v -0.150000 0.000000 -0.259808
v -0.132687 0.000000 -0.269062
v -0.114805 0.000000 -0.277164
v -0.096432 0.000000 -0.284079
v -0.077646 0.000000 -0.289778
v -0.058527 0.000000 -0.294236
v -0.039158 0.000000 -0.297433
v -0.019621 0.000000 -0.299358
v -0.000000 0.000000 -0.300000
v 0.019621 0.000000 -0.299358
v 0.039158 0.000000 -0.297433
v 0.058527 0.000000 -0.294236
v 0.077646 0.000000 -0.289778
v 0.096432 0.000000 -0.284079
v 0.114805 0.000000 -0.277164
v 0.132687 0.000000 -0.269062
v 0.150000 0.000000 -0.259808
v 0.166671 0.000000 -0.249441
v 0.182628 0.000000 -0.238006
v 0.197804 0.000000 -0.225552
v 0.212132 0.000000 -0.212132
v 0.225552 0.000000 -0.197804
v 0.238006 0.000000 -0.182628
v 0.249441 0.000000 -0.166671
v 0.259808 0.000000 -0.150000
v 0.269062 0.000000 -0.132687
v 0.277164 0.000000 -0.114805
v 0.284079 0.000000 -0.096432
v 0.289778 0.000000 -0.077646
v 0.294236 0.000000 -0.058527
v 0.297433 0.000000 -0.039158
v 0.299358 0.000000 -0.019621
v 0.300000 0.000000 0.000000
v 0.299358 0.000000 0.019621
v 0.297433 0.000000 0.039158
v 0.294236 0.000000 0.058527
v 0.289778 0.000000 0.077646
v 0.284079 0.000000 0.096432
v 0.277164 0.000000 0.114805
v 0.269062 0.000000 0.132687
v 0.259808 0.000000 0.150000
v 0.249441 0.000000 0.166671
v 0.238006 0.000000 0.182628
v 0.225552 0.000000 0.197804
v 0.212132 0.000000 0.212132
v 0.197804 0.000000 0.225552
v 0.182628 0.000000 0.238006
v 0.166671 0.000000 0.249441
v 0.150000 0.000000 0.259808
v 0.132687 0.000000 0.269062
v 0.114805 0.000000 0.277164
v 0.096432 0.000000 0.284079
v 0.077646 0.000000 0.289778
v 0.058527 0.000000 0.294236
v 0.039158 0.000000 0.297433
v 0.019621 0.000000 0.299358
v 0.000000 0.000000 0.300000
v -0.019621 0.000000 0.299358
v -0.039158 0.000000 0.297433
v -0.058527 0.000000 0.294236
v -0.077646 0.000000 0.289778
v -0.096432 0.000000 0.284079
v -0.114805 0.000000 0.277164
v -0.132687 0.000000 0.269062
v -0.150000 0.000000 0.259808
v -0.166671 0.000000 0.249441
v -0.182628 0.000000 0.238006
v -0.197804 0.000000 0.225552
v -0.212132 0.000000 0.212132
v -0.225552 0.000000 0.197804
v -0.238006 0.000000 0.182628
v -0.249441 0.000000 0.166671
v -0.259808 0.000000 0.150000
v -0.269062 0.000000 0.132687
v -0.277164 0.000000 0.114805
v -0.284079 0.000000 0.096432
v -0.289778 0.000000 0.077646
v -0.294236 0.000000 0.058527
v -0.297433 0.000000 0.039158
v -0.299358 0.000000 0.019621
v -0.300000 0.000000 0.000000
v -0.299358 0.000000 -0.019621
v -0.297433 0.000000 -0.039158
v -0.294236 0.000000 -0.058527
v -0.289778 0.000000 -0.077646
v -0.284079 0.000000 -0.096432
v -0.277164 0.000000 -0.114805
v -0.269062 0.000000 -0.132687
v -0.259808 0.000000 -0.150000
v -0.249441 0.000000 -0.166671
v -0.238006 0.000000 -0.182628
v -0.225552 0.000000 -0.197804
v -0.212132 0.000000 -0.212132
v -0.197804 0.000000 -0.225552
v -0.182628 0.000000 -0.238006
v -0.166671 0.000000 -0.249441
v -0.150000 0.000000 -0.259808
v -0.132687 0.000000 -0.269062
v -0.114805 0.000000 -0.277164
v -0.096432 0.000000 -0.284079
v -0.077646 0.000000 -0.289778
v -0.058527 0.000000 -0.294236
v -0.039158 0.000000 -0.297433
v -0.019621 0.000000 -0.299358
v -0.000000 0.000000 -0.300000
v 0.019621 0.000000 -0.299358
v 0.039158 0.000000 -0.297433
v 0.058527 0.000000 -0.294236
v 0.077646 0.000000 -0.289778
v 0.096432 0.000000 -0.284079
v 0.114805 0.000000 -0.277164
v 0.132687 0.000000 -0.269062
v 0.150000 0.000000 -0.259808
v 0.166671 0.000000 -0.249441
v 0.182628 0.000000 -0.238006
v 0.197804 0.000000 -0.225552
v 0.212132 0.000000 -0.212132
v 0.225552 0.000000 -0.197804
v 0.238006 0.000000 -0.182628
v 0.249441 0.000000 -0.166671
v 0.259808 0.000000 -0.150000
v 0.269062 0.000000 -0.132687
v 0.277164 0.000000 -0.114805
v 0.284079 0.000000 -0.096432
v 0.289778 0.000000 -0.077646
v 0.294236 0.000000 -0.058527
v 0.297433 0.000000 -0.039158
v 0.299358 0.000000 -0.019621
v 0.300000 -0.000000 0.000000
v 0.299358 -0.000000 0.019621
v 0.297433 -0.000000 0.039158
v 0.294236 -0.000000 0.058527
v 0.289778 -0.000000 0.077646
v 0.284079 -0.000000 0.096432
v 0.277164 -0.000000 0.114805
v 0.269062 -0.000000 0.132687
v 0.259808 -0.000000 0.150000
v 0.249441 -0.000000 0.166671
v 0.238006 -0.000000 0.182628
v 0.225552 -0.000000 0.197804
v 0.212132 -0.000000 0.212132
v 0.197804 -0.000000 0.225552
v 0.182628 -0.000000 0.238006
v 0.166671 -0.000000 0.249441
v 0.150000 -0.000000 0.259808
v 0.132687 -0.000000 0.269062
v 0.114805 -0.000000 0.277164
v 0.096432 -0.000000 0.284079
v 0.077646 -0.000000 0.289778
v 0.058527 -0.000000 0.294236
v 0.039158 -0.000000 0.297433
v 0.019621 -0.000000 0.299358
v 0.000000 -0.000000 0.300000
v -0.019621 -0.000000 0.299358
v -0.039158 -0.000000 0.297433
v -0.058527 -0.000000 0.294236
v -0.077646 -0.000000 0.289778
v -0.096432 -0.000000 0.284079
v -0.114805 -0.000000 0.277164
v -0.132687 -0.000000 0.269062
v -0.150000 -0.000000 0.259808
v -0.166671 -0.000000 0.249441
v -0.182628 -0.000000 0.238006
v -0.197804 -0.000000 0.225552
v -0.212132 -0.000000 0.212132
v -0.225552 -0.000000 0.197804
v -0.238006 -0.000000 0.182628
v -0.249441 -0.000000 0.166671
v -0.259808 -0.000000 0.150000
v -0.269062 -0.000000 0.132687
v -0.277164 -0.000000 0.114805
v -0.284079 -0.000000 0.096432
v -0.289778 -0.000000 0.077646
v -0.294236 -0.000000 0.058527
v -0.297433 -0.000000 0.039158
v -0.299358 -0.000000 0.019621
v -0.300000 -0.000000 0.000000
v -0.299358 -0.000000 -0.019621
v -0.297433 -0.000000 -0.039158
v -0.294236 -0.000000 -0.058527
v -0.289778 -0.000000 -0.077646
v -0.284079 -0.000000 -0.096432
v -0.277164 -0.000000 -0.114805
v -0.269062 -0.000000 -0.132687
v -0.259808 -0.000000 -0.150000
v -0.249441 -0.000000 -0.166671
v -0.238006 -0.000000 -0.182628
v -0.225552 -0.000000 -0.197804
v -0.212132 -0.000000 -0.212132
v -0.197804 -0.000000 -0.225552
v -0.182628 -0.000000 -0.238006
v -0.166671 -0.000000 -0.249441
v -0.150000 -0.000000 -0.259808
v -0.132687 -0.000000 -0.269062
v -0.114805 -0.000000 -0.277164
v -0.096432 -0.000000 -0.284079
v -0.077646 -0.000000 -0.289778
v -0.058527 -0.000000 -0.294236
v -0.039158 -0.000000 -0.297433
v -0.019621 -0.000000 -0.299358
v -0.000000 -0.000000 -0.300000
v 0.019621 -0.000000 -0.299358
v 0.039158 -0.000000 -0.297433
v 0.058527 -0.000000 -0.294236
v 0.077646 -0.000000 -0.289778
v 0.096432 -0.000000 -0.284079
v 0.114805 -0.000000 -0.277164
v 0.132687 -0.000000 -0.269062
v 0.150000 -0.000000 -0.259808
v 0.166671 -0.000000 -0.249441
v 0.182628 -0.000000 -0.238006
v 0.197804 -0.000000 -0.225552
v 0.212132 -0.000000 -0.212132
v 0.225552 -0.000000 -0.197804
v 0.238006 -0.000000 -0.182628
v 0.249441 -0.000000 -0.166671
v 0.259808 -0.000000 -0.150000
v 0.269062 -0.000000 -0.132687
v 0.277164 -0.000000 -0.114805
v 0.284079 -0.000000 -0.096432
v 0.289778 -0.000000 -0.077646
v 0.294236 -0.000000 -0.058527
v 0.297433 -0.000000 -0.039158
v 0.299358 -0.000000 -0.019621
v 0.286957 -0.006024 0.000000
v 0.286342 -0.006024 0.018768
v 0.284502 -0.006024 0.037455
v 0.281443 -0.006024 0.055982
v 0.277179 -0.006024 0.074270
v 0.271728 -0.006024 0.092239
v 0.265113 -0.006024 0.109814
v 0.257363 -0.006024 0.126918
v 0.248512 -0.006024 0.143478
v 0.238596 -0.006024 0.159425
v 0.227658 -0.006024 0.174688
v 0.215745 -0.006024 0.189204
v 0.202909 -0.006024 0.202909
v 0.189204 -0.006024 0.215745
v 0.174688 -0.006024 0.227658
v 0.159425 -0.006024 0.238596
v 0.143478 -0.006024 0.248512
v 0.126918 -0.006024 0.257363
v 0.109814 -0.006024 0.265113
v 0.092239 -0.006024 0.271728
v 0.074270 -0.006024 0.277179
v 0.055982 -0.006024 0.281443
v 0.037455 -0.006024 0.284502
v 0.018768 -0.006024 0.286342
v 0.000000 -0.006024 0.286957
v -0.018768 -0.006024 0.286342
v -0.037455 -0.006024 0.284502
v -0.055982 -0.006024 0.281443
v -0.074270 -0.006024 0.277179
v -0.092239 -0.006024 0.271728
v -0.109814 -0.006024 0.265113
v -0.126918 -0.006024 0.257363
v -0.143478 -0.006024 0.248512
v -0.159425 -0.006024 0.238596
v -0.174688 -0.006024 0.227658
v -0.189204 -0.006024 0.215745
v -0.202909 -0.006024 0.202909
v -0.215745 -0.006024 0.189204
v -0.227658 -0.006024 0.174688
v -0.238596 -0.006024 0.159425
v -0.248512 -0.006024 0.143478
v -0.257363 -0.006024 0.126918
v -0.265113 -0.006024 0.109814
v -0.271728 -0.006024 0.092239
v -0.277179 -0.006024 0.074270
v -0.281443 -0.006024 0.055982
v -0.284502 -0.006024 0.037455
v -0.286342 -0.006024 0.018768
v -0.286957 -0.006024 0.000000
v -0.286342 -0.006024 -0.018768
v -0.284502 -0.006024 -0.037455
v -0.281443 -0.006024 -0.055982
v -0.277179 -0.006024 -0.074270
v -0.271728 -0.006024 -0.092239
v -0.265113 -0.006024 -0.109814
v -0.257363 -0.006024 -0.126918
v -0.248512 -0.006024 -0.143478
v -0.238596 -0.006024 -0.159425
v -0.227658 -0.006024 -0.174688
v -0.215745 -0.006024 -0.189204
v -0.202909 -0.006024 -0.202909
v -0.189204 -0.006024 -0.215745
v -0.174688 -0.006024 -0.227658
v -0.159425 -0.006024 -0.238596
v -0.143478 -0.006024 -0.248512
v -0.126918 -0.006024 -0.257363
v -0.109814 -0.006024 -0.265113
v -0.092239 -0.006024 -0.271728
v -0.074270 -0.006024 -0.277179
v -0.055982 -0.006024 -0.281443
v -0.037455 -0.006024 -0.284502
v -0.018768 -0.006024 -0.286342
v -0.000000 -0.006024 -0.286957
v 0.018768 -0.006024 -0.286342
v 0.037455 -0.006024 -0.284502
v 0.055982 -0.006024 -0.281443
v 0.074270 -0.006024 -0.277179
v 0.092239 -0.006024 -0.271728
v 0.109814 -0.006024 -0.265113
v 0.126918 -0.006024 -0.257363
v 0.143478 -0.006024 -0.248512
v 0.159425 -0.006024 -0.238596
v 0.174688 -0.006024 -0.227658
v 0.189204 -0.006024 -0.215745
v 0.202909 -0.006024 -0.202909
v 0.215745 -0.006024 -0.189204
v 0.227658 -0.006024 -0.174688
v 0.238596 -0.006024 -0.159425
v 0.248512 -0.006024 -0.143478
v 0.257363 -0.006024 -0.126918
v 0.265113 -0.006024 -0.109814
v 0.271728 -0.006024 -0.092239
v 0.277179 -0.006024 -0.074270
v 0.281443 -0.006024 -0.055982
v 0.284502 -0.006024 -0.037455
v 0.286342 -0.006024 -0.018768
v 0.273913 -0.011727 0.000000
v 0.273327 -0.011727 0.017915
v 0.271570 -0.011727 0.035753
v 0.268650 -0.011727 0.053438
v 0.264580 -0.011727 0.070894
v 0.259377 -0.011727 0.088046
v 0.253063 -0.011727 0.104822
v 0.245665 -0.011727 0.121149
v 0.237216 -0.011727 0.136957
v 0.227750 -0.011727 0.152178
v 0.217310 -0.011727 0.166748
v 0.205939 -0.011727 0.180603
v 0.193686 -0.011727 0.193686
v 0.180603 -0.011727 0.205939
v 0.166748 -0.011727 0.217310
v 0.152178 -0.011727 0.227750
v 0.136957 -0.011727 0.237216
v 0.121149 -0.011727 0.245665
v 0.104822 -0.011727 0.253063
v 0.088046 -0.011727 0.259377
v 0.070894 -0.011727 0.264580
v 0.053438 -0.011727 0.268650
v 0.035753 -0.011727 0.271570
v 0.017915 -0.011727 0.273327
v 0.000000 -0.011727 0.273913
v -0.017915 -0.011727 0.273327
v -0.035753 -0.011727 0.271570
v -0.053438 -0.011727 0.268650
v -0.070894 -0.011727 0.264580
v -0.088046 -0.011727 0.259377
v -0.104822 -0.011727 0.253063
v -0.121149 -0.011727 0.245665
v -0.136957 -0.011727 0.237216
v -0.152178 -0.011727 0.227750
v -0.166748 -0.011727 0.217310
v -0.180603 -0.011727 0.205939
v -0.193686 -0.011727 0.193686
v -0.205939 -0.011727 0.180603
v -0.217310 -0.011727 0.166748
v -0.227750 -0.011727 0.152178
v -0.237216 -0.011727 0.136957
v -0.245665 -0.011727 0.121149
v -0.253063 -0.011727 0.104822
v -0.259377 -0.011727 0.088046
v -0.264580 -0.011727 0.070894
v -0.268650 -0.011727 0.053438
v -0.271570 -0.011727 0.035753
v -0.273327 -0.011727 0.017915
v -0.273913 -0.011727 0.000000
v -0.273327 -0.011727 -0.017915
v -0.271570 -0.011727 -0.035753
v -0.268650 -0.011727 -0.053438
v -0.264580 -0.011727 -0.070894
v -0.259377 -0.011727 -0.088046
v -0.253063 -0.011727 -0.104822
v -0.245665 -0.011727 -0.121149
v -0.237216 -0.011727 -0.136957
v -0.227750 -0.011727 -0.152178
v -0.217310 -0.011727 -0.166748
v -0.205939 -0.011727 -0.180603
v -0.193686 -0.011727 -0.193686
v -0.180603 -0.011727 -0.205939
v -0.166748 -0.011727 -0.217310
v -0.152178 -0.011727 -0.227750
v -0.136957 -0.011727 -0.237216
v -0.121149 -0.011727 -0.245665
v -0.104822 -0.011727 -0.253063
v -0.088046 -0.011727 -0.259377
v -0.070894 -0.011727 -0.264580
v -0.053438 -0.011727 -0.268650
v -0.035753 -0.011727 -0.271570
v -0.017915 -0.011727 -0.273327
v -0.000000 -0.011727 -0.273913
v 0.017915 -0.011727 -0.273327
v 0.035753 -0.011727 -0.271570
v 0.053438 -0.011727 -0.268650
v 0.070894 -0.011727 -0.264580
v 0.088046 -0.011727 -0.259377
v 0.104822 -0.011727 -0.253063
v 0.121149 -0.011727 -0.245665
v 0.136957 -0.011727 -0.237216
v 0.152178 -0.011727 -0.227750
v 0.166748 -0.011727 -0.217310
v 0.180603 -0.011727 -0.205939
v 0.193686 -0.011727 -0.193686
v 0.205939 -0.011727 -0.180603
v 0.217310 -0.011727 -0.166748
v 0.227750 -0.011727 -0.152178
v 0.237216 -0.011727 -0.136957
v 0.245665 -0.011727 -0.121149
v 0.253063 -0.011727 -0.104822
v 0.259377 -0.011727 -0.088046
v 0.264580 -0.011727 -0.070894
v 0.268650 -0.011727 -0.053438
v 0.271570 -0.011727 -0.035753
v 0.273327 -0.011727 -0.017915
v 0.260870 -0.017119 0.000000
v 0.260311 -0.017119 0.017062
v 0.258638 -0.017119 0.034050
v 0.255857 -0.017119 0.050893
v 0.251981 -0.017119 0.067518
v 0.247025 -0.017119 0.083854
v 0.241012 -0.017119 0.099830
v 0.233967 -0.017119 0.115380
v 0.225920 -0.017119 0.130435
v 0.216905 -0.017119 0.144931
v 0.206962 -0.017119 0.158807
v 0.196132 -0.017119 0.172003
v 0.184463 -0.017119 0.184463
v 0.172003 -0.017119 0.196132
v 0.158807 -0.017119 0.206962
v 0.144931 -0.017119 0.216905
v 0.130435 -0.017119 0.225920
v 0.115380 -0.017119 0.233967
v 0.099830 -0.017119 0.241012
v 0.083854 -0.017119 0.247025
v 0.067518 -0.017119 0.251981
v 0.050893 -0.017119 0.255857
v 0.034050 -0.017119 0.258638
v 0.017062 -0.017119 0.260311
v 0.000000 -0.017119 0.260870
v -0.017062 -0.017119 0.260311
v -0.034050 -0.017119 0.258638
v -0.050893 -0.017119 0.255857
v -0.067518 -0.017119 0.251981
v -0.083854 -0.017119 0.247025
v -0.099830 -0.017119 0.241012
v -0.115380 -0.017119 0.233967
v -0.130435 -0.017119 0.225920
v -0.144931 -0.017119 0.216905
v -0.158807 -0.017119 0.206962
v -0.172003 -0.017119 0.196132
v -0.184463 -0.017119 0.184463
v -0.196132 -0.017119 0.172003
v -0.206962 -0.017119 0.158807
v -0.216905 -0.017119 0.144931
v -0.225920 -0.017119 0.130435
v -0.233967 -0.017119 0.115380
v -0.241012 -0.017119 0.099830
v -0.247025 -0.017119 0.083854
v -0.251981 -0.017119 0.067518
v -0.255857 -0.017119 0.050893
v -0.258638 -0.017119 0.034050
v -0.260311 -0.017119 0.017062
v -0.260870 -0.017119 0.000000
v -0.260311 -0.017119 -0.017062
v -0.258638 -0.017119 -0.034050
v -0.255857 -0.017119 -0.050893
v -0.251981 -0.017119 -0.067518
v -0.247025 -0.017119 -0.083854
v -0.241012 -0.017119 -0.099830
v -0.233967 -0.017119 -0.115380
v -0.225920 -0.017119 -0.130435
v -0.216905 -0.017119 -0.144931
v -0.206962 -0.017119 -0.158807
v -0.196132 -0.017119 -0.172003
v -0.184463 -0.017119 -0.184463
v -0.172003 -0.017119 -0.196132
v -0.158807 -0.017119 -0.206962
v -0.144931 -0.017119 -0.216905
v -0.130435 -0.017119 -0.225920
v -0.115380 -0.017119 -0.233967
v -0.099830 -0.017119 -0.241012
v -0.083854 -0.017119 -0.247025
v -0.067518 -0.017119 -0.251981
v -0.050893 -0.017119 -0.255857
v -0.034050 -0.017119 -0.258638
v -0.017062 -0.017119 -0.260311
v -0.000000 -0.017119 -0.260870
v 0.017062 -0.017119 -0.260311
v 0.034050 -0.017119 -0.258638
v 0.050893 -0.017119 -0.255857
v 0.067518 -0.017119 -0.251981
v 0.083854 -0.017119 -0.247025
v 0.099830 -0.017119 -0.241012
v 0.115380 -0.017119 -0.233967
v 0.130435 -0.017119 -0.225920
v 0.144931 -0.017119 -0.216905
v 0.158807 -0.017119 -0.206962
v 0.172003 -0.017119 -0.196132
v 0.184463 -0.017119 -0.184463
v 0.196132 -0.017119 -0.172003
v 0.206962 -0.017119 -0.158807
v 0.216905 -0.017119 -0.144931
v 0.225920 -0.017119 -0.130435
v 0.233967 -0.017119 -0.115380
v 0.241012 -0.017119 -0.099830
v 0.247025 -0.017119 -0.083854
v 0.251981 -0.017119 -0.067518
v 0.255857 -0.017119 -0.050893
v 0.258638 -0.017119 -0.034050
v 0.260311 -0.017119 -0.017062
v 0.247826 -0.022206 0.000000
v 0.247295 -0.022206 0.016209
v 0.245706 -0.022206 0.032348
v 0.243064 -0.022206 0.048348
v 0.239382 -0.022206 0.064142
v 0.234674 -0.022206 0.079661
v 0.228961 -0.022206 0.094839
v 0.222268 -0.022206 0.109611
v 0.214624 -0.022206 0.123913
v 0.206060 -0.022206 0.137685
v 0.196614 -0.022206 0.150867
v 0.186326 -0.022206 0.163403
v 0.175240 -0.022206 0.175240
v 0.163403 -0.022206 0.186326
v 0.150867 -0.022206 0.196614
v 0.137685 -0.022206 0.206060
v 0.123913 -0.022206 0.214624
v 0.109611 -0.022206 0.222268
v 0.094839 -0.022206 0.228961
v 0.079661 -0.022206 0.234674
v 0.064142 -0.022206 0.239382
v 0.048348 -0.022206 0.243064
v 0.032348 -0.022206 0.245706
v 0.016209 -0.022206 0.247295
v 0.000000 -0.022206 0.247826
v -0.016209 -0.022206 0.247295
v -0.032348 -0.022206 0.245706
v -0.048348 -0.022206 0.243064
v -0.064142 -0.022206 0.239382
v -0.079661 -0.022206 0.234674
v -0.094839 -0.022206 0.228961
v -0.109611 -0.022206 0.222268
v -0.123913 -0.022206 0.214624
v -0.137685 -0.022206 0.206060
v -0.150867 -0.022206 0.196614
v -0.163403 -0.022206 0.186326
v -0.175240 -0.022206 0.175240
v -0.186326 -0.022206 0.163403
v -0.196614 -0.022206 0.150867
v -0.206060 -0.022206 0.137685
v -0.214624 -0.022206 0.123913
v -0.222268 -0.022206 0.109611
v -0.228961 -0.022206 0.094839
v -0.234674 -0.022206 0.079661
v -0.239382 -0.022206 0.064142
v -0.243064 -0.022206 0.048348
v -0.245706 -0.022206 0.032348
v -0.247295 -0.022206 0.016209
v -0.247826 -0.022206 0.000000
v -0.247295 -0.022206 -0.016209
v -0.245706 -0.022206 -0.032348
v -0.243064 -0.022206 -0.048348
v -0.239382 -0.022206 -0.064142
v -0.234674 -0.022206 -0.079661
v -0.228961 -0.022206 -0.094839
v -0.222268 -0.022206 -0.109611
v -0.214624 -0.022206 -0.123913
v -0.206060 -0.022206 -0.137685
v -0.196614 -0.022206 -0.150867
v -0.186326 -0.022206 -0.163403
v -0.175240 -0.022206 -0.175240
v -0.163403 -0.022206 -0.186326
v -0.150867 -0.022206 -0.196614
v -0.137685 -0.022206 -0.206060
v -0.123913 -0.022206 -0.214624
v -0.109611 -0.022206 -0.222268
v -0.094839 -0.022206 -0.228961
v -0.079661 -0.022206 -0.234674
v -0.064142 -0.022206 -0.239382
v -0.048348 -0.022206 -0.243064
v -0.032348 -0.022206 -0.245706
v -0.016209 -0.022206 -0.247295
v -0.000000 -0.022206 -0.247826
v 0.016209 -0.022206 -0.247295
v 0.032348 -0.022206 -0.245706
v 0.048348 -0.022206 -0.243064
v 0.064142 -0.022206 -0.239382
v 0.079661 -0.022206 -0.234674
v 0.094839 -0.022206 -0.228961
v 0.109611 -0.022206 -0.222268
v 0.123913 -0.022206 -0.214624
v 0.137685 -0.022206 -0.206060
v 0.150867 -0.022206 -0.196614
v 0.163403 -0.022206 -0.186326
v 0.175240 -0.022206 -0.175240
v 0.186326 -0.022206 -0.163403
v 0.196614 -0.022206 -0.150867
v 0.206060 -0.022206 -0.137685
v 0.214624 -0.022206 -0.123913
v 0.222268 -0.022206 -0.109611
v 0.228961 -0.022206 -0.094839
v 0.234674 -0.022206 -0.079661
v 0.239382 -0.022206 -0.064142
v 0.243064 -0.022206 -0.048348
v 0.245706 -0.022206 -0.032348
v 0.247295 -0.022206 -0.016209
v 0.234783 -0.026997 0.000000
v 0.234280 -0.026997 0.015356
v 0.232774 -0.026997 0.030645
v 0.230271 -0.026997 0.045804
v 0.226783 -0.026997 0.060766
v 0.222323 -0.026997 0.075468
v 0.216911 -0.026997 0.089847
v 0.210570 -0.026997 0.103842
v 0.203328 -0.026997 0.117391
v 0.195215 -0.026997 0.130438
v 0.186266 -0.026997 0.142927
v 0.176519 -0.026997 0.154803
v 0.166016 -0.026997 0.166016
v 0.154803 -0.026997 0.176519
v 0.142927 -0.026997 0.186266
v 0.130438 -0.026997 0.195215
v 0.117391 -0.026997 0.203328
v 0.103842 -0.026997 0.210570
v 0.089847 -0.026997 0.216911
v 0.075468 -0.026997 0.222323
v 0.060766 -0.026997 0.226783
v 0.045804 -0.026997 0.230271
v 0.030645 -0.026997 0.232774
v 0.015356 -0.026997 0.234280
v 0.000000 -0.026997 0.234783
v -0.015356 -0.026997 0.234280
v -0.030645 -0.026997 0.232774
v -0.045804 -0.026997 0.230271
v -0.060766 -0.026997 0.226783
v -0.075468 -0.026997 0.222323
v -0.089847 -0.026997 0.216911
v -0.103842 -0.026997 0.210570
v -0.117391 -0.026997 0.203328
v -0.130438 -0.026997 0.195215
v -0.142927 -0.026997 0.186266
v -0.154803 -0.026997 0.176519
v -0.166016 -0.026997 0.166016
v -0.176519 -0.026997 0.154803
v -0.186266 -0.026997 0.142927
v -0.195215 -0.026997 0.130438
v -0.203328 -0.026997 0.117391
v -0.210570 -0.026997 0.103842
v -0.216911 -0.026997 0.089847
v -0.222323 -0.026997 0.075468
v -0.226783 -0.026997 0.060766
v -0.230271 -0.026997 0.045804
v -0.232774 -0.026997 0.030645
v -0.234280 -0.026997 0.015356
v -0.234783 -0.026997 0.000000
v -0.234280 -0.026997 -0.015356
v -0.232774 -0.026997 -0.030645
v -0.230271 -0.026997 -0.045804
v -0.226783 -0.026997 -0.060766
v -0.222323 -0.026997 -0.075468
v -0.216911 -0.026997 -0.089847
v -0.210570 -0.026997 -0.103842
v -0.203328 -0.026997 -0.117391
v -0.195215 -0.026997 -0.130438
v -0.186266 -0.026997 -0.142927
v -0.176519 -0.026997 -0.154803
v -0.166016 -0.026997 -0.166016
v -0.154803 -0.026997 -0.176519
v -0.142927 -0.026997 -0.186266
v -0.130438 -0.026997 -0.195215
v -0.117391 -0.026997 -0.203328
v -0.103842 -0.026997 -0.210570
v -0.089847 -0.026997 -0.216911
v -0.075468 -0.026997 -0.222323
v -0.060766 -0.026997 -0.226783
v -0.045804 -0.026997 -0.230271
v -0.030645 -0.026997 -0.232774
v -0.015356 -0.026997 -0.234280
v -0.000000 -0.026997 -0.234783
v 0.015356 -0.026997 -0.234280
v 0.030645 -0.026997 -0.232774
v 0.045804 -0.026997 -0.230271
v 0.060766 -0.026997 -0.226783
v 0.075468 -0.026997 -0.222323
v 0.089847 -0.026997 -0.216911
v 0.103842 -0.026997 -0.210570
v 0.117391 -0.026997 -0.203328
v 0.130438 -0.026997 -0.195215
v 0.142927 -0.026997 -0.186266
v 0.154803 -0.026997 -0.176519
v 0.166016 -0.026997 -0.166016
v 0.176519 -0.026997 -0.154803
v 0.186266 -0.026997 -0.142927
v 0.195215 -0.026997 -0.130438
v 0.203328 -0.026997 -0.117391
v 0.210570 -0.026997 -0.103842
v 0.216911 -0.026997 -0.089847
v 0.222323 -0.026997 -0.075468
v 0.226783 -0.026997 -0.060766
v 0.230271 -0.026997 -0.045804
v 0.232774 -0.026997 -0.030645
v 0.234280 -0.026997 -0.015356
v 0.221739 -0.031496 0.000000
v 0.221264 -0.031496 0.014502
v 0.219842 -0.031496 0.028943
v 0.217478 -0.031496 0.043259
v 0.214184 -0.031496 0.057390
v 0.209971 -0.031496 0.071276
v 0.204860 -0.031496 0.084856
v 0.198872 -0.031496 0.098073
v 0.192032 -0.031496 0.110870
v 0.184369 -0.031496 0.123192
v 0.175917 -0.031496 0.134986
v 0.166712 -0.031496 0.146203
v 0.156793 -0.031496 0.156793
v 0.146203 -0.031496 0.166712
v 0.134986 -0.031496 0.175917
v 0.123192 -0.031496 0.184369
v 0.110870 -0.031496 0.192032
v 0.098073 -0.031496 0.198872
v 0.084856 -0.031496 0.204860
v 0.071276 -0.031496 0.209971
v 0.057390 -0.031496 0.214184
v 0.043259 -0.031496 0.217478
v 0.028943 -0.031496 0.219842
v 0.014502 -0.031496 0.221264
v 0.000000 -0.031496 0.221739
v -0.014502 -0.031496 0.221264
v -0.028943 -0.031496 0.219842
v -0.043259 -0.031496 0.217478
v -0.057390 -0.031496 0.214184
v -0.071276 -0.031496 0.209971
v -0.084856 -0.031496 0.204860
v -0.098073 -0.031496 0.198872
v -0.110870 -0.031496 0.192032
v -0.123192 -0.031496 0.184369
v -0.134986 -0.031496 0.175917
v -0.146203 -0.031496 0.166712
v -0.156793 -0.031496 0.156793
v -0.166712 -0.031496 0.146203
v -0.175917 -0.031496 0.134986
v -0.184369 -0.031496 0.123192
v -0.192032 -0.031496 0.110870
v -0.198872 -0.031496 0.098073
v -0.204860 -0.031496 0.084856
v -0.209971 -0.031496 0.071276
v -0.214184 -0.031496 0.057390
v -0.217478 -0.031496 0.043259
v -0.219842 -0.031496 0.028943
v -0.221264 -0.031496 0.014502
v -0.221739 -0.031496 0.000000
v -0.221264 -0.031496 -0.014502
v -0.219842 -0.031496 -0.028943
v -0.217478 -0.031496 -0.043259
v -0.214184 -0.031496 -0.057390
v -0.209971 -0.031496 -0.071276
v -0.204860 -0.031496 -0.084856
v -0.198872 -0.031496 -0.098073
v -0.192032 -0.031496 -0.110870
v -0.184369 -0.031496 -0.123192
v -0.175917 -0.031496 -0.134986
v -0.166712 -0.031496 -0.146203
v -0.156793 -0.031496 -0.156793
v -0.146203 -0.031496 -0.166712
v -0.134986 -0.031496 -0.175917
v -0.123192 -0.031496 -0.184369
v -0.110870 -0.031496 -0.192032
v -0.098073 -0.031496 -0.198872
v -0.084856 -0.031496 -0.204860
v -0.071276 -0.031496 -0.209971
v -0.057390 -0.031496 -0.214184
v -0.043259 -0.031496 -0.217478
v -0.028943 -0.031496 -0.219842
v -0.014502 -0.031496 -0.221264
v -0.000000 -0.031496 -0.221739
v 0.014502 -0.031496 -0.221264
v 0.028943 -0.031496 -0.219842
v 0.043259 -0.031496 -0.217478
v 0.057390 -0.031496 -0.214184
v 0.071276 -0.031496 -0.209971
v 0.084856 -0.031496 -0.204860
v 0.098073 -0.031496 -0.198872
v 0.110870 -0.031496 -0.192032
v 0.123192 -0.031496 -0.184369
v 0.134986 -0.031496 -0.175917
v 0.146203 -0.031496 -0.166712
v 0.156793 -0.031496 -0.156793
v 0.166712 -0.031496 -0.146203
v 0.175917 -0.031496 -0.134986
v 0.184369 -0.031496 -0.123192
v 0.192032 -0.031496 -0.110870
v 0.198872 -0.031496 -0.098073
v 0.204860 -0.031496 -0.084856
v 0.209971 -0.031496 -0.071276
v 0.214184 -0.031496 -0.057390
v 0.217478 -0.031496 -0.043259
v 0.219842 -0.031496 -0.028943
v 0.221264 -0.031496 -0.014502
v 0.208696 -0.035711 0.000000
v 0.208249 -0.035711 0.013649
v 0.206910 -0.035711 0.027240
v 0.204686 -0.035711 0.040715
v 0.201585 -0.035711 0.054014
v 0.197620 -0.035711 0.067083
v 0.192810 -0.035711 0.079864
v 0.187173 -0.035711 0.092304
v 0.180736 -0.035711 0.104348
v 0.173524 -0.035711 0.115945
v 0.165569 -0.035711 0.127046
v 0.156906 -0.035711 0.137603
v 0.147570 -0.035711 0.147570
v 0.137603 -0.035711 0.156906
v 0.127046 -0.035711 0.165569
v 0.115945 -0.035711 0.173524
v 0.104348 -0.035711 0.180736
v 0.092304 -0.035711 0.187173
v 0.079864 -0.035711 0.192810
v 0.067083 -0.035711 0.197620
v 0.054014 -0.035711 0.201585
v 0.040715 -0.035711 0.204686
v 0.027240 -0.035711 0.206910
v 0.013649 -0.035711 0.208249
v 0.000000 -0.035711 0.208696
v -0.013649 -0.035711 0.208249
v -0.027240 -0.035711 0.206910
v -0.040715 -0.035711 0.204686
v -0.054014 -0.035711 0.201585
v -0.067083 -0.035711 0.197620
v -0.079864 -0.035711 0.192810
v -0.092304 -0.035711 0.187173
v -0.104348 -0.035711 0.180736
v -0.115945 -0.035711 0.173524
v -0.127046 -0.035711 0.165569
v -0.137603 -0.035711 0.156906
v -0.147570 -0.035711 0.147570
v -0.156906 -0.035711 0.137603
v -0.165569 -0.035711 0.127046
v -0.173524 -0.035711 0.115945
v -0.180736 -0.035711 0.104348
v -0.187173 -0.035711 0.092304
v -0.192810 -0.035711 0.079864
v -0.197620 -0.035711 0.067083
v -0.201585 -0.035711 0.054014
v -0.204686 -0.035711 0.040715
v -0.206910 -0.035711 0.027240
v -0.208249 -0.035711 0.013649
v -0.208696 -0.035711 0.000000
v -0.208249 -0.035711 -0.013649
v -0.206910 -0.035711 -0.027240
v -0.204686 -0.035711 -0.040715
v -0.201585 -0.035711 -0.054014
v -0.197620 -0.035711 -0.067083
v -0.192810 -0.035711 -0.079864
v -0.187173 -0.035711 -0.092304
v -0.180736 -0.035711 -0.104348
v -0.173524 -0.035711 -0.115945
v -0.165569 -0.035711 -0.127046
v -0.156906 -0.035711 -0.137603
v -0.147570 -0.035711 -0.147570
v -0.137603 -0.035711 -0.156906
v -0.127046 -0.035711 -0.165569
v -0.115945 -0.035711 -0.173524
v -0.104348 -0.035711 -0.180736
v -0.092304 -0.035711 -0.187173
v -0.079864 -0.035711 -0.192810
v -0.067083 -0.035711 -0.197620
v -0.054014 -0.035711 -0.201585
v -0.040715 -0.035711 -0.204686
v -0.027240 -0.035711 -0.206910
v -0.013649 -0.035711 -0.208249
v -0.000000 -0.035711 -0.208696
v 0.013649 -0.035711 -0.208249
v 0.027240 -0.035711 -0.206910
v 0.040715 -0.035711 -0.204686
v 0.054014 -0.035711 -0.201585
v 0.067083 -0.035711 -0.197620
v 0.079864 -0.035711 -0.192810
v 0.092304 -0.035711 -0.187173
v 0.104348 -0.035711 -0.180736
v 0.115945 -0.035711 -0.173524
v 0.127046 -0.035711 -0.165569
v 0.137603 -0.035711 -0.156906
v 0.147570 -0.035711 -0.147570
v 0.156906 -0.035711 -0.137603
v 0.165569 -0.035711 -0.127046
v 0.173524 -0.035711 -0.115945
v 0.180736 -0.035711 -0.104348
v 0.187173 -0.035711 -0.092304
v 0.192810 -0.035711 -0.079864
v 0.197620 -0.035711 -0.067083
v 0.201585 -0.035711 -0.054014
v 0.204686 -0.035711 -0.040715
v 0.206910 -0.035711 -0.027240
v 0.208249 -0.035711 -0.013649
v 0.195652 -0.039646 0.000000
v 0.195233 -0.039646 0.012796
v 0.193978 -0.039646 0.025538
v 0.191893 -0.039646 0.038170
v 0.188985 -0.039646 0.050639
v 0.185269 -0.039646 0.062890
v 0.180759 -0.039646 0.074873
v 0.175475 -0.039646 0.086535
v 0.169440 -0.039646 0.097826
v 0.162679 -0.039646 0.108699
v 0.155221 -0.039646 0.119105
v 0.147099 -0.039646 0.129002
v 0.138347 -0.039646 0.138347
v 0.129002 -0.039646 0.147099
v 0.119105 -0.039646 0.155221
v 0.108699 -0.039646 0.162679
v 0.097826 -0.039646 0.169440
v 0.086535 -0.039646 0.175475
v 0.074873 -0.039646 0.180759
v 0.062890 -0.039646 0.185269
v 0.050639 -0.039646 0.188985
v 0.038170 -0.039646 0.191893
v 0.025538 -0.039646 0.193978
v 0.012796 -0.039646 0.195233
v 0.000000 -0.039646 0.195652
v -0.012796 -0.039646 0.195233
v -0.025538 -0.039646 0.193978
v -0.038170 -0.039646 0.191893
v -0.050639 -0.039646 0.188985
v -0.062890 -0.039646 0.185269
v -0.074873 -0.039646 0.180759
v -0.086535 -0.039646 0.175475
v -0.097826 -0.039646 0.169440
v -0.108699 -0.039646 0.162679
v -0.119105 -0.039646 0.155221
v -0.129002 -0.039646 0.147099
v -0.138347 -0.039646 0.138347
v -0.147099 -0.039646 0.129002
v -0.155221 -0.039646 0.119105
v -0.162679 -0.039646 0.108699
v -0.169440 -0.039646 0.097826
v -0.175475 -0.039646 0.086535
v -0.180759 -0.039646 0.074873
v -0.185269 -0.039646 0.062890
v -0.188985 -0.039646 0.050639
v -0.191893 -0.039646 0.038170
v -0.193978 -0.039646 0.025538
v -0.195233 -0.039646 0.012796
v -0.195652 -0.039646 0.000000
v -0.195233 -0.039646 -0.012796
v -0.193978 -0.039646 -0.025538
v -0.191893 -0.039646 -0.038170
v -0.188985 -0.039646 -0.050639
v -0.185269 -0.039646 -0.062890
v -0.180759 -0.039646 -0.074873
v -0.175475 -0.039646 -0.086535
v -0.169440 -0.039646 -0.097826
v -0.162679 -0.039646 -0.108699
v -0.155221 -0.039646 -0.119105
v -0.147099 -0.039646 -0.129002
v -0.138347 -0.039646 -0.138347
v -0.129002 -0.039646 -0.147099
v -0.119105 -0.039646 -0.155221
v -0.108699 -0.039646 -0.162679
v -0.097826 -0.039646 -0.169440
v -0.086535 -0.039646 -0.175475
v -0.074873 -0.039646 -0.180759
v -0.062890 -0.039646 -0.185269
v -0.050639 -0.039646 -0.188985
v -0.038170 -0.039646 -0.191893
v -0.025538 -0.039646 -0.193978
v -0.012796 -0.039646 -0.195233
v -0.000000 -0.039646 -0.195652
v 0.012796 -0.039646 -0.195233
v 0.025538 -0.039646 -0.193978
v 0.038170 -0.039646 -0.191893
v 0.050639 -0.039646 -0.188985
v 0.062890 -0.039646 -0.185269
v 0.074873 -0.039646 -0.180759
v 0.086535 -0.039646 -0.175475
v 0.097826 -0.039646 -0.169440
v 0.108699 -0.039646 -0.162679
v 0.119105 -0.039646 -0.155221
v 0.129002 -0.039646 -0.147099
v 0.138347 -0.039646 -0.138347
v 0.147099 -0.039646 -0.129002
v 0.155221 -0.039646 -0.119105
v 0.162679 -0.039646 -0.108699
v 0.169440 -0.039646 -0.097826
v 0.175475 -0.039646 -0.086535
v 0.180759 -0.039646 -0.074873
v 0.185269 -0.039646 -0.062890
v 0.188985 -0.039646 -0.050639
v 0.191893 -0.039646 -0.038170
v 0.193978 -0.039646 -0.025538
v 0.195233 -0.039646 -0.012796
v 0.182609 -0.043306 0.000000
v 0.182218 -0.043306 0.011943
v 0.181046 -0.043306 0.023835
v 0.179100 -0.043306 0.035625
v 0.176386 -0.043306 0.047263
v 0.172918 -0.043306 0.058698
v 0.168708 -0.043306 0.069881
v 0.163777 -0.043306 0.080766
v 0.158144 -0.043306 0.091304
v 0.151834 -0.043306 0.101452
v 0.144873 -0.043306 0.111165
v 0.137292 -0.043306 0.120402
v 0.129124 -0.043306 0.129124
v 0.120402 -0.043306 0.137292
v 0.111165 -0.043306 0.144873
v 0.101452 -0.043306 0.151834
v 0.091304 -0.043306 0.158144
v 0.080766 -0.043306 0.163777
v 0.069881 -0.043306 0.168708
v 0.058698 -0.043306 0.172918
v 0.047263 -0.043306 0.176386
v 0.035625 -0.043306 0.179100
v 0.023835 -0.043306 0.181046
v 0.011943 -0.043306 0.182218
v 0.000000 -0.043306 0.182609
v -0.011943 -0.043306 0.182218
v -0.023835 -0.043306 0.181046
v -0.035625 -0.043306 0.179100
v -0.047263 -0.043306 0.176386
v -0.058698 -0.043306 0.172918
v -0.069881 -0.043306 0.168708
v -0.080766 -0.043306 0.163777
v -0.091304 -0.043306 0.158144
v -0.101452 -0.043306 0.151834
v -0.111165 -0.043306 0.144873
v -0.120402 -0.043306 0.137292
v -0.129124 -0.043306 0.129124
v -0.137292 -0.043306 0.120402
v -0.144873 -0.043306 0.111165
v -0.151834 -0.043306 0.101452
v -0.158144 -0.043306 0.091304
v -0.163777 -0.043306 0.080766
v -0.168708 -0.043306 0.069881
v -0.172918 -0.043306 0.058698
v -0.176386 -0.043306 0.047263
v -0.179100 -0.043306 0.035625
v -0.181046 -0.043306 0.023835
v -0.182218 -0.043306 0.011943
v -0.182609 -0.043306 0.000000
v -0.182218 -0.043306 -0.011943
v -0.181046 -0.043306 -0.023835
v -0.179100 -0.043306 -0.035625
v -0.176386 -0.043306 -0.047263
v -0.172918 -0.043306 -0.058698
v -0.168708 -0.043306 -0.069881
v -0.163777 -0.043306 -0.080766
v -0.158144 -0.043306 -0.091304
v -0.151834 -0.043306 -0.101452
v -0.144873 -0.043306 -0.111165
v -0.137292 -0.043306 -0.120402
v -0.129124 -0.043306 -0.129124
v -0.120402 -0.043306 -0.137292
v -0.111165 -0.043306 -0.144873
v -0.101452 -0.043306 -0.151834
v -0.091304 -0.043306 -0.158144
v -0.080766 -0.043306 -0.163777
v -0.069881 -0.043306 -0.168708
v -0.058698 -0.043306 -0.172918
v -0.047263 -0.043306 -0.176386
v -0.035625 -0.043306 -0.179100
v -0.023835 -0.043306 -0.181046
v -0.011943 -0.043306 -0.182218
v -0.000000 -0.043306 -0.182609
v 0.011943 -0.043306 -0.182218
v 0.023835 -0.043306 -0.181046
v 0.035625 -0.043306 -0.179100
v 0.047263 -0.043306 -0.176386
v 0.058698 -0.043306 -0.172918
v 0.069881 -0.043306 -0.168708
v 0.080766 -0.043306 -0.163777
v 0.091304 -0.043306 -0.158144
v 0.101452 -0.043306 -0.151834
v 0.111165 -0.043306 -0.144873
v 0.120402 -0.043306 -0.137292
v 0.129124 -0.043306 -0.129124
v 0.137292 -0.043306 -0.120402
v 0.144873 -0.043306 -0.111165
v 0.151834 -0.043306 -0.101452
v 0.158144 -0.043306 -0.091304
v 0.163777 -0.043306 -0.080766
v 0.168708 -0.043306 -0.069881
v 0.172918 -0.043306 -0.058698
v 0.176386 -0.043306 -0.047263
v 0.179100 -0.043306 -0.035625
v 0.181046 -0.043306 -0.023835
v 0.182218 -0.043306 -0.011943
v 0.169565 -0.046697 0.000000
v 0.169202 -0.046697 0.011090
v 0.168115 -0.046697 0.022133
v 0.166307 -0.046697 0.033081
v 0.163787 -0.046697 0.043887
v 0.160566 -0.046697 0.054505
v 0.156658 -0.046697 0.064890
v 0.152078 -0.046697 0.074997
v 0.146848 -0.046697 0.084783
v 0.140988 -0.046697 0.094205
v 0.134525 -0.046697 0.103225
v 0.127486 -0.046697 0.111802
v 0.119901 -0.046697 0.119901
v 0.111802 -0.046697 0.127486
v 0.103225 -0.046697 0.134525
v 0.094205 -0.046697 0.140988
v 0.084783 -0.046697 0.146848
v 0.074997 -0.046697 0.152078
v 0.064890 -0.046697 0.156658
v 0.054505 -0.046697 0.160566
v 0.043887 -0.046697 0.163787
v 0.033081 -0.046697 0.166307
v 0.022133 -0.046697 0.168115
v 0.011090 -0.046697 0.169202
v 0.000000 -0.046697 0.169565
v -0.011090 -0.046697 0.169202
v -0.022133 -0.046697 0.168115
v -0.033081 -0.046697 0.166307
v -0.043887 -0.046697 0.163787
v -0.054505 -0.046697 0.160566
v -0.064890 -0.046697 0.156658
v -0.074997 -0.046697 0.152078
v -0.084783 -0.046697 0.146848
v -0.094205 -0.046697 0.140988
v -0.103225 -0.046697 0.134525
v -0.111802 -0.046697 0.127486
v -0.119901 -0.046697 0.119901
v -0.127486 -0.046697 0.111802
v -0.134525 -0.046697 0.103225
v -0.140988 -0.046697 0.094205
v -0.146848 -0.046697 0.084783
v -0.152078 -0.046697 0.074997
v -0.156658 -0.046697 0.064890
v -0.160566 -0.046697 0.054505
v -0.163787 -0.046697 0.043887
v -0.166307 -0.046697 0.033081
v -0.168115 -0.046697 0.022133
v -0.169202 -0.046697 0.011090
v -0.169565 -0.046697 0.000000
v -0.169202 -0.046697 -0.011090
v -0.168115 -0.046697 -0.022133
v -0.166307 -0.046697 -0.033081
v -0.163787 -0.046697 -0.043887
v -0.160566 -0.046697 -0.054505
v -0.156658 -0.046697 -0.064890
v -0.152078 -0.046697 -0.074997
v -0.146848 -0.046697 -0.084783
v -0.140988 -0.046697 -0.094205
v -0.134525 -0.046697 -0.103225
v -0.127486 -0.046697 -0.111802
v -0.119901 -0.046697 -0.119901
v -0.111802 -0.046697 -0.127486
v -0.103225 -0.046697 -0.134525
v -0.094205 -0.046697 -0.140988
v -0.084783 -0.046697 -0.146848
v -0.074997 -0.046697 -0.152078
v -0.064890 -0.046697 -0.156658
v -0.054505 -0.046697 -0.160566
v -0.043887 -0.046697 -0.163787
v -0.033081 -0.046697 -0.166307
v -0.022133 -0.046697 -0.168115
v -0.011090 -0.046697 -0.169202
v -0.000000 -0.046697 -0.169565
v 0.011090 -0.046697 -0.169202
v 0.022133 -0.046697 -0.168115
v 0.033081 -0.046697 -0.166307
v 0.043887 -0.046697 -0.163787
v 0.054505 -0.046697 -0.160566
v 0.064890 -0.046697 -0.156658
v 0.074997 -0.046697 -0.152078
v 0.084783 -0.046697 -0.146848
v 0.094205 -0.046697 -0.140988
v 0.103225 -0.046697 -0.134525
v 0.111802 -0.046697 -0.127486
v 0.119901 -0.046697 -0.119901
v 0.127486 -0.046697 -0.111802
v 0.134525 -0.046697 -0.103225
v 0.140988 -0.046697 -0.094205
v 0.146848 -0.046697 -0.084783
v 0.152078 -0.046697 -0.074997
v 0.156658 -0.046697 -0.064890
v 0.160566 -0.046697 -0.054505
v 0.163787 -0.046697 -0.043887
v 0.166307 -0.046697 -0.033081
v 0.168115 -0.046697 -0.022133
v 0.169202 -0.046697 -0.011090
v 0.156522 -0.049821 0.000000
v 0.156187 -0.049821 0.010237
v 0.155183 -0.049821 0.020430
v 0.153514 -0.049821 0.030536
v 0.151188 -0.049821 0.040511
v 0.148215 -0.049821 0.050312
v 0.144607 -0.049821 0.059898
v 0.140380 -0.049821 0.069228
v 0.135552 -0.049821 0.078261
v 0.130143 -0.049821 0.086959
v 0.124177 -0.049821 0.095284
v 0.117679 -0.049821 0.103202
v 0.110678 -0.049821 0.110678
v 0.103202 -0.049821 0.117679
v 0.095284 -0.049821 0.124177
v 0.086959 -0.049821 0.130143
v 0.078261 -0.049821 0.135552
v 0.069228 -0.049821 0.140380
v 0.059898 -0.049821 0.144607
v 0.050312 -0.049821 0.148215
v 0.040511 -0.049821 0.151188
v 0.030536 -0.049821 0.153514
v 0.020430 -0.049821 0.155183
v 0.010237 -0.049821 0.156187
v 0.000000 -0.049821 0.156522
v -0.010237 -0.049821 0.156187
v -0.020430 -0.049821 0.155183
v -0.030536 -0.049821 0.153514
v -0.040511 -0.049821 0.151188
v -0.050312 -0.049821 0.148215
v -0.059898 -0.049821 0.144607
v -0.069228 -0.049821 0.140380
v -0.078261 -0.049821 0.135552
v -0.086959 -0.049821 0.130143
v -0.095284 -0.049821 0.124177
v -0.103202 -0.049821 0.117679
v -0.110678 -0.049821 0.110678
v -0.117679 -0.049821 0.103202
v -0.124177 -0.049821 0.095284
v -0.130143 -0.049821 0.086959
v -0.135552 -0.049821 0.078261
v -0.140380 -0.049821 0.069228
v -0.144607 -0.049821 0.059898
v -0.148215 -0.049821 0.050312
v -0.151188 -0.049821 0.040511
v -0.153514 -0.049821 0.030536
v -0.155183 -0.049821 0.020430
v -0.156187 -0.049821 0.010237
v -0.156522 -0.049821 0.000000
v -0.156187 -0.049821 -0.010237
v -0.155183 -0.049821 -0.020430
v -0.153514 -0.049821 -0.030536
v -0.151188 -0.049821 -0.040511
v -0.148215 -0.049821 -0.050312
v -0.144607 -0.049821 -0.059898
v -0.140380 -0.049821 -0.069228
v -0.135552 -0.049821 -0.078261
v -0.130143 -0.049821 -0.086959
v -0.124177 -0.049821 -0.095284
v -0.117679 -0.049821 -0.103202
v -0.110678 -0.049821 -0.110678
v -0.103202 -0.049821 -0.117679
v -0.095284 -0.049821 -0.124177
v -0.086959 -0.049821 -0.130143
v -0.078261 -0.049821 -0.135552
v -0.069228 -0.049821 -0.140380
v -0.059898 -0.049821 -0.144607
v -0.050312 -0.049821 -0.148215
v -0.040511 -0.049821 -0.151188
v -0.030536 -0.049821 -0.153514
v -0.020430 -0.049821 -0.155183
v -0.010237 -0.049821 -0.156187
v -0.000000 -0.049821 -0.156522
v 0.010237 -0.049821 -0.156187
v 0.020430 -0.049821 -0.155183
v 0.030536 -0.049821 -0.153514
v 0.040511 -0.049821 -0.151188
v 0.050312 -0.049821 -0.148215
v 0.059898 -0.049821 -0.144607
v 0.069228 -0.049821 -0.140380
v 0.078261 -0.049821 -0.135552
v 0.086959 -0.049821 -0.130143
v 0.095284 -0.049821 -0.124177
v 0.103202 -0.049821 -0.117679
v 0.110678 -0.049821 -0.110678
v 0.117679 -0.049821 -0.103202
v 0.124177 -0.049821 -0.095284
v 0.130143 -0.049821 -0.086959
v 0.135552 -0.049821 -0.078261
v 0.140380 -0.049821 -0.069228
v 0.144607 -0.049821 -0.059898
v 0.148215 -0.049821 -0.050312
v 0.151188 -0.049821 -0.040511
v 0.153514 -0.049821 -0.030536
v 0.155183 -0.049821 -0.020430
v 0.156187 -0.049821 -0.010237
v 0.143478 -0.052682 0.000000
v 0.143171 -0.052682 0.009384
v 0.142251 -0.052682 0.018728
v 0.140721 -0.052682 0.027991
v 0.138589 -0.052682 0.037135
v 0.135864 -0.052682 0.046120
v 0.132557 -0.052682 0.054907
v 0.128682 -0.052682 0.063459
v 0.124256 -0.052682 0.071739
v 0.119298 -0.052682 0.079712
v 0.113829 -0.052682 0.087344
v 0.107873 -0.052682 0.094602
v 0.101454 -0.052682 0.101454
v 0.094602 -0.052682 0.107873
v 0.087344 -0.052682 0.113829
v 0.079712 -0.052682 0.119298
v 0.071739 -0.052682 0.124256
v 0.063459 -0.052682 0.128682
v 0.054907 -0.052682 0.132557
v 0.046120 -0.052682 0.135864
v 0.037135 -0.052682 0.138589
v 0.027991 -0.052682 0.140721
v 0.018728 -0.052682 0.142251
v 0.009384 -0.052682 0.143171
v 0.000000 -0.052682 0.143478
v -0.009384 -0.052682 0.143171
v -0.018728 -0.052682 0.142251
v -0.027991 -0.052682 0.140721
v -0.037135 -0.052682 0.138589
v -0.046120 -0.052682 0.135864
v -0.054907 -0.052682 0.132557
v -0.063459 -0.052682 0.128682
v -0.071739 -0.052682 0.124256
v -0.079712 -0.052682 0.119298
v -0.087344 -0.052682 0.113829
v -0.094602 -0.052682 0.107873
v -0.101454 -0.052682 0.101454
v -0.107873 -0.052682 0.094602
v -0.113829 -0.052682 0.087344
v -0.119298 -0.052682 0.079712
v -0.124256 -0.052682 0.071739
v -0.128682 -0.052682 0.063459
v -0.132557 -0.052682 0.054907
v -0.135864 -0.052682 0.046120
v -0.138589 -0.052682 0.037135
v -0.140721 -0.052682 0.027991
v -0.142251 -0.052682 0.018728
v -0.143171 -0.052682 0.009384
v -0.143478 -0.052682 0.000000
v -0.143171 -0.052682 -0.009384
v -0.142251 -0.052682 -0.018728
v -0.140721 -0.052682 -0.027991
v -0.138589 -0.052682 -0.037135
v -0.135864 -0.052682 -0.046120
v -0.132557 -0.052682 -0.054907
v -0.128682 -0.052682 -0.063459
v -0.124256 -0.052682 -0.071739
v -0.119298 -0.052682 -0.079712
v -0.113829 -0.052682 -0.087344
v -0.107873 -0.052682 -0.094602
v -0.101454 -0.052682 -0.101454
v -0.094602 -0.052682 -0.107873
v -0.087344 -0.052682 -0.113829
v -0.079712 -0.052682 -0.119298
v -0.071739 -0.052682 -0.124256
v -0.063459 -0.052682 -0.128682
v -0.054907 -0.052682 -0.132557
v -0.046120 -0.052682 -0.135864
v -0.037135 -0.052682 -0.138589
v -0.027991 -0.052682 -0.140721
v -0.018728 -0.052682 -0.142251
v -0.009384 -0.052682 -0.143171
v -0.000000 -0.052682 -0.143478
v 0.009384 -0.052682 -0.143171
v 0.018728 -0.052682 -0.142251
v 0.027991 -0.052682 -0.140721
v 0.037135 -0.052682 -0.138589
v 0.046120 -0.052682 -0.135864
v 0.054907 -0.052682 -0.132557
v 0.063459 -0.052682 -0.128682
v 0.071739 -0.052682 -0.124256
v 0.079712 -0.052682 -0.119298
v 0.087344 -0.052682 -0.113829
v 0.094602 -0.052682 -0.107873
v 0.101454 -0.052682 -0.101454
v 0.107873 -0.052682 -0.094602
v 0.113829 -0.052682 -0.087344
v 0.119298 -0.052682 -0.079712
v 0.124256 -0.052682 -0.071739
v 0.128682 -0.052682 -0.063459
v 0.132557 -0.052682 -0.054907
v 0.135864 -0.052682 -0.046120
v 0.138589 -0.052682 -0.037135
v 0.140721 -0.052682 -0.027991
v 0.142251 -0.052682 -0.018728
v 0.143171 -0.052682 -0.009384
v 0.130435 -0.055285 0.000000
v 0.130156 -0.055285 0.008531
v 0.129319 -0.055285 0.017025
v 0.127929 -0.055285 0.025447
v 0.125990 -0.055285 0.033759
v 0.123513 -0.055285 0.041927
v 0.120506 -0.055285 0.049915
v 0.116983 -0.055285 0.057690
v 0.112960 -0.055285 0.065217
v 0.108453 -0.055285 0.072466
v 0.103481 -0.055285 0.079404
v 0.098066 -0.055285 0.086002
v 0.092231 -0.055285 0.092231
v 0.086002 -0.055285 0.098066
v 0.079404 -0.055285 0.103481
v 0.072466 -0.055285 0.108453
v 0.065217 -0.055285 0.112960
v 0.057690 -0.055285 0.116983
v 0.049915 -0.055285 0.120506
v 0.041927 -0.055285 0.123513
v 0.033759 -0.055285 0.125990
v 0.025447 -0.055285 0.127929
v 0.017025 -0.055285 0.129319
v 0.008531 -0.055285 0.130156
v 0.000000 -0.055285 0.130435
v -0.008531 -0.055285 0.130156
v -0.017025 -0.055285 0.129319
v -0.025447 -0.055285 0.127929
v -0.033759 -0.055285 0.125990
v -0.041927 -0.055285 0.123513
v -0.049915 -0.055285 0.120506
v -0.057690 -0.055285 0.116983
v -0.065217 -0.055285 0.112960
v -0.072466 -0.055285 0.108453
v -0.079404 -0.055285 0.103481
v -0.086002 -0.055285 0.098066
v -0.092231 -0.055285 0.092231
v -0.098066 -0.055285 0.086002
v -0.103481 -0.055285 0.079404
v -0.108453 -0.055285 0.072466
v -0.112960 -0.055285 0.065217
v -0.116983 -0.055285 0.057690
v -0.120506 -0.055285 0.049915
v -0.123513 -0.055285 0.041927
v -0.125990 -0.055285 0.033759
v -0.127929 -0.055285 0.025447
v -0.129319 -0.055285 0.017025
v -0.130156 -0.055285 0.008531
v -0.130435 -0.055285 0.000000
v -0.130156 -0.055285 -0.008531
v -0.129319 -0.055285 -0.017025
v -0.127929 -0.055285 -0.025447
v -0.125990 -0.055285 -0.033759
v -0.123513 -0.055285 -0.041927
v -0.120506 -0.055285 -0.049915
v -0.116983 -0.055285 -0.057690
v -0.112960 -0.055285 -0.065217
v -0.108453 -0.055285 -0.072466
v -0.103481 -0.055285 -0.079404
v -0.098066 -0.055285 -0.086002
v -0.092231 -0.055285 -0.092231
v -0.086002 -0.055285 -0.098066
v -0.079404 -0.055285 -0.103481
v -0.072466 -0.055285 -0.108453
v -0.065217 -0.055285 -0.112960
v -0.057690 -0.055285 -0.116983
v -0.049915 -0.055285 -0.120506
v -0.041927 -0.055285 -0.123513
v -0.033759 -0.055285 -0.125990
v -0.025447 -0.055285 -0.127929
v -0.017025 -0.055285 -0.129319
v -0.008531 -0.055285 -0.130156
v -0.000000 -0.055285 -0.130435
v 0.008531 -0.055285 -0.130156
v 0.017025 -0.055285 -0.129319
v 0.025447 -0.055285 -0.127929
v 0.033759 -0.055285 -0.125990
v 0.041927 -0.055285 -0.123513
v 0.049915 -0.055285 -0.120506
v 0.057690 -0.055285 -0.116983
v 0.065217 -0.055285 -0.112960
v 0.072466 -0.055285 -0.108453
v 0.079404 -0.055285 -0.103481
v 0.086002 -0.055285 -0.098066
v 0.092231 -0.055285 -0.092231
v 0.098066 -0.055285 -0.086002
v 0.103481 -0.055285 -0.079404
v 0.108453 -0.055285 -0.072466
v 0.112960 -0.055285 -0.065217
v 0.116983 -0.055285 -0.057690
v 0.120506 -0.055285 -0.049915
v 0.123513 -0.055285 -0.041927
v 0.125990 -0.055285 -0.033759
v 0.127929 -0.055285 -0.025447
v 0.129319 -0.055285 -0.017025
v 0.130156 -0.055285 -0.008531
v 0.117391 -0.057631 0.000000
v 0.117140 -0.057631 0.007678
v 0.116387 -0.057631 0.015323
v 0.115136 -0.057631 0.022902
v 0.113391 -0.057631 0.030383
v 0.111161 -0.057631 0.037734
v 0.108455 -0.057631 0.044924
v 0.105285 -0.057631 0.051921
v 0.101664 -0.057631 0.058696
v 0.097607 -0.057631 0.065219
v 0.093133 -0.057631 0.071463
v 0.088259 -0.057631 0.077401
v 0.083008 -0.057631 0.083008
v 0.077401 -0.057631 0.088259
v 0.071463 -0.057631 0.093133
v 0.065219 -0.057631 0.097607
v 0.058696 -0.057631 0.101664
v 0.051921 -0.057631 0.105285
v 0.044924 -0.057631 0.108455
v 0.037734 -0.057631 0.111161
v 0.030383 -0.057631 0.113391
v 0.022902 -0.057631 0.115136
v 0.015323 -0.057631 0.116387
v 0.007678 -0.057631 0.117140
v 0.000000 -0.057631 0.117391
v -0.007678 -0.057631 0.117140
v -0.015323 -0.057631 0.116387
v -0.022902 -0.057631 0.115136
v -0.030383 -0.057631 0.113391
v -0.037734 -0.057631 0.111161
v -0.044924 -0.057631 0.108455
v -0.051921 -0.057631 0.105285
v -0.058696 -0.057631 0.101664
v -0.065219 -0.057631 0.097607
v -0.071463 -0.057631 0.093133
v -0.077401 -0.057631 0.088259
v -0.083008 -0.057631 0.083008
v -0.088259 -0.057631 0.077401
v -0.093133 -0.057631 0.071463
v -0.097607 -0.057631 0.065219
v -0.101664 -0.057631 0.058696
v -0.105285 -0.057631 0.051921
v -0.108455 -0.057631 0.044924
v -0.111161 -0.057631 0.037734
v -0.113391 -0.057631 0.030383
v -0.115136 -0.057631 0.022902
v -0.116387 -0.057631 0.015323
v -0.117140 -0.057631 0.007678
v -0.117391 -0.057631 0.000000
v -0.117140 -0.057631 -0.007678
v -0.116387 -0.057631 -0.015323
v -0.115136 -0.057631 -0.022902
v -0.113391 -0.057631 -0.030383
v -0.111161 -0.057631 -0.037734
v -0.108455 -0.057631 -0.044924
v -0.105285 -0.057631 -0.051921
v -0.101664 -0.057631 -0.058696
v -0.097607 -0.057631 -0.065219
v -0.093133 -0.057631 -0.071463
v -0.088259 -0.057631 -0.077401
v -0.083008 -0.057631 -0.083008
v -0.077401 -0.057631 -0.088259
v -0.071463 -0.057631 -0.093133
v -0.065219 -0.057631 -0.097607
v -0.058696 -0.057631 -0.101664
v -0.051921 -0.057631 -0.105285
v -0.044924 -0.057631 -0.108455
v -0.037734 -0.057631 -0.111161
v -0.030383 -0.057631 -0.113391
v -0.022902 -0.057631 -0.115136
v -0.015323 -0.057631 -0.116387
v -0.007678 -0.057631 -0.117140
v -0.000000 -0.057631 -0.117391
v 0.007678 -0.057631 -0.117140
v 0.015323 -0.057631 -0.116387
v 0.022902 -0.057631 -0.115136
v 0.030383 -0.057631 -0.113391
v 0.037734 -0.057631 -0.111161
v 0.044924 -0.057631 -0.108455
v 0.051921 -0.057631 -0.105285
v 0.058696 -0.057631 -0.101664
v 0.065219 -0.057631 -0.097607
v 0.071463 -0.057631 -0.093133
v 0.077401 -0.057631 -0.088259
v 0.083008 -0.057631 -0.083008
v 0.088259 -0.057631 -0.077401
v 0.093133 -0.057631 -0.071463
v 0.097607 -0.057631 -0.065219
v 0.101664 -0.057631 -0.058696
v 0.105285 -0.057631 -0.051921
v 0.108455 -0.057631 -0.044924
v 0.111161 -0.057631 -0.037734
v 0.113391 -0.057631 -0.030383
v 0.115136 -0.057631 -0.022902
v 0.116387 -0.057631 -0.015323
v 0.117140 -0.057631 -0.007678
v 0.104348 -0.059723 0.000000
v 0.104124 -0.059723 0.006825
v 0.103455 -0.059723 0.013620
v 0.102343 -0.059723 0.020357
v 0.100792 -0.059723 0.027007
v 0.098810 -0.059723 0.033542
v 0.096405 -0.059723 0.039932
v 0.093587 -0.059723 0.046152
v 0.090368 -0.059723 0.052174
v 0.086762 -0.059723 0.057973
v 0.082785 -0.059723 0.063523
v 0.078453 -0.059723 0.068801
v 0.073785 -0.059723 0.073785
v 0.068801 -0.059723 0.078453
v 0.063523 -0.059723 0.082785
v 0.057973 -0.059723 0.086762
v 0.052174 -0.059723 0.090368
v 0.046152 -0.059723 0.093587
v 0.039932 -0.059723 0.096405
v 0.033542 -0.059723 0.098810
v 0.027007 -0.059723 0.100792
v 0.020357 -0.059723 0.102343
v 0.013620 -0.059723 0.103455
v 0.006825 -0.059723 0.104124
v 0.000000 -0.059723 0.104348
v -0.006825 -0.059723 0.104124
v -0.013620 -0.059723 0.103455
v -0.020357 -0.059723 0.102343
v -0.027007 -0.059723 0.100792
v -0.033542 -0.059723 0.098810
v -0.039932 -0.059723 0.096405
v -0.046152 -0.059723 0.093587
v -0.052174 -0.059723 0.090368
v -0.057973 -0.059723 0.086762
v -0.063523 -0.059723 0.082785
v -0.068801 -0.059723 0.078453
v -0.073785 -0.059723 0.073785
v -0.078453 -0.059723 0.068801
v -0.082785 -0.059723 0.063523
v -0.086762 -0.059723 0.057973
v -0.090368 -0.059723 0.052174
v -0.093587 -0.059723 0.046152
v -0.096405 -0.059723 0.039932
v -0.098810 -0.059723 0.033542
v -0.100792 -0.059723 0.027007
v -0.102343 -0.059723 0.020357
v -0.103455 -0.059723 0.013620
v -0.104124 -0.059723 0.006825
v -0.104348 -0.059723 0.000000
v -0.104124 -0.059723 -0.006825
v -0.103455 -0.059723 -0.013620
v -0.102343 -0.059723 -0.020357
v -0.100792 -0.059723 -0.027007
v -0.098810 -0.059723 -0.033542
v -0.096405 -0.059723 -0.039932
v -0.093587 -0.059723 -0.046152
v -0.090368 -0.059723 -0.052174
v -0.086762 -0.059723 -0.057973
v -0.082785 -0.059723 -0.063523
v -0.078453 -0.059723 -0.068801
v -0.073785 -0.059723 -0.073785
v -0.068801 -0.059723 -0.078453
v -0.063523 -0.059723 -0.082785
v -0.057973 -0.059723 -0.086762
v -0.052174 -0.059723 -0.090368
v -0.046152 -0.059723 -0.093587
v -0.039932 -0.059723 -0.096405
v -0.033542 -0.059723 -0.098810
v -0.027007 -0.059723 -0.100792
v -0.020357 -0.059723 -0.102343
v -0.013620 -0.059723 -0.103455
v -0.006825 -0.059723 -0.104124
v -0.000000 -0.059723 -0.104348
v 0.006825 -0.059723 -0.104124
v 0.013620 -0.059723 -0.103455
v 0.020357 -0.059723 -0.102343
v 0.027007 -0.059723 -0.100792
v 0.033542 -0.059723 -0.098810
v 0.039932 -0.059723 -0.096405
v 0.046152 -0.059723 -0.093587
v 0.052174 -0.059723 -0.090368
v 0.057973 -0.059723 -0.086762
v 0.063523 -0.059723 -0.082785
v 0.068801 -0.059723 -0.078453
v 0.073785 -0.059723 -0.073785
v 0.078453 -0.059723 -0.068801
v 0.082785 -0.059723 -0.063523
v 0.086762 -0.059723 -0.057973
v 0.090368 -0.059723 -0.052174
v 0.093587 -0.059723 -0.046152
v 0.096405 -0.059723 -0.039932
v 0.098810 -0.059723 -0.033542
v 0.100792 -0.059723 -0.027007
v 0.102343 -0.059723 -0.020357
v 0.103455 -0.059723 -0.013620
v 0.104124 -0.059723 -0.006825
v 0.091304 -0.061564 0.000000
v 0.091109 -0.061564 0.005972
v 0.090523 -0.061564 0.011918
v 0.089550 -0.061564 0.017813
v 0.088193 -0.061564 0.023631
v 0.086459 -0.061564 0.029349
v 0.084354 -0.061564 0.034941
v 0.081888 -0.061564 0.040383
v 0.079072 -0.061564 0.045652
v 0.075917 -0.061564 0.050726
v 0.072437 -0.061564 0.055583
v 0.068646 -0.061564 0.060201
v 0.064562 -0.061564 0.064562
v 0.060201 -0.061564 0.068646
v 0.055583 -0.061564 0.072437
v 0.050726 -0.061564 0.075917
v 0.045652 -0.061564 0.079072
v 0.040383 -0.061564 0.081888
v 0.034941 -0.061564 0.084354
v 0.029349 -0.061564 0.086459
v 0.023631 -0.061564 0.088193
v 0.017813 -0.061564 0.089550
v 0.011918 -0.061564 0.090523
v 0.005972 -0.061564 0.091109
v 0.000000 -0.061564 0.091304
v -0.005972 -0.061564 0.091109
v -0.011918 -0.061564 0.090523
v -0.017813 -0.061564 0.089550
v -0.023631 -0.061564 0.088193
v -0.029349 -0.061564 0.086459
v -0.034941 -0.061564 0.084354
v -0.040383 -0.061564 0.081888
v -0.045652 -0.061564 0.079072
v -0.050726 -0.061564 0.075917
v -0.055583 -0.061564 0.072437
v -0.060201 -0.061564 0.068646
v -0.064562 -0.061564 0.064562
v -0.068646 -0.061564 0.060201
v -0.072437 -0.061564 0.055583
v -0.075917 -0.061564 0.050726
v -0.079072 -0.061564 0.045652
v -0.081888 -0.061564 0.040383
v -0.084354 -0.061564 0.034941
v -0.086459 -0.061564 0.029349
v -0.088193 -0.061564 0.023631
v -0.089550 -0.061564 0.017813
v -0.090523 -0.061564 0.011918
v -0.091109 -0.061564 0.005972
v -0.091304 -0.061564 0.000000
v -0.091109 -0.061564 -0.005972
v -0.090523 -0.061564 -0.011918
v -0.089550 -0.061564 -0.017813
v -0.088193 -0.061564 -0.023631
v -0.086459 -0.061564 -0.029349
v -0.084354 -0.061564 -0.034941
v -0.081888 -0.061564 -0.040383
v -0.079072 -0.061564 -0.045652
v -0.075917 -0.061564 -0.050726
v -0.072437 -0.061564 -0.055583
v -0.068646 -0.061564 -0.060201
v -0.064562 -0.061564 -0.064562
v -0.060201 -0.061564 -0.068646
v -0.055583 -0.061564 -0.072437
v -0.050726 -0.061564 -0.075917
v -0.045652 -0.061564 -0.079072
v -0.040383 -0.061564 -0.081888
v -0.034941 -0.061564 -0.084354
v -0.029349 -0.061564 -0.086459
v -0.023631 -0.061564 -0.088193
v -0.017813 -0.061564 -0.089550
v -0.011918 -0.061564 -0.090523
v -0.005972 -0.061564 -0.091109
v -0.000000 -0.061564 -0.091304
v 0.005972 -0.061564 -0.091109
v 0.011918 -0.061564 -0.090523
v 0.017813 -0.061564 -0.089550
v 0.023631 -0.061564 -0.088193
v 0.029349 -0.061564 -0.086459
v 0.034941 -0.061564 -0.084354
v 0.040383 -0.061564 -0.081888
v 0.045652 -0.061564 -0.079072
v 0.050726 -0.061564 -0.075917
v 0.055583 -0.061564 -0.072437
v 0.060201 -0.061564 -0.068646
v 0.064562 -0.061564 -0.064562
v 0.068646 -0.061564 -0.060201
v 0.072437 -0.061564 -0.055583
v 0.075917 -0.061564 -0.050726
v 0.079072 -0.061564 -0.045652
v 0.081888 -0.061564 -0.040383
v 0.084354 -0.061564 -0.034941
v 0.086459 -0.061564 -0.029349
v 0.088193 -0.061564 -0.023631
v 0.089550 -0.061564 -0.017813
v 0.090523 -0.061564 -0.011918
v 0.091109 -0.061564 -0.005972
v 0.078261 -0.063156 0.000000
v 0.078093 -0.063156 0.005119
v 0.077591 -0.063156 0.010215
v 0.076757 -0.063156 0.015268
v 0.075594 -0.063156 0.020255
v 0.074108 -0.063156 0.025156
v 0.072304 -0.063156 0.029949
v 0.070190 -0.063156 0.034614
v 0.067776 -0.063156 0.039130
v 0.065072 -0.063156 0.043479
v 0.062089 -0.063156 0.047642
v 0.058840 -0.063156 0.051601
v 0.055339 -0.063156 0.055339
v 0.051601 -0.063156 0.058840
v 0.047642 -0.063156 0.062089
v 0.043479 -0.063156 0.065072
v 0.039130 -0.063156 0.067776
v 0.034614 -0.063156 0.070190
v 0.029949 -0.063156 0.072304
v 0.025156 -0.063156 0.074108
v 0.020255 -0.063156 0.075594
v 0.015268 -0.063156 0.076757
v 0.010215 -0.063156 0.077591
v 0.005119 -0.063156 0.078093
v 0.000000 -0.063156 0.078261
v -0.005119 -0.063156 0.078093
v -0.010215 -0.063156 0.077591
v -0.015268 -0.063156 0.076757
v -0.020255 -0.063156 0.075594
v -0.025156 -0.063156 0.074108
v -0.029949 -0.063156 0.072304
v -0.034614 -0.063156 0.070190
v -0.039130 -0.063156 0.067776
v -0.043479 -0.063156 0.065072
v -0.047642 -0.063156 0.062089
v -0.051601 -0.063156 0.058840
v -0.055339 -0.063156 0.055339
v -0.058840 -0.063156 0.051601
v -0.062089 -0.063156 0.047642
v -0.065072 -0.063156 0.043479
v -0.067776 -0.063156 0.039130
v -0.070190 -0.063156 0.034614
v -0.072304 -0.063156 0.029949
v -0.074108 -0.063156 0.025156
v -0.075594 -0.063156 0.020255
v -0.076757 -0.063156 0.015268
v -0.077591 -0.063156 0.010215
v -0.078093 -0.063156 0.005119
v -0.078261 -0.063156 0.000000
v -0.078093 -0.063156 -0.005119
v -0.077591 -0.063156 -0.010215
v -0.076757 -0.063156 -0.015268
v -0.075594 -0.063156 -0.020255
v -0.074108 -0.063156 -0.025156
v -0.072304 -0.063156 -0.029949
v -0.070190 -0.063156 -0.034614
v -0.067776 -0.063156 -0.039130
v -0.065072 -0.063156 -0.043479
v -0.062089 -0.063156 -0.047642
v -0.058840 -0.063156 -0.051601
v -0.055339 -0.063156 -0.055339
v -0.051601 -0.063156 -0.058840
v -0.047642 -0.063156 -0.062089
v -0.043479 -0.063156 -0.065072
v -0.039130 -0.063156 -0.067776
v -0.034614 -0.063156 -0.070190
v -0.029949 -0.063156 -0.072304
v -0.025156 -0.063156 -0.074108
v -0.020255 -0.063156 -0.075594
v -0.015268 -0.063156 -0.076757
v -0.010215 -0.063156 -0.077591
v -0.005119 -0.063156 -0.078093
v -0.000000 -0.063156 -0.078261
v 0.005119 -0.063156 -0.078093
v 0.010215 -0.063156 -0.077591
v 0.015268 -0.063156 -0.076757
v 0.020255 -0.063156 -0.075594
v 0.025156 -0.063156 -0.074108
v 0.029949 -0.063156 -0.072304
v 0.034614 -0.063156 -0.070190
v 0.039130 -0.063156 -0.067776
v 0.043479 -0.063156 -0.065072
v 0.047642 -0.063156 -0.062089
v 0.051601 -0.063156 -0.058840
v 0.055339 -0.063156 -0.055339
v 0.058840 -0.063156 -0.051601
v 0.062089 -0.063156 -0.047642
v 0.065072 -0.063156 -0.043479
v 0.067776 -0.063156 -0.039130
v 0.070190 -0.063156 -0.034614
v 0.072304 -0.063156 -0.029949
v 0.074108 -0.063156 -0.025156
v 0.075594 -0.063156 -0.020255
v 0.076757 -0.063156 -0.015268
v 0.077591 -0.063156 -0.010215
v 0.078093 -0.063156 -0.005119
v 0.065217 -0.064500 0.000000
v 0.065078 -0.064500 0.004265
v 0.064659 -0.064500 0.008513
v 0.063964 -0.064500 0.012723
v 0.062995 -0.064500 0.016880
v 0.061756 -0.064500 0.020963
v 0.060253 -0.064500 0.024958
v 0.058492 -0.064500 0.028845
v 0.056480 -0.064500 0.032609
v 0.054226 -0.064500 0.036233
v 0.051740 -0.064500 0.039702
v 0.049033 -0.064500 0.043001
v 0.046116 -0.064500 0.046116
v 0.043001 -0.064500 0.049033
v 0.039702 -0.064500 0.051740
v 0.036233 -0.064500 0.054226
v 0.032609 -0.064500 0.056480
v 0.028845 -0.064500 0.058492
v 0.024958 -0.064500 0.060253
v 0.020963 -0.064500 0.061756
v 0.016880 -0.064500 0.062995
v 0.012723 -0.064500 0.063964
v 0.008513 -0.064500 0.064659
v 0.004265 -0.064500 0.065078
v 0.000000 -0.064500 0.065217
v -0.004265 -0.064500 0.065078
v -0.008513 -0.064500 0.064659
v -0.012723 -0.064500 0.063964
v -0.016880 -0.064500 0.062995
v -0.020963 -0.064500 0.061756
v -0.024958 -0.064500 0.060253
v -0.028845 -0.064500 0.058492
v -0.032609 -0.064500 0.056480
v -0.036233 -0.064500 0.054226
v -0.039702 -0.064500 0.051740
v -0.043001 -0.064500 0.049033
v -0.046116 -0.064500 0.046116
v -0.049033 -0.064500 0.043001
v -0.051740 -0.064500 0.039702
v -0.054226 -0.064500 0.036233
v -0.056480 -0.064500 0.032609
v -0.058492 -0.064500 0.028845
v -0.060253 -0.064500 0.024958
v -0.061756 -0.064500 0.020963
v -0.062995 -0.064500 0.016880
v -0.063964 -0.064500 0.012723
v -0.064659 -0.064500 0.008513
v -0.065078 -0.064500 0.004265
v -0.065217 -0.064500 0.000000
v -0.065078 -0.064500 -0.004265
v -0.064659 -0.064500 -0.008513
v -0.063964 -0.064500 -0.012723
v -0.062995 -0.064500 -0.016880
v -0.061756 -0.064500 -0.020963
v -0.060253 -0.064500 -0.024958
v -0.058492 -0.064500 -0.028845
v -0.056480 -0.064500 -0.032609
v -0.054226 -0.064500 -0.036233
v -0.051740 -0.064500 -0.039702
v -0.049033 -0.064500 -0.043001
v -0.046116 -0.064500 -0.046116
v -0.043001 -0.064500 -0.049033
v -0.039702 -0.064500 -0.051740
v -0.036233 -0.064500 -0.054226
v -0.032609 -0.064500 -0.056480
v -0.028845 -0.064500 -0.058492
v -0.024958 -0.064500 -0.060253
v -0.020963 -0.064500 -0.061756
v -0.016880 -0.064500 -0.062995
v -0.012723 -0.064500 -0.063964
v -0.008513 -0.064500 -0.064659
v -0.004265 -0.064500 -0.065078
v -0.000000 -0.064500 -0.065217
v 0.004265 -0.064500 -0.065078
v 0.008513 -0.064500 -0.064659
v 0.012723 -0.064500 -0.063964
v 0.016880 -0.064500 -0.062995
v 0.020963 -0.064500 -0.061756
v 0.024958 -0.064500 -0.060253
v 0.028845 -0.064500 -0.058492
v 0.032609 -0.064500 -0.056480
v 0.036233 -0.064500 -0.054226
v 0.039702 -0.064500 -0.051740
v 0.043001 -0.064500 -0.049033
v 0.046116 -0.064500 -0.046116
v 0.049033 -0.064500 -0.043001
v 0.051740 -0.064500 -0.039702
v 0.054226 -0.064500 -0.036233
v 0.056480 -0.064500 -0.032609
v 0.058492 -0.064500 -0.028845
v 0.060253 -0.064500 -0.024958
v 0.061756 -0.064500 -0.020963
v 0.062995 -0.064500 -0.016880
v 0.063964 -0.064500 -0.012723
v 0.064659 -0.064500 -0.008513
v 0.065078 -0.064500 -0.004265
v 0.052174 -0.065597 0.000000
v 0.052062 -0.065597 0.003412
v 0.051728 -0.065597 0.006810
v 0.051171 -0.065597 0.010179
v 0.050396 -0.065597 0.013504
v 0.049405 -0.065597 0.016771
v 0.048202 -0.065597 0.019966
v 0.046793 -0.065597 0.023076
v 0.045184 -0.065597 0.026087
v 0.043381 -0.065597 0.028986
v 0.041392 -0.065597 0.031761
v 0.039226 -0.065597 0.034401
v 0.036893 -0.065597 0.036893
v 0.034401 -0.065597 0.039226
v 0.031761 -0.065597 0.041392
v 0.028986 -0.065597 0.043381
v 0.026087 -0.065597 0.045184
v 0.023076 -0.065597 0.046793
v 0.019966 -0.065597 0.048202
v 0.016771 -0.065597 0.049405
v 0.013504 -0.065597 0.050396
v 0.010179 -0.065597 0.051171
v 0.006810 -0.065597 0.051728
v 0.003412 -0.065597 0.052062
v 0.000000 -0.065597 0.052174
v -0.003412 -0.065597 0.052062
v -0.006810 -0.065597 0.051728
v -0.010179 -0.065597 0.051171
v -0.013504 -0.065597 0.050396
v -0.016771 -0.065597 0.049405
v -0.019966 -0.065597 0.048202
v -0.023076 -0.065597 0.046793
v -0.026087 -0.065597 0.045184
v -0.028986 -0.065597 0.043381
v -0.031761 -0.065597 0.041392
v -0.034401 -0.065597 0.039226
v -0.036893 -0.065597 0.036893
v -0.039226 -0.065597 0.034401
v -0.041392 -0.065597 0.031761
v -0.043381 -0.065597 0.028986
v -0.045184 -0.065597 0.026087
v -0.046793 -0.065597 0.023076
v -0.048202 -0.065597 0.019966
v -0.049405 -0.065597 0.016771
v -0.050396 -0.065597 0.013504
v -0.051171 -0.065597 0.010179
v -0.051728 -0.065597 0.006810
v -0.052062 -0.065597 0.003412
v -0.052174 -0.065597 0.000000
v -0.052062 -0.065597 -0.003412
v -0.051728 -0.065597 -0.006810
v -0.051171 -0.065597 -0.010179
v -0.050396 -0.065597 -0.013504
v -0.049405 -0.065597 -0.016771
v -0.048202 -0.065597 -0.019966
v -0.046793 -0.065597 -0.023076
v -0.045184 -0.065597 -0.026087
v -0.043381 -0.065597 -0.028986
v -0.041392 -0.065597 -0.031761
v -0.039226 -0.065597 -0.034401
v -0.036893 -0.065597 -0.036893
v -0.034401 -0.065597 -0.039226
v -0.031761 -0.065597 -0.041392
v -0.028986 -0.065597 -0.043381
v -0.026087 -0.065597 -0.045184
v -0.023076 -0.065597 -0.046793
v -0.019966 -0.065597 -0.048202
v -0.016771 -0.065597 -0.049405
v -0.013504 -0.065597 -0.050396
v -0.010179 -0.065597 -0.051171
v -0.006810 -0.065597 -0.051728
v -0.003412 -0.065597 -0.052062
v -0.000000 -0.065597 -0.052174
v 0.003412 -0.065597 -0.052062
v 0.006810 -0.065597 -0.051728
v 0.010179 -0.065597 -0.051171
v 0.013504 -0.065597 -0.050396
v 0.016771 -0.065597 -0.049405
v 0.019966 -0.065597 -0.048202
v 0.023076 -0.065597 -0.046793
v 0.026087 -0.065597 -0.045184
v 0.028986 -0.065597 -0.043381
v 0.031761 -0.065597 -0.041392
v 0.034401 -0.065597 -0.039226
v 0.036893 -0.065597 -0.036893
v 0.039226 -0.065597 -0.034401
v 0.041392 -0.065597 -0.031761
v 0.043381 -0.065597 -0.028986
v 0.045184 -0.065597 -0.026087
v 0.046793 -0.065597 -0.023076
v 0.048202 -0.065597 -0.019966
v 0.049405 -0.065597 -0.016771
v 0.050396 -0.065597 -0.013504
v 0.051171 -0.065597 -0.010179
v 0.051728 -0.065597 -0.006810
v 0.052062 -0.065597 -0.003412
v 0.039130 -0.066450 0.000000
v 0.039047 -0.066450 0.002559
v 0.038796 -0.066450 0.005108
v 0.038379 -0.066450 0.007634
v 0.037797 -0.066450 0.010128
v 0.037054 -0.066450 0.012578
v 0.036152 -0.066450 0.014975
v 0.035095 -0.066450 0.017307
v 0.033888 -0.066450 0.019565
v 0.032536 -0.066450 0.021740
v 0.031044 -0.066450 0.023821
v 0.029420 -0.066450 0.025800
v 0.027669 -0.066450 0.027669
v 0.025800 -0.066450 0.029420
v 0.023821 -0.066450 0.031044
v 0.021740 -0.066450 0.032536
v 0.019565 -0.066450 0.033888
v 0.017307 -0.066450 0.035095
v 0.014975 -0.066450 0.036152
v 0.012578 -0.066450 0.037054
v 0.010128 -0.066450 0.037797
v 0.007634 -0.066450 0.038379
v 0.005108 -0.066450 0.038796
v 0.002559 -0.066450 0.039047
v 0.000000 -0.066450 0.039130
v -0.002559 -0.066450 0.039047
v -0.005108 -0.066450 0.038796
v -0.007634 -0.066450 0.038379
v -0.010128 -0.066450 0.037797
v -0.012578 -0.066450 0.037054
v -0.014975 -0.066450 0.036152
v -0.017307 -0.066450 0.035095
v -0.019565 -0.066450 0.033888
v -0.021740 -0.066450 0.032536
v -0.023821 -0.066450 0.031044
v -0.025800 -0.066450 0.029420
v -0.027669 -0.066450 0.027669
v -0.029420 -0.066450 0.025800
v -0.031044 -0.066450 0.023821
v -0.032536 -0.066450 0.021740
v -0.033888 -0.066450 0.019565
v -0.035095 -0.066450 0.017307
v -0.036152 -0.066450 0.014975
v -0.037054 -0.066450 0.012578
v -0.037797 -0.066450 0.010128
v -0.038379 -0.066450 0.007634
v -0.038796 -0.066450 0.005108
v -0.039047 -0.066450 0.002559
v -0.039130 -0.066450 0.000000
v -0.039047 -0.066450 -0.002559
v -0.038796 -0.066450 -0.005108
v -0.038379 -0.066450 -0.007634
v -0.037797 -0.066450 -0.010128
v -0.037054 -0.066450 -0.012578
v -0.036152 -0.066450 -0.014975
v -0.035095 -0.066450 -0.017307
v -0.033888 -0.066450 -0.019565
v -0.032536 -0.066450 -0.021740
v -0.031044 -0.066450 -0.023821
v -0.029420 -0.066450 -0.025800
v -0.027669 -0.066450 -0.027669
v -0.025800 -0.066450 -0.029420
v -0.023821 -0.066450 -0.031044
v -0.021740 -0.066450 -0.032536
v -0.019565 -0.066450 -0.033888
v -0.017307 -0.066450 -0.035095
v -0.014975 -0.066450 -0.036152
v -0.012578 -0.066450 -0.037054
v -0.010128 -0.066450 -0.037797
v -0.007634 -0.066450 -0.038379
v -0.005108 -0.066450 -0.038796
v -0.002559 -0.066450 -0.039047
v -0.000000 -0.066450 -0.039130
v 0.002559 -0.066450 -0.039047
v 0.005108 -0.066450 -0.038796
v 0.007634 -0.066450 -0.038379
v 0.010128 -0.066450 -0.037797
v 0.012578 -0.066450 -0.037054
v 0.014975 -0.066450 -0.036152
v 0.017307 -0.066450 -0.035095
v 0.019565 -0.066450 -0.033888
v 0.021740 -0.066450 -0.032536
v 0.023821 -0.066450 -0.031044
v 0.025800 -0.066450 -0.029420
v 0.027669 -0.066450 -0.027669
v 0.029420 -0.066450 -0.025800
v 0.031044 -0.066450 -0.023821
v 0.032536 -0.066450 -0.021740
v 0.033888 -0.066450 -0.019565
v 0.035095 -0.066450 -0.017307
v 0.036152 -0.066450 -0.014975
v 0.037054 -0.066450 -0.012578
v 0.037797 -0.066450 -0.010128
v 0.038379 -0.066450 -0.007634
v 0.038796 -0.066450 -0.005108
v 0.039047 -0.066450 -0.002559
v 0.026087 -0.067058 0.000000
v 0.026031 -0.067058 0.001706
v 0.025864 -0.067058 0.003405
v 0.025586 -0.067058 0.005089
v 0.025198 -0.067058 0.006752
v 0.024703 -0.067058 0.008385
v 0.024101 -0.067058 0.009983
v 0.023397 -0.067058 0.011538
v 0.022592 -0.067058 0.013043
v 0.021691 -0.067058 0.014493
v 0.020696 -0.067058 0.015881
v 0.019613 -0.067058 0.017200
v 0.018446 -0.067058 0.018446
v 0.017200 -0.067058 0.019613
v 0.015881 -0.067058 0.020696
v 0.014493 -0.067058 0.021691
v 0.013043 -0.067058 0.022592
v 0.011538 -0.067058 0.023397
v 0.009983 -0.067058 0.024101
v 0.008385 -0.067058 0.024703
v 0.006752 -0.067058 0.025198
v 0.005089 -0.067058 0.025586
v 0.003405 -0.067058 0.025864
v 0.001706 -0.067058 0.026031
v 0.000000 -0.067058 0.026087
v -0.001706 -0.067058 0.026031
v -0.003405 -0.067058 0.025864
v -0.005089 -0.067058 0.025586
v -0.006752 -0.067058 0.025198
v -0.008385 -0.067058 0.024703
v -0.009983 -0.067058 0.024101
v -0.011538 -0.067058 0.023397
v -0.013043 -0.067058 0.022592
v -0.014493 -0.067058 0.021691
v -0.015881 -0.067058 0.020696
v -0.017200 -0.067058 0.019613
v -0.018446 -0.067058 0.018446
v -0.019613 -0.067058 0.017200
v -0.020696 -0.067058 0.015881
v -0.021691 -0.067058 0.014493
v -0.022592 -0.067058 0.013043
v -0.023397 -0.067058 0.011538
v -0.024101 -0.067058 0.009983
v -0.024703 -0.067058 0.008385
v -0.025198 -0.067058 0.006752
v -0.025586 -0.067058 0.005089
v -0.025864 -0.067058 0.003405
v -0.026031 -0.067058 0.001706
v -0.026087 -0.067058 0.000000
v -0.026031 -0.067058 -0.001706
v -0.025864 -0.067058 -0.003405
v -0.025586 -0.067058 -0.005089
v -0.025198 -0.067058 -0.006752
v -0.024703 -0.067058 -0.008385
v -0.024101 -0.067058 -0.009983
v -0.023397 -0.067058 -0.011538
v -0.022592 -0.067058 -0.013043
v -0.021691 -0.067058 -0.014493
v -0.020696 -0.067058 -0.015881
v -0.019613 -0.067058 -0.017200
v -0.018446 -0.067058 -0.018446
v -0.017200 -0.067058 -0.019613
v -0.015881 -0.067058 -0.020696
v -0.014493 -0.067058 -0.021691
v -0.013043 -0.067058 -0.022592
v -0.011538 -0.067058 -0.023397
v -0.009983 -0.067058 -0.024101
v -0.008385 -0.067058 -0.024703
v -0.006752 -0.067058 -0.025198
v -0.005089 -0.067058 -0.025586
v -0.003405 -0.067058 -0.025864
v -0.001706 -0.067058 -0.026031
v -0.000000 -0.067058 -0.026087
v 0.001706 -0.067058 -0.026031
v 0.003405 -0.067058 -0.025864
v 0.005089 -0.067058 -0.025586
v 0.006752 -0.067058 -0.025198
v 0.008385 -0.067058 -0.024703
v 0.009983 -0.067058 -0.024101
v 0.011538 -0.067058 -0.023397
v 0.013043 -0.067058 -0.022592
v 0.014493 -0.067058 -0.021691
v 0.015881 -0.067058 -0.020696
v 0.017200 -0.067058 -0.019613
v 0.018446 -0.067058 -0.018446
v 0.019613 -0.067058 -0.017200
v 0.020696 -0.067058 -0.015881
v 0.021691 -0.067058 -0.014493
v 0.022592 -0.067058 -0.013043
v 0.023397 -0.067058 -0.011538
v 0.024101 -0.067058 -0.009983
v 0.024703 -0.067058 -0.008385
v 0.025198 -0.067058 -0.006752
v 0.025586 -0.067058 -0.005089
v 0.025864 -0.067058 -0.003405
v 0.026031 -0.067058 -0.001706
v 0.013043 -0.067423 0.000000
v 0.013016 -0.067423 0.000853
v 0.012932 -0.067423 0.001703
v 0.012793 -0.067423 0.002545
v 0.012599 -0.067423 0.003376
v 0.012351 -0.067423 0.004193
v 0.012051 -0.067423 0.004992
v 0.011698 -0.067423 0.005769
v 0.011296 -0.067423 0.006522
v 0.010845 -0.067423 0.007247
v 0.010348 -0.067423 0.007940
v 0.009807 -0.067423 0.008600
v 0.009223 -0.067423 0.009223
v 0.008600 -0.067423 0.009807
v 0.007940 -0.067423 0.010348
v 0.007247 -0.067423 0.010845
v 0.006522 -0.067423 0.011296
v 0.005769 -0.067423 0.011698
v 0.004992 -0.067423 0.012051
v 0.004193 -0.067423 0.012351
v 0.003376 -0.067423 0.012599
v 0.002545 -0.067423 0.012793
v 0.001703 -0.067423 0.012932
v 0.000853 -0.067423 0.013016
v 0.000000 -0.067423 0.013043
v -0.000853 -0.067423 0.013016
v -0.001703 -0.067423 0.012932
v -0.002545 -0.067423 0.012793
v -0.003376 -0.067423 0.012599
v -0.004193 -0.067423 0.012351
v -0.004992 -0.067423 0.012051
v -0.005769 -0.067423 0.011698
v -0.006522 -0.067423 0.011296
v -0.007247 -0.067423 0.010845
v -0.007940 -0.067423 0.010348
v -0.008600 -0.067423 0.009807
v -0.009223 -0.067423 0.009223
v -0.009807 -0.067423 0.008600
v -0.010348 -0.067423 0.007940
v -0.010845 -0.067423 0.007247
v -0.011296 -0.067423 0.006522
v -0.011698 -0.067423 0.005769
v -0.012051 -0.067423 0.004992
v -0.012351 -0.067423 0.004193
v -0.012599 -0.067423 0.003376
v -0.012793 -0.067423 0.002545
v -0.012932 -0.067423 0.001703
v -0.013016 -0.067423 0.000853
v -0.013043 -0.067423 0.000000
v -0.013016 -0.067423 -0.000853
v -0.012932 -0.067423 -0.001703
v -0.012793 -0.067423 -0.002545
v -0.012599 -0.067423 -0.003376
v -0.012351 -0.067423 -0.004193
v -0.012051 -0.067423 -0.004992
v -0.011698 -0.067423 -0.005769
v -0.011296 -0.067423 -0.006522
v -0.010845 -0.067423 -0.007247
v -0.010348 -0.067423 -0.007940
v -0.009807 -0.067423 -0.008600
v -0.009223 -0.067423 -0.009223
v -0.008600 -0.067423 -0.009807
v -0.007940 -0.067423 -0.010348
v -0.007247 -0.067423 -0.010845
v -0.006522 -0.067423 -0.011296
v -0.005769 -0.067423 -0.011698
v -0.004992 -0.067423 -0.012051
v -0.004193 -0.067423 -0.012351
v -0.003376 -0.067423 -0.012599
v -0.002545 -0.067423 -0.012793
v -0.001703 -0.067423 -0.012932
v -0.000853 -0.067423 -0.013016
v -0.000000 -0.067423 -0.013043
v 0.000853 -0.067423 -0.013016
v 0.001703 -0.067423 -0.012932
v 0.002545 -0.067423 -0.012793
v 0.003376 -0.067423 -0.012599
v 0.004193 -0.067423 -0.012351
v 0.004992 -0.067423 -0.012051
v 0.005769 -0.067423 -0.011698
v 0.006522 -0.067423 -0.011296
v 0.007247 -0.067423 -0.010845
v 0.007940 -0.067423 -0.010348
v 0.008600 -0.067423 -0.009807
v 0.009223 -0.067423 -0.009223
v 0.009807 -0.067423 -0.008600
v 0.010348 -0.067423 -0.007940
v 0.010845 -0.067423 -0.007247
v 0.011296 -0.067423 -0.006522
v 0.011698 -0.067423 -0.005769
v 0.012051 -0.067423 -0.004992
v 0.012351 -0.067423 -0.004193
v 0.012599 -0.067423 -0.003376
v 0.012793 -0.067423 -0.002545
v 0.012932 -0.067423 -0.001703
v 0.013016 -0.067423 -0.000853
v 0.000000 -0.067544 0.000000
f 1 3 2
f 1 4 3
f 1 5 4
f 1 6 5
f 1 7 6
f 1 8 7
f 1 9 8
f 1 10 9
f 1 11 10
f 1 12 11
f 1 13 12
f 1 14 13
f 1 15 14
f 1 16 15
f 1 17 16
f 1 18 17
f 1 19 18
f 1 20 19
f 1 21 20
f 1 22 21
f 1 23 22
f 1 24 23
f 1 25 24
f 1 26 25
f 1 27 26
f 1 28 27
f 1 29 28
f 1 30 29
f 1 31 30
f 1 32 31
f 1 33 32
f 1 34 33
f 1 35 34
f 1 36 35
f 1 37 36
f 1 38 37
f 1 39 38
f 1 40 39
f 1 41 40
f 1 42 41
f 1 43 42
f 1 44 43
f 1 45 44
f 1 46 45
f 1 47 46
f 1 48 47
f 1 49 48
f 1 50 49
f 1 51 50
f 1 52 51
f 1 53 52
f 1 54 53
f 1 55 54
f 1 56 55
f 1 57 56
f 1 58 57
f 1 59 58
f 1 60 59
f 1 61 60
f 1 62 61
f 1 63 62
f 1 64 63
f 1 65 64
f 1 66 65
f 1 67 66
f 1 68 67
f 1 69 68
f 1 70 69
f 1 71 70
f 1 72 71
f 1 73 72
f 1 74 73
f 1 75 74
f 1 76 75
f 1 77 76
f 1 78 77
f 1 79 78
f 1 80 79
f 1 81 80
f 1 82 81
f 1 83 82
f 1 84 83
f 1 85 84
f 1 86 85
f 1 87 86
f 1 88 87
f 1 89 88
f 1 90 89
f 1 91 90
f 1 92 91
f 1 93 92
f 1 94 93
f 1 95 94
f 1 96 95
f 1 97 96
f 1 2 97
f 2 3 99
f 2 99 98
f 3 4 100
f 3 100 99
f 4 5 101
f 4 101 100
f 5 6 102
f 5 102 101
f 6 7 103
f 6 103 102
f 7 8 104
f 7 104 103
f 8 9 105
f 8 105 104
f 9 10 106
f 9 106 105
f 10 11 107
f 10 107 106
f 11 12 108
f 11 108 107
f 12 13 109
f 12 109 108
f 13 14 110
f 13 110 109
f 14 15 111
f 14 111 110
f 15 16 112
f 15 112 111
f 16 17 113
f 16 113 112
f 17 18 114
f 17 114 113
f 18 19 115
f 18 115 114
f 19 20 116
f 19 116 115
f 20 21 117
f 20 117 116
f 21 22 118
f 21 118 117
f 22 23 119
f 22 119 118
f 23 24 120
f 23 120 119
f 24 25 121
f 24 121 120
f 25 26 122
f 25 122 121
f 26 27 123
f 26 123 122
f 27 28 124
f 27 124 123
f 28 29 125
f 28 125 124
f 29 30 126
f 29 126 125
f 30 31 127
f 30 127 126
f 31 32 128
f 31 128 127
f 32 33 129
f 32 129 128
f 33 34 130
f 33 130 129
f 34 35 131
f 34 131 130
f 35 36 132
f 35 132 131
f 36 37 133
f 36 133 132
f 37 38 134
f 37 134 133
f 38 39 135
f 38 135 134
f 39 40 136
f 39 136 135
f 40 41 137
f 40 137 136
f 41 42 138
f 41 138 137
f 42 43 139
f 42 139 138
f 43 44 140
f 43 140 139
f 44 45 141
f 44 141 140
f 45 46 142
f 45 142 141
f 46 47 143
f 46 143 142
f 47 48 144
f 47 144 143
f 48 49 145
f 48 145 144
f 49 50 146
f 49 146 145
f 50 51 147
f 50 147 146
f 51 52 148
f 51 148 147
f 52 53 149
f 52 149 148
f 53 54 150
f 53 150 149
f 54 55 151
f 54 151 150
f 55 56 152
f 55 152 151
f 56 57 153
f 56 153 152
f 57 58 154
f 57 154 153
f 58 59 155
f 58 155 154
f 59 60 156
f 59 156 155
f 60 61 157
f 60 157 156
f 61 62 158
f 61 158 157
f 62 63 159
f 62 159 158
f 63 64 160
f 63 160 159
f 64 65 161
f 64 161 160
f 65 66 162
f 65 162 161
f 66 67 163
f 66 163 162
f 67 68 164
f 67 164 163
f 68 69 165
f 68 165 164
f 69 70 166
f 69 166 165
f 70 71 167
f 70 167 166
f 71 72 168
f 71 168 167
f 72 73 169
f 72 169 168
f 73 74 170
f 73 170 169
f 74 75 171
f 74 171 170
f 75 76 172
f 75 172 171
f 76 77 173
f 76 173 172
f 77 78 174
f 77 174 173
f 78 79 175
f 78 175 174
f 79 80 176
f 79 176 175
f 80 81 177
f 80 177 176
f 81 82 178
f 81 178 177
f 82 83 179
f 82 179 178
f 83 84 180
f 83 180 179
f 84 85 181
f 84 181 180
f 85 86 182
f 85 182 181
f 86 87 183
f 86 183 182
f 87 88 184
f 87 184 183
f 88 89 185
f 88 185 184
f 89 90 186
f 89 186 185
f 90 91 187
f 90 187 186
f 91 92 188
f 91 188 187
f 92 93 189
f 92 189 188
f 93 94 190
f 93 190 189
f 94 95 191
f 94 191 190
f 95 96 192
f 95 192 191
f 96 97 193
f 96 193 192
f 97 2 98
f 97 98 193
f 98 99 195
f 98 195 194
f 99 100 196
f 99 196 195
f 100 101 197
f 100 197 196
f 101 102 198
f 101 198 197
f 102 103 199
f 102 199 198
f 103 104 200
f 103 200 199
f 104 105 201
f 104 201 200
f 105 106 202
f 105 202 201
f 106 107 203
f 106 203 202
f 107 108 204
f 107 204 203
f 108 109 205
f 108 205 204
f 109 110 206
f 109 206 205
f 110 111 207
f 110 207 206
f 111 112 208
f 111 208 207
f 112 113 209
f 112 209 208
f 113 114 210
f 113 210 209
f 114 115 211
f 114 211 210
f 115 116 212
f 115 212 211
f 116 117 213
f 116 213 212
f 117 118 214
f 117 214 213
f 118 119 215
f 118 215 214
f 119 120 216
f 119 216 215
f 120 121 217
f 120 217 216
f 121 122 218
f 121 218 217
f 122 123 219
f 122 219 218
f 123 124 220
f 123 220 219
f 124 125 221
f 124 221 220
f 125 126 222
f 125 222 221
f 126 127 223
f 126 223 222
f 127 128 224
f 127 224 223
f 128 129 225
f 128 225 224
f 129 130 226
f 129 226 225
f 130 131 227
f 130 227 226
f 131 132 228
f 131 228 227
f 132 133 229
f 132 229 228
f 133 134 230
f 133 230 229
f 134 135 231
f 134 231 230
f 135 136 232
f 135 232 231
f 136 137 233
f 136 233 232
f 137 138 234
f 137 234 233
f 138 139 235
f 138 235 234
f 139 140 236
f 139 236 235
f 140 141 237
f 140 237 236
f 141 142 238
f 141 238 237
f 142 143 239
f 142 239 238
f 143 144 240
f 143 240 239
f 144 145 241
f 144 241 240
f 145 146 242
f 145 242 241
f 146 147 243
f 146 243 242
f 147 148 244
f 147 244 243
f 148 149 245
f 148 245 244
f 149 150 246
f 149 246 245
f 150 151 247
f 150 247 246
f 151 152 248
f 151 248 247
f 152 153 249
f 152 249 248
f 153 154 250
f 153 250 249
f 154 155 251
f 154 251 250
f 155 156 252
f 155 252 251
f 156 157 253
f 156 253 252
f 157 158 254
f 157 254 253
f 158 159 255
f 158 255 254
f 159 160 256
f 159 256 255
f 160 161 257
f 160 257 256
f 161 162 258
f 161 258 257
f 162 163 259
f 162 259 258
f 163 164 260
f 163 260 259
f 164 165 261
f 164 261 260
f 165 166 262
f 165 262 261
f 166 167 263
f 166 263 262
f 167 168 264
f 167 264 263
f 168 169 265
f 168 265 264
f 169 170 266
f 169 266 265
f 170 171 267
f 170 267 266
f 171 172 268
f 171 268 267
f 172 173 269
f 172 269 268
f 173 174 270
f 173 270 269
f 174 175 271
f 174 271 270
f 175 176 272
f 175 272 271
f 176 177 273
f 176 273 272
f 177 178 274
f 177 274 273
f 178 179 275
f 178 275 274
f 179 180 276
f 179 276 275
f 180 181 277
f 180 277 276
f 181 182 278
f 181 278 277
f 182 183 279
f 182 279 278
f 183 184 280
f 183 280 279
f 184 185 281
f 184 281 280
f 185 186 282
f 185 282 281
f 186 187 283
f 186 283 282
f 187 188 284
f 187 284 283
f 188 189 285
f 188 285 284
f 189 190 286
f 189 286 285
f 190 191 287
f 190 287 286
f 191 192 288
f 191 288 287
f 192 193 289
f 192 289 288
f 193 98 194
f 193 194 289
f 194 195 291
f 194 291 290
f 195 196 292
f 195 292 291
f 196 197 293
f 196 293 292
f 197 198 294
f 197 294 293
f 198 199 295
f 198 295 294
f 199 200 296
f 199 296 295
f 200 201 297
f 200 297 296
f 201 202 298
f 201 298 297
f 202 203 299
f 202 299 298
f 203 204 300
f 203 300 299
f 204 205 301
f 204 301 300
f 205 206 302
f 205 302 301
f 206 207 303
f 206 303 302
f 207 208 304
f 207 304 303
f 208 209 305
f 208 305 304
f 209 210 306
f 209 306 305
f 210 211 307
f 210 307 306
f 211 212 308
f 211 308 307
f 212 213 309
f 212 309 308
f 213 214 310
f 213 310 309
f 214 215 311
f 214 311 310
f 215 216 312
f 215 312 311
f 216 217 313
f 216 313 312
f 217 218 314
f 217 314 313
f 218 219 315
f 218 315 314
f 219 220 316
f 219 316 315
f 220 221 317
f 220 317 316
f 221 222 318
f 221 318 317
f 222 223 319
f 222 319 318
f 223 224 320
f 223 320 319
f 224 225 321
f 224 321 320
f 225 226 322
f 225 322 321
f 226 227 323
f 226 323 322
f 227 228 324
f 227 324 323
f 228 229 325
f 228 325 324
f 229 230 326
f 229 326 325
f 230 231 327
f 230 327 326
f 231 232 328
f 231 328 327
f 232 233 329
f 232 329 328
f 233 234 330
f 233 330 329
f 234 235 331
f 234 331 330
f 235 236 332
f 235 332 331
f 236 237 333
f 236 333 332
f 237 238 334
f 237 334 333
f 238 239 335
f 238 335 334
f 239 240 336
f 239 336 335
f 240 241 337
f 240 337 336
f 241 242 338
f 241 338 337
f 242 243 339
f 242 339 338
f 243 244 340
f 243 340 339
f 244 245 341
f 244 341 340
f 245 246 342
f 245 342 341
f 246 247 343
f 246 343 342
f 247 248 344
f 247 344 343
f 248 249 345
f 248 345 344
f 249 250 346
f 249 346 345
f 250 251 347
f 250 347 346
f 251 252 348
f 251 348 347
f 252 253 349
f 252 349 348
f 253 254 350
f 253 350 349
f 254 255 351
f 254 351 350
f 255 256 352
f 255 352 351
f 256 257 353
f 256 353 352
f 257 258 354
f 257 354 353
f 258 259 355
f 258 355 354
f 259 260 356
f 259 356 355
f 260 261 357
f 260 357 356
f 261 262 358
f 261 358 357
f 262 263 359
f 262 359 358
f 263 264 360
f 263 360 359
f 264 265 361
f 264 361 360
f 265 266 362
f 265 362 361
f 266 267 363
f 266 363 362
f 267 268 364
f 267 364 363
f 268 269 365
f 268 365 364
f 269 270 366
f 269 366 365
f 270 271 367
f 270 367 366
f 271 272 368
f 271 368 367
f 272 273 369
f 272 369 368
f 273 274 370
f 273 370 369
f 274 275 371
f 274 371 370
f 275 276 372
f 275 372 371
f 276 277 373
f 276 373 372
f 277 278 374
f 277 374 373
f 278 279 375
f 278 375 374
f 279 280 376
f 279 376 375
f 280 281 377
f 280 377 376
f 281 282 378
f 281 378 377
f 282 283 379
f 282 379 378
f 283 284 380
f 283 380 379
f 284 285 381
f 284 381 380
f 285 286 382
f 285 382 381
f 286 287 383
f 286 383 382
f 287 288 384
f 287 384 383
f 288 289 385
f 288 385 384
f 289 194 290
f 289 290 385
f 290 291 387
f 290 387 386
f 291 292 388
f 291 388 387
f 292 293 389
f 292 389 388
f 293 294 390
f 293 390 389
f 294 295 391
f 294 391 390
f 295 296 392
f 295 392 391
f 296 297 393
f 296 393 392
f 297 298 394
f 297 394 393
f 298 299 395
f 298 395 394
f 299 300 396
f 299 396 395
f 300 301 397
f 300 397 396
f 301 302 398
f 301 398 397
f 302 303 399
f 302 399 398
f 303 304 400
f 303 400 399
f 304 305 401
f 304 401 400
f 305 306 402
f 305 402 401
f 306 307 403
f 306 403 402
f 307 308 404
f 307 404 403
f 308 309 405
f 308 405 404
f 309 310 406
f 309 406 405
f 310 311 407
f 310 407 406
f 311 312 408
f 311 408 407
f 312 313 409
f 312 409 408
f 313 314 410
f 313 410 409
f 314 315 411
f 314 411 410
f 315 316 412
f 315 412 411
f 316 317 413
f 316 413 412
f 317 318 414
f 317 414 413
f 318 319 415
f 318 415 414
f 319 320 416
f 319 416 415
f 320 321 417
f 320 417 416
f 321 322 418
f 321 418 417
f 322 323 419
f 322 419 418
f 323 324 420
f 323 420 419
f 324 325 421
f 324 421 420
f 325 326 422
f 325 422 421
f 326 327 423
f 326 423 422
f 327 328 424
f 327 424 423
f 328 329 425
f 328 425 424
f 329 330 426
f 329 426 425
f 330 331 427
f 330 427 426
f 331 332 428
f 331 428 427
f 332 333 429
f 332 429 428
f 333 334 430
f 333 430 429
f 334 335 431
f 334 431 430
f 335 336 432
f 335 432 431
f 336 337 433
f 336 433 432
f 337 338 434
f 337 434 433
f 338 339 435
f 338 435 434
f 339 340 436
f 339 436 435
f 340 341 437
f 340 437 436
f 341 342 438
f 341 438 437
f 342 343 439
f 342 439 438
f 343 344 440
f 343 440 439
f 344 345 441
f 344 441 440
f 345 346 442
f 345 442 441
f 346 347 443
f 346 443 442
f 347 348 444
f 347 444 443
f 348 349 445
f 348 445 444
f 349 350 446
f 349 446 445
f 350 351 447
f 350 447 446
f 351 352 448
f 351 448 447
f 352 353 449
f 352 449 448
f 353 354 450
f 353 450 449
f 354 355 451
f 354 451 450
f 355 356 452
f 355 452 451
f 356 357 453
f 356 453 452
f 357 358 454
f 357 454 453
f 358 359 455
f 358 455 454
f 359 360 456
f 359 456 455
f 360 361 457
f 360 457 456
f 361 362 458
f 361 458 457
f 362 363 459
f 362 459 458
f 363 364 460
f 363 460 459
f 364 365 461
f 364 461 460
f 365 366 462
f 365 462 461
f 366 367 463
f 366 463 462
f 367 368 464
f 367 464 463
f 368 369 465
f 368 465 464
f 369 370 466
f 369 466 465
f 370 371 467
f 370 467 466
f 371 372 468
f 371 468 467
f 372 373 469
f 372 469 468
f 373 374 470
f 373 470 469
f 374 375 471
f 374 471 470
f 375 376 472
f 375 472 471
f 376 377 473
f 376 473 472
f 377 378 474
f 377 474 473
f 378 379 475
f 378 475 474
f 379 380 476
f 379 476 475
f 380 381 477
f 380 477 476
f 381 382 478
f 381 478 477
f 382 383 479
f 382 479 478
f 383 384 480
f 383 480 479
f 384 385 481
f 384 481 480
f 385 290 386
f 385 386 481
f 386 387 483
f 386 483 482
f 387 388 484
f 387 484 483
f 388 389 485
f 388 485 484
f 389 390 486
f 389 486 485
f 390 391 487
f 390 487 486
f 391 392 488
f 391 488 487
f 392 393 489
f 392 489 488
f 393 394 490
f 393 490 489
f 394 395 491
f 394 491 490
f 395 396 492
f 395 492 491
f 396 397 493
f 396 493 492
f 397 398 494
f 397 494 493
f 398 399 495
f 398 495 494
f 399 400 496
f 399 496 495
f 400 401 497
f 400 497 496
f 401 402 498
f 401 498 497
f 402 403 499
f 402 499 498
f 403 404 500
f 403 500 499
f 404 405 501
f 404 501 500
f 405 406 502
f 405 502 501
f 406 407 503
f 406 503 502
f 407 408 504
f 407 504 503
f 408 409 505
f 408 505 504
f 409 410 506
f 409 506 505
f 410 411 507
f 410 507 506
f 411 412 508
f 411 508 507
f 412 413 509
f 412 509 508
f 413 414 510
f 413 510 509
f 414 415 511
f 414 511 510
f 415 416 512
f 415 512 511
f 416 417 513
f 416 513 512
f 417 418 514
f 417 514 513
f 418 419 515
f 418 515 514
f 419 420 516
f 419 516 515
f 420 421 517
f 420 517 516
f 421 422 518
f 421 518 517
f 422 423 519
f 422 519 518
f 423 424 520
f 423 520 519
f 424 425 521
f 424 521 520
f 425 426 522
f 425 522 521
f 426 427 523
f 426 523 522
f 427 428 524
f 427 524 523
f 428 429 525
f 428 525 524
f 429 430 526
f 429 526 525
f 430 431 527
f 430 527 526
f 431 432 528
f 431 528 527
f 432 433 529
f 432 529 528
f 433 434 530
f 433 530 529
f 434 435 531
f 434 531 530
f 435 436 532
f 435 532 531
f 436 437 533
f 436 533 532
f 437 438 534
f 437 534 533
f 438 439 535
f 438 535 534
f 439 440 536
f 439 536 535
f 440 441 537
f 440 537 536
f 441 442 538
f 441 538 537
f 442 443 539
f 442 539 538
f 443 444 540
f 443 540 539
f 444 445 541
f 444 541 540
f 445 446 542
f 445 542 541
f 446 447 543
f 446 543 542
f 447 448 544
f 447 544 543
f 448 449 545
f 448 545 544
f 449 450 546
f 449 546 545
f 450 451 547
f 450 547 546
f 451 452 548
f 451 548 547
f 452 453 549
f 452 549 548
f 453 454 550
f 453 550 549
f 454 455 551
f 454 551 550
f 455 456 552
f 455 552 551
f 456 457 553
f 456 553 552
f 457 458 554
f 457 554 553
f 458 459 555
f 458 555 554
f 459 460 556
f 459 556 555
f 460 461 557
f 460 557 556
f 461 462 558
f 461 558 557
f 462 463 559
f 462 559 558
f 463 464 560
f 463 560 559
f 464 465 561
f 464 561 560
f 465 466 562
f 465 562 561
f 466 467 563
f 466 563 562
f 467 468 564
f 467 564 563
f 468 469 565
f 468 565 564
f 469 470 566
f 469 566 565
f 470 471 567
f 470 567 566
f 471 472 568
f 471 568 567
f 472 473 569
f 472 569 568
f 473 474 570
f 473 570 569
f 474 475 571
f 474 571 570
f 475 476 572
f 475 572 571
f 476 477 573
f 476 573 572
f 477 478 574
f 477 574 573
f 478 479 575
f 478 575 574
f 479 480 576
f 479 576 575
f 480 481 577
f 480 577 576
f 481 386 482
f 481 482 577
f 482 483 579
f 482 579 578
f 483 484 580
f 483 580 579
f 484 485 581
f 484 581 580
f 485 486 582
f 485 582 581
f 486 487 583
f 486 583 582
f 487 488 584
f 487 584 583
f 488 489 585
f 488 585 584
f 489 490 586
f 489 586 585
f 490 491 587
f 490 587 586
f 491 492 588
f 491 588 587
f 492 493 589
f 492 589 588
f 493 494 590
f 493 590 589
f 494 495 591
f 494 591 590
f 495 496 592
f 495 592 591
f 496 497 593
f 496 593 592
f 497 498 594
f 497 594 593
f 498 499 595
f 498 595 594
f 499 500 596
f 499 596 595
f 500 501 597
f 500 597 596
f 501 502 598
f 501 598 597
f 502 503 599
f 502 599 598
f 503 504 600
f 503 600 599
f 504 505 601
f 504 601 600
f 505 506 602
f 505 602 601
f 506 507 603
f 506 603 602
f 507 508 604
f 507 604 603
f 508 509 605
f 508 605 604
f 509 510 606
f 509 606 605
f 510 511 607
f 510 607 606
f 511 512 608
f 511 608 607
f 512 513 609
f 512 609 608
f 513 514 610
f 513 610 609
f 514 515 611
f 514 611 610
f 515 516 612
f 515 612 611
f 516 517 613
f 516 613 612
f 517 518 614
f 517 614 613
f 518 519 615
f 518 615 614
f 519 520 616
f 519 616 615
f 520 521 617
f 520 617 616
f 521 522 618
f 521 618 617
f 522 523 619
f 522 619 618
f 523 524 620
f 523 620 619
f 524 525 621
f 524 621 620
f 525 526 622
f 525 622 621
f 526 527 623
f 526 623 622
f 527 528 624
f 527 624 623
f 528 529 625
f 528 625 624
f 529 530 626
f 529 626 625
f 530 531 627
f 530 627 626
f 531 532 628
f 531 628 627
f 532 533 629
f 532 629 628
f 533 534 630
f 533 630 629
f 534 535 631
f 534 631 630
f 535 536 632
f 535 632 631
f 536 537 633
f 536 633 632
f 537 538 634
f 537 634 633
f 538 539 635
f 538 635 634
f 539 540 636
f 539 636 635
f 540 541 637
f 540 637 636
f 541 542 638
f 541 638 637
f 542 543 639
f 542 639 638
f 543 544 640
f 543 640 639
f 544 545 641
f 544 641 640
f 545 546 642
f 545 642 641
f 546 547 643
f 546 643 642
f 547 548 644
f 547 644 643
f 548 549 645
f 548 645 644
f 549 550 646
f 549 646 645
f 550 551 647
f 550 647 646
f 551 552 648
f 551 648 647
f 552 553 649
f 552 649 648
f 553 554 650
f 553 650 649
f 554 555 651
f 554 651 650
f 555 556 652
f 555 652 651
f 556 557 653
f 556 653 652
f 557 558 654
f 557 654 653
f 558 559 655
f 558 655 654
f 559 560 656
f 559 656 655
f 560 561 657
f 560 657 656
f 561 562 658
f 561 658 657
f 562 563 659
f 562 659 658
f 563 564 660
f 563 660 659
f 564 565 661
f 564 661 660
f 565 566 662
f 565 662 661
f 566 567 663
f 566 663 662
f 567 568 664
f 567 664 663
f 568 569 665
f 568 665 664
f 569 570 666
f 569 666 665
f 570 571 667
f 570 667 666
f 571 572 668
f 571 668 667
f 572 573 669
f 572 669 668
f 573 574 670
f 573 670 669
f 574 575 671
f 574 671 670
f 575 576 672
f 575 672 671
f 576 577 673
f 576 673 672
f 577 482 578
f 577 578 673
f 578 579 675
f 578 675 674
f 579 580 676
f 579 676 675
f 580 581 677
f 580 677 676
f 581 582 678
f 581 678 677
f 582 583 679
f 582 679 678
f 583 584 680
f 583 680 679
f 584 585 681
f 584 681 680
f 585 586 682
f 585 682 681
f 586 587 683
f 586 683 682
f 587 588 684
f 587 684 683
f 588 589 685
f 588 685 684
f 589 590 686
f 589 686 685
f 590 591 687
f 590 687 686
f 591 592 688
f 591 688 687
f 592 593 689
f 592 689 688
f 593 594 690
f 593 690 689
f 594 595 691
f 594 691 690
f 595 596 692
f 595 692 691
f 596 597 693
f 596 693 692
f 597 598 694
f 597 694 693
f 598 599 695
f 598 695 694
f 599 600 696
f 599 696 695
f 600 601 697
f 600 697 696
f 601 602 698
f 601 698 697
f 602 603 699
f 602 699 698
f 603 604 700
f 603 700 699
f 604 605 701
f 604 701 700
f 605 606 702
f 605 702 701
f 606 607 703
f 606 703 702
f 607 608 704
f 607 704 703
f 608 609 705
f 608 705 704
f 609 610 706
f 609 706 705
f 610 611 707
f 610 707 706
f 611 612 708
f 611 708 707
f 612 613 709
f 612 709 708
f 613 614 710
f 613 710 709
f 614 615 711
f 614 711 710
f 615 616 712
f 615 712 711
f 616 617 713
f 616 713 712
f 617 618 714
f 617 714 713
f 618 619 715
f 618 715 714
f 619 620 716
f 619 716 715
f 620 621 717
f 620 717 716
f 621 622 718
f 621 718 717
f 622 623 719
f 622 719 718
f 623 624 720
f 623 720 719
f 624 625 721
f 624 721 720
f 625 626 722
f 625 722 721
f 626 627 723
f 626 723 722
f 627 628 724
f 627 724 723
f 628 629 725
f 628 725 724
f 629 630 726
f 629 726 725
f 630 631 727
f 630 727 726
f 631 632 728
f 631 728 727
f 632 633 729
f 632 729 728
f 633 634 730
f 633 730 729
f 634 635 731
f 634 731 730
f 635 636 732
f 635 732 731
f 636 637 733
f 636 733 732
f 637 638 734
f 637 734 733
f 638 639 735
f 638 735 734
f 639 640 736
f 639 736 735
f 640 641 737
f 640 737 736
f 641 642 738
f 641 738 737
f 642 643 739
f 642 739 738
f 643 644 740
f 643 740 739
f 644 645 741
f 644 741 740
f 645 646 742
f 645 742 741
f 646 647 743
f 646 743 742
f 647 648 744
f 647 744 743
f 648 649 745
f 648 745 744
f 649 650 746
f 649 746 745
f 650 651 747
f 650 747 746
f 651 652 748
f 651 748 747
f 652 653 749
f 652 749 748
f 653 654 750
f 653 750 749
f 654 655 751
f 654 751 750
f 655 656 752
f 655 752 751
f 656 657 753
f 656 753 752
f 657 658 754
f 657 754 753
f 658 659 755
f 658 755 754
f 659 660 756
f 659 756 755
f 660 661 757
f 660 757 756
f 661 662 758
f 661 758 757
f 662 663 759
f 662 759 758
f 663 664 760
f 663 760 759
f 664 665 761
f 664 761 760
f 665 666 762
f 665 762 761
f 666 667 763
f 666 763 762
f 667 668 764
f 667 764 763
f 668 669 765
f 668 765 764
f 669 670 766
f 669 766 765
f 670 671 767
f 670 767 766
f 671 672 768
f 671 768 767
f 672 673 769
f 672 769 768
f 673 578 674
f 673 674 769
f 674 675 771
f 674 771 770
f 675 676 772
f 675 772 771
f 676 677 773
f 676 773 772
f 677 678 774
f 677 774 773
f 678 679 775
f 678 775 774
f 679 680 776
f 679 776 775
f 680 681 777
f 680 777 776
f 681 682 778
f 681 778 777
f 682 683 779
f 682 779 778
f 683 684 780
f 683 780 779
f 684 685 781
f 684 781 780
f 685 686 782
f 685 782 781
f 686 687 783
f 686 783 782
f 687 688 784
f 687 784 783
f 688 689 785
f 688 785 784
f 689 690 786
f 689 786 785
f 690 691 787
f 690 787 786
f 691 692 788
f 691 788 787
f 692 693 789
f 692 789 788
f 693 694 790
f 693 790 789
f 694 695 791
f 694 791 790
f 695 696 792
f 695 792 791
f 696 697 793
f 696 793 792
f 697 698 794
f 697 794 793
f 698 699 795
f 698 795 794
f 699 700 796
f 699 796 795
f 700 701 797
f 700 797 796
f 701 702 798
f 701 798 797
f 702 703 799
f 702 799 798
f 703 704 800
f 703 800 799
f 704 705 801
f 704 801 800
f 705 706 802
f 705 802 801
f 706 707 803
f 706 803 802
f 707 708 804
f 707 804 803
f 708 709 805
f 708 805 804
f 709 710 806
f 709 806 805
f 710 711 807
f 710 807 806
f 711 712 808
f 711 808 807
f 712 713 809
f 712 809 808
f 713 714 810
f 713 810 809
f 714 715 811
f 714 811 810
f 715 716 812
f 715 812 811
f 716 717 813
f 716 813 812
f 717 718 814
f 717 814 813
f 718 719 815
f 718 815 814
f 719 720 816
f 719 816 815
f 720 721 817
f 720 817 816
f 721 722 818
f 721 818 817
f 722 723 819
f 722 819 818
f 723 724 820
f 723 820 819
f 724 725 821
f 724 821 820
f 725 726 822
f 725 822 821
f 726 727 823
f 726 823 822
f 727 728 824
f 727 824 823
f 728 729 825
f 728 825 824
f 729 730 826
f 729 826 825
f 730 731 827
f 730 827 826
f 731 732 828
f 731 828 827
f 732 733 829
f 732 829 828
f 733 734 830
f 733 830 829
f 734 735 831
f 734 831 830
f 735 736 832
f 735 832 831
f 736 737 833
f 736 833 832
f 737 738 834
f 737 834 833
f 738 739 835
f 738 835 834
f 739 740 836
f 739 836 835
f 740 741 837
f 740 837 836
f 741 742 838
f 741 838 837
f 742 743 839
f 742 839 838
f 743 744 840
f 743 840 839
f 744 745 841
f 744 841 840
f 745 746 842
f 745 842 841
f 746 747 843
f 746 843 842
f 747 748 844
f 747 844 843
f 748 749 845
f 748 845 844
f 749 750 846
f 749 846 845
f 750 751 847
f 750 847 846
f 751 752 848
f 751 848 847
f 752 753 849
f 752 849 848
f 753 754 850
f 753 850 849
f 754 755 851
f 754 851 850
f 755 756 852
f 755 852 851
f 756 757 853
f 756 853 852
f 757 758 854
f 757 854 853
f 758 759 855
f 758 855 854
f 759 760 856
f 759 856 855
f 760 761 857
f 760 857 856
f 761 762 858
f 761 858 857
f 762 763 859
f 762 859 858
f 763 764 860
f 763 860 859
f 764 765 861
f 764 861 860
f 765 766 862
f 765 862 861
f 766 767 863
f 766 863 862
f 767 768 864
f 767 864 863
f 768 769 865
f 768 865 864
f 769 674 770
f 769 770 865
f 770 771 867
f 770 867 866
f 771 772 868
f 771 868 867
f 772 773 869
f 772 869 868
f 773 774 870
f 773 870 869
f 774 775 871
f 774 871 870
f 775 776 872
f 775 872 871
f 776 777 873
f 776 873 872
f 777 778 874
f 777 874 873
f 778 779 875
f 778 875 874
f 779 780 876
f 779 876 875
f 780 781 877
f 780 877 876
f 781 782 878
f 781 878 877
f 782 783 879
f 782 879 878
f 783 784 880
f 783 880 879
f 784 785 881
f 784 881 880
f 785 786 882
f 785 882 881
f 786 787 883
f 786 883 882
f 787 788 884
f 787 884 883
f 788 789 885
f 788 885 884
f 789 790 886
f 789 886 885
f 790 791 887
f 790 887 886
f 791 792 888
f 791 888 887
f 792 793 889
f 792 889 888
f 793 794 890
f 793 890 889
f 794 795 891
f 794 891 890
f 795 796 892
f 795 892 891
f 796 797 893
f 796 893 892
f 797 798 894
f 797 894 893
f 798 799 895
f 798 895 894
f 799 800 896
f 799 896 895
f 800 801 897
f 800 897 896
f 801 802 898
f 801 898 897
f 802 803 899
f 802 899 898
f 803 804 900
f 803 900 899
f 804 805 901
f 804 901 900
f 805 806 902
f 805 902 901
f 806 807 903
f 806 903 902
f 807 808 904
f 807 904 903
f 808 809 905
f 808 905 904
f 809 810 906
f 809 906 905
f 810 811 907
f 810 907 906
f 811 812 908
f 811 908 907
f 812 813 909
f 812 909 908
f 813 814 910
f 813 910 909
f 814 815 911
f 814 911 910
f 815 816 912
f 815 912 911
f 816 817 913
f 816 913 912
f 817 818 914
f 817 914 913
f 818 819 915
f 818 915 914
f 819 820 916
f 819 916 915
f 820 821 917
f 820 917 916
f 821 822 918
f 821 918 917
f 822 823 919
f 822 919 918
f 823 824 920
f 823 920 919
f 824 825 921
f 824 921 920
f 825 826 922
f 825 922 921
f 826 827 923
f 826 923 922
f 827 828 924
f 827 924 923
f 828 829 925
f 828 925 924
f 829 830 926
f 829 926 925
f 830 831 927
f 830 927 926
f 831 832 928
f 831 928 927
f 832 833 929
f 832 929 928
f 833 834 930
f 833 930 929
f 834 835 931
f 834 931 930
f 835 836 932
f 835 932 931
f 836 837 933
f 836 933 932
f 837 838 934
f 837 934 933
f 838 839 935
f 838 935 934
f 839 840 936
f 839 936 935
f 840 841 937
f 840 937 936
f 841 842 938
f 841 938 937
f 842 843 939
f 842 939 938
f 843 844 940
f 843 940 939
f 844 845 941
f 844 941 940
f 845 846 942
f 845 942 941
f 846 847 943
f 846 943 942
f 847 848 944
f 847 944 943
f 848 849 945
f 848 945 944
f 849 850 946
f 849 946 945
f 850 851 947
f 850 947 946
f 851 852 948
f 851 948 947
f 852 853 949
f 852 949 948
f 853 854 950
f 853 950 949
f 854 855 951
f 854 951 950
f 855 856 952
f 855 952 951
f 856 857 953
f 856 953 952
f 857 858 954
f 857 954 953
f 858 859 955
f 858 955 954
f 859 860 956
f 859 956 955
f 860 861 957
f 860 957 956
f 861 862 958
f 861 958 957
f 862 863 959
f 862 959 958
f 863 864 960
f 863 960 959
f 864 865 961
f 864 961 960
f 865 770 866
f 865 866 961
f 866 867 963
f 866 963 962
f 867 868 964
f 867 964 963
f 868 869 965
f 868 965 964
f 869 870 966
f 869 966 965
f 870 871 967
f 870 967 966
f 871 872 968
f 871 968 967
f 872 873 969
f 872 969 968
f 873 874 970
f 873 970 969
f 874 875 971
f 874 971 970
f 875 876 972
f 875 972 971
f 876 877 973
f 876 973 972
f 877 878 974
f 877 974 973
f 878 879 975
f 878 975 974
f 879 880 976
f 879 976 975
f 880 881 977
f 880 977 976
f 881 882 978
f 881 978 977
f 882 883 979
f 882 979 978
f 883 884 980
f 883 980 979
f 884 885 981
f 884 981 980
f 885 886 982
f 885 982 981
f 886 887 983
f 886 983 982
f 887 888 984
f 887 984 983
f 888 889 985
f 888 985 984
f 889 890 986
f 889 986 985
f 890 891 987
f 890 987 986
f 891 892 988
f 891 988 987
f 892 893 989
f 892 989 988
f 893 894 990
f 893 990 989
f 894 895 991
f 894 991 990
f 895 896 992
f 895 992 991
f 896 897 993
f 896 993 992
f 897 898 994
f 897 994 993
f 898 899 995
f 898 995 994
f 899 900 996
f 899 996 995
f 900 901 997
f 900 997 996
f 901 902 998
f 901 998 997
f 902 903 999
f 902 999 998
f 903 904 1000
f 903 1000 999
f 904 905 1001
f 904 1001 1000
f 905 906 1002
f 905 1002 1001
f 906 907 1003
f 906 1003 1002
f 907 908 1004
f 907 1004 1003
f 908 909 1005
f 908 1005 1004
f 909 910 1006
f 909 1006 1005
f 910 911 1007
f 910 1007 1006
f 911 912 1008
f 911 1008 1007
f 912 913 1009
f 912 1009 1008
f 913 914 1010
f 913 1010 1009
f 914 915 1011
f 914 1011 1010
f 915 916 1012
f 915 1012 1011
f 916 917 1013
f 916 1013 1012
f 917 918 1014
f 917 1014 1013
f 918 919 1015
f 918 1015 1014
f 919 920 1016
f 919 1016 1015
f 920 921 1017
f 920 1017 1016
f 921 922 1018
f 921 1018 1017
f 922 923 1019
f 922 1019 1018
f 923 924 1020
f 923 1020 1019
f 924 925 1021
f 924 1021 1020
f 925 926 1022
f 925 1022 1021
f 926 927 1023
f 926 1023 1022
f 927 928 1024
f 927 1024 1023
f 928 929 1025
f 928 1025 1024
f 929 930 1026
f 929 1026 1025
f 930 931 1027
f 930 1027 1026
f 931 932 1028
f 931 1028 1027
f 932 933 1029
f 932 1029 1028
f 933 934 1030
f 933 1030 1029
f 934 935 1031
f 934 1031 1030
f 935 936 1032
f 935 1032 1031
f 936 937 1033
f 936 1033 1032
f 937 938 1034
f 937 1034 1033
f 938 939 1035
f 938 1035 1034
f 939 940 1036
f 939 1036 1035
f 940 941 1037
f 940 1037 1036
f 941 942 1038
f 941 1038 1037
f 942 943 1039
f 942 1039 1038
f 943 944 1040
f 943 1040 1039
f 944 945 1041
f 944 1041 1040
f 945 946 1042
f 945 1042 1041
f 946 947 1043
f 946 1043 1042
f 947 948 1044
f 947 1044 1043
f 948 949 1045
f 948 1045 1044
f 949 950 1046
f 949 1046 1045
f 950 951 1047
f 950 1047 1046
f 951 952 1048
f 951 1048 1047
f 952 953 1049
f 952 1049 1048
f 953 954 1050
f 953 1050 1049
f 954 955 1051
f 954 1051 1050
f 955 956 1052
f 955 1052 1051
f 956 957 1053
f 956 1053 1052
f 957 958 1054
f 957 1054 1053
f 958 959 1055
f 958 1055 1054
f 959 960 1056
f 959 1056 1055
f 960 961 1057
f 960 1057 1056
f 961 866 962
f 961 962 1057
f 962 963 1059
f 962 1059 1058
f 963 964 1060
f 963 1060 1059
f 964 965 1061
f 964 1061 1060
f 965 966 1062
f 965 1062 1061
f 966 967 1063
f 966 1063 1062
f 967 968 1064
f 967 1064 1063
f 968 969 1065
f 968 1065 1064
f 969 970 1066
f 969 1066 1065
f 970 971 1067
f 970 1067 1066
f 971 972 1068
f 971 1068 1067
f 972 973 1069
f 972 1069 1068
f 973 974 1070
f 973 1070 1069
f 974 975 1071
f 974 1071 1070
f 975 976 1072
f 975 1072 1071
f 976 977 1073
f 976 1073 1072
f 977 978 1074
f 977 1074 1073
f 978 979 1075
f 978 1075 1074
f 979 980 1076
f 979 1076 1075
f 980 981 1077
f 980 1077 1076
f 981 982 1078
f 981 1078 1077
f 982 983 1079
f 982 1079 1078
f 983 984 1080
f 983 1080 1079
f 984 985 1081
f 984 1081 1080
f 985 986 1082
f 985 1082 1081
f 986 987 1083
f 986 1083 1082
f 987 988 1084
f 987 1084 1083
f 988 989 1085
f 988 1085 1084
f 989 990 1086
f 989 1086 1085
f 990 991 1087
f 990 1087 1086
f 991 992 1088
f 991 1088 1087
f 992 993 1089
f 992 1089 1088
f 993 994 1090
f 993 1090 1089
f 994 995 1091
f 994 1091 1090
f 995 996 1092
f 995 1092 1091
f 996 997 1093
f 996 1093 1092
f 997 998 1094
f 997 1094 1093
f 998 999 1095
f 998 1095 1094
f 999 1000 1096
f 999 1096 1095
f 1000 1001 1097
f 1000 1097 1096
f 1001 1002 1098
f 1001 1098 1097
f 1002 1003 1099
f 1002 1099 1098
f 1003 1004 1100
f 1003 1100 1099
f 1004 1005 1101
f 1004 1101 1100
f 1005 1006 1102
f 1005 1102 1101
f 1006 1007 1103
f 1006 1103 1102
f 1007 1008 1104
f 1007 1104 1103
f 1008 1009 1105
f 1008 1105 1104
f 1009 1010 1106
f 1009 1106 1105
f 1010 1011 1107
f 1010 1107 1106
f 1011 1012 1108
f 1011 1108 1107
f 1012 1013 1109
f 1012 1109 1108
f 1013 1014 1110
f 1013 1110 1109
f 1014 1015 1111
f 1014 1111 1110
f 1015 1016 1112
f 1015 1112 1111
f 1016 1017 1113
f 1016 1113 1112
f 1017 1018 1114
f 1017 1114 1113
f 1018 1019 1115
f 1018 1115 1114
f 1019 1020 1116
f 1019 1116 1115
f 1020 1021 1117
f 1020 1117 1116
f 1021 1022 1118
f 1021 1118 1117
f 1022 1023 1119
f 1022 1119 1118
f 1023 1024 1120
f 1023 1120 1119
f 1024 1025 1121
f 1024 1121 1120
f 1025 1026 1122
f 1025 1122 1121
f 1026 1027 1123
f 1026 1123 1122
f 1027 1028 1124
f 1027 1124 1123
f 1028 1029 1125
f 1028 1125 1124
f 1029 1030 1126
f 1029 1126 1125
f 1030 1031 1127
f 1030 1127 1126
f 1031 1032 1128
f 1031 1128 1127
f 1032 1033 1129
f 1032 1129 1128
f 1033 1034 1130
f 1033 1130 1129
f 1034 1035 1131
f 1034 1131 1130
f 1035 1036 1132
f 1035 1132 1131
f 1036 1037 1133
f 1036 1133 1132
f 1037 1038 1134
f 1037 1134 1133
f 1038 1039 1135
f 1038 1135 1134
f 1039 1040 1136
f 1039 1136 1135
f 1040 1041 1137
f 1040 1137 1136
f 1041 1042 1138
f 1041 1138 1137
f 1042 1043 1139
f 1042 1139 1138
f 1043 1044 1140
f 1043 1140 1139
f 1044 1045 1141
f 1044 1141 1140
f 1045 1046 1142
f 1045 1142 1141
f 1046 1047 1143
f 1046 1143 1142
f 1047 1048 1144
f 1047 1144 1143
f 1048 1049 1145
f 1048 1145 1144
f 1049 1050 1146
f 1049 1146 1145
f 1050 1051 1147
f 1050 1147 1146
f 1051 1052 1148
f 1051 1148 1147
f 1052 1053 1149
f 1052 1149 1148
f 1053 1054 1150
f 1053 1150 1149
f 1054 1055 1151
f 1054 1151 1150
f 1055 1056 1152
f 1055 1152 1151
f 1056 1057 1153
f 1056 1153 1152
f 1057 962 1058
f 1057 1058 1153
f 1058 1059 1155
f 1058 1155 1154
f 1059 1060 1156
f 1059 1156 1155
f 1060 1061 1157
f 1060 1157 1156
f 1061 1062 1158
f 1061 1158 1157
f 1062 1063 1159
f 1062 1159 1158
f 1063 1064 1160
f 1063 1160 1159
f 1064 1065 1161
f 1064 1161 1160
f 1065 1066 1162
f 1065 1162 1161
f 1066 1067 1163
f 1066 1163 1162
f 1067 1068 1164
f 1067 1164 1163
f 1068 1069 1165
f 1068 1165 1164
f 1069 1070 1166
f 1069 1166 1165
f 1070 1071 1167
f 1070 1167 1166
f 1071 1072 1168
f 1071 1168 1167
f 1072 1073 1169
f 1072 1169 1168
f 1073 1074 1170
f 1073 1170 1169
f 1074 1075 1171
f 1074 1171 1170
f 1075 1076 1172
f 1075 1172 1171
f 1076 1077 1173
f 1076 1173 1172
f 1077 1078 1174
f 1077 1174 1173
f 1078 1079 1175
f 1078 1175 1174
f 1079 1080 1176
f 1079 1176 1175
f 1080 1081 1177
f 1080 1177 1176
f 1081 1082 1178
f 1081 1178 1177
f 1082 1083 1179
f 1082 1179 1178
f 1083 1084 1180
f 1083 1180 1179
f 1084 1085 1181
f 1084 1181 1180
f 1085 1086 1182
f 1085 1182 1181
f 1086 1087 1183
f 1086 1183 1182
f 1087 1088 1184
f 1087 1184 1183
f 1088 1089 1185
f 1088 1185 1184
f 1089 1090 1186
f 1089 1186 1185
f 1090 1091 1187
f 1090 1187 1186
f 1091 1092 1188
f 1091 1188 1187
f 1092 1093 1189
f 1092 1189 1188
f 1093 1094 1190
f 1093 1190 1189
f 1094 1095 1191
f 1094 1191 1190
f 1095 1096 1192
f 1095 1192 1191
f 1096 1097 1193
f 1096 1193 1192
f 1097 1098 1194
f 1097 1194 1193
f 1098 1099 1195
f 1098 1195 1194
f 1099 1100 1196
f 1099 1196 1195
f 1100 1101 1197
f 1100 1197 1196
f 1101 1102 1198
f 1101 1198 1197
f 1102 1103 1199
f 1102 1199 1198
f 1103 1104 1200
f 1103 1200 1199
f 1104 1105 1201
f 1104 1201 1200
f 1105 1106 1202
f 1105 1202 1201
f 1106 1107 1203
f 1106 1203 1202
f 1107 1108 1204
f 1107 1204 1203
f 1108 1109 1205
f 1108 1205 1204
f 1109 1110 1206
f 1109 1206 1205
f 1110 1111 1207
f 1110 1207 1206
f 1111 1112 1208
f 1111 1208 1207
f 1112 1113 1209
f 1112 1209 1208
f 1113 1114 1210
f 1113 1210 1209
f 1114 1115 1211
f 1114 1211 1210
f 1115 1116 1212
f 1115 1212 1211
f 1116 1117 1213
f 1116 1213 1212
f 1117 1118 1214
f 1117 1214 1213
f 1118 1119 1215
f 1118 1215 1214
f 1119 1120 1216
f 1119 1216 1215
f 1120 1121 1217
f 1120 1217 1216
f 1121 1122 1218
f 1121 1218 1217
f 1122 1123 1219
f 1122 1219 1218
f 1123 1124 1220
f 1123 1220 1219
f 1124 1125 1221
f 1124 1221 1220
f 1125 1126 1222
f 1125 1222 1221
f 1126 1127 1223
f 1126 1223 1222
f 1127 1128 1224
f 1127 1224 1223
f 1128 1129 1225
f 1128 1225 1224
f 1129 1130 1226
f 1129 1226 1225
f 1130 1131 1227
f 1130 1227 1226
f 1131 1132 1228
f 1131 1228 1227
f 1132 1133 1229
f 1132 1229 1228
f 1133 1134 1230
f 1133 1230 1229
f 1134 1135 1231
f 1134 1231 1230
f 1135 1136 1232
f 1135 1232 1231
f 1136 1137 1233
f 1136 1233 1232
f 1137 1138 1234
f 1137 1234 1233
f 1138 1139 1235
f 1138 1235 1234
f 1139 1140 1236
f 1139 1236 1235
f 1140 1141 1237
f 1140 1237 1236
f 1141 1142 1238
f 1141 1238 1237
f 1142 1143 1239
f 1142 1239 1238
f 1143 1144 1240
f 1143 1240 1239
f 1144 1145 1241
f 1144 1241 1240
f 1145 1146 1242
f 1145 1242 1241
f 1146 1147 1243
f 1146 1243 1242
f 1147 1148 1244
f 1147 1244 1243
f 1148 1149 1245
f 1148 1245 1244
f 1149 1150 1246
f 1149 1246 1245
f 1150 1151 1247
f 1150 1247 1246
f 1151 1152 1248
f 1151 1248 1247
f 1152 1153 1249
f 1152 1249 1248
f 1153 1058 1154
f 1153 1154 1249
f 1154 1155 1251
f 1154 1251 1250
f 1155 1156 1252
f 1155 1252 1251
f 1156 1157 1253
f 1156 1253 1252
f 1157 1158 1254
f 1157 1254 1253
f 1158 1159 1255
f 1158 1255 1254
f 1159 1160 1256
f 1159 1256 1255
f 1160 1161 1257
f 1160 1257 1256
f 1161 1162 1258
f 1161 1258 1257
f 1162 1163 1259
f 1162 1259 1258
f 1163 1164 1260
f 1163 1260 1259
f 1164 1165 1261
f 1164 1261 1260
f 1165 1166 1262
f 1165 1262 1261
f 1166 1167 1263
f 1166 1263 1262
f 1167 1168 1264
f 1167 1264 1263
f 1168 1169 1265
f 1168 1265 1264
f 1169 1170 1266
f 1169 1266 1265
f 1170 1171 1267
f 1170 1267 1266
f 1171 1172 1268
f 1171 1268 1267
f 1172 1173 1269
f 1172 1269 1268
f 1173 1174 1270
f 1173 1270 1269
f 1174 1175 1271
f 1174 1271 1270
f 1175 1176 1272
f 1175 1272 1271
f 1176 1177 1273
f 1176 1273 1272
f 1177 1178 1274
f 1177 1274 1273
f 1178 1179 1275
f 1178 1275 1274
f 1179 1180 1276
f 1179 1276 1275
f 1180 1181 1277
f 1180 1277 1276
f 1181 1182 1278
f 1181 1278 1277
f 1182 1183 1279
f 1182 1279 1278
f 1183 1184 1280
f 1183 1280 1279
f 1184 1185 1281
f 1184 1281 1280
f 1185 1186 1282
f 1185 1282 1281
f 1186 1187 1283
f 1186 1283 1282
f 1187 1188 1284
f 1187 1284 1283
f 1188 1189 1285
f 1188 1285 1284
f 1189 1190 1286
f 1189 1286 1285
f 1190 1191 1287
f 1190 1287 1286
f 1191 1192 1288
f 1191 1288 1287
f 1192 1193 1289
f 1192 1289 1288
f 1193 1194 1290
f 1193 1290 1289
f 1194 1195 1291
f 1194 1291 1290
f 1195 1196 1292
f 1195 1292 1291
f 1196 1197 1293
f 1196 1293 1292
f 1197 1198 1294
f 1197 1294 1293
f 1198 1199 1295
f 1198 1295 1294
f 1199 1200 1296
f 1199 1296 1295
f 1200 1201 1297
f 1200 1297 1296
f 1201 1202 1298
f 1201 1298 1297
f 1202 1203 1299
f 1202 1299 1298
f 1203 1204 1300
f 1203 1300 1299
f 1204 1205 1301
f 1204 1301 1300
f 1205 1206 1302
f 1205 1302 1301
f 1206 1207 1303
f 1206 1303 1302
f 1207 1208 1304
f 1207 1304 1303
f 1208 1209 1305
f 1208 1305 1304
f 1209 1210 1306
f 1209 1306 1305
f 1210 1211 1307
f 1210 1307 1306
f 1211 1212 1308
f 1211 1308 1307
f 1212 1213 1309
f 1212 1309 1308
f 1213 1214 1310
f 1213 1310 1309
f 1214 1215 1311
f 1214 1311 1310
f 1215 1216 1312
f 1215 1312 1311
f 1216 1217 1313
f 1216 1313 1312
f 1217 1218 1314
f 1217 1314 1313
f 1218 1219 1315
f 1218 1315 1314
f 1219 1220 1316
f 1219 1316 1315
f 1220 1221 1317
f 1220 1317 1316
f 1221 1222 1318
f 1221 1318 1317
f 1222 1223 1319
f 1222 1319 1318
f 1223 1224 1320
f 1223 1320 1319
f 1224 1225 1321
f 1224 1321 1320
f 1225 1226 1322
f 1225 1322 1321
f 1226 1227 1323
f 1226 1323 1322
f 1227 1228 1324
f 1227 1324 1323
f 1228 1229 1325
f 1228 1325 1324
f 1229 1230 1326
f 1229 1326 1325
f 1230 1231 1327
f 1230 1327 1326
f 1231 1232 1328
f 1231 1328 1327
f 1232 1233 1329
f 1232 1329 1328
f 1233 1234 1330
f 1233 1330 1329
f 1234 1235 1331
f 1234 1331 1330
f 1235 1236 1332
f 1235 1332 1331
f 1236 1237 1333
f 1236 1333 1332
f 1237 1238 1334
f 1237 1334 1333
f 1238 1239 1335
f 1238 1335 1334
f 1239 1240 1336
f 1239 1336 1335
f 1240 1241 1337
f 1240 1337 1336
f 1241 1242 1338
f 1241 1338 1337
f 1242 1243 1339
f 1242 1339 1338
f 1243 1244 1340
f 1243 1340 1339
f 1244 1245 1341
f 1244 1341 1340
f 1245 1246 1342
f 1245 1342 1341
f 1246 1247 1343
f 1246 1343 1342
f 1247 1248 1344
f 1247 1344 1343
f 1248 1249 1345
f 1248 1345 1344
f 1249 1154 1250
f 1249 1250 1345
f 1250 1251 1347
f 1250 1347 1346
f 1251 1252 1348
f 1251 1348 1347
f 1252 1253 1349
f 1252 1349 1348
f 1253 1254 1350
f 1253 1350 1349
f 1254 1255 1351
f 1254 1351 1350
f 1255 1256 1352
f 1255 1352 1351
f 1256 1257 1353
f 1256 1353 1352
f 1257 1258 1354
f 1257 1354 1353
f 1258 1259 1355
f 1258 1355 1354
f 1259 1260 1356
f 1259 1356 1355
f 1260 1261 1357
f 1260 1357 1356
f 1261 1262 1358
f 1261 1358 1357
f 1262 1263 1359
f 1262 1359 1358
f 1263 1264 1360
f 1263 1360 1359
f 1264 1265 1361
f 1264 1361 1360
f 1265 1266 1362
f 1265 1362 1361
f 1266 1267 1363
f 1266 1363 1362
f 1267 1268 1364
f 1267 1364 1363
f 1268 1269 1365
f 1268 1365 1364
f 1269 1270 1366
f 1269 1366 1365
f 1270 1271 1367
f 1270 1367 1366
f 1271 1272 1368
f 1271 1368 1367
f 1272 1273 1369
f 1272 1369 1368
f 1273 1274 1370
f 1273 1370 1369
f 1274 1275 1371
f 1274 1371 1370
f 1275 1276 1372
f 1275 1372 1371
f 1276 1277 1373
f 1276 1373 1372
f 1277 1278 1374
f 1277 1374 1373
f 1278 1279 1375
f 1278 1375 1374
f 1279 1280 1376
f 1279 1376 1375
f 1280 1281 1377
f 1280 1377 1376
f 1281 1282 1378
f 1281 1378 1377
f 1282 1283 1379
f 1282 1379 1378
f 1283 1284 1380
f 1283 1380 1379
f 1284 1285 1381
f 1284 1381 1380
f 1285 1286 1382
f 1285 1382 1381
f 1286 1287 1383
f 1286 1383 1382
f 1287 1288 1384
f 1287 1384 1383
f 1288 1289 1385
f 1288 1385 1384
f 1289 1290 1386
f 1289 1386 1385
f 1290 1291 1387
f 1290 1387 1386
f 1291 1292 1388
f 1291 1388 1387
f 1292 1293 1389
f 1292 1389 1388
f 1293 1294 1390
f 1293 1390 1389
f 1294 1295 1391
f 1294 1391 1390
f 1295 1296 1392
f 1295 1392 1391
f 1296 1297 1393
f 1296 1393 1392
f 1297 1298 1394
f 1297 1394 1393
f 1298 1299 1395
f 1298 1395 1394
f 1299 1300 1396
f 1299 1396 1395
f 1300 1301 1397
f 1300 1397 1396
f 1301 1302 1398
f 1301 1398 1397
f 1302 1303 1399
f 1302 1399 1398
f 1303 1304 1400
f 1303 1400 1399
f 1304 1305 1401
f 1304 1401 1400
f 1305 1306 1402
f 1305 1402 1401
f 1306 1307 1403
f 1306 1403 1402
f 1307 1308 1404
f 1307 1404 1403
f 1308 1309 1405
f 1308 1405 1404
f 1309 1310 1406
f 1309 1406 1405
f 1310 1311 1407
f 1310 1407 1406
f 1311 1312 1408
f 1311 1408 1407
f 1312 1313 1409
f 1312 1409 1408
f 1313 1314 1410
f 1313 1410 1409
f 1314 1315 1411
f 1314 1411 1410
f 1315 1316 1412
f 1315 1412 1411
f 1316 1317 1413
f 1316 1413 1412
f 1317 1318 1414
f 1317 1414 1413
f 1318 1319 1415
f 1318 1415 1414
f 1319 1320 1416
f 1319 1416 1415
f 1320 1321 1417
f 1320 1417 1416
f 1321 1322 1418
f 1321 1418 1417
f 1322 1323 1419
f 1322 1419 1418
f 1323 1324 1420
f 1323 1420 1419
f 1324 1325 1421
f 1324 1421 1420
f 1325 1326 1422
f 1325 1422 1421
f 1326 1327 1423
f 1326 1423 1422
f 1327 1328 1424
f 1327 1424 1423
f 1328 1329 1425
f 1328 1425 1424
f 1329 1330 1426
f 1329 1426 1425
f 1330 1331 1427
f 1330 1427 1426
f 1331 1332 1428
f 1331 1428 1427
f 1332 1333 1429
f 1332 1429 1428
f 1333 1334 1430
f 1333 1430 1429
f 1334 1335 1431
f 1334 1431 1430
f 1335 1336 1432
f 1335 1432 1431
f 1336 1337 1433
f 1336 1433 1432
f 1337 1338 1434
f 1337 1434 1433
f 1338 1339 1435
f 1338 1435 1434
f 1339 1340 1436
f 1339 1436 1435
f 1340 1341 1437
f 1340 1437 1436
f 1341 1342 1438
f 1341 1438 1437
f 1342 1343 1439
f 1342 1439 1438
f 1343 1344 1440
f 1343 1440 1439
f 1344 1345 1441
f 1344 1441 1440
f 1345 1250 1346
f 1345 1346 1441
f 1346 1347 1443
f 1346 1443 1442
f 1347 1348 1444
f 1347 1444 1443
f 1348 1349 1445
f 1348 1445 1444
f 1349 1350 1446
f 1349 1446 1445
f 1350 1351 1447
f 1350 1447 1446
f 1351 1352 1448
f 1351 1448 1447
f 1352 1353 1449
f 1352 1449 1448
f 1353 1354 1450
f 1353 1450 1449
f 1354 1355 1451
f 1354 1451 1450
f 1355 1356 1452
f 1355 1452 1451
f 1356 1357 1453
f 1356 1453 1452
f 1357 1358 1454
f 1357 1454 1453
f 1358 1359 1455
f 1358 1455 1454
f 1359 1360 1456
f 1359 1456 1455
f 1360 1361 1457
f 1360 1457 1456
f 1361 1362 1458
f 1361 1458 1457
f 1362 1363 1459
f 1362 1459 1458
f 1363 1364 1460
f 1363 1460 1459
f 1364 1365 1461
f 1364 1461 1460
f 1365 1366 1462
f 1365 1462 1461
f 1366 1367 1463
f 1366 1463 1462
f 1367 1368 1464
f 1367 1464 1463
f 1368 1369 1465
f 1368 1465 1464
f 1369 1370 1466
f 1369 1466 1465
f 1370 1371 1467
f 1370 1467 1466
f 1371 1372 1468
f 1371 1468 1467
f 1372 1373 1469
f 1372 1469 1468
f 1373 1374 1470
f 1373 1470 1469
f 1374 1375 1471
f 1374 1471 1470
f 1375 1376 1472
f 1375 1472 1471
f 1376 1377 1473
f 1376 1473 1472
f 1377 1378 1474
f 1377 1474 1473
f 1378 1379 1475
f 1378 1475 1474
f 1379 1380 1476
f 1379 1476 1475
f 1380 1381 1477
f 1380 1477 1476
f 1381 1382 1478
f 1381 1478 1477
f 1382 1383 1479
f 1382 1479 1478
f 1383 1384 1480
f 1383 1480 1479
f 1384 1385 1481
f 1384 1481 1480
f 1385 1386 1482
f 1385 1482 1481
f 1386 1387 1483
f 1386 1483 1482
f 1387 1388 1484
f 1387 1484 1483
f 1388 1389 1485
f 1388 1485 1484
f 1389 1390 1486
f 1389 1486 1485
f 1390 1391 1487
f 1390 1487 1486
f 1391 1392 1488
f 1391 1488 1487
f 1392 1393 1489
f 1392 1489 1488
f 1393 1394 1490
f 1393 1490 1489
f 1394 1395 1491
f 1394 1491 1490
f 1395 1396 1492
f 1395 1492 1491
f 1396 1397 1493
f 1396 1493 1492
f 1397 1398 1494
f 1397 1494 1493
f 1398 1399 1495
f 1398 1495 1494
f 1399 1400 1496
f 1399 1496 1495
f 1400 1401 1497
f 1400 1497 1496
f 1401 1402 1498
f 1401 1498 1497
f 1402 1403 1499
f 1402 1499 1498
f 1403 1404 1500
f 1403 1500 1499
f 1404 1405 1501
f 1404 1501 1500
f 1405 1406 1502
f 1405 1502 1501
f 1406 1407 1503
f 1406 1503 1502
f 1407 1408 1504
f 1407 1504 1503
f 1408 1409 1505
f 1408 1505 1504
f 1409 1410 1506
f 1409 1506 1505
f 1410 1411 1507
f 1410 1507 1506
f 1411 1412 1508
f 1411 1508 1507
f 1412 1413 1509
f 1412 1509 1508
f 1413 1414 1510
f 1413 1510 1509
f 1414 1415 1511
f 1414 1511 1510
f 1415 1416 1512
f 1415 1512 1511
f 1416 1417 1513
f 1416 1513 1512
f 1417 1418 1514
f 1417 1514 1513
f 1418 1419 1515
f 1418 1515 1514
f 1419 1420 1516
f 1419 1516 1515
f 1420 1421 1517
f 1420 1517 1516
f 1421 1422 1518
f 1421 1518 1517
f 1422 1423 1519
f 1422 1519 1518
f 1423 1424 1520
f 1423 1520 1519
f 1424 1425 1521
f 1424 1521 1520
f 1425 1426 1522
f 1425 1522 1521
f 1426 1427 1523
f 1426 1523 1522
f 1427 1428 1524
f 1427 1524 1523
f 1428 1429 1525
f 1428 1525 1524
f 1429 1430 1526
f 1429 1526 1525
f 1430 1431 1527
f 1430 1527 1526
f 1431 1432 1528
f 1431 1528 1527
f 1432 1433 1529
f 1432 1529 1528
f 1433 1434 1530
f 1433 1530 1529
f 1434 1435 1531
f 1434 1531 1530
f 1435 1436 1532
f 1435 1532 1531
f 1436 1437 1533
f 1436 1533 1532
f 1437 1438 1534
f 1437 1534 1533
f 1438 1439 1535
f 1438 1535 1534
f 1439 1440 1536
f 1439 1536 1535
f 1440 1441 1537
f 1440 1537 1536
f 1441 1346 1442
f 1441 1442 1537
f 1442 1443 1539
f 1442 1539 1538
f 1443 1444 1540
f 1443 1540 1539
f 1444 1445 1541
f 1444 1541 1540
f 1445 1446 1542
f 1445 1542 1541
f 1446 1447 1543
f 1446 1543 1542
f 1447 1448 1544
f 1447 1544 1543
f 1448 1449 1545
f 1448 1545 1544
f 1449 1450 1546
f 1449 1546 1545
f 1450 1451 1547
f 1450 1547 1546
f 1451 1452 1548
f 1451 1548 1547
f 1452 1453 1549
f 1452 1549 1548
f 1453 1454 1550
f 1453 1550 1549
f 1454 1455 1551
f 1454 1551 1550
f 1455 1456 1552
f 1455 1552 1551
f 1456 1457 1553
f 1456 1553 1552
f 1457 1458 1554
f 1457 1554 1553
f 1458 1459 1555
f 1458 1555 1554
f 1459 1460 1556
f 1459 1556 1555
f 1460 1461 1557
f 1460 1557 1556
f 1461 1462 1558
f 1461 1558 1557
f 1462 1463 1559
f 1462 1559 1558
f 1463 1464 1560
f 1463 1560 1559
f 1464 1465 1561
f 1464 1561 1560
f 1465 1466 1562
f 1465 1562 1561
f 1466 1467 1563
f 1466 1563 1562
f 1467 1468 1564
f 1467 1564 1563
f 1468 1469 1565
f 1468 1565 1564
f 1469 1470 1566
f 1469 1566 1565
f 1470 1471 1567
f 1470 1567 1566
f 1471 1472 1568
f 1471 1568 1567
f 1472 1473 1569
f 1472 1569 1568
f 1473 1474 1570
f 1473 1570 1569
f 1474 1475 1571
f 1474 1571 1570
f 1475 1476 1572
f 1475 1572 1571
f 1476 1477 1573
f 1476 1573 1572
f 1477 1478 1574
f 1477 1574 1573
f 1478 1479 1575
f 1478 1575 1574
f 1479 1480 1576
f 1479 1576 1575
f 1480 1481 1577
f 1480 1577 1576
f 1481 1482 1578
f 1481 1578 1577
f 1482 1483 1579
f 1482 1579 1578
f 1483 1484 1580
f 1483 1580 1579
f 1484 1485 1581
f 1484 1581 1580
f 1485 1486 1582
f 1485 1582 1581
f 1486 1487 1583
f 1486 1583 1582
f 1487 1488 1584
f 1487 1584 1583
f 1488 1489 1585
f 1488 1585 1584
f 1489 1490 1586
f 1489 1586 1585
f 1490 1491 1587
f 1490 1587 1586
f 1491 1492 1588
f 1491 1588 1587
f 1492 1493 1589
f 1492 1589 1588
f 1493 1494 1590
f 1493 1590 1589
f 1494 1495 1591
f 1494 1591 1590
f 1495 1496 1592
f 1495 1592 1591
f 1496 1497 1593
f 1496 1593 1592
f 1497 1498 1594
f 1497 1594 1593
f 1498 1499 1595
f 1498 1595 1594
f 1499 1500 1596
f 1499 1596 1595
f 1500 1501 1597
f 1500 1597 1596
f 1501 1502 1598
f 1501 1598 1597
f 1502 1503 1599
f 1502 1599 1598
f 1503 1504 1600
f 1503 1600 1599
f 1504 1505 1601
f 1504 1601 1600
f 1505 1506 1602
f 1505 1602 1601
f 1506 1507 1603
f 1506 1603 1602
f 1507 1508 1604
f 1507 1604 1603
f 1508 1509 1605
f 1508 1605 1604
f 1509 1510 1606
f 1509 1606 1605
f 1510 1511 1607
f 1510 1607 1606
f 1511 1512 1608
f 1511 1608 1607
f 1512 1513 1609
f 1512 1609 1608
f 1513 1514 1610
f 1513 1610 1609
f 1514 1515 1611
f 1514 1611 1610
f 1515 1516 1612
f 1515 1612 1611
f 1516 1517 1613
f 1516 1613 1612
f 1517 1518 1614
f 1517 1614 1613
f 1518 1519 1615
f 1518 1615 1614
f 1519 1520 1616
f 1519 1616 1615
f 1520 1521 1617
f 1520 1617 1616
f 1521 1522 1618
f 1521 1618 1617
f 1522 1523 1619
f 1522 1619 1618
f 1523 1524 1620
f 1523 1620 1619
f 1524 1525 1621
f 1524 1621 1620
f 1525 1526 1622
f 1525 1622 1621
f 1526 1527 1623
f 1526 1623 1622
f 1527 1528 1624
f 1527 1624 1623
f 1528 1529 1625
f 1528 1625 1624
f 1529 1530 1626
f 1529 1626 1625
f 1530 1531 1627
f 1530 1627 1626
f 1531 1532 1628
f 1531 1628 1627
f 1532 1533 1629
f 1532 1629 1628
f 1533 1534 1630
f 1533 1630 1629
f 1534 1535 1631
f 1534 1631 1630
f 1535 1536 1632
f 1535 1632 1631
f 1536 1537 1633
f 1536 1633 1632
f 1537 1442 1538
f 1537 1538 1633
f 1538 1539 1635
f 1538 1635 1634
f 1539 1540 1636
f 1539 1636 1635
f 1540 1541 1637
f 1540 1637 1636
f 1541 1542 1638
f 1541 1638 1637
f 1542 1543 1639
f 1542 1639 1638
f 1543 1544 1640
f 1543 1640 1639
f 1544 1545 1641
f 1544 1641 1640
f 1545 1546 1642
f 1545 1642 1641
f 1546 1547 1643
f 1546 1643 1642
f 1547 1548 1644
f 1547 1644 1643
f 1548 1549 1645
f 1548 1645 1644
f 1549 1550 1646
f 1549 1646 1645
f 1550 1551 1647
f 1550 1647 1646
f 1551 1552 1648
f 1551 1648 1647
f 1552 1553 1649
f 1552 1649 1648
f 1553 1554 1650
f 1553 1650 1649
f 1554 1555 1651
f 1554 1651 1650
f 1555 1556 1652
f 1555 1652 1651
f 1556 1557 1653
f 1556 1653 1652
f 1557 1558 1654
f 1557 1654 1653
f 1558 1559 1655
f 1558 1655 1654
f 1559 1560 1656
f 1559 1656 1655
f 1560 1561 1657
f 1560 1657 1656
f 1561 1562 1658
f 1561 1658 1657
f 1562 1563 1659
f 1562 1659 1658
f 1563 1564 1660
f 1563 1660 1659
f 1564 1565 1661
f 1564 1661 1660
f 1565 1566 1662
f 1565 1662 1661
f 1566 1567 1663
f 1566 1663 1662
f 1567 1568 1664
f 1567 1664 1663
f 1568 1569 1665
f 1568 1665 1664
f 1569 1570 1666
f 1569 1666 1665
f 1570 1571 1667
f 1570 1667 1666
f 1571 1572 1668
f 1571 1668 1667
f 1572 1573 1669
f 1572 1669 1668
f 1573 1574 1670
f 1573 1670 1669
f 1574 1575 1671
f 1574 1671 1670
f 1575 1576 1672
f 1575 1672 1671
f 1576 1577 1673
f 1576 1673 1672
f 1577 1578 1674
f 1577 1674 1673
f 1578 1579 1675
f 1578 1675 1674
f 1579 1580 1676
f 1579 1676 1675
f 1580 1581 1677
f 1580 1677 1676
f 1581 1582 1678
f 1581 1678 1677
f 1582 1583 1679
f 1582 1679 1678
f 1583 1584 1680
f 1583 1680 1679
f 1584 1585 1681
f 1584 1681 1680
f 1585 1586 1682
f 1585 1682 1681
f 1586 1587 1683
f 1586 1683 1682
f 1587 1588 1684
f 1587 1684 1683
f 1588 1589 1685
f 1588 1685 1684
f 1589 1590 1686
f 1589 1686 1685
f 1590 1591 1687
f 1590 1687 1686
f 1591 1592 1688
f 1591 1688 1687
f 1592 1593 1689
f 1592 1689 1688
f 1593 1594 1690
f 1593 1690 1689
f 1594 1595 1691
f 1594 1691 1690
f 1595 1596 1692
f 1595 1692 1691
f 1596 1597 1693
f 1596 1693 1692
f 1597 1598 1694
f 1597 1694 1693
f 1598 1599 1695
f 1598 1695 1694
f 1599 1600 1696
f 1599 1696 1695
f 1600 1601 1697
f 1600 1697 1696
f 1601 1602 1698
f 1601 1698 1697
f 1602 1603 1699
f 1602 1699 1698
f 1603 1604 1700
f 1603 1700 1699
f 1604 1605 1701
f 1604 1701 1700
f 1605 1606 1702
f 1605 1702 1701
f 1606 1607 1703
f 1606 1703 1702
f 1607 1608 1704
f 1607 1704 1703
f 1608 1609 1705
f 1608 1705 1704
f 1609 1610 1706
f 1609 1706 1705
f 1610 1611 1707
f 1610 1707 1706
f 1611 1612 1708
f 1611 1708 1707
f 1612 1613 1709
f 1612 1709 1708
f 1613 1614 1710
f 1613 1710 1709
f 1614 1615 1711
f 1614 1711 1710
f 1615 1616 1712
f 1615 1712 1711
f 1616 1617 1713
f 1616 1713 1712
f 1617 1618 1714
f 1617 1714 1713
f 1618 1619 1715
f 1618 1715 1714
f 1619 1620 1716
f 1619 1716 1715
f 1620 1621 1717
f 1620 1717 1716
f 1621 1622 1718
f 1621 1718 1717
f 1622 1623 1719
f 1622 1719 1718
f 1623 1624 1720
f 1623 1720 1719
f 1624 1625 1721
f 1624 1721 1720
f 1625 1626 1722
f 1625 1722 1721
f 1626 1627 1723
f 1626 1723 1722
f 1627 1628 1724
f 1627 1724 1723
f 1628 1629 1725
f 1628 1725 1724
f 1629 1630 1726
f 1629 1726 1725
f 1630 1631 1727
f 1630 1727 1726
f 1631 1632 1728
f 1631 1728 1727
f 1632 1633 1729
f 1632 1729 1728
f 1633 1538 1634
f 1633 1634 1729
f 1634 1635 1731
f 1634 1731 1730
f 1635 1636 1732
f 1635 1732 1731
f 1636 1637 1733
f 1636 1733 1732
f 1637 1638 1734
f 1637 1734 1733
f 1638 1639 1735
f 1638 1735 1734
f 1639 1640 1736
f 1639 1736 1735
f 1640 1641 1737
f 1640 1737 1736
f 1641 1642 1738
f 1641 1738 1737
f 1642 1643 1739
f 1642 1739 1738
f 1643 1644 1740
f 1643 1740 1739
f 1644 1645 1741
f 1644 1741 1740
f 1645 1646 1742
f 1645 1742 1741
f 1646 1647 1743
f 1646 1743 1742
f 1647 1648 1744
f 1647 1744 1743
f 1648 1649 1745
f 1648 1745 1744
f 1649 1650 1746
f 1649 1746 1745
f 1650 1651 1747
f 1650 1747 1746
f 1651 1652 1748
f 1651 1748 1747
f 1652 1653 1749
f 1652 1749 1748
f 1653 1654 1750
f 1653 1750 1749
f 1654 1655 1751
f 1654 1751 1750
f 1655 1656 1752
f 1655 1752 1751
f 1656 1657 1753
f 1656 1753 1752
f 1657 1658 1754
f 1657 1754 1753
f 1658 1659 1755
f 1658 1755 1754
f 1659 1660 1756
f 1659 1756 1755
f 1660 1661 1757
f 1660 1757 1756
f 1661 1662 1758
f 1661 1758 1757
f 1662 1663 1759
f 1662 1759 1758
f 1663 1664 1760
f 1663 1760 1759
f 1664 1665 1761
f 1664 1761 1760
f 1665 1666 1762
f 1665 1762 1761
f 1666 1667 1763
f 1666 1763 1762
f 1667 1668 1764
f 1667 1764 1763
f 1668 1669 1765
f 1668 1765 1764
f 1669 1670 1766
f 1669 1766 1765
f 1670 1671 1767
f 1670 1767 1766
f 1671 1672 1768
f 1671 1768 1767
f 1672 1673 1769
f 1672 1769 1768
f 1673 1674 1770
f 1673 1770 1769
f 1674 1675 1771
f 1674 1771 1770
f 1675 1676 1772
f 1675 1772 1771
f 1676 1677 1773
f 1676 1773 1772
f 1677 1678 1774
f 1677 1774 1773
f 1678 1679 1775
f 1678 1775 1774
f 1679 1680 1776
f 1679 1776 1775
f 1680 1681 1777
f 1680 1777 1776
f 1681 1682 1778
f 1681 1778 1777
f 1682 1683 1779
f 1682 1779 1778
f 1683 1684 1780
f 1683 1780 1779
f 1684 1685 1781
f 1684 1781 1780
f 1685 1686 1782
f 1685 1782 1781
f 1686 1687 1783
f 1686 1783 1782
f 1687 1688 1784
f 1687 1784 1783
f 1688 1689 1785
f 1688 1785 1784
f 1689 1690 1786
f 1689 1786 1785
f 1690 1691 1787
f 1690 1787 1786
f 1691 1692 1788
f 1691 1788 1787
f 1692 1693 1789
f 1692 1789 1788
f 1693 1694 1790
f 1693 1790 1789
f 1694 1695 1791
f 1694 1791 1790
f 1695 1696 1792
f 1695 1792 1791
f 1696 1697 1793
f 1696 1793 1792
f 1697 1698 1794
f 1697 1794 1793
f 1698 1699 1795
f 1698 1795 1794
f 1699 1700 1796
f 1699 1796 1795
f 1700 1701 1797
f 1700 1797 1796
f 1701 1702 1798
f 1701 1798 1797
f 1702 1703 1799
f 1702 1799 1798
f 1703 1704 1800
f 1703 1800 1799
f 1704 1705 1801
f 1704 1801 1800
f 1705 1706 1802
f 1705 1802 1801
f 1706 1707 1803
f 1706 1803 1802
f 1707 1708 1804
f 1707 1804 1803
f 1708 1709 1805
f 1708 1805 1804
f 1709 1710 1806
f 1709 1806 1805
f 1710 1711 1807
f 1710 1807 1806
f 1711 1712 1808
f 1711 1808 1807
f 1712 1713 1809
f 1712 1809 1808
f 1713 1714 1810
f 1713 1810 1809
f 1714 1715 1811
f 1714 1811 1810
f 1715 1716 1812
f 1715 1812 1811
f 1716 1717 1813
f 1716 1813 1812
f 1717 1718 1814
f 1717 1814 1813
f 1718 1719 1815
f 1718 1815 1814
f 1719 1720 1816
f 1719 1816 1815
f 1720 1721 1817
f 1720 1817 1816
f 1721 1722 1818
f 1721 1818 1817
f 1722 1723 1819
f 1722 1819 1818
f 1723 1724 1820
f 1723 1820 1819
f 1724 1725 1821
f 1724 1821 1820
f 1725 1726 1822
f 1725 1822 1821
f 1726 1727 1823
f 1726 1823 1822
f 1727 1728 1824
f 1727 1824 1823
f 1728 1729 1825
f 1728 1825 1824
f 1729 1634 1730
f 1729 1730 1825
f 1730 1731 1827
f 1730 1827 1826
f 1731 1732 1828
f 1731 1828 1827
f 1732 1733 1829
f 1732 1829 1828
f 1733 1734 1830
f 1733 1830 1829
f 1734 1735 1831
f 1734 1831 1830
f 1735 1736 1832
f 1735 1832 1831
f 1736 1737 1833
f 1736 1833 1832
f 1737 1738 1834
f 1737 1834 1833
f 1738 1739 1835
f 1738 1835 1834
f 1739 1740 1836
f 1739 1836 1835
f 1740 1741 1837
f 1740 1837 1836
f 1741 1742 1838
f 1741 1838 1837
f 1742 1743 1839
f 1742 1839 1838
f 1743 1744 1840
f 1743 1840 1839
f 1744 1745 1841
f 1744 1841 1840
f 1745 1746 1842
f 1745 1842 1841
f 1746 1747 1843
f 1746 1843 1842
f 1747 1748 1844
f 1747 1844 1843
f 1748 1749 1845
f 1748 1845 1844
f 1749 1750 1846
f 1749 1846 1845
f 1750 1751 1847
f 1750 1847 1846
f 1751 1752 1848
f 1751 1848 1847
f 1752 1753 1849
f 1752 1849 1848
f 1753 1754 1850
f 1753 1850 1849
f 1754 1755 1851
f 1754 1851 1850
f 1755 1756 1852
f 1755 1852 1851
f 1756 1757 1853
f 1756 1853 1852
f 1757 1758 1854
f 1757 1854 1853
f 1758 1759 1855
f 1758 1855 1854
f 1759 1760 1856
f 1759 1856 1855
f 1760 1761 1857
f 1760 1857 1856
f 1761 1762 1858
f 1761 1858 1857
f 1762 1763 1859
f 1762 1859 1858
f 1763 1764 1860
f 1763 1860 1859
f 1764 1765 1861
f 1764 1861 1860
f 1765 1766 1862
f 1765 1862 1861
f 1766 1767 1863
f 1766 1863 1862
f 1767 1768 1864
f 1767 1864 1863
f 1768 1769 1865
f 1768 1865 1864
f 1769 1770 1866
f 1769 1866 1865
f 1770 1771 1867
f 1770 1867 1866
f 1771 1772 1868
f 1771 1868 1867
f 1772 1773 1869
f 1772 1869 1868
f 1773 1774 1870
f 1773 1870 1869
f 1774 1775 1871
f 1774 1871 1870
f 1775 1776 1872
f 1775 1872 1871
f 1776 1777 1873
f 1776 1873 1872
f 1777 1778 1874
f 1777 1874 1873
f 1778 1779 1875
f 1778 1875 1874
f 1779 1780 1876
f 1779 1876 1875
f 1780 1781 1877
f 1780 1877 1876
f 1781 1782 1878
f 1781 1878 1877
f 1782 1783 1879
f 1782 1879 1878
f 1783 1784 1880
f 1783 1880 1879
f 1784 1785 1881
f 1784 1881 1880
f 1785 1786 1882
f 1785 1882 1881
f 1786 1787 1883
f 1786 1883 1882
f 1787 1788 1884
f 1787 1884 1883
f 1788 1789 1885
f 1788 1885 1884
f 1789 1790 1886
f 1789 1886 1885
f 1790 1791 1887
f 1790 1887 1886
f 1791 1792 1888
f 1791 1888 1887
f 1792 1793 1889
f 1792 1889 1888
f 1793 1794 1890
f 1793 1890 1889
f 1794 1795 1891
f 1794 1891 1890
f 1795 1796 1892
f 1795 1892 1891
f 1796 1797 1893
f 1796 1893 1892
f 1797 1798 1894
f 1797 1894 1893
f 1798 1799 1895
f 1798 1895 1894
f 1799 1800 1896
f 1799 1896 1895
f 1800 1801 1897
f 1800 1897 1896
f 1801 1802 1898
f 1801 1898 1897
f 1802 1803 1899
f 1802 1899 1898
f 1803 1804 1900
f 1803 1900 1899
f 1804 1805 1901
f 1804 1901 1900
f 1805 1806 1902
f 1805 1902 1901
f 1806 1807 1903
f 1806 1903 1902
f 1807 1808 1904
f 1807 1904 1903
f 1808 1809 1905
f 1808 1905 1904
f 1809 1810 1906
f 1809 1906 1905
f 1810 1811 1907
f 1810 1907 1906
f 1811 1812 1908
f 1811 1908 1907
f 1812 1813 1909
f 1812 1909 1908
f 1813 1814 1910
f 1813 1910 1909
f 1814 1815 1911
f 1814 1911 1910
f 1815 1816 1912
f 1815 1912 1911
f 1816 1817 1913
f 1816 1913 1912
f 1817 1818 1914
f 1817 1914 1913
f 1818 1819 1915
f 1818 1915 1914
f 1819 1820 1916
f 1819 1916 1915
f 1820 1821 1917
f 1820 1917 1916
f 1821 1822 1918
f 1821 1918 1917
f 1822 1823 1919
f 1822 1919 1918
f 1823 1824 1920
f 1823 1920 1919
f 1824 1825 1921
f 1824 1921 1920
f 1825 1730 1826
f 1825 1826 1921
f 1826 1827 1923
f 1826 1923 1922
f 1827 1828 1924
f 1827 1924 1923
f 1828 1829 1925
f 1828 1925 1924
f 1829 1830 1926
f 1829 1926 1925
f 1830 1831 1927
f 1830 1927 1926
f 1831 1832 1928
f 1831 1928 1927
f 1832 1833 1929
f 1832 1929 1928
f 1833 1834 1930
f 1833 1930 1929
f 1834 1835 1931
f 1834 1931 1930
f 1835 1836 1932
f 1835 1932 1931
f 1836 1837 1933
f 1836 1933 1932
f 1837 1838 1934
f 1837 1934 1933
f 1838 1839 1935
f 1838 1935 1934
f 1839 1840 1936
f 1839 1936 1935
f 1840 1841 1937
f 1840 1937 1936
f 1841 1842 1938
f 1841 1938 1937
f 1842 1843 1939
f 1842 1939 1938
f 1843 1844 1940
f 1843 1940 1939
f 1844 1845 1941
f 1844 1941 1940
f 1845 1846 1942
f 1845 1942 1941
f 1846 1847 1943
f 1846 1943 1942
f 1847 1848 1944
f 1847 1944 1943
f 1848 1849 1945
f 1848 1945 1944
f 1849 1850 1946
f 1849 1946 1945
f 1850 1851 1947
f 1850 1947 1946
f 1851 1852 1948
f 1851 1948 1947
f 1852 1853 1949
f 1852 1949 1948
f 1853 1854 1950
f 1853 1950 1949
f 1854 1855 1951
f 1854 1951 1950
f 1855 1856 1952
f 1855 1952 1951
f 1856 1857 1953
f 1856 1953 1952
f 1857 1858 1954
f 1857 1954 1953
f 1858 1859 1955
f 1858 1955 1954
f 1859 1860 1956
f 1859 1956 1955
f 1860 1861 1957
f 1860 1957 1956
f 1861 1862 1958
f 1861 1958 1957
f 1862 1863 1959
f 1862 1959 1958
f 1863 1864 1960
f 1863 1960 1959
f 1864 1865 1961
f 1864 1961 1960
f 1865 1866 1962
f 1865 1962 1961
f 1866 1867 1963
f 1866 1963 1962
f 1867 1868 1964
f 1867 1964 1963
f 1868 1869 1965
f 1868 1965 1964
f 1869 1870 1966
f 1869 1966 1965
f 1870 1871 1967
f 1870 1967 1966
f 1871 1872 1968
f 1871 1968 1967
f 1872 1873 1969
f 1872 1969 1968
f 1873 1874 1970
f 1873 1970 1969
f 1874 1875 1971
f 1874 1971 1970
f 1875 1876 1972
f 1875 1972 1971
f 1876 1877 1973
f 1876 1973 1972
f 1877 1878 1974
f 1877 1974 1973
f 1878 1879 1975
f 1878 1975 1974
f 1879 1880 1976
f 1879 1976 1975
f 1880 1881 1977
f 1880 1977 1976
f 1881 1882 1978
f 1881 1978 1977
f 1882 1883 1979
f 1882 1979 1978
f 1883 1884 1980
f 1883 1980 1979
f 1884 1885 1981
f 1884 1981 1980
f 1885 1886 1982
f 1885 1982 1981
f 1886 1887 1983
f 1886 1983 1982
f 1887 1888 1984
f 1887 1984 1983
f 1888 1889 1985
f 1888 1985 1984
f 1889 1890 1986
f 1889 1986 1985
f 1890 1891 1987
f 1890 1987 1986
f 1891 1892 1988
f 1891 1988 1987
f 1892 1893 1989
f 1892 1989 1988
f 1893 1894 1990
f 1893 1990 1989
f 1894 1895 1991
f 1894 1991 1990
f 1895 1896 1992
f 1895 1992 1991
f 1896 1897 1993
f 1896 1993 1992
f 1897 1898 1994
f 1897 1994 1993
f 1898 1899 1995
f 1898 1995 1994
f 1899 1900 1996
f 1899 1996 1995
f 1900 1901 1997
f 1900 1997 1996
f 1901 1902 1998
f 1901 1998 1997
f 1902 1903 1999
f 1902 1999 1998
f 1903 1904 2000
f 1903 2000 1999
f 1904 1905 2001
f 1904 2001 2000
f 1905 1906 2002
f 1905 2002 2001
f 1906 1907 2003
f 1906 2003 2002
f 1907 1908 2004
f 1907 2004 2003
f 1908 1909 2005
f 1908 2005 2004
f 1909 1910 2006
f 1909 2006 2005
f 1910 1911 2007
f 1910 2007 2006
f 1911 1912 2008
f 1911 2008 2007
f 1912 1913 2009
f 1912 2009 2008
f 1913 1914 2010
f 1913 2010 2009
f 1914 1915 2011
f 1914 2011 2010
f 1915 1916 2012
f 1915 2012 2011
f 1916 1917 2013
f 1916 2013 2012
f 1917 1918 2014
f 1917 2014 2013
f 1918 1919 2015
f 1918 2015 2014
f 1919 1920 2016
f 1919 2016 2015
f 1920 1921 2017
f 1920 2017 2016
f 1921 1826 1922
f 1921 1922 2017
f 1922 1923 2019
f 1922 2019 2018
f 1923 1924 2020
f 1923 2020 2019
f 1924 1925 2021
f 1924 2021 2020
f 1925 1926 2022
f 1925 2022 2021
f 1926 1927 2023
f 1926 2023 2022
f 1927 1928 2024
f 1927 2024 2023
f 1928 1929 2025
f 1928 2025 2024
f 1929 1930 2026
f 1929 2026 2025
f 1930 1931 2027
f 1930 2027 2026
f 1931 1932 2028
f 1931 2028 2027
f 1932 1933 2029
f 1932 2029 2028
f 1933 1934 2030
f 1933 2030 2029
f 1934 1935 2031
f 1934 2031 2030
f 1935 1936 2032
f 1935 2032 2031
f 1936 1937 2033
f 1936 2033 2032
f 1937 1938 2034
f 1937 2034 2033
f 1938 1939 2035
f 1938 2035 2034
f 1939 1940 2036
f 1939 2036 2035
f 1940 1941 2037
f 1940 2037 2036
f 1941 1942 2038
f 1941 2038 2037
f 1942 1943 2039
f 1942 2039 2038
f 1943 1944 2040
f 1943 2040 2039
f 1944 1945 2041
f 1944 2041 2040
f 1945 1946 2042
f 1945 2042 2041
f 1946 1947 2043
f 1946 2043 2042
f 1947 1948 2044
f 1947 2044 2043
f 1948 1949 2045
f 1948 2045 2044
f 1949 1950 2046
f 1949 2046 2045
f 1950 1951 2047
f 1950 2047 2046
f 1951 1952 2048
f 1951 2048 2047
f 1952 1953 2049
f 1952 2049 2048
f 1953 1954 2050
f 1953 2050 2049
f 1954 1955 2051
f 1954 2051 2050
f 1955 1956 2052
f 1955 2052 2051
f 1956 1957 2053
f 1956 2053 2052
f 1957 1958 2054
f 1957 2054 2053
f 1958 1959 2055
f 1958 2055 2054
f 1959 1960 2056
f 1959 2056 2055
f 1960 1961 2057
f 1960 2057 2056
f 1961 1962 2058
f 1961 2058 2057
f 1962 1963 2059
f 1962 2059 2058
f 1963 1964 2060
f 1963 2060 2059
f 1964 1965 2061
f 1964 2061 2060
f 1965 1966 2062
f 1965 2062 2061
f 1966 1967 2063
f 1966 2063 2062
f 1967 1968 2064
f 1967 2064 2063
f 1968 1969 2065
f 1968 2065 2064
f 1969 1970 2066
f 1969 2066 2065
f 1970 1971 2067
f 1970 2067 2066
f 1971 1972 2068
f 1971 2068 2067
f 1972 1973 2069
f 1972 2069 2068
f 1973 1974 2070
f 1973 2070 2069
f 1974 1975 2071
f 1974 2071 2070
f 1975 1976 2072
f 1975 2072 2071
f 1976 1977 2073
f 1976 2073 2072
f 1977 1978 2074
f 1977 2074 2073
f 1978 1979 2075
f 1978 2075 2074
f 1979 1980 2076
f 1979 2076 2075
f 1980 1981 2077
f 1980 2077 2076
f 1981 1982 2078
f 1981 2078 2077
f 1982 1983 2079
f 1982 2079 2078
f 1983 1984 2080
f 1983 2080 2079
f 1984 1985 2081
f 1984 2081 2080
f 1985 1986 2082
f 1985 2082 2081
f 1986 1987 2083
f 1986 2083 2082
f 1987 1988 2084
f 1987 2084 2083
f 1988 1989 2085
f 1988 2085 2084
f 1989 1990 2086
f 1989 2086 2085
f 1990 1991 2087
f 1990 2087 2086
f 1991 1992 2088
f 1991 2088 2087
f 1992 1993 2089
f 1992 2089 2088
f 1993 1994 2090
f 1993 2090 2089
f 1994 1995 2091
f 1994 2091 2090
f 1995 1996 2092
f 1995 2092 2091
f 1996 1997 2093
f 1996 2093 2092
f 1997 1998 2094
f 1997 2094 2093
f 1998 1999 2095
f 1998 2095 2094
f 1999 2000 2096
f 1999 2096 2095
f 2000 2001 2097
f 2000 2097 2096
f 2001 2002 2098
f 2001 2098 2097
f 2002 2003 2099
f 2002 2099 2098
f 2003 2004 2100
f 2003 2100 2099
f 2004 2005 2101
f 2004 2101 2100
f 2005 2006 2102
f 2005 2102 2101
f 2006 2007 2103
f 2006 2103 2102
f 2007 2008 2104
f 2007 2104 2103
f 2008 2009 2105
f 2008 2105 2104
f 2009 2010 2106
f 2009 2106 2105
f 2010 2011 2107
f 2010 2107 2106
f 2011 2012 2108
f 2011 2108 2107
f 2012 2013 2109
f 2012 2109 2108
f 2013 2014 2110
f 2013 2110 2109
f 2014 2015 2111
f 2014 2111 2110
f 2015 2016 2112
f 2015 2112 2111
f 2016 2017 2113
f 2016 2113 2112
f 2017 1922 2018
f 2017 2018 2113
f 2018 2019 2115
f 2018 2115 2114
f 2019 2020 2116
f 2019 2116 2115
f 2020 2021 2117
f 2020 2117 2116
f 2021 2022 2118
f 2021 2118 2117
f 2022 2023 2119
f 2022 2119 2118
f 2023 2024 2120
f 2023 2120 2119
f 2024 2025 2121
f 2024 2121 2120
f 2025 2026 2122
f 2025 2122 2121
f 2026 2027 2123
f 2026 2123 2122
f 2027 2028 2124
f 2027 2124 2123
f 2028 2029 2125
f 2028 2125 2124
f 2029 2030 2126
f 2029 2126 2125
f 2030 2031 2127
f 2030 2127 2126
f 2031 2032 2128
f 2031 2128 2127
f 2032 2033 2129
f 2032 2129 2128
f 2033 2034 2130
f 2033 2130 2129
f 2034 2035 2131
f 2034 2131 2130
f 2035 2036 2132
f 2035 2132 2131
f 2036 2037 2133
f 2036 2133 2132
f 2037 2038 2134
f 2037 2134 2133
f 2038 2039 2135
f 2038 2135 2134
f 2039 2040 2136
f 2039 2136 2135
f 2040 2041 2137
f 2040 2137 2136
f 2041 2042 2138
f 2041 2138 2137
f 2042 2043 2139
f 2042 2139 2138
f 2043 2044 2140
f 2043 2140 2139
f 2044 2045 2141
f 2044 2141 2140
f 2045 2046 2142
f 2045 2142 2141
f 2046 2047 2143
f 2046 2143 2142
f 2047 2048 2144
f 2047 2144 2143
f 2048 2049 2145
f 2048 2145 2144
f 2049 2050 2146
f 2049 2146 2145
f 2050 2051 2147
f 2050 2147 2146
f 2051 2052 2148
f 2051 2148 2147
f 2052 2053 2149
f 2052 2149 2148
f 2053 2054 2150
f 2053 2150 2149
f 2054 2055 2151
f 2054 2151 2150
f 2055 2056 2152
f 2055 2152 2151
f 2056 2057 2153
f 2056 2153 2152
f 2057 2058 2154
f 2057 2154 2153
f 2058 2059 2155
f 2058 2155 2154
f 2059 2060 2156
f 2059 2156 2155
f 2060 2061 2157
f 2060 2157 2156
f 2061 2062 2158
f 2061 2158 2157
f 2062 2063 2159
f 2062 2159 2158
f 2063 2064 2160
f 2063 2160 2159
f 2064 2065 2161
f 2064 2161 2160
f 2065 2066 2162
f 2065 2162 2161
f 2066 2067 2163
f 2066 2163 2162
f 2067 2068 2164
f 2067 2164 2163
f 2068 2069 2165
f 2068 2165 2164
f 2069 2070 2166
f 2069 2166 2165
f 2070 2071 2167
f 2070 2167 2166
f 2071 2072 2168
f 2071 2168 2167
f 2072 2073 2169
f 2072 2169 2168
f 2073 2074 2170
f 2073 2170 2169
f 2074 2075 2171
f 2074 2171 2170
f 2075 2076 2172
f 2075 2172 2171
f 2076 2077 2173
f 2076 2173 2172
f 2077 2078 2174
f 2077 2174 2173
f 2078 2079 2175
f 2078 2175 2174
f 2079 2080 2176
f 2079 2176 2175
f 2080 2081 2177
f 2080 2177 2176
f 2081 2082 2178
f 2081 2178 2177
f 2082 2083 2179
f 2082 2179 2178
f 2083 2084 2180
f 2083 2180 2179
f 2084 2085 2181
f 2084 2181 2180
f 2085 2086 2182
f 2085 2182 2181
f 2086 2087 2183
f 2086 2183 2182
f 2087 2088 2184
f 2087 2184 2183
f 2088 2089 2185
f 2088 2185 2184
f 2089 2090 2186
f 2089 2186 2185
f 2090 2091 2187
f 2090 2187 2186
f 2091 2092 2188
f 2091 2188 2187
f 2092 2093 2189
f 2092 2189 2188
f 2093 2094 2190
f 2093 2190 2189
f 2094 2095 2191
f 2094 2191 2190
f 2095 2096 2192
f 2095 2192 2191
f 2096 2097 2193
f 2096 2193 2192
f 2097 2098 2194
f 2097 2194 2193
f 2098 2099 2195
f 2098 2195 2194
f 2099 2100 2196
f 2099 2196 2195
f 2100 2101 2197
f 2100 2197 2196
f 2101 2102 2198
f 2101 2198 2197
f 2102 2103 2199
f 2102 2199 2198
f 2103 2104 2200
f 2103 2200 2199
f 2104 2105 2201
f 2104 2201 2200
f 2105 2106 2202
f 2105 2202 2201
f 2106 2107 2203
f 2106 2203 2202
f 2107 2108 2204
f 2107 2204 2203
f 2108 2109 2205
f 2108 2205 2204
f 2109 2110 2206
f 2109 2206 2205
f 2110 2111 2207
f 2110 2207 2206
f 2111 2112 2208
f 2111 2208 2207
f 2112 2113 2209
f 2112 2209 2208
f 2113 2018 2114
f 2113 2114 2209
f 2402 2403 2499
f 2402 2499 2498
f 2403 2404 2500
f 2403 2500 2499
f 2404 2405 2501
f 2404 2501 2500
f 2405 2406 2502
f 2405 2502 2501
f 2406 2407 2503
f 2406 2503 2502
f 2407 2408 2504
f 2407 2504 2503
f 2408 2409 2505
f 2408 2505 2504
f 2409 2410 2506
f 2409 2506 2505
f 2410 2411 2507
f 2410 2507 2506
f 2411 2412 2508
f 2411 2508 2507
f 2412 2413 2509
f 2412 2509 2508
f 2413 2414 2510
f 2413 2510 2509
f 2414 2415 2511
f 2414 2511 2510
f 2415 2416 2512
f 2415 2512 2511
f 2416 2417 2513
f 2416 2513 2512
f 2417 2418 2514
f 2417 2514 2513
f 2418 2419 2515
f 2418 2515 2514
f 2419 2420 2516
f 2419 2516 2515
f 2420 2421 2517
f 2420 2517 2516
f 2421 2422 2518
f 2421 2518 2517
f 2422 2423 2519
f 2422 2519 2518
f 2423 2424 2520
f 2423 2520 2519
f 2424 2425 2521
f 2424 2521 2520
f 2425 2426 2522
f 2425 2522 2521
f 2426 2427 2523
f 2426 2523 2522
f 2427 2428 2524
f 2427 2524 2523
f 2428 2429 2525
f 2428 2525 2524
f 2429 2430 2526
f 2429 2526 2525
f 2430 2431 2527
f 2430 2527 2526
f 2431 2432 2528
f 2431 2528 2527
f 2432 2433 2529
f 2432 2529 2528
f 2433 2434 2530
f 2433 2530 2529
f 2434 2435 2531
f 2434 2531 2530
f 2435 2436 2532
f 2435 2532 2531
f 2436 2437 2533
f 2436 2533 2532
f 2437 2438 2534
f 2437 2534 2533
f 2438 2439 2535
f 2438 2535 2534
f 2439 2440 2536
f 2439 2536 2535
f 2440 2441 2537
f 2440 2537 2536
f 2441 2442 2538
f 2441 2538 2537
f 2442 2443 2539
f 2442 2539 2538
f 2443 2444 2540
f 2443 2540 2539
f 2444 2445 2541
f 2444 2541 2540
f 2445 2446 2542
f 2445 2542 2541
f 2446 2447 2543
f 2446 2543 2542
f 2447 2448 2544
f 2447 2544 2543
f 2448 2449 2545
f 2448 2545 2544
f 2449 2450 2546
f 2449 2546 2545
f 2450 2451 2547
f 2450 2547 2546
f 2451 2452 2548
f 2451 2548 2547
f 2452 2453 2549
f 2452 2549 2548
f 2453 2454 2550
f 2453 2550 2549
f 2454 2455 2551
f 2454 2551 2550
f 2455 2456 2552
f 2455 2552 2551
f 2456 2457 2553
f 2456 2553 2552
f 2457 2458 2554
f 2457 2554 2553
f 2458 2459 2555
f 2458 2555 2554
f 2459 2460 2556
f 2459 2556 2555
f 2460 2461 2557
f 2460 2557 2556
f 2461 2462 2558
f 2461 2558 2557
f 2462 2463 2559
f 2462 2559 2558
f 2463 2464 2560
f 2463 2560 2559
f 2464 2465 2561
f 2464 2561 2560
f 2465 2466 2562
f 2465 2562 2561
f 2466 2467 2563
f 2466 2563 2562
f 2467 2468 2564
f 2467 2564 2563
f 2468 2469 2565
f 2468 2565 2564
f 2469 2470 2566
f 2469 2566 2565
f 2470 2471 2567
f 2470 2567 2566
f 2471 2472 2568
f 2471 2568 2567
f 2472 2473 2569
f 2472 2569 2568
f 2473 2474 2570
f 2473 2570 2569
f 2474 2475 2571
f 2474 2571 2570
f 2475 2476 2572
f 2475 2572 2571
f 2476 2477 2573
f 2476 2573 2572
f 2477 2478 2574
f 2477 2574 2573
f 2478 2479 2575
f 2478 2575 2574
f 2479 2480 2576
f 2479 2576 2575
f 2480 2481 2577
f 2480 2577 2576
f 2481 2482 2578
f 2481 2578 2577
f 2482 2483 2579
f 2482 2579 2578
f 2483 2484 2580
f 2483 2580 2579
f 2484 2485 2581
f 2484 2581 2580
f 2485 2486 2582
f 2485 2582 2581
f 2486 2487 2583
f 2486 2583 2582
f 2487 2488 2584
f 2487 2584 2583
f 2488 2489 2585
f 2488 2585 2584
f 2489 2490 2586
f 2489 2586 2585
f 2490 2491 2587
f 2490 2587 2586
f 2491 2492 2588
f 2491 2588 2587
f 2492 2493 2589
f 2492 2589 2588
f 2493 2494 2590
f 2493 2590 2589
f 2494 2495 2591
f 2494 2591 2590
f 2495 2496 2592
f 2495 2592 2591
f 2496 2497 2593
f 2496 2593 2592
f 2497 2402 2498
f 2497 2498 2593
f 2498 2499 2595
f 2498 2595 2594
f 2499 2500 2596
f 2499 2596 2595
f 2500 2501 2597
f 2500 2597 2596
f 2501 2502 2598
f 2501 2598 2597
f 2502 2503 2599
f 2502 2599 2598
f 2503 2504 2600
f 2503 2600 2599
f 2504 2505 2601
f 2504 2601 2600
f 2505 2506 2602
f 2505 2602 2601
f 2506 2507 2603
f 2506 2603 2602
f 2507 2508 2604
f 2507 2604 2603
f 2508 2509 2605
f 2508 2605 2604
f 2509 2510 2606
f 2509 2606 2605
f 2510 2511 2607
f 2510 2607 2606
f 2511 2512 2608
f 2511 2608 2607
f 2512 2513 2609
f 2512 2609 2608
f 2513 2514 2610
f 2513 2610 2609
f 2514 2515 2611
f 2514 2611 2610
f 2515 2516 2612
f 2515 2612 2611
f 2516 2517 2613
f 2516 2613 2612
f 2517 2518 2614
f 2517 2614 2613
f 2518 2519 2615
f 2518 2615 2614
f 2519 2520 2616
f 2519 2616 2615
f 2520 2521 2617
f 2520 2617 2616
f 2521 2522 2618
f 2521 2618 2617
f 2522 2523 2619
f 2522 2619 2618
f 2523 2524 2620
f 2523 2620 2619
f 2524 2525 2621
f 2524 2621 2620
f 2525 2526 2622
f 2525 2622 2621
f 2526 2527 2623
f 2526 2623 2622
f 2527 2528 2624
f 2527 2624 2623
f 2528 2529 2625
f 2528 2625 2624
f 2529 2530 2626
f 2529 2626 2625
f 2530 2531 2627
f 2530 2627 2626
f 2531 2532 2628
f 2531 2628 2627
f 2532 2533 2629
f 2532 2629 2628
f 2533 2534 2630
f 2533 2630 2629
f 2534 2535 2631
f 2534 2631 2630
f 2535 2536 2632
f 2535 2632 2631
f 2536 2537 2633
f 2536 2633 2632
f 2537 2538 2634
f 2537 2634 2633
f 2538 2539 2635
f 2538 2635 2634
f 2539 2540 2636
f 2539 2636 2635
f 2540 2541 2637
f 2540 2637 2636
f 2541 2542 2638
f 2541 2638 2637
f 2542 2543 2639
f 2542 2639 2638
f 2543 2544 2640
f 2543 2640 2639
f 2544 2545 2641
f 2544 2641 2640
f 2545 2546 2642
f 2545 2642 2641
f 2546 2547 2643
f 2546 2643 2642
f 2547 2548 2644
f 2547 2644 2643
f 2548 2549 2645
f 2548 2645 2644
f 2549 2550 2646
f 2549 2646 2645
f 2550 2551 2647
f 2550 2647 2646
f 2551 2552 2648
f 2551 2648 2647
f 2552 2553 2649
f 2552 2649 2648
f 2553 2554 2650
f 2553 2650 2649
f 2554 2555 2651
f 2554 2651 2650
f 2555 2556 2652
f 2555 2652 2651
f 2556 2557 2653
f 2556 2653 2652
f 2557 2558 2654
f 2557 2654 2653
f 2558 2559 2655
f 2558 2655 2654
f 2559 2560 2656
f 2559 2656 2655
f 2560 2561 2657
f 2560 2657 2656
f 2561 2562 2658
f 2561 2658 2657
f 2562 2563 2659
f 2562 2659 2658
f 2563 2564 2660
f 2563 2660 2659
f 2564 2565 2661
f 2564 2661 2660
f 2565 2566 2662
f 2565 2662 2661
f 2566 2567 2663
f 2566 2663 2662
f 2567 2568 2664
f 2567 2664 2663
f 2568 2569 2665
f 2568 2665 2664
f 2569 2570 2666
f 2569 2666 2665
f 2570 2571 2667
f 2570 2667 2666
f 2571 2572 2668
f 2571 2668 2667
f 2572 2573 2669
f 2572 2669 2668
f 2573 2574 2670
f 2573 2670 2669
f 2574 2575 2671
f 2574 2671 2670
f 2575 2576 2672
f 2575 2672 2671
f 2576 2577 2673
f 2576 2673 2672
f 2577 2578 2674
f 2577 2674 2673
f 2578 2579 2675
f 2578 2675 2674
f 2579 2580 2676
f 2579 2676 2675
f 2580 2581 2677
f 2580 2677 2676
f 2581 2582 2678
f 2581 2678 2677
f 2582 2583 2679
f 2582 2679 2678
f 2583 2584 2680
f 2583 2680 2679
f 2584 2585 2681
f 2584 2681 2680
f 2585 2586 2682
f 2585 2682 2681
f 2586 2587 2683
f 2586 2683 2682
f 2587 2588 2684
f 2587 2684 2683
f 2588 2589 2685
f 2588 2685 2684
f 2589 2590 2686
f 2589 2686 2685
f 2590 2591 2687
f 2590 2687 2686
f 2591 2592 2688
f 2591 2688 2687
f 2592 2593 2689
f 2592 2689 2688
f 2593 2498 2594
f 2593 2594 2689
f 2594 2595 2691
f 2594 2691 2690
f 2595 2596 2692
f 2595 2692 2691
f 2596 2597 2693
f 2596 2693 2692
f 2597 2598 2694
f 2597 2694 2693
f 2598 2599 2695
f 2598 2695 2694
f 2599 2600 2696
f 2599 2696 2695
f 2600 2601 2697
f 2600 2697 2696
f 2601 2602 2698
f 2601 2698 2697
f 2602 2603 2699
f 2602 2699 2698
f 2603 2604 2700
f 2603 2700 2699
f 2604 2605 2701
f 2604 2701 2700
f 2605 2606 2702
f 2605 2702 2701
f 2606 2607 2703
f 2606 2703 2702
f 2607 2608 2704
f 2607 2704 2703
f 2608 2609 2705
f 2608 2705 2704
f 2609 2610 2706
f 2609 2706 2705
f 2610 2611 2707
f 2610 2707 2706
f 2611 2612 2708
f 2611 2708 2707
f 2612 2613 2709
f 2612 2709 2708
f 2613 2614 2710
f 2613 2710 2709
f 2614 2615 2711
f 2614 2711 2710
f 2615 2616 2712
f 2615 2712 2711
f 2616 2617 2713
f 2616 2713 2712
f 2617 2618 2714
f 2617 2714 2713
f 2618 2619 2715
f 2618 2715 2714
f 2619 2620 2716
f 2619 2716 2715
f 2620 2621 2717
f 2620 2717 2716
f 2621 2622 2718
f 2621 2718 2717
f 2622 2623 2719
f 2622 2719 2718
f 2623 2624 2720
f 2623 2720 2719
f 2624 2625 2721
f 2624 2721 2720
f 2625 2626 2722
f 2625 2722 2721
f 2626 2627 2723
f 2626 2723 2722
f 2627 2628 2724
f 2627 2724 2723
f 2628 2629 2725
f 2628 2725 2724
f 2629 2630 2726
f 2629 2726 2725
f 2630 2631 2727
f 2630 2727 2726
f 2631 2632 2728
f 2631 2728 2727
f 2632 2633 2729
f 2632 2729 2728
f 2633 2634 2730
f 2633 2730 2729
f 2634 2635 2731
f 2634 2731 2730
f 2635 2636 2732
f 2635 2732 2731
f 2636 2637 2733
f 2636 2733 2732
f 2637 2638 2734
f 2637 2734 2733
f 2638 2639 2735
f 2638 2735 2734
f 2639 2640 2736
f 2639 2736 2735
f 2640 2641 2737
f 2640 2737 2736
f 2641 2642 2738
f 2641 2738 2737
f 2642 2643 2739
f 2642 2739 2738
f 2643 2644 2740
f 2643 2740 2739
f 2644 2645 2741
f 2644 2741 2740
f 2645 2646 2742
f 2645 2742 2741
f 2646 2647 2743
f 2646 2743 2742
f 2647 2648 2744
f 2647 2744 2743
f 2648 2649 2745
f 2648 2745 2744
f 2649 2650 2746
f 2649 2746 2745
f 2650 2651 2747
f 2650 2747 2746
f 2651 2652 2748
f 2651 2748 2747
f 2652 2653 2749
f 2652 2749 2748
f 2653 2654 2750
f 2653 2750 2749
f 2654 2655 2751
f 2654 2751 2750
f 2655 2656 2752
f 2655 2752 2751
f 2656 2657 2753
f 2656 2753 2752
f 2657 2658 2754
f 2657 2754 2753
f 2658 2659 2755
f 2658 2755 2754
f 2659 2660 2756
f 2659 2756 2755
f 2660 2661 2757
f 2660 2757 2756
f 2661 2662 2758
f 2661 2758 2757
f 2662 2663 2759
f 2662 2759 2758
f 2663 2664 2760
f 2663 2760 2759
f 2664 2665 2761
f 2664 2761 2760
f 2665 2666 2762
f 2665 2762 2761
f 2666 2667 2763
f 2666 2763 2762
f 2667 2668 2764
f 2667 2764 2763
f 2668 2669 2765
f 2668 2765 2764
f 2669 2670 2766
f 2669 2766 2765
f 2670 2671 2767
f 2670 2767 2766
f 2671 2672 2768
f 2671 2768 2767
f 2672 2673 2769
f 2672 2769 2768
f 2673 2674 2770
f 2673 2770 2769
f 2674 2675 2771
f 2674 2771 2770
f 2675 2676 2772
f 2675 2772 2771
f 2676 2677 2773
f 2676 2773 2772
f 2677 2678 2774
f 2677 2774 2773
f 2678 2679 2775
f 2678 2775 2774
f 2679 2680 2776
f 2679 2776 2775
f 2680 2681 2777
f 2680 2777 2776
f 2681 2682 2778
f 2681 2778 2777
f 2682 2683 2779
f 2682 2779 2778
f 2683 2684 2780
f 2683 2780 2779
f 2684 2685 2781
f 2684 2781 2780
f 2685 2686 2782
f 2685 2782 2781
f 2686 2687 2783
f 2686 2783 2782
f 2687 2688 2784
f 2687 2784 2783
f 2688 2689 2785
f 2688 2785 2784
f 2689 2594 2690
f 2689 2690 2785
f 2690 2691 2787
f 2690 2787 2786
f 2691 2692 2788
f 2691 2788 2787
f 2692 2693 2789
f 2692 2789 2788
f 2693 2694 2790
f 2693 2790 2789
f 2694 2695 2791
f 2694 2791 2790
f 2695 2696 2792
f 2695 2792 2791
f 2696 2697 2793
f 2696 2793 2792
f 2697 2698 2794
f 2697 2794 2793
f 2698 2699 2795
f 2698 2795 2794
f 2699 2700 2796
f 2699 2796 2795
f 2700 2701 2797
f 2700 2797 2796
f 2701 2702 2798
f 2701 2798 2797
f 2702 2703 2799
f 2702 2799 2798
f 2703 2704 2800
f 2703 2800 2799
f 2704 2705 2801
f 2704 2801 2800
f 2705 2706 2802
f 2705 2802 2801
f 2706 2707 2803
f 2706 2803 2802
f 2707 2708 2804
f 2707 2804 2803
f 2708 2709 2805
f 2708 2805 2804
f 2709 2710 2806
f 2709 2806 2805
f 2710 2711 2807
f 2710 2807 2806
f 2711 2712 2808
f 2711 2808 2807
f 2712 2713 2809
f 2712 2809 2808
f 2713 2714 2810
f 2713 2810 2809
f 2714 2715 2811
f 2714 2811 2810
f 2715 2716 2812
f 2715 2812 2811
f 2716 2717 2813
f 2716 2813 2812
f 2717 2718 2814
f 2717 2814 2813
f 2718 2719 2815
f 2718 2815 2814
f 2719 2720 2816
f 2719 2816 2815
f 2720 2721 2817
f 2720 2817 2816
f 2721 2722 2818
f 2721 2818 2817
f 2722 2723 2819
f 2722 2819 2818
f 2723 2724 2820
f 2723 2820 2819
f 2724 2725 2821
f 2724 2821 2820
f 2725 2726 2822
f 2725 2822 2821
f 2726 2727 2823
f 2726 2823 2822
f 2727 2728 2824
f 2727 2824 2823
f 2728 2729 2825
f 2728 2825 2824
f 2729 2730 2826
f 2729 2826 2825
f 2730 2731 2827
f 2730 2827 2826
f 2731 2732 2828
f 2731 2828 2827
f 2732 2733 2829
f 2732 2829 2828
f 2733 2734 2830
f 2733 2830 2829
f 2734 2735 2831
f 2734 2831 2830
f 2735 2736 2832
f 2735 2832 2831
f 2736 2737 2833
f 2736 2833 2832
f 2737 2738 2834
f 2737 2834 2833
f 2738 2739 2835
f 2738 2835 2834
f 2739 2740 2836
f 2739 2836 2835
f 2740 2741 2837
f 2740 2837 2836
f 2741 2742 2838
f 2741 2838 2837
f 2742 2743 2839
f 2742 2839 2838
f 2743 2744 2840
f 2743 2840 2839
f 2744 2745 2841
f 2744 2841 2840
f 2745 2746 2842
f 2745 2842 2841
f 2746 2747 2843
f 2746 2843 2842
f 2747 2748 2844
f 2747 2844 2843
f 2748 2749 2845
f 2748 2845 2844
f 2749 2750 2846
f 2749 2846 2845
f 2750 2751 2847
f 2750 2847 2846
f 2751 2752 2848
f 2751 2848 2847
f 2752 2753 2849
f 2752 2849 2848
f 2753 2754 2850
f 2753 2850 2849
f 2754 2755 2851
f 2754 2851 2850
f 2755 2756 2852
f 2755 2852 2851
f 2756 2757 2853
f 2756 2853 2852
f 2757 2758 2854
f 2757 2854 2853
f 2758 2759 2855
f 2758 2855 2854
f 2759 2760 2856
f 2759 2856 2855
f 2760 2761 2857
f 2760 2857 2856
f 2761 2762 2858
f 2761 2858 2857
f 2762 2763 2859
f 2762 2859 2858
f 2763 2764 2860
f 2763 2860 2859
f 2764 2765 2861
f 2764 2861 2860
f 2765 2766 2862
f 2765 2862 2861
f 2766 2767 2863
f 2766 2863 2862
f 2767 2768 2864
f 2767 2864 2863
f 2768 2769 2865
f 2768 2865 2864
f 2769 2770 2866
f 2769 2866 2865
f 2770 2771 2867
f 2770 2867 2866
f 2771 2772 2868
f 2771 2868 2867
f 2772 2773 2869
f 2772 2869 2868
f 2773 2774 2870
f 2773 2870 2869
f 2774 2775 2871
f 2774 2871 2870
f 2775 2776 2872
f 2775 2872 2871
f 2776 2777 2873
f 2776 2873 2872
f 2777 2778 2874
f 2777 2874 2873
f 2778 2779 2875
f 2778 2875 2874
f 2779 2780 2876
f 2779 2876 2875
f 2780 2781 2877
f 2780 2877 2876
f 2781 2782 2878
f 2781 2878 2877
f 2782 2783 2879
f 2782 2879 2878
f 2783 2784 2880
f 2783 2880 2879
f 2784 2785 2881
f 2784 2881 2880
f 2785 2690 2786
f 2785 2786 2881
f 2786 2787 2883
f 2786 2883 2882
f 2787 2788 2884
f 2787 2884 2883
f 2788 2789 2885
f 2788 2885 2884
f 2789 2790 2886
f 2789 2886 2885
f 2790 2791 2887
f 2790 2887 2886
f 2791 2792 2888
f 2791 2888 2887
f 2792 2793 2889
f 2792 2889 2888
f 2793 2794 2890
f 2793 2890 2889
f 2794 2795 2891
f 2794 2891 2890
f 2795 2796 2892
f 2795 2892 2891
f 2796 2797 2893
f 2796 2893 2892
f 2797 2798 2894
f 2797 2894 2893
f 2798 2799 2895
f 2798 2895 2894
f 2799 2800 2896
f 2799 2896 2895
f 2800 2801 2897
f 2800 2897 2896
f 2801 2802 2898
f 2801 2898 2897
f 2802 2803 2899
f 2802 2899 2898
f 2803 2804 2900
f 2803 2900 2899
f 2804 2805 2901
f 2804 2901 2900
f 2805 2806 2902
f 2805 2902 2901
f 2806 2807 2903
f 2806 2903 2902
f 2807 2808 2904
f 2807 2904 2903
f 2808 2809 2905
f 2808 2905 2904
f 2809 2810 2906
f 2809 2906 2905
f 2810 2811 2907
f 2810 2907 2906
f 2811 2812 2908
f 2811 2908 2907
f 2812 2813 2909
f 2812 2909 2908
f 2813 2814 2910
f 2813 2910 2909
f 2814 2815 2911
f 2814 2911 2910
f 2815 2816 2912
f 2815 2912 2911
f 2816 2817 2913
f 2816 2913 2912
f 2817 2818 2914
f 2817 2914 2913
f 2818 2819 2915
f 2818 2915 2914
f 2819 2820 2916
f 2819 2916 2915
f 2820 2821 2917
f 2820 2917 2916
f 2821 2822 2918
f 2821 2918 2917
f 2822 2823 2919
f 2822 2919 2918
f 2823 2824 2920
f 2823 2920 2919
f 2824 2825 2921
f 2824 2921 2920
f 2825 2826 2922
f 2825 2922 2921
f 2826 2827 2923
f 2826 2923 2922
f 2827 2828 2924
f 2827 2924 2923
f 2828 2829 2925
f 2828 2925 2924
f 2829 2830 2926
f 2829 2926 2925
f 2830 2831 2927
f 2830 2927 2926
f 2831 2832 2928
f 2831 2928 2927
f 2832 2833 2929
f 2832 2929 2928
f 2833 2834 2930
f 2833 2930 2929
f 2834 2835 2931
f 2834 2931 2930
f 2835 2836 2932
f 2835 2932 2931
f 2836 2837 2933
f 2836 2933 2932
f 2837 2838 2934
f 2837 2934 2933
f 2838 2839 2935
f 2838 2935 2934
f 2839 2840 2936
f 2839 2936 2935
f 2840 2841 2937
f 2840 2937 2936
f 2841 2842 2938
f 2841 2938 2937
f 2842 2843 2939
f 2842 2939 2938
f 2843 2844 2940
f 2843 2940 2939
f 2844 2845 2941
f 2844 2941 2940
f 2845 2846 2942
f 2845 2942 2941
f 2846 2847 2943
f 2846 2943 2942
f 2847 2848 2944
f 2847 2944 2943
f 2848 2849 2945
f 2848 2945 2944
f 2849 2850 2946
f 2849 2946 2945
f 2850 2851 2947
f 2850 2947 2946
f 2851 2852 2948
f 2851 2948 2947
f 2852 2853 2949
f 2852 2949 2948
f 2853 2854 2950
f 2853 2950 2949
f 2854 2855 2951
f 2854 2951 2950
f 2855 2856 2952
f 2855 2952 2951
f 2856 2857 2953
f 2856 2953 2952
f 2857 2858 2954
f 2857 2954 2953
f 2858 2859 2955
f 2858 2955 2954
f 2859 2860 2956
f 2859 2956 2955
f 2860 2861 2957
f 2860 2957 2956
f 2861 2862 2958
f 2861 2958 2957
f 2862 2863 2959
f 2862 2959 2958
f 2863 2864 2960
f 2863 2960 2959
f 2864 2865 2961
f 2864 2961 2960
f 2865 2866 2962
f 2865 2962 2961
f 2866 2867 2963
f 2866 2963 2962
f 2867 2868 2964
f 2867 2964 2963
f 2868 2869 2965
f 2868 2965 2964
f 2869 2870 2966
f 2869 2966 2965
f 2870 2871 2967
f 2870 2967 2966
f 2871 2872 2968
f 2871 2968 2967
f 2872 2873 2969
f 2872 2969 2968
f 2873 2874 2970
f 2873 2970 2969
f 2874 2875 2971
f 2874 2971 2970
f 2875 2876 2972
f 2875 2972 2971
f 2876 2877 2973
f 2876 2973 2972
f 2877 2878 2974
f 2877 2974 2973
f 2878 2879 2975
f 2878 2975 2974
f 2879 2880 2976
f 2879 2976 2975
f 2880 2881 2977
f 2880 2977 2976
f 2881 2786 2882
f 2881 2882 2977
f 2882 2883 2979
f 2882 2979 2978
f 2883 2884 2980
f 2883 2980 2979
f 2884 2885 2981
f 2884 2981 2980
f 2885 2886 2982
f 2885 2982 2981
f 2886 2887 2983
f 2886 2983 2982
f 2887 2888 2984
f 2887 2984 2983
f 2888 2889 2985
f 2888 2985 2984
f 2889 2890 2986
f 2889 2986 2985
f 2890 2891 2987
f 2890 2987 2986
f 2891 2892 2988
f 2891 2988 2987
f 2892 2893 2989
f 2892 2989 2988
f 2893 2894 2990
f 2893 2990 2989
f 2894 2895 2991
f 2894 2991 2990
f 2895 2896 2992
f 2895 2992 2991
f 2896 2897 2993
f 2896 2993 2992
f 2897 2898 2994
f 2897 2994 2993
f 2898 2899 2995
f 2898 2995 2994
f 2899 2900 2996
f 2899 2996 2995
f 2900 2901 2997
f 2900 2997 2996
f 2901 2902 2998
f 2901 2998 2997
f 2902 2903 2999
f 2902 2999 2998
f 2903 2904 3000
f 2903 3000 2999
f 2904 2905 3001
f 2904 3001 3000
f 2905 2906 3002
f 2905 3002 3001
f 2906 2907 3003
f 2906 3003 3002
f 2907 2908 3004
f 2907 3004 3003
f 2908 2909 3005
f 2908 3005 3004
f 2909 2910 3006
f 2909 3006 3005
f 2910 2911 3007
f 2910 3007 3006
f 2911 2912 3008
f 2911 3008 3007
f 2912 2913 3009
f 2912 3009 3008
f 2913 2914 3010
f 2913 3010 3009
f 2914 2915 3011
f 2914 3011 3010
f 2915 2916 3012
f 2915 3012 3011
f 2916 2917 3013
f 2916 3013 3012
f 2917 2918 3014
f 2917 3014 3013
f 2918 2919 3015
f 2918 3015 3014
f 2919 2920 3016
f 2919 3016 3015
f 2920 2921 3017
f 2920 3017 3016
f 2921 2922 3018
f 2921 3018 3017
f 2922 2923 3019
f 2922 3019 3018
f 2923 2924 3020
f 2923 3020 3019
f 2924 2925 3021
f 2924 3021 3020
f 2925 2926 3022
f 2925 3022 3021
f 2926 2927 3023
f 2926 3023 3022
f 2927 2928 3024
f 2927 3024 3023
f 2928 2929 3025
f 2928 3025 3024
f 2929 2930 3026
f 2929 3026 3025
f 2930 2931 3027
f 2930 3027 3026
f 2931 2932 3028
f 2931 3028 3027
f 2932 2933 3029
f 2932 3029 3028
f 2933 2934 3030
f 2933 3030 3029
f 2934 2935 3031
f 2934 3031 3030
f 2935 2936 3032
f 2935 3032 3031
f 2936 2937 3033
f 2936 3033 3032
f 2937 2938 3034
f 2937 3034 3033
f 2938 2939 3035
f 2938 3035 3034
f 2939 2940 3036
f 2939 3036 3035
f 2940 2941 3037
f 2940 3037 3036
f 2941 2942 3038
f 2941 3038 3037
f 2942 2943 3039
f 2942 3039 3038
f 2943 2944 3040
f 2943 3040 3039
f 2944 2945 3041
f 2944 3041 3040
f 2945 2946 3042
f 2945 3042 3041
f 2946 2947 3043
f 2946 3043 3042
f 2947 2948 3044
f 2947 3044 3043
f 2948 2949 3045
f 2948 3045 3044
f 2949 2950 3046
f 2949 3046 3045
f 2950 2951 3047
f 2950 3047 3046
f 2951 2952 3048
f 2951 3048 3047
f 2952 2953 3049
f 2952 3049 3048
f 2953 2954 3050
f 2953 3050 3049
f 2954 2955 3051
f 2954 3051 3050
f 2955 2956 3052
f 2955 3052 3051
f 2956 2957 3053
f 2956 3053 3052
f 2957 2958 3054
f 2957 3054 3053
f 2958 2959 3055
f 2958 3055 3054
f 2959 2960 3056
f 2959 3056 3055
f 2960 2961 3057
f 2960 3057 3056
f 2961 2962 3058
f 2961 3058 3057
f 2962 2963 3059
f 2962 3059 3058
f 2963 2964 3060
f 2963 3060 3059
f 2964 2965 3061
f 2964 3061 3060
f 2965 2966 3062
f 2965 3062 3061
f 2966 2967 3063
f 2966 3063 3062
f 2967 2968 3064
f 2967 3064 3063
f 2968 2969 3065
f 2968 3065 3064
f 2969 2970 3066
f 2969 3066 3065
f 2970 2971 3067
f 2970 3067 3066
f 2971 2972 3068
f 2971 3068 3067
f 2972 2973 3069
f 2972 3069 3068
f 2973 2974 3070
f 2973 3070 3069
f 2974 2975 3071
f 2974 3071 3070
f 2975 2976 3072
f 2975 3072 3071
f 2976 2977 3073
f 2976 3073 3072
f 2977 2882 2978
f 2977 2978 3073
f 2978 2979 3075
f 2978 3075 3074
f 2979 2980 3076
f 2979 3076 3075
f 2980 2981 3077
f 2980 3077 3076
f 2981 2982 3078
f 2981 3078 3077
f 2982 2983 3079
f 2982 3079 3078
f 2983 2984 3080
f 2983 3080 3079
f 2984 2985 3081
f 2984 3081 3080
f 2985 2986 3082
f 2985 3082 3081
f 2986 2987 3083
f 2986 3083 3082
f 2987 2988 3084
f 2987 3084 3083
f 2988 2989 3085
f 2988 3085 3084
f 2989 2990 3086
f 2989 3086 3085
f 2990 2991 3087
f 2990 3087 3086
f 2991 2992 3088
f 2991 3088 3087
f 2992 2993 3089
f 2992 3089 3088
f 2993 2994 3090
f 2993 3090 3089
f 2994 2995 3091
f 2994 3091 3090
f 2995 2996 3092
f 2995 3092 3091
f 2996 2997 3093
f 2996 3093 3092
f 2997 2998 3094
f 2997 3094 3093
f 2998 2999 3095
f 2998 3095 3094
f 2999 3000 3096
f 2999 3096 3095
f 3000 3001 3097
f 3000 3097 3096
f 3001 3002 3098
f 3001 3098 3097
f 3002 3003 3099
f 3002 3099 3098
f 3003 3004 3100
f 3003 3100 3099
f 3004 3005 3101
f 3004 3101 3100
f 3005 3006 3102
f 3005 3102 3101
f 3006 3007 3103
f 3006 3103 3102
f 3007 3008 3104
f 3007 3104 3103
f 3008 3009 3105
f 3008 3105 3104
f 3009 3010 3106
f 3009 3106 3105
f 3010 3011 3107
f 3010 3107 3106
f 3011 3012 3108
f 3011 3108 3107
f 3012 3013 3109
f 3012 3109 3108
f 3013 3014 3110
f 3013 3110 3109
f 3014 3015 3111
f 3014 3111 3110
f 3015 3016 3112
f 3015 3112 3111
f 3016 3017 3113
f 3016 3113 3112
f 3017 3018 3114
f 3017 3114 3113
f 3018 3019 3115
f 3018 3115 3114
f 3019 3020 3116
f 3019 3116 3115
f 3020 3021 3117
f 3020 3117 3116
f 3021 3022 3118
f 3021 3118 3117
f 3022 3023 3119
f 3022 3119 3118
f 3023 3024 3120
f 3023 3120 3119
f 3024 3025 3121
f 3024 3121 3120
f 3025 3026 3122
f 3025 3122 3121
f 3026 3027 3123
f 3026 3123 3122
f 3027 3028 3124
f 3027 3124 3123
f 3028 3029 3125
f 3028 3125 3124
f 3029 3030 3126
f 3029 3126 3125
f 3030 3031 3127
f 3030 3127 3126
f 3031 3032 3128
f 3031 3128 3127
f 3032 3033 3129
f 3032 3129 3128
f 3033 3034 3130
f 3033 3130 3129
f 3034 3035 3131
f 3034 3131 3130
f 3035 3036 3132
f 3035 3132 3131
f 3036 3037 3133
f 3036 3133 3132
f 3037 3038 3134
f 3037 3134 3133
f 3038 3039 3135
f 3038 3135 3134
f 3039 3040 3136
f 3039 3136 3135
f 3040 3041 3137
f 3040 3137 3136
f 3041 3042 3138
f 3041 3138 3137
f 3042 3043 3139
f 3042 3139 3138
f 3043 3044 3140
f 3043 3140 3139
f 3044 3045 3141
f 3044 3141 3140
f 3045 3046 3142
f 3045 3142 3141
f 3046 3047 3143
f 3046 3143 3142
f 3047 3048 3144
f 3047 3144 3143
f 3048 3049 3145
f 3048 3145 3144
f 3049 3050 3146
f 3049 3146 3145
f 3050 3051 3147
f 3050 3147 3146
f 3051 3052 3148
f 3051 3148 3147
f 3052 3053 3149
f 3052 3149 3148
f 3053 3054 3150
f 3053 3150 3149
f 3054 3055 3151
f 3054 3151 3150
f 3055 3056 3152
f 3055 3152 3151
f 3056 3057 3153
f 3056 3153 3152
f 3057 3058 3154
f 3057 3154 3153
f 3058 3059 3155
f 3058 3155 3154
f 3059 3060 3156
f 3059 3156 3155
f 3060 3061 3157
f 3060 3157 3156
f 3061 3062 3158
f 3061 3158 3157
f 3062 3063 3159
f 3062 3159 3158
f 3063 3064 3160
f 3063 3160 3159
f 3064 3065 3161
f 3064 3161 3160
f 3065 3066 3162
f 3065 3162 3161
f 3066 3067 3163
f 3066 3163 3162
f 3067 3068 3164
f 3067 3164 3163
f 3068 3069 3165
f 3068 3165 3164
f 3069 3070 3166
f 3069 3166 3165
f 3070 3071 3167
f 3070 3167 3166
f 3071 3072 3168
f 3071 3168 3167
f 3072 3073 3169
f 3072 3169 3168
f 3073 2978 3074
f 3073 3074 3169
f 3074 3075 3171
f 3074 3171 3170
f 3075 3076 3172
f 3075 3172 3171
f 3076 3077 3173
f 3076 3173 3172
f 3077 3078 3174
f 3077 3174 3173
f 3078 3079 3175
f 3078 3175 3174
f 3079 3080 3176
f 3079 3176 3175
f 3080 3081 3177
f 3080 3177 3176
f 3081 3082 3178
f 3081 3178 3177
f 3082 3083 3179
f 3082 3179 3178
f 3083 3084 3180
f 3083 3180 3179
f 3084 3085 3181
f 3084 3181 3180
f 3085 3086 3182
f 3085 3182 3181
f 3086 3087 3183
f 3086 3183 3182
f 3087 3088 3184
f 3087 3184 3183
f 3088 3089 3185
f 3088 3185 3184
f 3089 3090 3186
f 3089 3186 3185
f 3090 3091 3187
f 3090 3187 3186
f 3091 3092 3188
f 3091 3188 3187
f 3092 3093 3189
f 3092 3189 3188
f 3093 3094 3190
f 3093 3190 3189
f 3094 3095 3191
f 3094 3191 3190
f 3095 3096 3192
f 3095 3192 3191
f 3096 3097 3193
f 3096 3193 3192
f 3097 3098 3194
f 3097 3194 3193
f 3098 3099 3195
f 3098 3195 3194
f 3099 3100 3196
f 3099 3196 3195
f 3100 3101 3197
f 3100 3197 3196
f 3101 3102 3198
f 3101 3198 3197
f 3102 3103 3199
f 3102 3199 3198
f 3103 3104 3200
f 3103 3200 3199
f 3104 3105 3201
f 3104 3201 3200
f 3105 3106 3202
f 3105 3202 3201
f 3106 3107 3203
f 3106 3203 3202
f 3107 3108 3204
f 3107 3204 3203
f 3108 3109 3205
f 3108 3205 3204
f 3109 3110 3206
f 3109 3206 3205
f 3110 3111 3207
f 3110 3207 3206
f 3111 3112 3208
f 3111 3208 3207
f 3112 3113 3209
f 3112 3209 3208
f 3113 3114 3210
f 3113 3210 3209
f 3114 3115 3211
f 3114 3211 3210
f 3115 3116 3212
f 3115 3212 3211
f 3116 3117 3213
f 3116 3213 3212
f 3117 3118 3214
f 3117 3214 3213
f 3118 3119 3215
f 3118 3215 3214
f 3119 3120 3216
f 3119 3216 3215
f 3120 3121 3217
f 3120 3217 3216
f 3121 3122 3218
f 3121 3218 3217
f 3122 3123 3219
f 3122 3219 3218
f 3123 3124 3220
f 3123 3220 3219
f 3124 3125 3221
f 3124 3221 3220
f 3125 3126 3222
f 3125 3222 3221
f 3126 3127 3223
f 3126 3223 3222
f 3127 3128 3224
f 3127 3224 3223
f 3128 3129 3225
f 3128 3225 3224
f 3129 3130 3226
f 3129 3226 3225
f 3130 3131 3227
f 3130 3227 3226
f 3131 3132 3228
f 3131 3228 3227
f 3132 3133 3229
f 3132 3229 3228
f 3133 3134 3230
f 3133 3230 3229
f 3134 3135 3231
f 3134 3231 3230
f 3135 3136 3232
f 3135 3232 3231
f 3136 3137 3233
f 3136 3233 3232
f 3137 3138 3234
f 3137 3234 3233
f 3138 3139 3235
f 3138 3235 3234
f 3139 3140 3236
f 3139 3236 3235
f 3140 3141 3237
f 3140 3237 3236
f 3141 3142 3238
f 3141 3238 3237
f 3142 3143 3239
f 3142 3239 3238
f 3143 3144 3240
f 3143 3240 3239
f 3144 3145 3241
f 3144 3241 3240
f 3145 3146 3242
f 3145 3242 3241
f 3146 3147 3243
f 3146 3243 3242
f 3147 3148 3244
f 3147 3244 3243
f 3148 3149 3245
f 3148 3245 3244
f 3149 3150 3246
f 3149 3246 3245
f 3150 3151 3247
f 3150 3247 3246
f 3151 3152 3248
f 3151 3248 3247
f 3152 3153 3249
f 3152 3249 3248
f 3153 3154 3250
f 3153 3250 3249
f 3154 3155 3251
f 3154 3251 3250
f 3155 3156 3252
f 3155 3252 3251
f 3156 3157 3253
f 3156 3253 3252
f 3157 3158 3254
f 3157 3254 3253
f 3158 3159 3255
f 3158 3255 3254
f 3159 3160 3256
f 3159 3256 3255
f 3160 3161 3257
f 3160 3257 3256
f 3161 3162 3258
f 3161 3258 3257
f 3162 3163 3259
f 3162 3259 3258
f 3163 3164 3260
f 3163 3260 3259
f 3164 3165 3261
f 3164 3261 3260
f 3165 3166 3262
f 3165 3262 3261
f 3166 3167 3263
f 3166 3263 3262
f 3167 3168 3264
f 3167 3264 3263
f 3168 3169 3265
f 3168 3265 3264
f 3169 3074 3170
f 3169 3170 3265
f 3170 3171 3267
f 3170 3267 3266
f 3171 3172 3268
f 3171 3268 3267
f 3172 3173 3269
f 3172 3269 3268
f 3173 3174 3270
f 3173 3270 3269
f 3174 3175 3271
f 3174 3271 3270
f 3175 3176 3272
f 3175 3272 3271
f 3176 3177 3273
f 3176 3273 3272
f 3177 3178 3274
f 3177 3274 3273
f 3178 3179 3275
f 3178 3275 3274
f 3179 3180 3276
f 3179 3276 3275
f 3180 3181 3277
f 3180 3277 3276
f 3181 3182 3278
f 3181 3278 3277
f 3182 3183 3279
f 3182 3279 3278
f 3183 3184 3280
f 3183 3280 3279
f 3184 3185 3281
f 3184 3281 3280
f 3185 3186 3282
f 3185 3282 3281
f 3186 3187 3283
f 3186 3283 3282
f 3187 3188 3284
f 3187 3284 3283
f 3188 3189 3285
f 3188 3285 3284
f 3189 3190 3286
f 3189 3286 3285
f 3190 3191 3287
f 3190 3287 3286
f 3191 3192 3288
f 3191 3288 3287
f 3192 3193 3289
f 3192 3289 3288
f 3193 3194 3290
f 3193 3290 3289
f 3194 3195 3291
f 3194 3291 3290
f 3195 3196 3292
f 3195 3292 3291
f 3196 3197 3293
f 3196 3293 3292
f 3197 3198 3294
f 3197 3294 3293
f 3198 3199 3295
f 3198 3295 3294
f 3199 3200 3296
f 3199 3296 3295
f 3200 3201 3297
f 3200 3297 3296
f 3201 3202 3298
f 3201 3298 3297
f 3202 3203 3299
f 3202 3299 3298
f 3203 3204 3300
f 3203 3300 3299
f 3204 3205 3301
f 3204 3301 3300
f 3205 3206 3302
f 3205 3302 3301
f 3206 3207 3303
f 3206 3303 3302
f 3207 3208 3304
f 3207 3304 3303
f 3208 3209 3305
f 3208 3305 3304
f 3209 3210 3306
f 3209 3306 3305
f 3210 3211 3307
f 3210 3307 3306
f 3211 3212 3308
f 3211 3308 3307
f 3212 3213 3309
f 3212 3309 3308
f 3213 3214 3310
f 3213 3310 3309
f 3214 3215 3311
f 3214 3311 3310
f 3215 3216 3312
f 3215 3312 3311
f 3216 3217 3313
f 3216 3313 3312
f 3217 3218 3314
f 3217 3314 3313
f 3218 3219 3315
f 3218 3315 3314
f 3219 3220 3316
f 3219 3316 3315
f 3220 3221 3317
f 3220 3317 3316
f 3221 3222 3318
f 3221 3318 3317
f 3222 3223 3319
f 3222 3319 3318
f 3223 3224 3320
f 3223 3320 3319
f 3224 3225 3321
f 3224 3321 3320
f 3225 3226 3322
f 3225 3322 3321
f 3226 3227 3323
f 3226 3323 3322
f 3227 3228 3324
f 3227 3324 3323
f 3228 3229 3325
f 3228 3325 3324
f 3229 3230 3326
f 3229 3326 3325
f 3230 3231 3327
f 3230 3327 3326
f 3231 3232 3328
f 3231 3328 3327
f 3232 3233 3329
f 3232 3329 3328
f 3233 3234 3330
f 3233 3330 3329
f 3234 3235 3331
f 3234 3331 3330
f 3235 3236 3332
f 3235 3332 3331
f 3236 3237 3333
f 3236 3333 3332
f 3237 3238 3334
f 3237 3334 3333
f 3238 3239 3335
f 3238 3335 3334
f 3239 3240 3336
f 3239 3336 3335
f 3240 3241 3337
f 3240 3337 3336
f 3241 3242 3338
f 3241 3338 3337
f 3242 3243 3339
f 3242 3339 3338
f 3243 3244 3340
f 3243 3340 3339
f 3244 3245 3341
f 3244 3341 3340
f 3245 3246 3342
f 3245 3342 3341
f 3246 3247 3343
f 3246 3343 3342
f 3247 3248 3344
f 3247 3344 3343
f 3248 3249 3345
f 3248 3345 3344
f 3249 3250 3346
f 3249 3346 3345
f 3250 3251 3347
f 3250 3347 3346
f 3251 3252 3348
f 3251 3348 3347
f 3252 3253 3349
f 3252 3349 3348
f 3253 3254 3350
f 3253 3350 3349
f 3254 3255 3351
f 3254 3351 3350
f 3255 3256 3352
f 3255 3352 3351
f 3256 3257 3353
f 3256 3353 3352
f 3257 3258 3354
f 3257 3354 3353
f 3258 3259 3355
f 3258 3355 3354
f 3259 3260 3356
f 3259 3356 3355
f 3260 3261 3357
f 3260 3357 3356
f 3261 3262 3358
f 3261 3358 3357
f 3262 3263 3359
f 3262 3359 3358
f 3263 3264 3360
f 3263 3360 3359
f 3264 3265 3361
f 3264 3361 3360
f 3265 3170 3266
f 3265 3266 3361
f 3266 3267 3363
f 3266 3363 3362
f 3267 3268 3364
f 3267 3364 3363
f 3268 3269 3365
f 3268 3365 3364
f 3269 3270 3366
f 3269 3366 3365
f 3270 3271 3367
f 3270 3367 3366
f 3271 3272 3368
f 3271 3368 3367
f 3272 3273 3369
f 3272 3369 3368
f 3273 3274 3370
f 3273 3370 3369
f 3274 3275 3371
f 3274 3371 3370
f 3275 3276 3372
f 3275 3372 3371
f 3276 3277 3373
f 3276 3373 3372
f 3277 3278 3374
f 3277 3374 3373
f 3278 3279 3375
f 3278 3375 3374
f 3279 3280 3376
f 3279 3376 3375
f 3280 3281 3377
f 3280 3377 3376
f 3281 3282 3378
f 3281 3378 3377
f 3282 3283 3379
f 3282 3379 3378
f 3283 3284 3380
f 3283 3380 3379
f 3284 3285 3381
f 3284 3381 3380
f 3285 3286 3382
f 3285 3382 3381
f 3286 3287 3383
f 3286 3383 3382
f 3287 3288 3384
f 3287 3384 3383
f 3288 3289 3385
f 3288 3385 3384
f 3289 3290 3386
f 3289 3386 3385
f 3290 3291 3387
f 3290 3387 3386
f 3291 3292 3388
f 3291 3388 3387
f 3292 3293 3389
f 3292 3389 3388
f 3293 3294 3390
f 3293 3390 3389
f 3294 3295 3391
f 3294 3391 3390
f 3295 3296 3392
f 3295 3392 3391
f 3296 3297 3393
f 3296 3393 3392
f 3297 3298 3394
f 3297 3394 3393
f 3298 3299 3395
f 3298 3395 3394
f 3299 3300 3396
f 3299 3396 3395
f 3300 3301 3397
f 3300 3397 3396
f 3301 3302 3398
f 3301 3398 3397
f 3302 3303 3399
f 3302 3399 3398
f 3303 3304 3400
f 3303 3400 3399
f 3304 3305 3401
f 3304 3401 3400
f 3305 3306 3402
f 3305 3402 3401
f 3306 3307 3403
f 3306 3403 3402
f 3307 3308 3404
f 3307 3404 3403
f 3308 3309 3405
f 3308 3405 3404
f 3309 3310 3406
f 3309 3406 3405
f 3310 3311 3407
f 3310 3407 3406
f 3311 3312 3408
f 3311 3408 3407
f 3312 3313 3409
f 3312 3409 3408
f 3313 3314 3410
f 3313 3410 3409
f 3314 3315 3411
f 3314 3411 3410
f 3315 3316 3412
f 3315 3412 3411
f 3316 3317 3413
f 3316 3413 3412
f 3317 3318 3414
f 3317 3414 3413
f 3318 3319 3415
f 3318 3415 3414
f 3319 3320 3416
f 3319 3416 3415
f 3320 3321 3417
f 3320 3417 3416
f 3321 3322 3418
f 3321 3418 3417
f 3322 3323 3419
f 3322 3419 3418
f 3323 3324 3420
f 3323 3420 3419
f 3324 3325 3421
f 3324 3421 3420
f 3325 3326 3422
f 3325 3422 3421
f 3326 3327 3423
f 3326 3423 3422
f 3327 3328 3424
f 3327 3424 3423
f 3328 3329 3425
f 3328 3425 3424
f 3329 3330 3426
f 3329 3426 3425
f 3330 3331 3427
f 3330 3427 3426
f 3331 3332 3428
f 3331 3428 3427
f 3332 3333 3429
f 3332 3429 3428
f 3333 3334 3430
f 3333 3430 3429
f 3334 3335 3431
f 3334 3431 3430
f 3335 3336 3432
f 3335 3432 3431
f 3336 3337 3433
f 3336 3433 3432
f 3337 3338 3434
f 3337 3434 3433
f 3338 3339 3435
f 3338 3435 3434
f 3339 3340 3436
f 3339 3436 3435
f 3340 3341 3437
f 3340 3437 3436
f 3341 3342 3438
f 3341 3438 3437
f 3342 3343 3439
f 3342 3439 3438
f 3343 3344 3440
f 3343 3440 3439
f 3344 3345 3441
f 3344 3441 3440
f 3345 3346 3442
f 3345 3442 3441
f 3346 3347 3443
f 3346 3443 3442
f 3347 3348 3444
f 3347 3444 3443
f 3348 3349 3445
f 3348 3445 3444
f 3349 3350 3446
f 3349 3446 3445
f 3350 3351 3447
f 3350 3447 3446
f 3351 3352 3448
f 3351 3448 3447
f 3352 3353 3449
f 3352 3449 3448
f 3353 3354 3450
f 3353 3450 3449
f 3354 3355 3451
f 3354 3451 3450
f 3355 3356 3452
f 3355 3452 3451
f 3356 3357 3453
f 3356 3453 3452
f 3357 3358 3454
f 3357 3454 3453
f 3358 3359 3455
f 3358 3455 3454
f 3359 3360 3456
f 3359 3456 3455
f 3360 3361 3457
f 3360 3457 3456
f 3361 3266 3362
f 3361 3362 3457
f 3362 3363 3459
f 3362 3459 3458
f 3363 3364 3460
f 3363 3460 3459
f 3364 3365 3461
f 3364 3461 3460
f 3365 3366 3462
f 3365 3462 3461
f 3366 3367 3463
f 3366 3463 3462
f 3367 3368 3464
f 3367 3464 3463
f 3368 3369 3465
f 3368 3465 3464
f 3369 3370 3466
f 3369 3466 3465
f 3370 3371 3467
f 3370 3467 3466
f 3371 3372 3468
f 3371 3468 3467
f 3372 3373 3469
f 3372 3469 3468
f 3373 3374 3470
f 3373 3470 3469
f 3374 3375 3471
f 3374 3471 3470
f 3375 3376 3472
f 3375 3472 3471
f 3376 3377 3473
f 3376 3473 3472
f 3377 3378 3474
f 3377 3474 3473
f 3378 3379 3475
f 3378 3475 3474
f 3379 3380 3476
f 3379 3476 3475
f 3380 3381 3477
f 3380 3477 3476
f 3381 3382 3478
f 3381 3478 3477
f 3382 3383 3479
f 3382 3479 3478
f 3383 3384 3480
f 3383 3480 3479
f 3384 3385 3481
f 3384 3481 3480
f 3385 3386 3482
f 3385 3482 3481
f 3386 3387 3483
f 3386 3483 3482
f 3387 3388 3484
f 3387 3484 3483
f 3388 3389 3485
f 3388 3485 3484
f 3389 3390 3486
f 3389 3486 3485
f 3390 3391 3487
f 3390 3487 3486
f 3391 3392 3488
f 3391 3488 3487
f 3392 3393 3489
f 3392 3489 3488
f 3393 3394 3490
f 3393 3490 3489
f 3394 3395 3491
f 3394 3491 3490
f 3395 3396 3492
f 3395 3492 3491
f 3396 3397 3493
f 3396 3493 3492
f 3397 3398 3494
f 3397 3494 3493
f 3398 3399 3495
f 3398 3495 3494
f 3399 3400 3496
f 3399 3496 3495
f 3400 3401 3497
f 3400 3497 3496
f 3401 3402 3498
f 3401 3498 3497
f 3402 3403 3499
f 3402 3499 3498
f 3403 3404 3500
f 3403 3500 3499
f 3404 3405 3501
f 3404 3501 3500
f 3405 3406 3502
f 3405 3502 3501
f 3406 3407 3503
f 3406 3503 3502
f 3407 3408 3504
f 3407 3504 3503
f 3408 3409 3505
f 3408 3505 3504
f 3409 3410 3506
f 3409 3506 3505
f 3410 3411 3507
f 3410 3507 3506
f 3411 3412 3508
f 3411 3508 3507
f 3412 3413 3509
f 3412 3509 3508
f 3413 3414 3510
f 3413 3510 3509
f 3414 3415 3511
f 3414 3511 3510
f 3415 3416 3512
f 3415 3512 3511
f 3416 3417 3513
f 3416 3513 3512
f 3417 3418 3514
f 3417 3514 3513
f 3418 3419 3515
f 3418 3515 3514
f 3419 3420 3516
f 3419 3516 3515
f 3420 3421 3517
f 3420 3517 3516
f 3421 3422 3518
f 3421 3518 3517
f 3422 3423 3519
f 3422 3519 3518
f 3423 3424 3520
f 3423 3520 3519
f 3424 3425 3521
f 3424 3521 3520
f 3425 3426 3522
f 3425 3522 3521
f 3426 3427 3523
f 3426 3523 3522
f 3427 3428 3524
f 3427 3524 3523
f 3428 3429 3525
f 3428 3525 3524
f 3429 3430 3526
f 3429 3526 3525
f 3430 3431 3527
f 3430 3527 3526
f 3431 3432 3528
f 3431 3528 3527
f 3432 3433 3529
f 3432 3529 3528
f 3433 3434 3530
f 3433 3530 3529
f 3434 3435 3531
f 3434 3531 3530
f 3435 3436 3532
f 3435 3532 3531
f 3436 3437 3533
f 3436 3533 3532
f 3437 3438 3534
f 3437 3534 3533
f 3438 3439 3535
f 3438 3535 3534
f 3439 3440 3536
f 3439 3536 3535
f 3440 3441 3537
f 3440 3537 3536
f 3441 3442 3538
f 3441 3538 3537
f 3442 3443 3539
f 3442 3539 3538
f 3443 3444 3540
f 3443 3540 3539
f 3444 3445 3541
f 3444 3541 3540
f 3445 3446 3542
f 3445 3542 3541
f 3446 3447 3543
f 3446 3543 3542
f 3447 3448 3544
f 3447 3544 3543
f 3448 3449 3545
f 3448 3545 3544
f 3449 3450 3546
f 3449 3546 3545
f 3450 3451 3547
f 3450 3547 3546
f 3451 3452 3548
f 3451 3548 3547
f 3452 3453 3549
f 3452 3549 3548
f 3453 3454 3550
f 3453 3550 3549
f 3454 3455 3551
f 3454 3551 3550
f 3455 3456 3552
f 3455 3552 3551
f 3456 3457 3553
f 3456 3553 3552
f 3457 3362 3458
f 3457 3458 3553
f 3458 3459 3555
f 3458 3555 3554
f 3459 3460 3556
f 3459 3556 3555
f 3460 3461 3557
f 3460 3557 3556
f 3461 3462 3558
f 3461 3558 3557
f 3462 3463 3559
f 3462 3559 3558
f 3463 3464 3560
f 3463 3560 3559
f 3464 3465 3561
f 3464 3561 3560
f 3465 3466 3562
f 3465 3562 3561
f 3466 3467 3563
f 3466 3563 3562
f 3467 3468 3564
f 3467 3564 3563
f 3468 3469 3565
f 3468 3565 3564
f 3469 3470 3566
f 3469 3566 3565
f 3470 3471 3567
f 3470 3567 3566
f 3471 3472 3568
f 3471 3568 3567
f 3472 3473 3569
f 3472 3569 3568
f 3473 3474 3570
f 3473 3570 3569
f 3474 3475 3571
f 3474 3571 3570
f 3475 3476 3572
f 3475 3572 3571
f 3476 3477 3573
f 3476 3573 3572
f 3477 3478 3574
f 3477 3574 3573
f 3478 3479 3575
f 3478 3575 3574
f 3479 3480 3576
f 3479 3576 3575
f 3480 3481 3577
f 3480 3577 3576
f 3481 3482 3578
f 3481 3578 3577
f 3482 3483 3579
f 3482 3579 3578
f 3483 3484 3580
f 3483 3580 3579
f 3484 3485 3581
f 3484 3581 3580
f 3485 3486 3582
f 3485 3582 3581
f 3486 3487 3583
f 3486 3583 3582
f 3487 3488 3584
f 3487 3584 3583
f 3488 3489 3585
f 3488 3585 3584
f 3489 3490 3586
f 3489 3586 3585
f 3490 3491 3587
f 3490 3587 3586
f 3491 3492 3588
f 3491 3588 3587
f 3492 3493 3589
f 3492 3589 3588
f 3493 3494 3590
f 3493 3590 3589
f 3494 3495 3591
f 3494 3591 3590
f 3495 3496 3592
f 3495 3592 3591
f 3496 3497 3593
f 3496 3593 3592
f 3497 3498 3594
f 3497 3594 3593
f 3498 3499 3595
f 3498 3595 3594
f 3499 3500 3596
f 3499 3596 3595
f 3500 3501 3597
f 3500 3597 3596
f 3501 3502 3598
f 3501 3598 3597
f 3502 3503 3599
f 3502 3599 3598
f 3503 3504 3600
f 3503 3600 3599
f 3504 3505 3601
f 3504 3601 3600
f 3505 3506 3602
f 3505 3602 3601
f 3506 3507 3603
f 3506 3603 3602
f 3507 3508 3604
f 3507 3604 3603
f 3508 3509 3605
f 3508 3605 3604
f 3509 3510 3606
f 3509 3606 3605
f 3510 3511 3607
f 3510 3607 3606
f 3511 3512 3608
f 3511 3608 3607
f 3512 3513 3609
f 3512 3609 3608
f 3513 3514 3610
f 3513 3610 3609
f 3514 3515 3611
f 3514 3611 3610
f 3515 3516 3612
f 3515 3612 3611
f 3516 3517 3613
f 3516 3613 3612
f 3517 3518 3614
f 3517 3614 3613
f 3518 3519 3615
f 3518 3615 3614
f 3519 3520 3616
f 3519 3616 3615
f 3520 3521 3617
f 3520 3617 3616
f 3521 3522 3618
f 3521 3618 3617
f 3522 3523 3619
f 3522 3619 3618
f 3523 3524 3620
f 3523 3620 3619
f 3524 3525 3621
f 3524 3621 3620
f 3525 3526 3622
f 3525 3622 3621
f 3526 3527 3623
f 3526 3623 3622
f 3527 3528 3624
f 3527 3624 3623
f 3528 3529 3625
f 3528 3625 3624
f 3529 3530 3626
f 3529 3626 3625
f 3530 3531 3627
f 3530 3627 3626
f 3531 3532 3628
f 3531 3628 3627
f 3532 3533 3629
f 3532 3629 3628
f 3533 3534 3630
f 3533 3630 3629
f 3534 3535 3631
f 3534 3631 3630
f 3535 3536 3632
f 3535 3632 3631
f 3536 3537 3633
f 3536 3633 3632
f 3537 3538 3634
f 3537 3634 3633
f 3538 3539 3635
f 3538 3635 3634
f 3539 3540 3636
f 3539 3636 3635
f 3540 3541 3637
f 3540 3637 3636
f 3541 3542 3638
f 3541 3638 3637
f 3542 3543 3639
f 3542 3639 3638
f 3543 3544 3640
f 3543 3640 3639
f 3544 3545 3641
f 3544 3641 3640
f 3545 3546 3642
f 3545 3642 3641
f 3546 3547 3643
f 3546 3643 3642
f 3547 3548 3644
f 3547 3644 3643
f 3548 3549 3645
f 3548 3645 3644
f 3549 3550 3646
f 3549 3646 3645
f 3550 3551 3647
f 3550 3647 3646
f 3551 3552 3648
f 3551 3648 3647
f 3552 3553 3649
f 3552 3649 3648
f 3553 3458 3554
f 3553 3554 3649
f 3554 3555 3651
f 3554 3651 3650
f 3555 3556 3652
f 3555 3652 3651
f 3556 3557 3653
f 3556 3653 3652
f 3557 3558 3654
f 3557 3654 3653
f 3558 3559 3655
f 3558 3655 3654
f 3559 3560 3656
f 3559 3656 3655
f 3560 3561 3657
f 3560 3657 3656
f 3561 3562 3658
f 3561 3658 3657
f 3562 3563 3659
f 3562 3659 3658
f 3563 3564 3660
f 3563 3660 3659
f 3564 3565 3661
f 3564 3661 3660
f 3565 3566 3662
f 3565 3662 3661
f 3566 3567 3663
f 3566 3663 3662
f 3567 3568 3664
f 3567 3664 3663
f 3568 3569 3665
f 3568 3665 3664
f 3569 3570 3666
f 3569 3666 3665
f 3570 3571 3667
f 3570 3667 3666
f 3571 3572 3668
f 3571 3668 3667
f 3572 3573 3669
f 3572 3669 3668
f 3573 3574 3670
f 3573 3670 3669
f 3574 3575 3671
f 3574 3671 3670
f 3575 3576 3672
f 3575 3672 3671
f 3576 3577 3673
f 3576 3673 3672
f 3577 3578 3674
f 3577 3674 3673
f 3578 3579 3675
f 3578 3675 3674
f 3579 3580 3676
f 3579 3676 3675
f 3580 3581 3677
f 3580 3677 3676
f 3581 3582 3678
f 3581 3678 3677
f 3582 3583 3679
f 3582 3679 3678
f 3583 3584 3680
f 3583 3680 3679
f 3584 3585 3681
f 3584 3681 3680
f 3585 3586 3682
f 3585 3682 3681
f 3586 3587 3683
f 3586 3683 3682
f 3587 3588 3684
f 3587 3684 3683
f 3588 3589 3685
f 3588 3685 3684
f 3589 3590 3686
f 3589 3686 3685
f 3590 3591 3687
f 3590 3687 3686
f 3591 3592 3688
f 3591 3688 3687
f 3592 3593 3689
f 3592 3689 3688
f 3593 3594 3690
f 3593 3690 3689
f 3594 3595 3691
f 3594 3691 3690
f 3595 3596 3692
f 3595 3692 3691
f 3596 3597 3693
f 3596 3693 3692
f 3597 3598 3694
f 3597 3694 3693
f 3598 3599 3695
f 3598 3695 3694
f 3599 3600 3696
f 3599 3696 3695
f 3600 3601 3697
f 3600 3697 3696
f 3601 3602 3698
f 3601 3698 3697
f 3602 3603 3699
f 3602 3699 3698
f 3603 3604 3700
f 3603 3700 3699
f 3604 3605 3701
f 3604 3701 3700
f 3605 3606 3702
f 3605 3702 3701
f 3606 3607 3703
f 3606 3703 3702
f 3607 3608 3704
f 3607 3704 3703
f 3608 3609 3705
f 3608 3705 3704
f 3609 3610 3706
f 3609 3706 3705
f 3610 3611 3707
f 3610 3707 3706
f 3611 3612 3708
f 3611 3708 3707
f 3612 3613 3709
f 3612 3709 3708
f 3613 3614 3710
f 3613 3710 3709
f 3614 3615 3711
f 3614 3711 3710
f 3615 3616 3712
f 3615 3712 3711
f 3616 3617 3713
f 3616 3713 3712
f 3617 3618 3714
f 3617 3714 3713
f 3618 3619 3715
f 3618 3715 3714
f 3619 3620 3716
f 3619 3716 3715
f 3620 3621 3717
f 3620 3717 3716
f 3621 3622 3718
f 3621 3718 3717
f 3622 3623 3719
f 3622 3719 3718
f 3623 3624 3720
f 3623 3720 3719
f 3624 3625 3721
f 3624 3721 3720
f 3625 3626 3722
f 3625 3722 3721
f 3626 3627 3723
f 3626 3723 3722
f 3627 3628 3724
f 3627 3724 3723
f 3628 3629 3725
f 3628 3725 3724
f 3629 3630 3726
f 3629 3726 3725
f 3630 3631 3727
f 3630 3727 3726
f 3631 3632 3728
f 3631 3728 3727
f 3632 3633 3729
f 3632 3729 3728
f 3633 3634 3730
f 3633 3730 3729
f 3634 3635 3731
f 3634 3731 3730
f 3635 3636 3732
f 3635 3732 3731
f 3636 3637 3733
f 3636 3733 3732
f 3637 3638 3734
f 3637 3734 3733
f 3638 3639 3735
f 3638 3735 3734
f 3639 3640 3736
f 3639 3736 3735
f 3640 3641 3737
f 3640 3737 3736
f 3641 3642 3738
f 3641 3738 3737
f 3642 3643 3739
f 3642 3739 3738
f 3643 3644 3740
f 3643 3740 3739
f 3644 3645 3741
f 3644 3741 3740
f 3645 3646 3742
f 3645 3742 3741
f 3646 3647 3743
f 3646 3743 3742
f 3647 3648 3744
f 3647 3744 3743
f 3648 3649 3745
f 3648 3745 3744
f 3649 3554 3650
f 3649 3650 3745
f 3650 3651 3747
f 3650 3747 3746
f 3651 3652 3748
f 3651 3748 3747
f 3652 3653 3749
f 3652 3749 3748
f 3653 3654 3750
f 3653 3750 3749
f 3654 3655 3751
f 3654 3751 3750
f 3655 3656 3752
f 3655 3752 3751
f 3656 3657 3753
f 3656 3753 3752
f 3657 3658 3754
f 3657 3754 3753
f 3658 3659 3755
f 3658 3755 3754
f 3659 3660 3756
f 3659 3756 3755
f 3660 3661 3757
f 3660 3757 3756
f 3661 3662 3758
f 3661 3758 3757
f 3662 3663 3759
f 3662 3759 3758
f 3663 3664 3760
f 3663 3760 3759
f 3664 3665 3761
f 3664 3761 3760
f 3665 3666 3762
f 3665 3762 3761
f 3666 3667 3763
f 3666 3763 3762
f 3667 3668 3764
f 3667 3764 3763
f 3668 3669 3765
f 3668 3765 3764
f 3669 3670 3766
f 3669 3766 3765
f 3670 3671 3767
f 3670 3767 3766
f 3671 3672 3768
f 3671 3768 3767
f 3672 3673 3769
f 3672 3769 3768
f 3673 3674 3770
f 3673 3770 3769
f 3674 3675 3771
f 3674 3771 3770
f 3675 3676 3772
f 3675 3772 3771
f 3676 3677 3773
f 3676 3773 3772
f 3677 3678 3774
f 3677 3774 3773
f 3678 3679 3775
f 3678 3775 3774
f 3679 3680 3776
f 3679 3776 3775
f 3680 3681 3777
f 3680 3777 3776
f 3681 3682 3778
f 3681 3778 3777
f 3682 3683 3779
f 3682 3779 3778
f 3683 3684 3780
f 3683 3780 3779
f 3684 3685 3781
f 3684 3781 3780
f 3685 3686 3782
f 3685 3782 3781
f 3686 3687 3783
f 3686 3783 3782
f 3687 3688 3784
f 3687 3784 3783
f 3688 3689 3785
f 3688 3785 3784
f 3689 3690 3786
f 3689 3786 3785
f 3690 3691 3787
f 3690 3787 3786
f 3691 3692 3788
f 3691 3788 3787
f 3692 3693 3789
f 3692 3789 3788
f 3693 3694 3790
f 3693 3790 3789
f 3694 3695 3791
f 3694 3791 3790
f 3695 3696 3792
f 3695 3792 3791
f 3696 3697 3793
f 3696 3793 3792
f 3697 3698 3794
f 3697 3794 3793
f 3698 3699 3795
f 3698 3795 3794
f 3699 3700 3796
f 3699 3796 3795
f 3700 3701 3797
f 3700 3797 3796
f 3701 3702 3798
f 3701 3798 3797
f 3702 3703 3799
f 3702 3799 3798
f 3703 3704 3800
f 3703 3800 3799
f 3704 3705 3801
f 3704 3801 3800
f 3705 3706 3802
f 3705 3802 3801
f 3706 3707 3803
f 3706 3803 3802
f 3707 3708 3804
f 3707 3804 3803
f 3708 3709 3805
f 3708 3805 3804
f 3709 3710 3806
f 3709 3806 3805
f 3710 3711 3807
f 3710 3807 3806
f 3711 3712 3808
f 3711 3808 3807
f 3712 3713 3809
f 3712 3809 3808
f 3713 3714 3810
f 3713 3810 3809
f 3714 3715 3811
f 3714 3811 3810
f 3715 3716 3812
f 3715 3812 3811
f 3716 3717 3813
f 3716 3813 3812
f 3717 3718 3814
f 3717 3814 3813
f 3718 3719 3815
f 3718 3815 3814
f 3719 3720 3816
f 3719 3816 3815
f 3720 3721 3817
f 3720 3817 3816
f 3721 3722 3818
f 3721 3818 3817
f 3722 3723 3819
f 3722 3819 3818
f 3723 3724 3820
f 3723 3820 3819
f 3724 3725 3821
f 3724 3821 3820
f 3725 3726 3822
f 3725 3822 3821
f 3726 3727 3823
f 3726 3823 3822
f 3727 3728 3824
f 3727 3824 3823
f 3728 3729 3825
f 3728 3825 3824
f 3729 3730 3826
f 3729 3826 3825
f 3730 3731 3827
f 3730 3827 3826
f 3731 3732 3828
f 3731 3828 3827
f 3732 3733 3829
f 3732 3829 3828
f 3733 3734 3830
f 3733 3830 3829
f 3734 3735 3831
f 3734 3831 3830
f 3735 3736 3832
f 3735 3832 3831
f 3736 3737 3833
f 3736 3833 3832
f 3737 3738 3834
f 3737 3834 3833
f 3738 3739 3835
f 3738 3835 3834
f 3739 3740 3836
f 3739 3836 3835
f 3740 3741 3837
f 3740 3837 3836
f 3741 3742 3838
f 3741 3838 3837
f 3742 3743 3839
f 3742 3839 3838
f 3743 3744 3840
f 3743 3840 3839
f 3744 3745 3841
f 3744 3841 3840
f 3745 3650 3746
f 3745 3746 3841
f 3746 3747 3843
f 3746 3843 3842
f 3747 3748 3844
f 3747 3844 3843
f 3748 3749 3845
f 3748 3845 3844
f 3749 3750 3846
f 3749 3846 3845
f 3750 3751 3847
f 3750 3847 3846
f 3751 3752 3848
f 3751 3848 3847
f 3752 3753 3849
f 3752 3849 3848
f 3753 3754 3850
f 3753 3850 3849
f 3754 3755 3851
f 3754 3851 3850
f 3755 3756 3852
f 3755 3852 3851
f 3756 3757 3853
f 3756 3853 3852
f 3757 3758 3854
f 3757 3854 3853
f 3758 3759 3855
f 3758 3855 3854
f 3759 3760 3856
f 3759 3856 3855
f 3760 3761 3857
f 3760 3857 3856
f 3761 3762 3858
f 3761 3858 3857
f 3762 3763 3859
f 3762 3859 3858
f 3763 3764 3860
f 3763 3860 3859
f 3764 3765 3861
f 3764 3861 3860
f 3765 3766 3862
f 3765 3862 3861
f 3766 3767 3863
f 3766 3863 3862
f 3767 3768 3864
f 3767 3864 3863
f 3768 3769 3865
f 3768 3865 3864
f 3769 3770 3866
f 3769 3866 3865
f 3770 3771 3867
f 3770 3867 3866
f 3771 3772 3868
f 3771 3868 3867
f 3772 3773 3869
f 3772 3869 3868
f 3773 3774 3870
f 3773 3870 3869
f 3774 3775 3871
f 3774 3871 3870
f 3775 3776 3872
f 3775 3872 3871
f 3776 3777 3873
f 3776 3873 3872
f 3777 3778 3874
f 3777 3874 3873
f 3778 3779 3875
f 3778 3875 3874
f 3779 3780 3876
f 3779 3876 3875
f 3780 3781 3877
f 3780 3877 3876
f 3781 3782 3878
f 3781 3878 3877
f 3782 3783 3879
f 3782 3879 3878
f 3783 3784 3880
f 3783 3880 3879
f 3784 3785 3881
f 3784 3881 3880
f 3785 3786 3882
f 3785 3882 3881
f 3786 3787 3883
f 3786 3883 3882
f 3787 3788 3884
f 3787 3884 3883
f 3788 3789 3885
f 3788 3885 3884
f 3789 3790 3886
f 3789 3886 3885
f 3790 3791 3887
f 3790 3887 3886
f 3791 3792 3888
f 3791 3888 3887
f 3792 3793 3889
f 3792 3889 3888
f 3793 3794 3890
f 3793 3890 3889
f 3794 3795 3891
f 3794 3891 3890
f 3795 3796 3892
f 3795 3892 3891
f 3796 3797 3893
f 3796 3893 3892
f 3797 3798 3894
f 3797 3894 3893
f 3798 3799 3895
f 3798 3895 3894
f 3799 3800 3896
f 3799 3896 3895
f 3800 3801 3897
f 3800 3897 3896
f 3801 3802 3898
f 3801 3898 3897
f 3802 3803 3899
f 3802 3899 3898
f 3803 3804 3900
f 3803 3900 3899
f 3804 3805 3901
f 3804 3901 3900
f 3805 3806 3902
f 3805 3902 3901
f 3806 3807 3903
f 3806 3903 3902
f 3807 3808 3904
f 3807 3904 3903
f 3808 3809 3905
f 3808 3905 3904
f 3809 3810 3906
f 3809 3906 3905
f 3810 3811 3907
f 3810 3907 3906
f 3811 3812 3908
f 3811 3908 3907
f 3812 3813 3909
f 3812 3909 3908
f 3813 3814 3910
f 3813 3910 3909
f 3814 3815 3911
f 3814 3911 3910
f 3815 3816 3912
f 3815 3912 3911
f 3816 3817 3913
f 3816 3913 3912
f 3817 3818 3914
f 3817 3914 3913
f 3818 3819 3915
f 3818 3915 3914
f 3819 3820 3916
f 3819 3916 3915
f 3820 3821 3917
f 3820 3917 3916
f 3821 3822 3918
f 3821 3918 3917
f 3822 3823 3919
f 3822 3919 3918
f 3823 3824 3920
f 3823 3920 3919
f 3824 3825 3921
f 3824 3921 3920
f 3825 3826 3922
f 3825 3922 3921
f 3826 3827 3923
f 3826 3923 3922
f 3827 3828 3924
f 3827 3924 3923
f 3828 3829 3925
f 3828 3925 3924
f 3829 3830 3926
f 3829 3926 3925
f 3830 3831 3927
f 3830 3927 3926
f 3831 3832 3928
f 3831 3928 3927
f 3832 3833 3929
f 3832 3929 3928
f 3833 3834 3930
f 3833 3930 3929
f 3834 3835 3931
f 3834 3931 3930
f 3835 3836 3932
f 3835 3932 3931
f 3836 3837 3933
f 3836 3933 3932
f 3837 3838 3934
f 3837 3934 3933
f 3838 3839 3935
f 3838 3935 3934
f 3839 3840 3936
f 3839 3936 3935
f 3840 3841 3937
f 3840 3937 3936
f 3841 3746 3842
f 3841 3842 3937
f 3842 3843 3939
f 3842 3939 3938
f 3843 3844 3940
f 3843 3940 3939
f 3844 3845 3941
f 3844 3941 3940
f 3845 3846 3942
f 3845 3942 3941
f 3846 3847 3943
f 3846 3943 3942
f 3847 3848 3944
f 3847 3944 3943
f 3848 3849 3945
f 3848 3945 3944
f 3849 3850 3946
f 3849 3946 3945
f 3850 3851 3947
f 3850 3947 3946
f 3851 3852 3948
f 3851 3948 3947
f 3852 3853 3949
f 3852 3949 3948
f 3853 3854 3950
f 3853 3950 3949
f 3854 3855 3951
f 3854 3951 3950
f 3855 3856 3952
f 3855 3952 3951
f 3856 3857 3953
f 3856 3953 3952
f 3857 3858 3954
f 3857 3954 3953
f 3858 3859 3955
f 3858 3955 3954
f 3859 3860 3956
f 3859 3956 3955
f 3860 3861 3957
f 3860 3957 3956
f 3861 3862 3958
f 3861 3958 3957
f 3862 3863 3959
f 3862 3959 3958
f 3863 3864 3960
f 3863 3960 3959
f 3864 3865 3961
f 3864 3961 3960
f 3865 3866 3962
f 3865 3962 3961
f 3866 3867 3963
f 3866 3963 3962
f 3867 3868 3964
f 3867 3964 3963
f 3868 3869 3965
f 3868 3965 3964
f 3869 3870 3966
f 3869 3966 3965
f 3870 3871 3967
f 3870 3967 3966
f 3871 3872 3968
f 3871 3968 3967
f 3872 3873 3969
f 3872 3969 3968
f 3873 3874 3970
f 3873 3970 3969
f 3874 3875 3971
f 3874 3971 3970
f 3875 3876 3972
f 3875 3972 3971
f 3876 3877 3973
f 3876 3973 3972
f 3877 3878 3974
f 3877 3974 3973
f 3878 3879 3975
f 3878 3975 3974
f 3879 3880 3976
f 3879 3976 3975
f 3880 3881 3977
f 3880 3977 3976
f 3881 3882 3978
f 3881 3978 3977
f 3882 3883 3979
f 3882 3979 3978
f 3883 3884 3980
f 3883 3980 3979
f 3884 3885 3981
f 3884 3981 3980
f 3885 3886 3982
f 3885 3982 3981
f 3886 3887 3983
f 3886 3983 3982
f 3887 3888 3984
f 3887 3984 3983
f 3888 3889 3985
f 3888 3985 3984
f 3889 3890 3986
f 3889 3986 3985
f 3890 3891 3987
f 3890 3987 3986
f 3891 3892 3988
f 3891 3988 3987
f 3892 3893 3989
f 3892 3989 3988
f 3893 3894 3990
f 3893 3990 3989
f 3894 3895 3991
f 3894 3991 3990
f 3895 3896 3992
f 3895 3992 3991
f 3896 3897 3993
f 3896 3993 3992
f 3897 3898 3994
f 3897 3994 3993
f 3898 3899 3995
f 3898 3995 3994
f 3899 3900 3996
f 3899 3996 3995
f 3900 3901 3997
f 3900 3997 3996
f 3901 3902 3998
f 3901 3998 3997
f 3902 3903 3999
f 3902 3999 3998
f 3903 3904 4000
f 3903 4000 3999
f 3904 3905 4001
f 3904 4001 4000
f 3905 3906 4002
f 3905 4002 4001
f 3906 3907 4003
f 3906 4003 4002
f 3907 3908 4004
f 3907 4004 4003
f 3908 3909 4005
f 3908 4005 4004
f 3909 3910 4006
f 3909 4006 4005
f 3910 3911 4007
f 3910 4007 4006
f 3911 3912 4008
f 3911 4008 4007
f 3912 3913 4009
f 3912 4009 4008
f 3913 3914 4010
f 3913 4010 4009
f 3914 3915 4011
f 3914 4011 4010
f 3915 3916 4012
f 3915 4012 4011
f 3916 3917 4013
f 3916 4013 4012
f 3917 3918 4014
f 3917 4014 4013
f 3918 3919 4015
f 3918 4015 4014
f 3919 3920 4016
f 3919 4016 4015
f 3920 3921 4017
f 3920 4017 4016
f 3921 3922 4018
f 3921 4018 4017
f 3922 3923 4019
f 3922 4019 4018
f 3923 3924 4020
f 3923 4020 4019
f 3924 3925 4021
f 3924 4021 4020
f 3925 3926 4022
f 3925 4022 4021
f 3926 3927 4023
f 3926 4023 4022
f 3927 3928 4024
f 3927 4024 4023
f 3928 3929 4025
f 3928 4025 4024
f 3929 3930 4026
f 3929 4026 4025
f 3930 3931 4027
f 3930 4027 4026
f 3931 3932 4028
f 3931 4028 4027
f 3932 3933 4029
f 3932 4029 4028
f 3933 3934 4030
f 3933 4030 4029
f 3934 3935 4031
f 3934 4031 4030
f 3935 3936 4032
f 3935 4032 4031
f 3936 3937 4033
f 3936 4033 4032
f 3937 3842 3938
f 3937 3938 4033
f 3938 3939 4035
f 3938 4035 4034
f 3939 3940 4036
f 3939 4036 4035
f 3940 3941 4037
f 3940 4037 4036
f 3941 3942 4038
f 3941 4038 4037
f 3942 3943 4039
f 3942 4039 4038
f 3943 3944 4040
f 3943 4040 4039
f 3944 3945 4041
f 3944 4041 4040
f 3945 3946 4042
f 3945 4042 4041
f 3946 3947 4043
f 3946 4043 4042
f 3947 3948 4044
f 3947 4044 4043
f 3948 3949 4045
f 3948 4045 4044
f 3949 3950 4046
f 3949 4046 4045
f 3950 3951 4047
f 3950 4047 4046
f 3951 3952 4048
f 3951 4048 4047
f 3952 3953 4049
f 3952 4049 4048
f 3953 3954 4050
f 3953 4050 4049
f 3954 3955 4051
f 3954 4051 4050
f 3955 3956 4052
f 3955 4052 4051
f 3956 3957 4053
f 3956 4053 4052
f 3957 3958 4054
f 3957 4054 4053
f 3958 3959 4055
f 3958 4055 4054
f 3959 3960 4056
f 3959 4056 4055
f 3960 3961 4057
f 3960 4057 4056
f 3961 3962 4058
f 3961 4058 4057
f 3962 3963 4059
f 3962 4059 4058
f 3963 3964 4060
f 3963 4060 4059
f 3964 3965 4061
f 3964 4061 4060
f 3965 3966 4062
f 3965 4062 4061
f 3966 3967 4063
f 3966 4063 4062
f 3967 3968 4064
f 3967 4064 4063
f 3968 3969 4065
f 3968 4065 4064
f 3969 3970 4066
f 3969 4066 4065
f 3970 3971 4067
f 3970 4067 4066
f 3971 3972 4068
f 3971 4068 4067
f 3972 3973 4069
f 3972 4069 4068
f 3973 3974 4070
f 3973 4070 4069
f 3974 3975 4071
f 3974 4071 4070
f 3975 3976 4072
f 3975 4072 4071
f 3976 3977 4073
f 3976 4073 4072
f 3977 3978 4074
f 3977 4074 4073
f 3978 3979 4075
f 3978 4075 4074
f 3979 3980 4076
f 3979 4076 4075
f 3980 3981 4077
f 3980 4077 4076
f 3981 3982 4078
f 3981 4078 4077
f 3982 3983 4079
f 3982 4079 4078
f 3983 3984 4080
f 3983 4080 4079
f 3984 3985 4081
f 3984 4081 4080
f 3985 3986 4082
f 3985 4082 4081
f 3986 3987 4083
f 3986 4083 4082
f 3987 3988 4084
f 3987 4084 4083
f 3988 3989 4085
f 3988 4085 4084
f 3989 3990 4086
f 3989 4086 4085
f 3990 3991 4087
f 3990 4087 4086
f 3991 3992 4088
f 3991 4088 4087
f 3992 3993 4089
f 3992 4089 4088
f 3993 3994 4090
f 3993 4090 4089
f 3994 3995 4091
f 3994 4091 4090
f 3995 3996 4092
f 3995 4092 4091
f 3996 3997 4093
f 3996 4093 4092
f 3997 3998 4094
f 3997 4094 4093
f 3998 3999 4095
f 3998 4095 4094
f 3999 4000 4096
f 3999 4096 4095
f 4000 4001 4097
f 4000 4097 4096
f 4001 4002 4098
f 4001 4098 4097
f 4002 4003 4099
f 4002 4099 4098
f 4003 4004 4100
f 4003 4100 4099
f 4004 4005 4101
f 4004 4101 4100
f 4005 4006 4102
f 4005 4102 4101
f 4006 4007 4103
f 4006 4103 4102
f 4007 4008 4104
f 4007 4104 4103
f 4008 4009 4105
f 4008 4105 4104
f 4009 4010 4106
f 4009 4106 4105
f 4010 4011 4107
f 4010 4107 4106
f 4011 4012 4108
f 4011 4108 4107
f 4012 4013 4109
f 4012 4109 4108
f 4013 4014 4110
f 4013 4110 4109
f 4014 4015 4111
f 4014 4111 4110
f 4015 4016 4112
f 4015 4112 4111
f 4016 4017 4113
f 4016 4113 4112
f 4017 4018 4114
f 4017 4114 4113
f 4018 4019 4115
f 4018 4115 4114
f 4019 4020 4116
f 4019 4116 4115
f 4020 4021 4117
f 4020 4117 4116
f 4021 4022 4118
f 4021 4118 4117
f 4022 4023 4119
f 4022 4119 4118
f 4023 4024 4120
f 4023 4120 4119
f 4024 4025 4121
f 4024 4121 4120
f 4025 4026 4122
f 4025 4122 4121
f 4026 4027 4123
f 4026 4123 4122
f 4027 4028 4124
f 4027 4124 4123
f 4028 4029 4125
f 4028 4125 4124
f 4029 4030 4126
f 4029 4126 4125
f 4030 4031 4127
f 4030 4127 4126
f 4031 4032 4128
f 4031 4128 4127
f 4032 4033 4129
f 4032 4129 4128
f 4033 3938 4034
f 4033 4034 4129
f 4034 4035 4131
f 4034 4131 4130
f 4035 4036 4132
f 4035 4132 4131
f 4036 4037 4133
f 4036 4133 4132
f 4037 4038 4134
f 4037 4134 4133
f 4038 4039 4135
f 4038 4135 4134
f 4039 4040 4136
f 4039 4136 4135
f 4040 4041 4137
f 4040 4137 4136
f 4041 4042 4138
f 4041 4138 4137
f 4042 4043 4139
f 4042 4139 4138
f 4043 4044 4140
f 4043 4140 4139
f 4044 4045 4141
f 4044 4141 4140
f 4045 4046 4142
f 4045 4142 4141
f 4046 4047 4143
f 4046 4143 4142
f 4047 4048 4144
f 4047 4144 4143
f 4048 4049 4145
f 4048 4145 4144
f 4049 4050 4146
f 4049 4146 4145
f 4050 4051 4147
f 4050 4147 4146
f 4051 4052 4148
f 4051 4148 4147
f 4052 4053 4149
f 4052 4149 4148
f 4053 4054 4150
f 4053 4150 4149
f 4054 4055 4151
f 4054 4151 4150
f 4055 4056 4152
f 4055 4152 4151
f 4056 4057 4153
f 4056 4153 4152
f 4057 4058 4154
f 4057 4154 4153
f 4058 4059 4155
f 4058 4155 4154
f 4059 4060 4156
f 4059 4156 4155
f 4060 4061 4157
f 4060 4157 4156
f 4061 4062 4158
f 4061 4158 4157
f 4062 4063 4159
f 4062 4159 4158
f 4063 4064 4160
f 4063 4160 4159
f 4064 4065 4161
f 4064 4161 4160
f 4065 4066 4162
f 4065 4162 4161
f 4066 4067 4163
f 4066 4163 4162
f 4067 4068 4164
f 4067 4164 4163
f 4068 4069 4165
f 4068 4165 4164
f 4069 4070 4166
f 4069 4166 4165
f 4070 4071 4167
f 4070 4167 4166
f 4071 4072 4168
f 4071 4168 4167
f 4072 4073 4169
f 4072 4169 4168
f 4073 4074 4170
f 4073 4170 4169
f 4074 4075 4171
f 4074 4171 4170
f 4075 4076 4172
f 4075 4172 4171
f 4076 4077 4173
f 4076 4173 4172
f 4077 4078 4174
f 4077 4174 4173
f 4078 4079 4175
f 4078 4175 4174
f 4079 4080 4176
f 4079 4176 4175
f 4080 4081 4177
f 4080 4177 4176
f 4081 4082 4178
f 4081 4178 4177
f 4082 4083 4179
f 4082 4179 4178
f 4083 4084 4180
f 4083 4180 4179
f 4084 4085 4181
f 4084 4181 4180
f 4085 4086 4182
f 4085 4182 4181
f 4086 4087 4183
f 4086 4183 4182
f 4087 4088 4184
f 4087 4184 4183
f 4088 4089 4185
f 4088 4185 4184
f 4089 4090 4186
f 4089 4186 4185
f 4090 4091 4187
f 4090 4187 4186
f 4091 4092 4188
f 4091 4188 4187
f 4092 4093 4189
f 4092 4189 4188
f 4093 4094 4190
f 4093 4190 4189
f 4094 4095 4191
f 4094 4191 4190
f 4095 4096 4192
f 4095 4192 4191
f 4096 4097 4193
f 4096 4193 4192
f 4097 4098 4194
f 4097 4194 4193
f 4098 4099 4195
f 4098 4195 4194
f 4099 4100 4196
f 4099 4196 4195
f 4100 4101 4197
f 4100 4197 4196
f 4101 4102 4198
f 4101 4198 4197
f 4102 4103 4199
f 4102 4199 4198
f 4103 4104 4200
f 4103 4200 4199
f 4104 4105 4201
f 4104 4201 4200
f 4105 4106 4202
f 4105 4202 4201
f 4106 4107 4203
f 4106 4203 4202
f 4107 4108 4204
f 4107 4204 4203
f 4108 4109 4205
f 4108 4205 4204
f 4109 4110 4206
f 4109 4206 4205
f 4110 4111 4207
f 4110 4207 4206
f 4111 4112 4208
f 4111 4208 4207
f 4112 4113 4209
f 4112 4209 4208
f 4113 4114 4210
f 4113 4210 4209
f 4114 4115 4211
f 4114 4211 4210
f 4115 4116 4212
f 4115 4212 4211
f 4116 4117 4213
f 4116 4213 4212
f 4117 4118 4214
f 4117 4214 4213
f 4118 4119 4215
f 4118 4215 4214
f 4119 4120 4216
f 4119 4216 4215
f 4120 4121 4217
f 4120 4217 4216
f 4121 4122 4218
f 4121 4218 4217
f 4122 4123 4219
f 4122 4219 4218
f 4123 4124 4220
f 4123 4220 4219
f 4124 4125 4221
f 4124 4221 4220
f 4125 4126 4222
f 4125 4222 4221
f 4126 4127 4223
f 4126 4223 4222
f 4127 4128 4224
f 4127 4224 4223
f 4128 4129 4225
f 4128 4225 4224
f 4129 4034 4130
f 4129 4130 4225
f 4130 4131 4227
f 4130 4227 4226
f 4131 4132 4228
f 4131 4228 4227
f 4132 4133 4229
f 4132 4229 4228
f 4133 4134 4230
f 4133 4230 4229
f 4134 4135 4231
f 4134 4231 4230
f 4135 4136 4232
f 4135 4232 4231
f 4136 4137 4233
f 4136 4233 4232
f 4137 4138 4234
f 4137 4234 4233
f 4138 4139 4235
f 4138 4235 4234
f 4139 4140 4236
f 4139 4236 4235
f 4140 4141 4237
f 4140 4237 4236
f 4141 4142 4238
f 4141 4238 4237
f 4142 4143 4239
f 4142 4239 4238
f 4143 4144 4240
f 4143 4240 4239
f 4144 4145 4241
f 4144 4241 4240
f 4145 4146 4242
f 4145 4242 4241
f 4146 4147 4243
f 4146 4243 4242
f 4147 4148 4244
f 4147 4244 4243
f 4148 4149 4245
f 4148 4245 4244
f 4149 4150 4246
f 4149 4246 4245
f 4150 4151 4247
f 4150 4247 4246
f 4151 4152 4248
f 4151 4248 4247
f 4152 4153 4249
f 4152 4249 4248
f 4153 4154 4250
f 4153 4250 4249
f 4154 4155 4251
f 4154 4251 4250
f 4155 4156 4252
f 4155 4252 4251
f 4156 4157 4253
f 4156 4253 4252
f 4157 4158 4254
f 4157 4254 4253
f 4158 4159 4255
f 4158 4255 4254
f 4159 4160 4256
f 4159 4256 4255
f 4160 4161 4257
f 4160 4257 4256
f 4161 4162 4258
f 4161 4258 4257
f 4162 4163 4259
f 4162 4259 4258
f 4163 4164 4260
f 4163 4260 4259
f 4164 4165 4261
f 4164 4261 4260
f 4165 4166 4262
f 4165 4262 4261
f 4166 4167 4263
f 4166 4263 4262
f 4167 4168 4264
f 4167 4264 4263
f 4168 4169 4265
f 4168 4265 4264
f 4169 4170 4266
f 4169 4266 4265
f 4170 4171 4267
f 4170 4267 4266
f 4171 4172 4268
f 4171 4268 4267
f 4172 4173 4269
f 4172 4269 4268
f 4173 4174 4270
f 4173 4270 4269
f 4174 4175 4271
f 4174 4271 4270
f 4175 4176 4272
f 4175 4272 4271
f 4176 4177 4273
f 4176 4273 4272
f 4177 4178 4274
f 4177 4274 4273
f 4178 4179 4275
f 4178 4275 4274
f 4179 4180 4276
f 4179 4276 4275
f 4180 4181 4277
f 4180 4277 4276
f 4181 4182 4278
f 4181 4278 4277
f 4182 4183 4279
f 4182 4279 4278
f 4183 4184 4280
f 4183 4280 4279
f 4184 4185 4281
f 4184 4281 4280
f 4185 4186 4282
f 4185 4282 4281
f 4186 4187 4283
f 4186 4283 4282
f 4187 4188 4284
f 4187 4284 4283
f 4188 4189 4285
f 4188 4285 4284
f 4189 4190 4286
f 4189 4286 4285
f 4190 4191 4287
f 4190 4287 4286
f 4191 4192 4288
f 4191 4288 4287
f 4192 4193 4289
f 4192 4289 4288
f 4193 4194 4290
f 4193 4290 4289
f 4194 4195 4291
f 4194 4291 4290
f 4195 4196 4292
f 4195 4292 4291
f 4196 4197 4293
f 4196 4293 4292
f 4197 4198 4294
f 4197 4294 4293
f 4198 4199 4295
f 4198 4295 4294
f 4199 4200 4296
f 4199 4296 4295
f 4200 4201 4297
f 4200 4297 4296
f 4201 4202 4298
f 4201 4298 4297
f 4202 4203 4299
f 4202 4299 4298
f 4203 4204 4300
f 4203 4300 4299
f 4204 4205 4301
f 4204 4301 4300
f 4205 4206 4302
f 4205 4302 4301
f 4206 4207 4303
f 4206 4303 4302
f 4207 4208 4304
f 4207 4304 4303
f 4208 4209 4305
f 4208 4305 4304
f 4209 4210 4306
f 4209 4306 4305
f 4210 4211 4307
f 4210 4307 4306
f 4211 4212 4308
f 4211 4308 4307
f 4212 4213 4309
f 4212 4309 4308
f 4213 4214 4310
f 4213 4310 4309
f 4214 4215 4311
f 4214 4311 4310
f 4215 4216 4312
f 4215 4312 4311
f 4216 4217 4313
f 4216 4313 4312
f 4217 4218 4314
f 4217 4314 4313
f 4218 4219 4315
f 4218 4315 4314
f 4219 4220 4316
f 4219 4316 4315
f 4220 4221 4317
f 4220 4317 4316
f 4221 4222 4318
f 4221 4318 4317
f 4222 4223 4319
f 4222 4319 4318
f 4223 4224 4320
f 4223 4320 4319
f 4224 4225 4321
f 4224 4321 4320
f 4225 4130 4226
f 4225 4226 4321
f 4226 4227 4323
f 4226 4323 4322
f 4227 4228 4324
f 4227 4324 4323
f 4228 4229 4325
f 4228 4325 4324
f 4229 4230 4326
f 4229 4326 4325
f 4230 4231 4327
f 4230 4327 4326
f 4231 4232 4328
f 4231 4328 4327
f 4232 4233 4329
f 4232 4329 4328
f 4233 4234 4330
f 4233 4330 4329
f 4234 4235 4331
f 4234 4331 4330
f 4235 4236 4332
f 4235 4332 4331
f 4236 4237 4333
f 4236 4333 4332
f 4237 4238 4334
f 4237 4334 4333
f 4238 4239 4335
f 4238 4335 4334
f 4239 4240 4336
f 4239 4336 4335
f 4240 4241 4337
f 4240 4337 4336
f 4241 4242 4338
f 4241 4338 4337
f 4242 4243 4339
f 4242 4339 4338
f 4243 4244 4340
f 4243 4340 4339
f 4244 4245 4341
f 4244 4341 4340
f 4245 4246 4342
f 4245 4342 4341
f 4246 4247 4343
f 4246 4343 4342
f 4247 4248 4344
f 4247 4344 4343
f 4248 4249 4345
f 4248 4345 4344
f 4249 4250 4346
f 4249 4346 4345
f 4250 4251 4347
f 4250 4347 4346
f 4251 4252 4348
f 4251 4348 4347
f 4252 4253 4349
f 4252 4349 4348
f 4253 4254 4350
f 4253 4350 4349
f 4254 4255 4351
f 4254 4351 4350
f 4255 4256 4352
f 4255 4352 4351
f 4256 4257 4353
f 4256 4353 4352
f 4257 4258 4354
f 4257 4354 4353
f 4258 4259 4355
f 4258 4355 4354
f 4259 4260 4356
f 4259 4356 4355
f 4260 4261 4357
f 4260 4357 4356
f 4261 4262 4358
f 4261 4358 4357
f 4262 4263 4359
f 4262 4359 4358
f 4263 4264 4360
f 4263 4360 4359
f 4264 4265 4361
f 4264 4361 4360
f 4265 4266 4362
f 4265 4362 4361
f 4266 4267 4363
f 4266 4363 4362
f 4267 4268 4364
f 4267 4364 4363
f 4268 4269 4365
f 4268 4365 4364
f 4269 4270 4366
f 4269 4366 4365
f 4270 4271 4367
f 4270 4367 4366
f 4271 4272 4368
f 4271 4368 4367
f 4272 4273 4369
f 4272 4369 4368
f 4273 4274 4370
f 4273 4370 4369
f 4274 4275 4371
f 4274 4371 4370
f 4275 4276 4372
f 4275 4372 4371
f 4276 4277 4373
f 4276 4373 4372
f 4277 4278 4374
f 4277 4374 4373
f 4278 4279 4375
f 4278 4375 4374
f 4279 4280 4376
f 4279 4376 4375
f 4280 4281 4377
f 4280 4377 4376
f 4281 4282 4378
f 4281 4378 4377
f 4282 4283 4379
f 4282 4379 4378
f 4283 4284 4380
f 4283 4380 4379
f 4284 4285 4381
f 4284 4381 4380
f 4285 4286 4382
f 4285 4382 4381
f 4286 4287 4383
f 4286 4383 4382
f 4287 4288 4384
f 4287 4384 4383
f 4288 4289 4385
f 4288 4385 4384
f 4289 4290 4386
f 4289 4386 4385
f 4290 4291 4387
f 4290 4387 4386
f 4291 4292 4388
f 4291 4388 4387
f 4292 4293 4389
f 4292 4389 4388
f 4293 4294 4390
f 4293 4390 4389
f 4294 4295 4391
f 4294 4391 4390
f 4295 4296 4392
f 4295 4392 4391
f 4296 4297 4393
f 4296 4393 4392
f 4297 4298 4394
f 4297 4394 4393
f 4298 4299 4395
f 4298 4395 4394
f 4299 4300 4396
f 4299 4396 4395
f 4300 4301 4397
f 4300 4397 4396
f 4301 4302 4398
f 4301 4398 4397
f 4302 4303 4399
f 4302 4399 4398
f 4303 4304 4400
f 4303 4400 4399
f 4304 4305 4401
f 4304 4401 4400
f 4305 4306 4402
f 4305 4402 4401
f 4306 4307 4403
f 4306 4403 4402
f 4307 4308 4404
f 4307 4404 4403
f 4308 4309 4405
f 4308 4405 4404
f 4309 4310 4406
f 4309 4406 4405
f 4310 4311 4407
f 4310 4407 4406
f 4311 4312 4408
f 4311 4408 4407
f 4312 4313 4409
f 4312 4409 4408
f 4313 4314 4410
f 4313 4410 4409
f 4314 4315 4411
f 4314 4411 4410
f 4315 4316 4412
f 4315 4412 4411
f 4316 4317 4413
f 4316 4413 4412
f 4317 4318 4414
f 4317 4414 4413
f 4318 4319 4415
f 4318 4415 4414
f 4319 4320 4416
f 4319 4416 4415
f 4320 4321 4417
f 4320 4417 4416
f 4321 4226 4322
f 4321 4322 4417
f 4322 4323 4419
f 4322 4419 4418
f 4323 4324 4420
f 4323 4420 4419
f 4324 4325 4421
f 4324 4421 4420
f 4325 4326 4422
f 4325 4422 4421
f 4326 4327 4423
f 4326 4423 4422
f 4327 4328 4424
f 4327 4424 4423
f 4328 4329 4425
f 4328 4425 4424
f 4329 4330 4426
f 4329 4426 4425
f 4330 4331 4427
f 4330 4427 4426
f 4331 4332 4428
f 4331 4428 4427
f 4332 4333 4429
f 4332 4429 4428
f 4333 4334 4430
f 4333 4430 4429
f 4334 4335 4431
f 4334 4431 4430
f 4335 4336 4432
f 4335 4432 4431
f 4336 4337 4433
f 4336 4433 4432
f 4337 4338 4434
f 4337 4434 4433
f 4338 4339 4435
f 4338 4435 4434
f 4339 4340 4436
f 4339 4436 4435
f 4340 4341 4437
f 4340 4437 4436
f 4341 4342 4438
f 4341 4438 4437
f 4342 4343 4439
f 4342 4439 4438
f 4343 4344 4440
f 4343 4440 4439
f 4344 4345 4441
f 4344 4441 4440
f 4345 4346 4442
f 4345 4442 4441
f 4346 4347 4443
f 4346 4443 4442
f 4347 4348 4444
f 4347 4444 4443
f 4348 4349 4445
f 4348 4445 4444
f 4349 4350 4446
f 4349 4446 4445
f 4350 4351 4447
f 4350 4447 4446
f 4351 4352 4448
f 4351 4448 4447
f 4352 4353 4449
f 4352 4449 4448
f 4353 4354 4450
f 4353 4450 4449
f 4354 4355 4451
f 4354 4451 4450
f 4355 4356 4452
f 4355 4452 4451
f 4356 4357 4453
f 4356 4453 4452
f 4357 4358 4454
f 4357 4454 4453
f 4358 4359 4455
f 4358 4455 4454
f 4359 4360 4456
f 4359 4456 4455
f 4360 4361 4457
f 4360 4457 4456
f 4361 4362 4458
f 4361 4458 4457
f 4362 4363 4459
f 4362 4459 4458
f 4363 4364 4460
f 4363 4460 4459
f 4364 4365 4461
f 4364 4461 4460
f 4365 4366 4462
f 4365 4462 4461
f 4366 4367 4463
f 4366 4463 4462
f 4367 4368 4464
f 4367 4464 4463
f 4368 4369 4465
f 4368 4465 4464
f 4369 4370 4466
f 4369 4466 4465
f 4370 4371 4467
f 4370 4467 4466
f 4371 4372 4468
f 4371 4468 4467
f 4372 4373 4469
f 4372 4469 4468
f 4373 4374 4470
f 4373 4470 4469
f 4374 4375 4471
f 4374 4471 4470
f 4375 4376 4472
f 4375 4472 4471
f 4376 4377 4473
f 4376 4473 4472
f 4377 4378 4474
f 4377 4474 4473
f 4378 4379 4475
f 4378 4475 4474
f 4379 4380 4476
f 4379 4476 4475
f 4380 4381 4477
f 4380 4477 4476
f 4381 4382 4478
f 4381 4478 4477
f 4382 4383 4479
f 4382 4479 4478
f 4383 4384 4480
f 4383 4480 4479
f 4384 4385 4481
f 4384 4481 4480
f 4385 4386 4482
f 4385 4482 4481
f 4386 4387 4483
f 4386 4483 4482
f 4387 4388 4484
f 4387 4484 4483
f 4388 4389 4485
f 4388 4485 4484
f 4389 4390 4486
f 4389 4486 4485
f 4390 4391 4487
f 4390 4487 4486
f 4391 4392 4488
f 4391 4488 4487
f 4392 4393 4489
f 4392 4489 4488
f 4393 4394 4490
f 4393 4490 4489
f 4394 4395 4491
f 4394 4491 4490
f 4395 4396 4492
f 4395 4492 4491
f 4396 4397 4493
f 4396 4493 4492
f 4397 4398 4494
f 4397 4494 4493
f 4398 4399 4495
f 4398 4495 4494
f 4399 4400 4496
f 4399 4496 4495
f 4400 4401 4497
f 4400 4497 4496
f 4401 4402 4498
f 4401 4498 4497
f 4402 4403 4499
f 4402 4499 4498
f 4403 4404 4500
f 4403 4500 4499
f 4404 4405 4501
f 4404 4501 4500
f 4405 4406 4502
f 4405 4502 4501
f 4406 4407 4503
f 4406 4503 4502
f 4407 4408 4504
f 4407 4504 4503
f 4408 4409 4505
f 4408 4505 4504
f 4409 4410 4506
f 4409 4506 4505
f 4410 4411 4507
f 4410 4507 4506
f 4411 4412 4508
f 4411 4508 4507
f 4412 4413 4509
f 4412 4509 4508
f 4413 4414 4510
f 4413 4510 4509
f 4414 4415 4511
f 4414 4511 4510
f 4415 4416 4512
f 4415 4512 4511
f 4416 4417 4513
f 4416 4513 4512
f 4417 4322 4418
f 4417 4418 4513
f 4418 4419 4515
f 4418 4515 4514
f 4419 4420 4516
f 4419 4516 4515
f 4420 4421 4517
f 4420 4517 4516
f 4421 4422 4518
f 4421 4518 4517
f 4422 4423 4519
f 4422 4519 4518
f 4423 4424 4520
f 4423 4520 4519
f 4424 4425 4521
f 4424 4521 4520
f 4425 4426 4522
f 4425 4522 4521
f 4426 4427 4523
f 4426 4523 4522
f 4427 4428 4524
f 4427 4524 4523
f 4428 4429 4525
f 4428 4525 4524
f 4429 4430 4526
f 4429 4526 4525
f 4430 4431 4527
f 4430 4527 4526
f 4431 4432 4528
f 4431 4528 4527
f 4432 4433 4529
f 4432 4529 4528
f 4433 4434 4530
f 4433 4530 4529
f 4434 4435 4531
f 4434 4531 4530
f 4435 4436 4532
f 4435 4532 4531
f 4436 4437 4533
f 4436 4533 4532
f 4437 4438 4534
f 4437 4534 4533
f 4438 4439 4535
f 4438 4535 4534
f 4439 4440 4536
f 4439 4536 4535
f 4440 4441 4537
f 4440 4537 4536
f 4441 4442 4538
f 4441 4538 4537
f 4442 4443 4539
f 4442 4539 4538
f 4443 4444 4540
f 4443 4540 4539
f 4444 4445 4541
f 4444 4541 4540
f 4445 4446 4542
f 4445 4542 4541
f 4446 4447 4543
f 4446 4543 4542
f 4447 4448 4544
f 4447 4544 4543
f 4448 4449 4545
f 4448 4545 4544
f 4449 4450 4546
f 4449 4546 4545
f 4450 4451 4547
f 4450 4547 4546
f 4451 4452 4548
f 4451 4548 4547
f 4452 4453 4549
f 4452 4549 4548
f 4453 4454 4550
f 4453 4550 4549
f 4454 4455 4551
f 4454 4551 4550
f 4455 4456 4552
f 4455 4552 4551
f 4456 4457 4553
f 4456 4553 4552
f 4457 4458 4554
f 4457 4554 4553
f 4458 4459 4555
f 4458 4555 4554
f 4459 4460 4556
f 4459 4556 4555
f 4460 4461 4557
f 4460 4557 4556
f 4461 4462 4558
f 4461 4558 4557
f 4462 4463 4559
f 4462 4559 4558
f 4463 4464 4560
f 4463 4560 4559
f 4464 4465 4561
f 4464 4561 4560
f 4465 4466 4562
f 4465 4562 4561
f 4466 4467 4563
f 4466 4563 4562
f 4467 4468 4564
f 4467 4564 4563
f 4468 4469 4565
f 4468 4565 4564
f 4469 4470 4566
f 4469 4566 4565
f 4470 4471 4567
f 4470 4567 4566
f 4471 4472 4568
f 4471 4568 4567
f 4472 4473 4569
f 4472 4569 4568
f 4473 4474 4570
f 4473 4570 4569
f 4474 4475 4571
f 4474 4571 4570
f 4475 4476 4572
f 4475 4572 4571
f 4476 4477 4573
f 4476 4573 4572
f 4477 4478 4574
f 4477 4574 4573
f 4478 4479 4575
f 4478 4575 4574
f 4479 4480 4576
f 4479 4576 4575
f 4480 4481 4577
f 4480 4577 4576
f 4481 4482 4578
f 4481 4578 4577
f 4482 4483 4579
f 4482 4579 4578
f 4483 4484 4580
f 4483 4580 4579
f 4484 4485 4581
f 4484 4581 4580
f 4485 4486 4582
f 4485 4582 4581
f 4486 4487 4583
f 4486 4583 4582
f 4487 4488 4584
f 4487 4584 4583
f 4488 4489 4585
f 4488 4585 4584
f 4489 4490 4586
f 4489 4586 4585
f 4490 4491 4587
f 4490 4587 4586
f 4491 4492 4588
f 4491 4588 4587
f 4492 4493 4589
f 4492 4589 4588
f 4493 4494 4590
f 4493 4590 4589
f 4494 4495 4591
f 4494 4591 4590
f 4495 4496 4592
f 4495 4592 4591
f 4496 4497 4593
f 4496 4593 4592
f 4497 4498 4594
f 4497 4594 4593
f 4498 4499 4595
f 4498 4595 4594
f 4499 4500 4596
f 4499 4596 4595
f 4500 4501 4597
f 4500 4597 4596
f 4501 4502 4598
f 4501 4598 4597
f 4502 4503 4599
f 4502 4599 4598
f 4503 4504 4600
f 4503 4600 4599
f 4504 4505 4601
f 4504 4601 4600
f 4505 4506 4602
f 4505 4602 4601
f 4506 4507 4603
f 4506 4603 4602
f 4507 4508 4604
f 4507 4604 4603
f 4508 4509 4605
f 4508 4605 4604
f 4509 4510 4606
f 4509 4606 4605
f 4510 4511 4607
f 4510 4607 4606
f 4511 4512 4608
f 4511 4608 4607
f 4512 4513 4609
f 4512 4609 4608
f 4513 4418 4514
f 4513 4514 4609
f 4514 4515 4610
f 4515 4516 4610
f 4516 4517 4610
f 4517 4518 4610
f 4518 4519 4610
f 4519 4520 4610
f 4520 4521 4610
f 4521 4522 4610
f 4522 4523 4610
f 4523 4524 4610
f 4524 4525 4610
f 4525 4526 4610
f 4526 4527 4610
f 4527 4528 4610
f 4528 4529 4610
f 4529 4530 4610
f 4530 4531 4610
f 4531 4532 4610
f 4532 4533 4610
f 4533 4534 4610
f 4534 4535 4610
f 4535 4536 4610
f 4536 4537 4610
f 4537 4538 4610
f 4538 4539 4610
f 4539 4540 4610
f 4540 4541 4610
f 4541 4542 4610
f 4542 4543 4610
f 4543 4544 4610
f 4544 4545 4610
f 4545 4546 4610
f 4546 4547 4610
f 4547 4548 4610
f 4548 4549 4610
f 4549 4550 4610
f 4550 4551 4610
f 4551 4552 4610
f 4552 4553 4610
f 4553 4554 4610
f 4554 4555 4610
f 4555 4556 4610
f 4556 4557 4610
f 4557 4558 4610
f 4558 4559 4610
f 4559 4560 4610
f 4560 4561 4610
f 4561 4562 4610
f 4562 4563 4610
f 4563 4564 4610
f 4564 4565 4610
f 4565 4566 4610
f 4566 4567 4610
f 4567 4568 4610
f 4568 4569 4610
f 4569 4570 4610
f 4570 4571 4610
f 4571 4572 4610
f 4572 4573 4610
f 4573 4574 4610
f 4574 4575 4610
f 4575 4576 4610
f 4576 4577 4610
f 4577 4578 4610
f 4578 4579 4610
f 4579 4580 4610
f 4580 4581 4610
f 4581 4582 4610
f 4582 4583 4610
f 4583 4584 4610
f 4584 4585 4610
f 4585 4586 4610
f 4586 4587 4610
f 4587 4588 4610
f 4588 4589 4610
f 4589 4590 4610
f 4590 4591 4610
f 4591 4592 4610
f 4592 4593 4610
f 4593 4594 4610
f 4594 4595 4610
f 4595 4596 4610
f 4596 4597 4610
f 4597 4598 4610
f 4598 4599 4610
f 4599 4600 4610
f 4600 4601 4610
f 4601 4602 4610
f 4602 4603 4610
f 4603 4604 4610
f 4604 4605 4610
f 4605 4606 4610
f 4606 4607 4610
f 4607 4608 4610
f 4608 4609 4610
f 4609 4514 4610
