# Wine bottle, hollow glass, 1.0 tall, standing on y = 0
# Generated procedurally for CSCI 4471 Assignment 1. 14018 vertices, 27264 triangles.
# Vertices shared between triangles are smooth; separate vertices give a sharp edge.
v 0.000000 0.000000 0.000000
v 0.140000 0.000000 0.000000
v 0.139700 0.000000 0.009156
v 0.138802 0.000000 0.018274
v 0.137310 0.000000 0.027313
v 0.135230 0.000000 0.036235
v 0.132570 0.000000 0.045002
v 0.129343 0.000000 0.053576
v 0.125562 0.000000 0.061920
v 0.121244 0.000000 0.070000
v 0.116406 0.000000 0.077780
v 0.111069 0.000000 0.085227
v 0.105258 0.000000 0.092308
v 0.098995 0.000000 0.098995
v 0.092308 0.000000 0.105258
v 0.085227 0.000000 0.111069
v 0.077780 0.000000 0.116406
v 0.070000 0.000000 0.121244
v 0.061920 0.000000 0.125562
v 0.053576 0.000000 0.129343
v 0.045002 0.000000 0.132570
v 0.036235 0.000000 0.135230
v 0.027313 0.000000 0.137310
v 0.018274 0.000000 0.138802
v 0.009156 0.000000 0.139700
v 0.000000 0.000000 0.140000
v -0.009156 0.000000 0.139700
v -0.018274 0.000000 0.138802
v -0.027313 0.000000 0.137310
v -0.036235 0.000000 0.135230
v -0.045002 0.000000 0.132570
v -0.053576 0.000000 0.129343
v -0.061920 0.000000 0.125562
v -0.070000 0.000000 0.121244
v -0.077780 0.000000 0.116406
v -0.085227 0.000000 0.111069
v -0.092308 0.000000 0.105258
v -0.098995 0.000000 0.098995
v -0.105258 0.000000 0.092308
v -0.111069 0.000000 0.085227
v -0.116406 0.000000 0.077780
v -0.121244 0.000000 0.070000
v -0.125562 0.000000 0.061920
v -0.129343 0.000000 0.053576
v -0.132570 0.000000 0.045002
v -0.135230 0.000000 0.036235
v -0.137310 0.000000 0.027313
v -0.138802 0.000000 0.018274
v -0.139700 0.000000 0.009156
v -0.140000 0.000000 0.000000
v -0.139700 0.000000 -0.009156
v -0.138802 0.000000 -0.018274
v -0.137310 0.000000 -0.027313
v -0.135230 0.000000 -0.036235
v -0.132570 0.000000 -0.045002
v -0.129343 0.000000 -0.053576
v -0.125562 0.000000 -0.061920
v -0.121244 0.000000 -0.070000
v -0.116406 0.000000 -0.077780
v -0.111069 0.000000 -0.085227
v -0.105258 0.000000 -0.092308
v -0.098995 0.000000 -0.098995
v -0.092308 0.000000 -0.105258
v -0.085227 0.000000 -0.111069
v -0.077780 0.000000 -0.116406
v -0.070000 0.000000 -0.121244
v -0.061920 0.000000 -0.125562
v -0.053576 0.000000 -0.129343
v -0.045002 0.000000 -0.132570
v -0.036235 0.000000 -0.135230
v -0.027313 0.000000 -0.137310
v -0.018274 0.000000 -0.138802
v -0.009156 0.000000 -0.139700
v -0.000000 0.000000 -0.140000
v 0.009156 0.000000 -0.139700
v 0.018274 0.000000 -0.138802
v 0.027313 0.000000 -0.137310
v 0.036235 0.000000 -0.135230
v 0.045002 0.000000 -0.132570
v 0.053576 0.000000 -0.129343
v 0.061920 0.000000 -0.125562
v 0.070000 0.000000 -0.121244
v 0.077780 0.000000 -0.116406
v 0.085227 0.000000 -0.111069
v 0.092308 0.000000 -0.105258
v 0.098995 0.000000 -0.098995
v 0.105258 0.000000 -0.092308
v 0.111069 0.000000 -0.085227
v 0.116406 0.000000 -0.077780
v 0.121244 0.000000 -0.070000
v 0.125562 0.000000 -0.061920
v 0.129343 0.000000 -0.053576
v 0.132570 0.000000 -0.045002
v 0.135230 0.000000 -0.036235
v 0.137310 0.000000 -0.027313
v 0.138802 0.000000 -0.018274
v 0.139700 0.000000 -0.009156
v 0.140000 0.000000 0.000000
v 0.139700 0.000000 0.009156
v 0.138802 0.000000 0.018274
v 0.137310 0.000000 0.027313
v 0.135230 0.000000 0.036235
v 0.132570 0.000000 0.045002
v 0.129343 0.000000 0.053576
v 0.125562 0.000000 0.061920
v 0.121244 0.000000 0.070000
v 0.116406 0.000000 0.077780
v 0.111069 0.000000 0.085227
v 0.105258 0.000000 0.092308
v 0.098995 0.000000 0.098995
v 0.092308 0.000000 0.105258
v 0.085227 0.000000 0.111069
v 0.077780 0.000000 0.116406
v 0.070000 0.000000 0.121244
v 0.061920 0.000000 0.125562
v 0.053576 0.000000 0.129343
v 0.045002 0.000000 0.132570
v 0.036235 0.000000 0.135230
v 0.027313 0.000000 0.137310
v 0.018274 0.000000 0.138802
v 0.009156 0.000000 0.139700
v 0.000000 0.000000 0.140000
v -0.009156 0.000000 0.139700
v -0.018274 0.000000 0.138802
v -0.027313 0.000000 0.137310
v -0.036235 0.000000 0.135230
v -0.045002 0.000000 0.132570
v -0.053576 0.000000 0.129343
v -0.061920 0.000000 0.125562
v -0.070000 0.000000 0.121244
v -0.077780 0.000000 0.116406
v -0.085227 0.000000 0.111069
v -0.092308 0.000000 0.105258
v -0.098995 0.000000 0.098995
v -0.105258 0.000000 0.092308
v -0.111069 0.000000 0.085227
v -0.116406 0.000000 0.077780
v -0.121244 0.000000 0.070000
v -0.125562 0.000000 0.061920
v -0.129343 0.000000 0.053576
v -0.132570 0.000000 0.045002
v -0.135230 0.000000 0.036235
v -0.137310 0.000000 0.027313
v -0.138802 0.000000 0.018274
v -0.139700 0.000000 0.009156
v -0.140000 0.000000 0.000000
v -0.139700 0.000000 -0.009156
v -0.138802 0.000000 -0.018274
v -0.137310 0.000000 -0.027313
v -0.135230 0.000000 -0.036235
v -0.132570 0.000000 -0.045002
v -0.129343 0.000000 -0.053576
v -0.125562 0.000000 -0.061920
v -0.121244 0.000000 -0.070000
v -0.116406 0.000000 -0.077780
v -0.111069 0.000000 -0.085227
v -0.105258 0.000000 -0.092308
v -0.098995 0.000000 -0.098995
v -0.092308 0.000000 -0.105258
v -0.085227 0.000000 -0.111069
v -0.077780 0.000000 -0.116406
v -0.070000 0.000000 -0.121244
v -0.061920 0.000000 -0.125562
v -0.053576 0.000000 -0.129343
v -0.045002 0.000000 -0.132570
v -0.036235 0.000000 -0.135230
v -0.027313 0.000000 -0.137310
v -0.018274 0.000000 -0.138802
v -0.009156 0.000000 -0.139700
v -0.000000 0.000000 -0.140000
v 0.009156 0.000000 -0.139700
v 0.018274 0.000000 -0.138802
v 0.027313 0.000000 -0.137310
v 0.036235 0.000000 -0.135230
v 0.045002 0.000000 -0.132570
v 0.053576 0.000000 -0.129343
v 0.061920 0.000000 -0.125562
v 0.070000 0.000000 -0.121244
v 0.077780 0.000000 -0.116406
v 0.085227 0.000000 -0.111069
v 0.092308 0.000000 -0.105258
v 0.098995 0.000000 -0.098995
v 0.105258 0.000000 -0.092308
v 0.111069 0.000000 -0.085227
v 0.116406 0.000000 -0.077780
v 0.121244 0.000000 -0.070000
v 0.125562 0.000000 -0.061920
v 0.129343 0.000000 -0.053576
v 0.132570 0.000000 -0.045002
v 0.135230 0.000000 -0.036235
v 0.137310 0.000000 -0.027313
v 0.138802 0.000000 -0.018274
v 0.139700 0.000000 -0.009156
v 0.140640 0.000000 0.000000
v 0.140339 0.000000 0.009198
v 0.139437 0.000000 0.018357
v 0.137938 0.000000 0.027438
v 0.135848 0.000000 0.036400
v 0.133176 0.000000 0.045207
v 0.129934 0.000000 0.053821
v 0.126136 0.000000 0.062203
v 0.121798 0.000000 0.070320
v 0.116938 0.000000 0.078135
v 0.111577 0.000000 0.085616
v 0.105739 0.000000 0.092730
v 0.099447 0.000000 0.099447
v 0.092730 0.000000 0.105739
v 0.085616 0.000000 0.111577
v 0.078135 0.000000 0.116938
v 0.070320 0.000000 0.121798
v 0.062203 0.000000 0.126136
v 0.053821 0.000000 0.129934
v 0.045207 0.000000 0.133176
v 0.036400 0.000000 0.135848
v 0.027438 0.000000 0.137938
v 0.018357 0.000000 0.139437
v 0.009198 0.000000 0.140339
v 0.000000 0.000000 0.140640
v -0.009198 0.000000 0.140339
v -0.018357 0.000000 0.139437
v -0.027438 0.000000 0.137938
v -0.036400 0.000000 0.135848
v -0.045207 0.000000 0.133176
v -0.053821 0.000000 0.129934
v -0.062203 0.000000 0.126136
v -0.070320 0.000000 0.121798
v -0.078135 0.000000 0.116938
v -0.085616 0.000000 0.111577
v -0.092730 0.000000 0.105739
v -0.099447 0.000000 0.099447
v -0.105739 0.000000 0.092730
v -0.111577 0.000000 0.085616
v -0.116938 0.000000 0.078135
v -0.121798 0.000000 0.070320
v -0.126136 0.000000 0.062203
v -0.129934 0.000000 0.053821
v -0.133176 0.000000 0.045207
v -0.135848 0.000000 0.036400
v -0.137938 0.000000 0.027438
v -0.139437 0.000000 0.018357
v -0.140339 0.000000 0.009198
v -0.140640 0.000000 0.000000
v -0.140339 0.000000 -0.009198
v -0.139437 0.000000 -0.018357
v -0.137938 0.000000 -0.027438
v -0.135848 0.000000 -0.036400
v -0.133176 0.000000 -0.045207
v -0.129934 0.000000 -0.053821
v -0.126136 0.000000 -0.062203
v -0.121798 0.000000 -0.070320
v -0.116938 0.000000 -0.078135
v -0.111577 0.000000 -0.085616
v -0.105739 0.000000 -0.092730
v -0.099447 0.000000 -0.099447
v -0.092730 0.000000 -0.105739
v -0.085616 0.000000 -0.111577
v -0.078135 0.000000 -0.116938
v -0.070320 0.000000 -0.121798
v -0.062203 0.000000 -0.126136
v -0.053821 0.000000 -0.129934
v -0.045207 0.000000 -0.133176
v -0.036400 0.000000 -0.135848
v -0.027438 0.000000 -0.137938
v -0.018357 0.000000 -0.139437
v -0.009198 0.000000 -0.140339
v -0.000000 0.000000 -0.140640
v 0.009198 0.000000 -0.140339
v 0.018357 0.000000 -0.139437
v 0.027438 0.000000 -0.137938
v 0.036400 0.000000 -0.135848
v 0.045207 0.000000 -0.133176
v 0.053821 0.000000 -0.129934
v 0.062203 0.000000 -0.126136
v 0.070320 0.000000 -0.121798
v 0.078135 0.000000 -0.116938
v 0.085616 0.000000 -0.111577
v 0.092730 0.000000 -0.105739
v 0.099447 0.000000 -0.099447
v 0.105739 0.000000 -0.092730
v 0.111577 0.000000 -0.085616
v 0.116938 0.000000 -0.078135
v 0.121798 0.000000 -0.070320
v 0.126136 0.000000 -0.062203
v 0.129934 0.000000 -0.053821
v 0.133176 0.000000 -0.045207
v 0.135848 0.000000 -0.036400
v 0.137938 0.000000 -0.027438
v 0.139437 0.000000 -0.018357
v 0.140339 0.000000 -0.009198
v 0.141520 0.000000 0.000000
v 0.141217 0.000000 0.009256
v 0.140309 0.000000 0.018472
v 0.138801 0.000000 0.027609
v 0.136698 0.000000 0.036628
v 0.134010 0.000000 0.045490
v 0.130747 0.000000 0.054157
v 0.126925 0.000000 0.062593
v 0.122560 0.000000 0.070760
v 0.117670 0.000000 0.078624
v 0.112275 0.000000 0.086152
v 0.106400 0.000000 0.093311
v 0.100070 0.000000 0.100070
v 0.093311 0.000000 0.106400
v 0.086152 0.000000 0.112275
v 0.078624 0.000000 0.117670
v 0.070760 0.000000 0.122560
v 0.062593 0.000000 0.126925
v 0.054157 0.000000 0.130747
v 0.045490 0.000000 0.134010
v 0.036628 0.000000 0.136698
v 0.027609 0.000000 0.138801
v 0.018472 0.000000 0.140309
v 0.009256 0.000000 0.141217
v 0.000000 0.000000 0.141520
v -0.009256 0.000000 0.141217
v -0.018472 0.000000 0.140309
v -0.027609 0.000000 0.138801
v -0.036628 0.000000 0.136698
v -0.045490 0.000000 0.134010
v -0.054157 0.000000 0.130747
v -0.062593 0.000000 0.126925
v -0.070760 0.000000 0.122560
v -0.078624 0.000000 0.117670
v -0.086152 0.000000 0.112275
v -0.093311 0.000000 0.106400
v -0.100070 0.000000 0.100070
v -0.106400 0.000000 0.093311
v -0.112275 0.000000 0.086152
v -0.117670 0.000000 0.078624
v -0.122560 0.000000 0.070760
v -0.126925 0.000000 0.062593
v -0.130747 0.000000 0.054157
v -0.134010 0.000000 0.045490
v -0.136698 0.000000 0.036628
v -0.138801 0.000000 0.027609
v -0.140309 0.000000 0.018472
v -0.141217 0.000000 0.009256
v -0.141520 0.000000 0.000000
v -0.141217 0.000000 -0.009256
v -0.140309 0.000000 -0.018472
v -0.138801 0.000000 -0.027609
v -0.136698 0.000000 -0.036628
v -0.134010 0.000000 -0.045490
v -0.130747 0.000000 -0.054157
v -0.126925 0.000000 -0.062593
v -0.122560 0.000000 -0.070760
v -0.117670 0.000000 -0.078624
v -0.112275 0.000000 -0.086152
v -0.106400 0.000000 -0.093311
v -0.100070 0.000000 -0.100070
v -0.093311 0.000000 -0.106400
v -0.086152 0.000000 -0.112275
v -0.078624 0.000000 -0.117670
v -0.070760 0.000000 -0.122560
v -0.062593 0.000000 -0.126925
v -0.054157 0.000000 -0.130747
v -0.045490 0.000000 -0.134010
v -0.036628 0.000000 -0.136698
v -0.027609 0.000000 -0.138801
v -0.018472 0.000000 -0.140309
v -0.009256 0.000000 -0.141217
v -0.000000 0.000000 -0.141520
v 0.009256 0.000000 -0.141217
v 0.018472 0.000000 -0.140309
v 0.027609 0.000000 -0.138801
v 0.036628 0.000000 -0.136698
v 0.045490 0.000000 -0.134010
v 0.054157 0.000000 -0.130747
v 0.062593 0.000000 -0.126925
v 0.070760 0.000000 -0.122560
v 0.078624 0.000000 -0.117670
v 0.086152 0.000000 -0.112275
v 0.093311 0.000000 -0.106400
v 0.100070 0.000000 -0.100070
v 0.106400 0.000000 -0.093311
v 0.112275 0.000000 -0.086152
v 0.117670 0.000000 -0.078624
v 0.122560 0.000000 -0.070760
v 0.126925 0.000000 -0.062593
v 0.130747 0.000000 -0.054157
v 0.134010 0.000000 -0.045490
v 0.136698 0.000000 -0.036628
v 0.138801 0.000000 -0.027609
v 0.140309 0.000000 -0.018472
v 0.141217 0.000000 -0.009256
v 0.142580 0.000000 0.000000
v 0.142275 0.000000 0.009325
v 0.141360 0.000000 0.018610
v 0.139840 0.000000 0.027816
v 0.137722 0.000000 0.036902
v 0.135013 0.000000 0.045831
v 0.131727 0.000000 0.054563
v 0.127876 0.000000 0.063062
v 0.123478 0.000000 0.071290
v 0.118551 0.000000 0.079213
v 0.113116 0.000000 0.086797
v 0.107197 0.000000 0.094010
v 0.100819 0.000000 0.100819
v 0.094010 0.000000 0.107197
v 0.086797 0.000000 0.113116
v 0.079213 0.000000 0.118551
v 0.071290 0.000000 0.123478
v 0.063062 0.000000 0.127876
v 0.054563 0.000000 0.131727
v 0.045831 0.000000 0.135013
v 0.036902 0.000000 0.137722
v 0.027816 0.000000 0.139840
v 0.018610 0.000000 0.141360
v 0.009325 0.000000 0.142275
v 0.000000 0.000000 0.142580
v -0.009325 0.000000 0.142275
v -0.018610 0.000000 0.141360
v -0.027816 0.000000 0.139840
v -0.036902 0.000000 0.137722
v -0.045831 0.000000 0.135013
v -0.054563 0.000000 0.131727
v -0.063062 0.000000 0.127876
v -0.071290 0.000000 0.123478
v -0.079213 0.000000 0.118551
v -0.086797 0.000000 0.113116
v -0.094010 0.000000 0.107197
v -0.100819 0.000000 0.100819
v -0.107197 0.000000 0.094010
v -0.113116 0.000000 0.086797
v -0.118551 0.000000 0.079213
v -0.123478 0.000000 0.071290
v -0.127876 0.000000 0.063062
v -0.131727 0.000000 0.054563
v -0.135013 0.000000 0.045831
v -0.137722 0.000000 0.036902
v -0.139840 0.000000 0.027816
v -0.141360 0.000000 0.018610
v -0.142275 0.000000 0.009325
v -0.142580 0.000000 0.000000
v -0.142275 0.000000 -0.009325
v -0.141360 0.000000 -0.018610
v -0.139840 0.000000 -0.027816
v -0.137722 0.000000 -0.036902
v -0.135013 0.000000 -0.045831
v -0.131727 0.000000 -0.054563
v -0.127876 0.000000 -0.063062
v -0.123478 0.000000 -0.071290
v -0.118551 0.000000 -0.079213
v -0.113116 0.000000 -0.086797
v -0.107197 0.000000 -0.094010
v -0.100819 0.000000 -0.100819
v -0.094010 0.000000 -0.107197
v -0.086797 0.000000 -0.113116
v -0.079213 0.000000 -0.118551
v -0.071290 0.000000 -0.123478
v -0.063062 0.000000 -0.127876
v -0.054563 0.000000 -0.131727
v -0.045831 0.000000 -0.135013
v -0.036902 0.000000 -0.137722
v -0.027816 0.000000 -0.139840
v -0.018610 0.000000 -0.141360
v -0.009325 0.000000 -0.142275
v -0.000000 0.000000 -0.142580
v 0.009325 0.000000 -0.142275
v 0.018610 0.000000 -0.141360
v 0.027816 0.000000 -0.139840
v 0.036902 0.000000 -0.137722
v 0.045831 0.000000 -0.135013
v 0.054563 0.000000 -0.131727
v 0.063062 0.000000 -0.127876
v 0.071290 0.000000 -0.123478
v 0.079213 0.000000 -0.118551
v 0.086797 0.000000 -0.113116
v 0.094010 0.000000 -0.107197
v 0.100819 0.000000 -0.100819
v 0.107197 0.000000 -0.094010
v 0.113116 0.000000 -0.086797
v 0.118551 0.000000 -0.079213
v 0.123478 0.000000 -0.071290
v 0.127876 0.000000 -0.063062
v 0.131727 0.000000 -0.054563
v 0.135013 0.000000 -0.045831
v 0.137722 0.000000 -0.036902
v 0.139840 0.000000 -0.027816
v 0.141360 0.000000 -0.018610
v 0.142275 0.000000 -0.009325
v 0.143760 0.000000 0.000000
v 0.143452 0.000000 0.009402
v 0.142530 0.000000 0.018764
v 0.140998 0.000000 0.028046
v 0.138861 0.000000 0.037208
v 0.136131 0.000000 0.046210
v 0.132817 0.000000 0.055015
v 0.128934 0.000000 0.063583
v 0.124500 0.000000 0.071880
v 0.119532 0.000000 0.079869
v 0.114052 0.000000 0.087516
v 0.108084 0.000000 0.094788
v 0.101654 0.000000 0.101654
v 0.094788 0.000000 0.108084
v 0.087516 0.000000 0.114052
v 0.079869 0.000000 0.119532
v 0.071880 0.000000 0.124500
v 0.063583 0.000000 0.128934
v 0.055015 0.000000 0.132817
v 0.046210 0.000000 0.136131
v 0.037208 0.000000 0.138861
v 0.028046 0.000000 0.140998
v 0.018764 0.000000 0.142530
v 0.009402 0.000000 0.143452
v 0.000000 0.000000 0.143760
v -0.009402 0.000000 0.143452
v -0.018764 0.000000 0.142530
v -0.028046 0.000000 0.140998
v -0.037208 0.000000 0.138861
v -0.046210 0.000000 0.136131
v -0.055015 0.000000 0.132817
v -0.063583 0.000000 0.128934
v -0.071880 0.000000 0.124500
v -0.079869 0.000000 0.119532
v -0.087516 0.000000 0.114052
v -0.094788 0.000000 0.108084
v -0.101654 0.000000 0.101654
v -0.108084 0.000000 0.094788
v -0.114052 0.000000 0.087516
v -0.119532 0.000000 0.079869
v -0.124500 0.000000 0.071880
v -0.128934 0.000000 0.063583
v -0.132817 0.000000 0.055015
v -0.136131 0.000000 0.046210
v -0.138861 0.000000 0.037208
v -0.140998 0.000000 0.028046
v -0.142530 0.000000 0.018764
v -0.143452 0.000000 0.009402
v -0.143760 0.000000 0.000000
v -0.143452 0.000000 -0.009402
v -0.142530 0.000000 -0.018764
v -0.140998 0.000000 -0.028046
v -0.138861 0.000000 -0.037208
v -0.136131 0.000000 -0.046210
v -0.132817 0.000000 -0.055015
v -0.128934 0.000000 -0.063583
v -0.124500 0.000000 -0.071880
v -0.119532 0.000000 -0.079869
v -0.114052 0.000000 -0.087516
v -0.108084 0.000000 -0.094788
v -0.101654 0.000000 -0.101654
v -0.094788 0.000000 -0.108084
v -0.087516 0.000000 -0.114052
v -0.079869 0.000000 -0.119532
v -0.071880 0.000000 -0.124500
v -0.063583 0.000000 -0.128934
v -0.055015 0.000000 -0.132817
v -0.046210 0.000000 -0.136131
v -0.037208 0.000000 -0.138861
v -0.028046 0.000000 -0.140998
v -0.018764 0.000000 -0.142530
v -0.009402 0.000000 -0.143452
v -0.000000 0.000000 -0.143760
v 0.009402 0.000000 -0.143452
v 0.018764 0.000000 -0.142530
v 0.028046 0.000000 -0.140998
v 0.037208 0.000000 -0.138861
v 0.046210 0.000000 -0.136131
v 0.055015 0.000000 -0.132817
v 0.063583 0.000000 -0.128934
v 0.071880 0.000000 -0.124500
v 0.079869 0.000000 -0.119532
v 0.087516 0.000000 -0.114052
v 0.094788 0.000000 -0.108084
v 0.101654 0.000000 -0.101654
v 0.108084 0.000000 -0.094788
v 0.114052 0.000000 -0.087516
v 0.119532 0.000000 -0.079869
v 0.124500 0.000000 -0.071880
v 0.128934 0.000000 -0.063583
v 0.132817 0.000000 -0.055015
v 0.136131 0.000000 -0.046210
v 0.138861 0.000000 -0.037208
v 0.140998 0.000000 -0.028046
v 0.142530 0.000000 -0.018764
v 0.143452 0.000000 -0.009402
v 0.145000 0.000000 0.000000
v 0.144690 0.000000 0.009483
v 0.143760 0.000000 0.018926
v 0.142214 0.000000 0.028288
v 0.140059 0.000000 0.037529
v 0.137305 0.000000 0.046609
v 0.133963 0.000000 0.055489
v 0.130047 0.000000 0.064132
v 0.125574 0.000000 0.072500
v 0.120563 0.000000 0.080558
v 0.115036 0.000000 0.088270
v 0.109017 0.000000 0.095605
v 0.102530 0.000000 0.102530
v 0.095605 0.000000 0.109017
v 0.088270 0.000000 0.115036
v 0.080558 0.000000 0.120563
v 0.072500 0.000000 0.125574
v 0.064132 0.000000 0.130047
v 0.055489 0.000000 0.133963
v 0.046609 0.000000 0.137305
v 0.037529 0.000000 0.140059
v 0.028288 0.000000 0.142214
v 0.018926 0.000000 0.143760
v 0.009483 0.000000 0.144690
v 0.000000 0.000000 0.145000
v -0.009483 0.000000 0.144690
v -0.018926 0.000000 0.143760
v -0.028288 0.000000 0.142214
v -0.037529 0.000000 0.140059
v -0.046609 0.000000 0.137305
v -0.055489 0.000000 0.133963
v -0.064132 0.000000 0.130047
v -0.072500 0.000000 0.125574
v -0.080558 0.000000 0.120563
v -0.088270 0.000000 0.115036
v -0.095605 0.000000 0.109017
v -0.102530 0.000000 0.102530
v -0.109017 0.000000 0.095605
v -0.115036 0.000000 0.088270
v -0.120563 0.000000 0.080558
v -0.125574 0.000000 0.072500
v -0.130047 0.000000 0.064132
v -0.133963 0.000000 0.055489
v -0.137305 0.000000 0.046609
v -0.140059 0.000000 0.037529
v -0.142214 0.000000 0.028288
v -0.143760 0.000000 0.018926
v -0.144690 0.000000 0.009483
v -0.145000 0.000000 0.000000
v -0.144690 0.000000 -0.009483
v -0.143760 0.000000 -0.018926
v -0.142214 0.000000 -0.028288
v -0.140059 0.000000 -0.037529
v -0.137305 0.000000 -0.046609
v -0.133963 0.000000 -0.055489
v -0.130047 0.000000 -0.064132
v -0.125574 0.000000 -0.072500
v -0.120563 0.000000 -0.080558
v -0.115036 0.000000 -0.088270
v -0.109017 0.000000 -0.095605
v -0.102530 0.000000 -0.102530
v -0.095605 0.000000 -0.109017
v -0.088270 0.000000 -0.115036
v -0.080558 0.000000 -0.120563
v -0.072500 0.000000 -0.125574
v -0.064132 0.000000 -0.130047
v -0.055489 0.000000 -0.133963
v -0.046609 0.000000 -0.137305
v -0.037529 0.000000 -0.140059
v -0.028288 0.000000 -0.142214
v -0.018926 0.000000 -0.143760
v -0.009483 0.000000 -0.144690
v -0.000000 0.000000 -0.145000
v 0.009483 0.000000 -0.144690
v 0.018926 0.000000 -0.143760
v 0.028288 0.000000 -0.142214
v 0.037529 0.000000 -0.140059
v 0.046609 0.000000 -0.137305
v 0.055489 0.000000 -0.133963
v 0.064132 0.000000 -0.130047
v 0.072500 0.000000 -0.125574
v 0.080558 0.000000 -0.120563
v 0.088270 0.000000 -0.115036
v 0.095605 0.000000 -0.109017
v 0.102530 0.000000 -0.102530
v 0.109017 0.000000 -0.095605
v 0.115036 0.000000 -0.088270
v 0.120563 0.000000 -0.080558
v 0.125574 0.000000 -0.072500
v 0.130047 0.000000 -0.064132
v 0.133963 0.000000 -0.055489
v 0.137305 0.000000 -0.046609
v 0.140059 0.000000 -0.037529
v 0.142214 0.000000 -0.028288
v 0.143760 0.000000 -0.018926
v 0.144690 0.000000 -0.009483
v 0.146240 0.000000 0.000000
v 0.145927 0.000000 0.009565
v 0.144989 0.000000 0.019088
v 0.143430 0.000000 0.028530
v 0.141257 0.000000 0.037850
v 0.138479 0.000000 0.047007
v 0.135108 0.000000 0.055964
v 0.131159 0.000000 0.064680
v 0.126648 0.000000 0.073120
v 0.121594 0.000000 0.081247
v 0.116020 0.000000 0.089025
v 0.109949 0.000000 0.096423
v 0.103407 0.000000 0.103407
v 0.096423 0.000000 0.109949
v 0.089025 0.000000 0.116020
v 0.081247 0.000000 0.121594
v 0.073120 0.000000 0.126648
v 0.064680 0.000000 0.131159
v 0.055964 0.000000 0.135108
v 0.047007 0.000000 0.138479
v 0.037850 0.000000 0.141257
v 0.028530 0.000000 0.143430
v 0.019088 0.000000 0.144989
v 0.009565 0.000000 0.145927
v 0.000000 0.000000 0.146240
v -0.009565 0.000000 0.145927
v -0.019088 0.000000 0.144989
v -0.028530 0.000000 0.143430
v -0.037850 0.000000 0.141257
v -0.047007 0.000000 0.138479
v -0.055964 0.000000 0.135108
v -0.064680 0.000000 0.131159
v -0.073120 0.000000 0.126648
v -0.081247 0.000000 0.121594
v -0.089025 0.000000 0.116020
v -0.096423 0.000000 0.109949
v -0.103407 0.000000 0.103407
v -0.109949 0.000000 0.096423
v -0.116020 0.000000 0.089025
v -0.121594 0.000000 0.081247
v -0.126648 0.000000 0.073120
v -0.131159 0.000000 0.064680
v -0.135108 0.000000 0.055964
v -0.138479 0.000000 0.047007
v -0.141257 0.000000 0.037850
v -0.143430 0.000000 0.028530
v -0.144989 0.000000 0.019088
v -0.145927 0.000000 0.009565
v -0.146240 0.000000 0.000000
v -0.145927 0.000000 -0.009565
v -0.144989 0.000000 -0.019088
v -0.143430 0.000000 -0.028530
v -0.141257 0.000000 -0.037850
v -0.138479 0.000000 -0.047007
v -0.135108 0.000000 -0.055964
v -0.131159 0.000000 -0.064680
v -0.126648 0.000000 -0.073120
v -0.121594 0.000000 -0.081247
v -0.116020 0.000000 -0.089025
v -0.109949 0.000000 -0.096423
v -0.103407 0.000000 -0.103407
v -0.096423 0.000000 -0.109949
v -0.089025 0.000000 -0.116020
v -0.081247 0.000000 -0.121594
v -0.073120 0.000000 -0.126648
v -0.064680 0.000000 -0.131159
v -0.055964 0.000000 -0.135108
v -0.047007 0.000000 -0.138479
v -0.037850 0.000000 -0.141257
v -0.028530 0.000000 -0.143430
v -0.019088 0.000000 -0.144989
v -0.009565 0.000000 -0.145927
v -0.000000 0.000000 -0.146240
v 0.009565 0.000000 -0.145927
v 0.019088 0.000000 -0.144989
v 0.028530 0.000000 -0.143430
v 0.037850 0.000000 -0.141257
v 0.047007 0.000000 -0.138479
v 0.055964 0.000000 -0.135108
v 0.064680 0.000000 -0.131159
v 0.073120 0.000000 -0.126648
v 0.081247 0.000000 -0.121594
v 0.089025 0.000000 -0.116020
v 0.096423 0.000000 -0.109949
v 0.103407 0.000000 -0.103407
v 0.109949 0.000000 -0.096423
v 0.116020 0.000000 -0.089025
v 0.121594 0.000000 -0.081247
v 0.126648 0.000000 -0.073120
v 0.131159 0.000000 -0.064680
v 0.135108 0.000000 -0.055964
v 0.138479 0.000000 -0.047007
v 0.141257 0.000000 -0.037850
v 0.143430 0.000000 -0.028530
v 0.144989 0.000000 -0.019088
v 0.145927 0.000000 -0.009565
v 0.147420 0.000000 0.000000
v 0.147104 0.000000 0.009642
v 0.146159 0.000000 0.019242
v 0.144587 0.000000 0.028760
v 0.142397 0.000000 0.038155
v 0.139596 0.000000 0.047387
v 0.136198 0.000000 0.056415
v 0.132217 0.000000 0.065202
v 0.127669 0.000000 0.073710
v 0.122575 0.000000 0.081902
v 0.116956 0.000000 0.089744
v 0.110836 0.000000 0.097201
v 0.104242 0.000000 0.104242
v 0.097201 0.000000 0.110836
v 0.089744 0.000000 0.116956
v 0.081902 0.000000 0.122575
v 0.073710 0.000000 0.127669
v 0.065202 0.000000 0.132217
v 0.056415 0.000000 0.136198
v 0.047387 0.000000 0.139596
v 0.038155 0.000000 0.142397
v 0.028760 0.000000 0.144587
v 0.019242 0.000000 0.146159
v 0.009642 0.000000 0.147104
v 0.000000 0.000000 0.147420
v -0.009642 0.000000 0.147104
v -0.019242 0.000000 0.146159
v -0.028760 0.000000 0.144587
v -0.038155 0.000000 0.142397
v -0.047387 0.000000 0.139596
v -0.056415 0.000000 0.136198
v -0.065202 0.000000 0.132217
v -0.073710 0.000000 0.127669
v -0.081902 0.000000 0.122575
v -0.089744 0.000000 0.116956
v -0.097201 0.000000 0.110836
v -0.104242 0.000000 0.104242
v -0.110836 0.000000 0.097201
v -0.116956 0.000000 0.089744
v -0.122575 0.000000 0.081902
v -0.127669 0.000000 0.073710
v -0.132217 0.000000 0.065202
v -0.136198 0.000000 0.056415
v -0.139596 0.000000 0.047387
v -0.142397 0.000000 0.038155
v -0.144587 0.000000 0.028760
v -0.146159 0.000000 0.019242
v -0.147104 0.000000 0.009642
v -0.147420 0.000000 0.000000
v -0.147104 0.000000 -0.009642
v -0.146159 0.000000 -0.019242
v -0.144587 0.000000 -0.028760
v -0.142397 0.000000 -0.038155
v -0.139596 0.000000 -0.047387
v -0.136198 0.000000 -0.056415
v -0.132217 0.000000 -0.065202
v -0.127669 0.000000 -0.073710
v -0.122575 0.000000 -0.081902
v -0.116956 0.000000 -0.089744
v -0.110836 0.000000 -0.097201
v -0.104242 0.000000 -0.104242
v -0.097201 0.000000 -0.110836
v -0.089744 0.000000 -0.116956
v -0.081902 0.000000 -0.122575
v -0.073710 0.000000 -0.127669
v -0.065202 0.000000 -0.132217
v -0.056415 0.000000 -0.136198
v -0.047387 0.000000 -0.139596
v -0.038155 0.000000 -0.142397
v -0.028760 0.000000 -0.144587
v -0.019242 0.000000 -0.146159
v -0.009642 0.000000 -0.147104
v -0.000000 0.000000 -0.147420
v 0.009642 0.000000 -0.147104
v 0.019242 0.000000 -0.146159
v 0.028760 0.000000 -0.144587
v 0.038155 0.000000 -0.142397
v 0.047387 0.000000 -0.139596
v 0.056415 0.000000 -0.136198
v 0.065202 0.000000 -0.132217
v 0.073710 0.000000 -0.127669
v 0.081902 0.000000 -0.122575
v 0.089744 0.000000 -0.116956
v 0.097201 0.000000 -0.110836
v 0.104242 0.000000 -0.104242
v 0.110836 0.000000 -0.097201
v 0.116956 0.000000 -0.089744
v 0.122575 0.000000 -0.081902
v 0.127669 0.000000 -0.073710
v 0.132217 0.000000 -0.065202
v 0.136198 0.000000 -0.056415
v 0.139596 0.000000 -0.047387
v 0.142397 0.000000 -0.038155
v 0.144587 0.000000 -0.028760
v 0.146159 0.000000 -0.019242
v 0.147104 0.000000 -0.009642
v 0.148480 0.000000 0.000000
v 0.148162 0.000000 0.009711
v 0.147210 0.000000 0.019381
v 0.145627 0.000000 0.028967
v 0.143421 0.000000 0.038429
v 0.140600 0.000000 0.047727
v 0.137178 0.000000 0.056821
v 0.133168 0.000000 0.065671
v 0.128587 0.000000 0.074240
v 0.123457 0.000000 0.082491
v 0.117797 0.000000 0.090389
v 0.111633 0.000000 0.097900
v 0.104991 0.000000 0.104991
v 0.097900 0.000000 0.111633
v 0.090389 0.000000 0.117797
v 0.082491 0.000000 0.123457
v 0.074240 0.000000 0.128587
v 0.065671 0.000000 0.133168
v 0.056821 0.000000 0.137178
v 0.047727 0.000000 0.140600
v 0.038429 0.000000 0.143421
v 0.028967 0.000000 0.145627
v 0.019381 0.000000 0.147210
v 0.009711 0.000000 0.148162
v 0.000000 0.000000 0.148480
v -0.009711 0.000000 0.148162
v -0.019381 0.000000 0.147210
v -0.028967 0.000000 0.145627
v -0.038429 0.000000 0.143421
v -0.047727 0.000000 0.140600
v -0.056821 0.000000 0.137178
v -0.065671 0.000000 0.133168
v -0.074240 0.000000 0.128587
v -0.082491 0.000000 0.123457
v -0.090389 0.000000 0.117797
v -0.097900 0.000000 0.111633
v -0.104991 0.000000 0.104991
v -0.111633 0.000000 0.097900
v -0.117797 0.000000 0.090389
v -0.123457 0.000000 0.082491
v -0.128587 0.000000 0.074240
v -0.133168 0.000000 0.065671
v -0.137178 0.000000 0.056821
v -0.140600 0.000000 0.047727
v -0.143421 0.000000 0.038429
v -0.145627 0.000000 0.028967
v -0.147210 0.000000 0.019381
v -0.148162 0.000000 0.009711
v -0.148480 0.000000 0.000000
v -0.148162 0.000000 -0.009711
v -0.147210 0.000000 -0.019381
v -0.145627 0.000000 -0.028967
v -0.143421 0.000000 -0.038429
v -0.140600 0.000000 -0.047727
v -0.137178 0.000000 -0.056821
v -0.133168 0.000000 -0.065671
v -0.128587 0.000000 -0.074240
v -0.123457 0.000000 -0.082491
v -0.117797 0.000000 -0.090389
v -0.111633 0.000000 -0.097900
v -0.104991 0.000000 -0.104991
v -0.097900 0.000000 -0.111633
v -0.090389 0.000000 -0.117797
v -0.082491 0.000000 -0.123457
v -0.074240 0.000000 -0.128587
v -0.065671 0.000000 -0.133168
v -0.056821 0.000000 -0.137178
v -0.047727 0.000000 -0.140600
v -0.038429 0.000000 -0.143421
v -0.028967 0.000000 -0.145627
v -0.019381 0.000000 -0.147210
v -0.009711 0.000000 -0.148162
v -0.000000 0.000000 -0.148480
v 0.009711 0.000000 -0.148162
v 0.019381 0.000000 -0.147210
v 0.028967 0.000000 -0.145627
v 0.038429 0.000000 -0.143421
v 0.047727 0.000000 -0.140600
v 0.056821 0.000000 -0.137178
v 0.065671 0.000000 -0.133168
v 0.074240 0.000000 -0.128587
v 0.082491 0.000000 -0.123457
v 0.090389 0.000000 -0.117797
v 0.097900 0.000000 -0.111633
v 0.104991 0.000000 -0.104991
v 0.111633 0.000000 -0.097900
v 0.117797 0.000000 -0.090389
v 0.123457 0.000000 -0.082491
v 0.128587 0.000000 -0.074240
v 0.133168 0.000000 -0.065671
v 0.137178 0.000000 -0.056821
v 0.140600 0.000000 -0.047727
v 0.143421 0.000000 -0.038429
v 0.145627 0.000000 -0.028967
v 0.147210 0.000000 -0.019381
v 0.148162 0.000000 -0.009711
v 0.149360 0.000000 0.000000
v 0.149040 0.000000 0.009769
v 0.148082 0.000000 0.019495
v 0.146490 0.000000 0.029139
v 0.144271 0.000000 0.038657
v 0.141433 0.000000 0.048010
v 0.137991 0.000000 0.057158
v 0.133957 0.000000 0.066060
v 0.129350 0.000000 0.074680
v 0.124188 0.000000 0.082980
v 0.118495 0.000000 0.090925
v 0.112295 0.000000 0.098480
v 0.105613 0.000000 0.105613
v 0.098480 0.000000 0.112295
v 0.090925 0.000000 0.118495
v 0.082980 0.000000 0.124188
v 0.074680 0.000000 0.129350
v 0.066060 0.000000 0.133957
v 0.057158 0.000000 0.137991
v 0.048010 0.000000 0.141433
v 0.038657 0.000000 0.144271
v 0.029139 0.000000 0.146490
v 0.019495 0.000000 0.148082
v 0.009769 0.000000 0.149040
v 0.000000 0.000000 0.149360
v -0.009769 0.000000 0.149040
v -0.019495 0.000000 0.148082
v -0.029139 0.000000 0.146490
v -0.038657 0.000000 0.144271
v -0.048010 0.000000 0.141433
v -0.057158 0.000000 0.137991
v -0.066060 0.000000 0.133957
v -0.074680 0.000000 0.129350
v -0.082980 0.000000 0.124188
v -0.090925 0.000000 0.118495
v -0.098480 0.000000 0.112295
v -0.105613 0.000000 0.105613
v -0.112295 0.000000 0.098480
v -0.118495 0.000000 0.090925
v -0.124188 0.000000 0.082980
v -0.129350 0.000000 0.074680
v -0.133957 0.000000 0.066060
v -0.137991 0.000000 0.057158
v -0.141433 0.000000 0.048010
v -0.144271 0.000000 0.038657
v -0.146490 0.000000 0.029139
v -0.148082 0.000000 0.019495
v -0.149040 0.000000 0.009769
v -0.149360 0.000000 0.000000
v -0.149040 0.000000 -0.009769
v -0.148082 0.000000 -0.019495
v -0.146490 0.000000 -0.029139
v -0.144271 0.000000 -0.038657
v -0.141433 0.000000 -0.048010
v -0.137991 0.000000 -0.057158
v -0.133957 0.000000 -0.066060
v -0.129350 0.000000 -0.074680
v -0.124188 0.000000 -0.082980
v -0.118495 0.000000 -0.090925
v -0.112295 0.000000 -0.098480
v -0.105613 0.000000 -0.105613
v -0.098480 0.000000 -0.112295
v -0.090925 0.000000 -0.118495
v -0.082980 0.000000 -0.124188
v -0.074680 0.000000 -0.129350
v -0.066060 0.000000 -0.133957
v -0.057158 0.000000 -0.137991
v -0.048010 0.000000 -0.141433
v -0.038657 0.000000 -0.144271
v -0.029139 0.000000 -0.146490
v -0.019495 0.000000 -0.148082
v -0.009769 0.000000 -0.149040
v -0.000000 0.000000 -0.149360
v 0.009769 0.000000 -0.149040
v 0.019495 0.000000 -0.148082
v 0.029139 0.000000 -0.146490
v 0.038657 0.000000 -0.144271
v 0.048010 0.000000 -0.141433
v 0.057158 0.000000 -0.137991
v 0.066060 0.000000 -0.133957
v 0.074680 0.000000 -0.129350
v 0.082980 0.000000 -0.124188
v 0.090925 0.000000 -0.118495
v 0.098480 0.000000 -0.112295
v 0.105613 0.000000 -0.105613
v 0.112295 0.000000 -0.098480
v 0.118495 0.000000 -0.090925
v 0.124188 0.000000 -0.082980
v 0.129350 0.000000 -0.074680
v 0.133957 0.000000 -0.066060
v 0.137991 0.000000 -0.057158
v 0.141433 0.000000 -0.048010
v 0.144271 0.000000 -0.038657
v 0.146490 0.000000 -0.029139
v 0.148082 0.000000 -0.019495
v 0.149040 0.000000 -0.009769
v 0.150000 0.020000 0.000000
v 0.149679 0.020000 0.009810
v 0.148717 0.020000 0.019579
v 0.147118 0.020000 0.029264
v 0.144889 0.020000 0.038823
v 0.142040 0.020000 0.048216
v 0.138582 0.020000 0.057403
v 0.134531 0.020000 0.066343
v 0.129904 0.020000 0.075000
v 0.124720 0.020000 0.083336
v 0.119003 0.020000 0.091314
v 0.112776 0.020000 0.098902
v 0.106066 0.020000 0.106066
v 0.098902 0.020000 0.112776
v 0.091314 0.020000 0.119003
v 0.083336 0.020000 0.124720
v 0.075000 0.020000 0.129904
v 0.066343 0.020000 0.134531
v 0.057403 0.020000 0.138582
v 0.048216 0.020000 0.142040
v 0.038823 0.020000 0.144889
v 0.029264 0.020000 0.147118
v 0.019579 0.020000 0.148717
v 0.009810 0.020000 0.149679
v 0.000000 0.020000 0.150000
v -0.009810 0.020000 0.149679
v -0.019579 0.020000 0.148717
v -0.029264 0.020000 0.147118
v -0.038823 0.020000 0.144889
v -0.048216 0.020000 0.142040
v -0.057403 0.020000 0.138582
v -0.066343 0.020000 0.134531
v -0.075000 0.020000 0.129904
v -0.083336 0.020000 0.124720
v -0.091314 0.020000 0.119003
v -0.098902 0.020000 0.112776
v -0.106066 0.020000 0.106066
v -0.112776 0.020000 0.098902
v -0.119003 0.020000 0.091314
v -0.124720 0.020000 0.083336
v -0.129904 0.020000 0.075000
v -0.134531 0.020000 0.066343
v -0.138582 0.020000 0.057403
v -0.142040 0.020000 0.048216
v -0.144889 0.020000 0.038823
v -0.147118 0.020000 0.029264
v -0.148717 0.020000 0.019579
v -0.149679 0.020000 0.009810
v -0.150000 0.020000 0.000000
v -0.149679 0.020000 -0.009810
v -0.148717 0.020000 -0.019579
v -0.147118 0.020000 -0.029264
v -0.144889 0.020000 -0.038823
v -0.142040 0.020000 -0.048216
v -0.138582 0.020000 -0.057403
v -0.134531 0.020000 -0.066343
v -0.129904 0.020000 -0.075000
v -0.124720 0.020000 -0.083336
v -0.119003 0.020000 -0.091314
v -0.112776 0.020000 -0.098902
v -0.106066 0.020000 -0.106066
v -0.098902 0.020000 -0.112776
v -0.091314 0.020000 -0.119003
v -0.083336 0.020000 -0.124720
v -0.075000 0.020000 -0.129904
v -0.066343 0.020000 -0.134531
v -0.057403 0.020000 -0.138582
v -0.048216 0.020000 -0.142040
v -0.038823 0.020000 -0.144889
v -0.029264 0.020000 -0.147118
v -0.019579 0.020000 -0.148717
v -0.009810 0.020000 -0.149679
v -0.000000 0.020000 -0.150000
v 0.009810 0.020000 -0.149679
v 0.019579 0.020000 -0.148717
v 0.029264 0.020000 -0.147118
v 0.038823 0.020000 -0.144889
v 0.048216 0.020000 -0.142040
v 0.057403 0.020000 -0.138582
v 0.066343 0.020000 -0.134531
v 0.075000 0.020000 -0.129904
v 0.083336 0.020000 -0.124720
v 0.091314 0.020000 -0.119003
v 0.098902 0.020000 -0.112776
v 0.106066 0.020000 -0.106066
v 0.112776 0.020000 -0.098902
v 0.119003 0.020000 -0.091314
v 0.124720 0.020000 -0.083336
v 0.129904 0.020000 -0.075000
v 0.134531 0.020000 -0.066343
v 0.138582 0.020000 -0.057403
v 0.142040 0.020000 -0.048216
v 0.144889 0.020000 -0.038823
v 0.147118 0.020000 -0.029264
v 0.148717 0.020000 -0.019579
v 0.149679 0.020000 -0.009810
v 0.150495 0.054235 0.000000
v 0.150173 0.054235 0.009843
v 0.149207 0.054235 0.019644
v 0.147603 0.054235 0.029360
v 0.145367 0.054235 0.038951
v 0.142508 0.054235 0.048375
v 0.139039 0.054235 0.057592
v 0.134975 0.054235 0.066562
v 0.130332 0.054235 0.075247
v 0.125132 0.054235 0.083611
v 0.119396 0.054235 0.091616
v 0.113148 0.054235 0.099228
v 0.106416 0.054235 0.106416
v 0.099228 0.054235 0.113148
v 0.091616 0.054235 0.119396
v 0.083611 0.054235 0.125132
v 0.075248 0.054235 0.130332
v 0.066562 0.054235 0.134975
v 0.057592 0.054235 0.139039
v 0.048375 0.054235 0.142508
v 0.038951 0.054235 0.145367
v 0.029360 0.054235 0.147603
v 0.019644 0.054235 0.149207
v 0.009843 0.054235 0.150173
v 0.000000 0.054235 0.150495
v -0.009843 0.054235 0.150173
v -0.019644 0.054235 0.149207
v -0.029360 0.054235 0.147603
v -0.038951 0.054235 0.145367
v -0.048375 0.054235 0.142508
v -0.057592 0.054235 0.139039
v -0.066562 0.054235 0.134975
v -0.075247 0.054235 0.130332
v -0.083611 0.054235 0.125132
v -0.091616 0.054235 0.119396
v -0.099228 0.054235 0.113148
v -0.106416 0.054235 0.106416
v -0.113148 0.054235 0.099228
v -0.119396 0.054235 0.091616
v -0.125132 0.054235 0.083611
v -0.130332 0.054235 0.075247
v -0.134975 0.054235 0.066562
v -0.139039 0.054235 0.057592
v -0.142508 0.054235 0.048375
v -0.145367 0.054235 0.038951
v -0.147603 0.054235 0.029360
v -0.149207 0.054235 0.019644
v -0.150173 0.054235 0.009843
v -0.150495 0.054235 0.000000
v -0.150173 0.054235 -0.009843
v -0.149207 0.054235 -0.019644
v -0.147603 0.054235 -0.029360
v -0.145367 0.054235 -0.038951
v -0.142508 0.054235 -0.048375
v -0.139039 0.054235 -0.057592
v -0.134975 0.054235 -0.066562
v -0.130332 0.054235 -0.075247
v -0.125132 0.054235 -0.083611
v -0.119396 0.054235 -0.091616
v -0.113148 0.054235 -0.099228
v -0.106416 0.054235 -0.106416
v -0.099228 0.054235 -0.113148
v -0.091616 0.054235 -0.119396
v -0.083611 0.054235 -0.125132
v -0.075248 0.054235 -0.130332
v -0.066562 0.054235 -0.134975
v -0.057592 0.054235 -0.139039
v -0.048375 0.054235 -0.142508
v -0.038951 0.054235 -0.145367
v -0.029360 0.054235 -0.147603
v -0.019644 0.054235 -0.149207
v -0.009843 0.054235 -0.150173
v -0.000000 0.054235 -0.150495
v 0.009843 0.054235 -0.150173
v 0.019644 0.054235 -0.149207
v 0.029360 0.054235 -0.147603
v 0.038951 0.054235 -0.145367
v 0.048375 0.054235 -0.142508
v 0.057592 0.054235 -0.139039
v 0.066562 0.054235 -0.134975
v 0.075248 0.054235 -0.130332
v 0.083611 0.054235 -0.125132
v 0.091616 0.054235 -0.119396
v 0.099228 0.054235 -0.113148
v 0.106416 0.054235 -0.106416
v 0.113148 0.054235 -0.099228
v 0.119396 0.054235 -0.091616
v 0.125132 0.054235 -0.083611
v 0.130332 0.054235 -0.075248
v 0.134975 0.054235 -0.066562
v 0.139039 0.054235 -0.057592
v 0.142508 0.054235 -0.048375
v 0.145367 0.054235 -0.038951
v 0.147603 0.054235 -0.029360
v 0.149207 0.054235 -0.019644
v 0.150173 0.054235 -0.009843
v 0.150960 0.100080 0.000000
v 0.150637 0.100080 0.009873
v 0.149669 0.100080 0.019704
v 0.148059 0.100080 0.029451
v 0.145816 0.100080 0.039071
v 0.142949 0.100080 0.048525
v 0.139469 0.100080 0.057770
v 0.135392 0.100080 0.066768
v 0.130735 0.100080 0.075480
v 0.125519 0.100080 0.083869
v 0.119765 0.100080 0.091899
v 0.113498 0.100080 0.099535
v 0.106745 0.100080 0.106745
v 0.099535 0.100080 0.113498
v 0.091899 0.100080 0.119765
v 0.083869 0.100080 0.125519
v 0.075480 0.100080 0.130735
v 0.066768 0.100080 0.135392
v 0.057770 0.100080 0.139469
v 0.048525 0.100080 0.142949
v 0.039071 0.100080 0.145816
v 0.029451 0.100080 0.148059
v 0.019704 0.100080 0.149669
v 0.009873 0.100080 0.150637
v 0.000000 0.100080 0.150960
v -0.009873 0.100080 0.150637
v -0.019704 0.100080 0.149669
v -0.029451 0.100080 0.148059
v -0.039071 0.100080 0.145816
v -0.048525 0.100080 0.142949
v -0.057770 0.100080 0.139469
v -0.066768 0.100080 0.135392
v -0.075480 0.100080 0.130735
v -0.083869 0.100080 0.125519
v -0.091899 0.100080 0.119765
v -0.099535 0.100080 0.113498
v -0.106745 0.100080 0.106745
v -0.113498 0.100080 0.099535
v -0.119765 0.100080 0.091899
v -0.125519 0.100080 0.083869
v -0.130735 0.100080 0.075480
v -0.135392 0.100080 0.066768
v -0.139469 0.100080 0.057770
v -0.142949 0.100080 0.048525
v -0.145816 0.100080 0.039071
v -0.148059 0.100080 0.029451
v -0.149669 0.100080 0.019704
v -0.150637 0.100080 0.009873
v -0.150960 0.100080 0.000000
v -0.150637 0.100080 -0.009873
v -0.149669 0.100080 -0.019704
v -0.148059 0.100080 -0.029451
v -0.145816 0.100080 -0.039071
v -0.142949 0.100080 -0.048525
v -0.139469 0.100080 -0.057770
v -0.135392 0.100080 -0.066768
v -0.130735 0.100080 -0.075480
v -0.125519 0.100080 -0.083869
v -0.119765 0.100080 -0.091899
v -0.113498 0.100080 -0.099535
v -0.106745 0.100080 -0.106745
v -0.099535 0.100080 -0.113498
v -0.091899 0.100080 -0.119765
v -0.083869 0.100080 -0.125519
v -0.075480 0.100080 -0.130735
v -0.066768 0.100080 -0.135392
v -0.057770 0.100080 -0.139469
v -0.048525 0.100080 -0.142949
v -0.039071 0.100080 -0.145816
v -0.029451 0.100080 -0.148059
v -0.019704 0.100080 -0.149669
v -0.009873 0.100080 -0.150637
v -0.000000 0.100080 -0.150960
v 0.009873 0.100080 -0.150637
v 0.019704 0.100080 -0.149669
v 0.029451 0.100080 -0.148059
v 0.039071 0.100080 -0.145816
v 0.048525 0.100080 -0.142949
v 0.057770 0.100080 -0.139469
v 0.066768 0.100080 -0.135392
v 0.075480 0.100080 -0.130735
v 0.083869 0.100080 -0.125519
v 0.091899 0.100080 -0.119765
v 0.099535 0.100080 -0.113498
v 0.106745 0.100080 -0.106745
v 0.113498 0.100080 -0.099535
v 0.119765 0.100080 -0.091899
v 0.125519 0.100080 -0.083869
v 0.130735 0.100080 -0.075480
v 0.135392 0.100080 -0.066768
v 0.139469 0.100080 -0.057770
v 0.142949 0.100080 -0.048525
v 0.145816 0.100080 -0.039071
v 0.148059 0.100080 -0.029451
v 0.149669 0.100080 -0.019704
v 0.150637 0.100080 -0.009873
v 0.151365 0.154745 0.000000
v 0.151041 0.154745 0.009900
v 0.150070 0.154745 0.019757
v 0.148457 0.154745 0.029530
v 0.146207 0.154745 0.039176
v 0.143332 0.154745 0.048655
v 0.139843 0.154745 0.057925
v 0.135755 0.154745 0.066947
v 0.131086 0.154745 0.075682
v 0.125855 0.154745 0.084094
v 0.120086 0.154745 0.092145
v 0.113802 0.154745 0.099802
v 0.107031 0.154745 0.107031
v 0.099802 0.154745 0.113802
v 0.092145 0.154745 0.120086
v 0.084094 0.154745 0.125855
v 0.075683 0.154745 0.131086
v 0.066947 0.154745 0.135755
v 0.057925 0.154745 0.139843
v 0.048655 0.154745 0.143332
v 0.039176 0.154745 0.146207
v 0.029530 0.154745 0.148457
v 0.019757 0.154745 0.150070
v 0.009900 0.154745 0.151041
v 0.000000 0.154745 0.151365
v -0.009900 0.154745 0.151041
v -0.019757 0.154745 0.150070
v -0.029530 0.154745 0.148457
v -0.039176 0.154745 0.146207
v -0.048655 0.154745 0.143332
v -0.057925 0.154745 0.139843
v -0.066947 0.154745 0.135755
v -0.075682 0.154745 0.131086
v -0.084094 0.154745 0.125855
v -0.092145 0.154745 0.120086
v -0.099802 0.154745 0.113802
v -0.107031 0.154745 0.107031
v -0.113802 0.154745 0.099802
v -0.120086 0.154745 0.092145
v -0.125855 0.154745 0.084094
v -0.131086 0.154745 0.075682
v -0.135755 0.154745 0.066947
v -0.139843 0.154745 0.057925
v -0.143332 0.154745 0.048655
v -0.146207 0.154745 0.039176
v -0.148457 0.154745 0.029530
v -0.150070 0.154745 0.019757
v -0.151041 0.154745 0.009900
v -0.151365 0.154745 0.000000
v -0.151041 0.154745 -0.009900
v -0.150070 0.154745 -0.019757
v -0.148457 0.154745 -0.029530
v -0.146207 0.154745 -0.039176
v -0.143332 0.154745 -0.048655
v -0.139843 0.154745 -0.057925
v -0.135755 0.154745 -0.066947
v -0.131086 0.154745 -0.075682
v -0.125855 0.154745 -0.084094
v -0.120086 0.154745 -0.092145
v -0.113802 0.154745 -0.099802
v -0.107031 0.154745 -0.107031
v -0.099802 0.154745 -0.113802
v -0.092145 0.154745 -0.120086
v -0.084094 0.154745 -0.125855
v -0.075683 0.154745 -0.131086
v -0.066947 0.154745 -0.135755
v -0.057925 0.154745 -0.139843
v -0.048655 0.154745 -0.143332
v -0.039176 0.154745 -0.146207
v -0.029530 0.154745 -0.148457
v -0.019757 0.154745 -0.150070
v -0.009900 0.154745 -0.151041
v -0.000000 0.154745 -0.151365
v 0.009900 0.154745 -0.151041
v 0.019757 0.154745 -0.150070
v 0.029530 0.154745 -0.148457
v 0.039176 0.154745 -0.146207
v 0.048655 0.154745 -0.143332
v 0.057925 0.154745 -0.139843
v 0.066947 0.154745 -0.135755
v 0.075683 0.154745 -0.131086
v 0.084094 0.154745 -0.125855
v 0.092145 0.154745 -0.120086
v 0.099802 0.154745 -0.113802
v 0.107031 0.154745 -0.107031
v 0.113802 0.154745 -0.099802
v 0.120086 0.154745 -0.092145
v 0.125855 0.154745 -0.084094
v 0.131086 0.154745 -0.075683
v 0.135755 0.154745 -0.066947
v 0.139843 0.154745 -0.057925
v 0.143332 0.154745 -0.048655
v 0.146207 0.154745 -0.039176
v 0.148457 0.154745 -0.029530
v 0.150070 0.154745 -0.019757
v 0.151041 0.154745 -0.009900
v 0.151680 0.215440 0.000000
v 0.151355 0.215440 0.009920
v 0.150382 0.215440 0.019798
v 0.148766 0.215440 0.029591
v 0.146512 0.215440 0.039258
v 0.143630 0.215440 0.048756
v 0.140134 0.215440 0.058045
v 0.136038 0.215440 0.067086
v 0.131359 0.215440 0.075840
v 0.126117 0.215440 0.084269
v 0.120336 0.215440 0.092337
v 0.114039 0.215440 0.100010
v 0.107254 0.215440 0.107254
v 0.100010 0.215440 0.114039
v 0.092337 0.215440 0.120336
v 0.084269 0.215440 0.126117
v 0.075840 0.215440 0.131359
v 0.067086 0.215440 0.136038
v 0.058045 0.215440 0.140134
v 0.048756 0.215440 0.143630
v 0.039258 0.215440 0.146512
v 0.029591 0.215440 0.148766
v 0.019798 0.215440 0.150382
v 0.009920 0.215440 0.151355
v 0.000000 0.215440 0.151680
v -0.009920 0.215440 0.151355
v -0.019798 0.215440 0.150382
v -0.029591 0.215440 0.148766
v -0.039258 0.215440 0.146512
v -0.048756 0.215440 0.143630
v -0.058045 0.215440 0.140134
v -0.067086 0.215440 0.136038
v -0.075840 0.215440 0.131359
v -0.084269 0.215440 0.126117
v -0.092337 0.215440 0.120336
v -0.100010 0.215440 0.114039
v -0.107254 0.215440 0.107254
v -0.114039 0.215440 0.100010
v -0.120336 0.215440 0.092337
v -0.126117 0.215440 0.084269
v -0.131359 0.215440 0.075840
v -0.136038 0.215440 0.067086
v -0.140134 0.215440 0.058045
v -0.143630 0.215440 0.048756
v -0.146512 0.215440 0.039258
v -0.148766 0.215440 0.029591
v -0.150382 0.215440 0.019798
v -0.151355 0.215440 0.009920
v -0.151680 0.215440 0.000000
v -0.151355 0.215440 -0.009920
v -0.150382 0.215440 -0.019798
v -0.148766 0.215440 -0.029591
v -0.146512 0.215440 -0.039258
v -0.143630 0.215440 -0.048756
v -0.140134 0.215440 -0.058045
v -0.136038 0.215440 -0.067086
v -0.131359 0.215440 -0.075840
v -0.126117 0.215440 -0.084269
v -0.120336 0.215440 -0.092337
v -0.114039 0.215440 -0.100010
v -0.107254 0.215440 -0.107254
v -0.100010 0.215440 -0.114039
v -0.092337 0.215440 -0.120336
v -0.084269 0.215440 -0.126117
v -0.075840 0.215440 -0.131359
v -0.067086 0.215440 -0.136038
v -0.058045 0.215440 -0.140134
v -0.048756 0.215440 -0.143630
v -0.039258 0.215440 -0.146512
v -0.029591 0.215440 -0.148766
v -0.019798 0.215440 -0.150382
v -0.009920 0.215440 -0.151355
v -0.000000 0.215440 -0.151680
v 0.009920 0.215440 -0.151355
v 0.019798 0.215440 -0.150382
v 0.029591 0.215440 -0.148766
v 0.039258 0.215440 -0.146512
v 0.048756 0.215440 -0.143630
v 0.058045 0.215440 -0.140134
v 0.067086 0.215440 -0.136038
v 0.075840 0.215440 -0.131359
v 0.084269 0.215440 -0.126117
v 0.092337 0.215440 -0.120336
v 0.100010 0.215440 -0.114039
v 0.107254 0.215440 -0.107254
v 0.114039 0.215440 -0.100010
v 0.120336 0.215440 -0.092337
v 0.126117 0.215440 -0.084269
v 0.131359 0.215440 -0.075840
v 0.136038 0.215440 -0.067086
v 0.140134 0.215440 -0.058045
v 0.143630 0.215440 -0.048756
v 0.146512 0.215440 -0.039258
v 0.148766 0.215440 -0.029591
v 0.150382 0.215440 -0.019798
v 0.151355 0.215440 -0.009920
v 0.151875 0.279375 0.000000
v 0.151550 0.279375 0.009933
v 0.150576 0.279375 0.019824
v 0.148957 0.279375 0.029629
v 0.146700 0.279375 0.039308
v 0.143815 0.279375 0.048819
v 0.140314 0.279375 0.058120
v 0.136213 0.279375 0.067173
v 0.131528 0.279375 0.075937
v 0.126279 0.279375 0.084377
v 0.120491 0.279375 0.092456
v 0.114186 0.279375 0.100138
v 0.107392 0.279375 0.107392
v 0.100138 0.279375 0.114186
v 0.092456 0.279375 0.120491
v 0.084377 0.279375 0.126279
v 0.075938 0.279375 0.131528
v 0.067173 0.279375 0.136213
v 0.058120 0.279375 0.140314
v 0.048819 0.279375 0.143815
v 0.039308 0.279375 0.146700
v 0.029629 0.279375 0.148957
v 0.019824 0.279375 0.150576
v 0.009933 0.279375 0.151550
v 0.000000 0.279375 0.151875
v -0.009933 0.279375 0.151550
v -0.019824 0.279375 0.150576
v -0.029629 0.279375 0.148957
v -0.039308 0.279375 0.146700
v -0.048819 0.279375 0.143815
v -0.058120 0.279375 0.140314
v -0.067173 0.279375 0.136213
v -0.075937 0.279375 0.131528
v -0.084377 0.279375 0.126279
v -0.092456 0.279375 0.120491
v -0.100138 0.279375 0.114186
v -0.107392 0.279375 0.107392
v -0.114186 0.279375 0.100138
v -0.120491 0.279375 0.092456
v -0.126279 0.279375 0.084377
v -0.131528 0.279375 0.075937
v -0.136213 0.279375 0.067173
v -0.140314 0.279375 0.058120
v -0.143815 0.279375 0.048819
v -0.146700 0.279375 0.039308
v -0.148957 0.279375 0.029629
v -0.150576 0.279375 0.019824
v -0.151550 0.279375 0.009933
v -0.151875 0.279375 0.000000
v -0.151550 0.279375 -0.009933
v -0.150576 0.279375 -0.019824
v -0.148957 0.279375 -0.029629
v -0.146700 0.279375 -0.039308
v -0.143815 0.279375 -0.048819
v -0.140314 0.279375 -0.058120
v -0.136213 0.279375 -0.067173
v -0.131528 0.279375 -0.075937
v -0.126279 0.279375 -0.084377
v -0.120491 0.279375 -0.092456
v -0.114186 0.279375 -0.100138
v -0.107392 0.279375 -0.107392
v -0.100138 0.279375 -0.114186
v -0.092456 0.279375 -0.120491
v -0.084377 0.279375 -0.126279
v -0.075938 0.279375 -0.131528
v -0.067173 0.279375 -0.136213
v -0.058120 0.279375 -0.140314
v -0.048819 0.279375 -0.143815
v -0.039308 0.279375 -0.146700
v -0.029629 0.279375 -0.148957
v -0.019824 0.279375 -0.150576
v -0.009933 0.279375 -0.151550
v -0.000000 0.279375 -0.151875
v 0.009933 0.279375 -0.151550
v 0.019824 0.279375 -0.150576
v 0.029629 0.279375 -0.148957
v 0.039308 0.279375 -0.146700
v 0.048819 0.279375 -0.143815
v 0.058120 0.279375 -0.140314
v 0.067173 0.279375 -0.136213
v 0.075938 0.279375 -0.131528
v 0.084377 0.279375 -0.126279
v 0.092456 0.279375 -0.120491
v 0.100138 0.279375 -0.114186
v 0.107392 0.279375 -0.107392
v 0.114186 0.279375 -0.100138
v 0.120491 0.279375 -0.092456
v 0.126279 0.279375 -0.084377
v 0.131528 0.279375 -0.075938
v 0.136213 0.279375 -0.067173
v 0.140314 0.279375 -0.058120
v 0.143815 0.279375 -0.048819
v 0.146700 0.279375 -0.039308
v 0.148957 0.279375 -0.029629
v 0.150576 0.279375 -0.019824
v 0.151550 0.279375 -0.009933
v 0.151920 0.343760 0.000000
v 0.151595 0.343760 0.009936
v 0.150620 0.343760 0.019830
v 0.149001 0.343760 0.029638
v 0.146743 0.343760 0.039320
v 0.143858 0.343760 0.048833
v 0.140356 0.343760 0.058137
v 0.136253 0.343760 0.067192
v 0.131567 0.343760 0.075960
v 0.126317 0.343760 0.084402
v 0.120526 0.343760 0.092483
v 0.114220 0.343760 0.100168
v 0.107424 0.343760 0.107424
v 0.100168 0.343760 0.114220
v 0.092483 0.343760 0.120526
v 0.084402 0.343760 0.126317
v 0.075960 0.343760 0.131567
v 0.067192 0.343760 0.136253
v 0.058137 0.343760 0.140356
v 0.048833 0.343760 0.143858
v 0.039320 0.343760 0.146743
v 0.029638 0.343760 0.149001
v 0.019830 0.343760 0.150620
v 0.009936 0.343760 0.151595
v 0.000000 0.343760 0.151920
v -0.009936 0.343760 0.151595
v -0.019830 0.343760 0.150620
v -0.029638 0.343760 0.149001
v -0.039320 0.343760 0.146743
v -0.048833 0.343760 0.143858
v -0.058137 0.343760 0.140356
v -0.067192 0.343760 0.136253
v -0.075960 0.343760 0.131567
v -0.084402 0.343760 0.126317
v -0.092483 0.343760 0.120526
v -0.100168 0.343760 0.114220
v -0.107424 0.343760 0.107424
v -0.114220 0.343760 0.100168
v -0.120526 0.343760 0.092483
v -0.126317 0.343760 0.084402
v -0.131567 0.343760 0.075960
v -0.136253 0.343760 0.067192
v -0.140356 0.343760 0.058137
v -0.143858 0.343760 0.048833
v -0.146743 0.343760 0.039320
v -0.149001 0.343760 0.029638
v -0.150620 0.343760 0.019830
v -0.151595 0.343760 0.009936
v -0.151920 0.343760 0.000000
v -0.151595 0.343760 -0.009936
v -0.150620 0.343760 -0.019830
v -0.149001 0.343760 -0.029638
v -0.146743 0.343760 -0.039320
v -0.143858 0.343760 -0.048833
v -0.140356 0.343760 -0.058137
v -0.136253 0.343760 -0.067192
v -0.131567 0.343760 -0.075960
v -0.126317 0.343760 -0.084402
v -0.120526 0.343760 -0.092483
v -0.114220 0.343760 -0.100168
v -0.107424 0.343760 -0.107424
v -0.100168 0.343760 -0.114220
v -0.092483 0.343760 -0.120526
v -0.084402 0.343760 -0.126317
v -0.075960 0.343760 -0.131567
v -0.067192 0.343760 -0.136253
v -0.058137 0.343760 -0.140356
v -0.048833 0.343760 -0.143858
v -0.039320 0.343760 -0.146743
v -0.029638 0.343760 -0.149001
v -0.019830 0.343760 -0.150620
v -0.009936 0.343760 -0.151595
v -0.000000 0.343760 -0.151920
v 0.009936 0.343760 -0.151595
v 0.019830 0.343760 -0.150620
v 0.029638 0.343760 -0.149001
v 0.039320 0.343760 -0.146743
v 0.048833 0.343760 -0.143858
v 0.058137 0.343760 -0.140356
v 0.067192 0.343760 -0.136253
v 0.075960 0.343760 -0.131567
v 0.084402 0.343760 -0.126317
v 0.092483 0.343760 -0.120526
v 0.100168 0.343760 -0.114220
v 0.107424 0.343760 -0.107424
v 0.114220 0.343760 -0.100168
v 0.120526 0.343760 -0.092483
v 0.126317 0.343760 -0.084402
v 0.131567 0.343760 -0.075960
v 0.136253 0.343760 -0.067192
v 0.140356 0.343760 -0.058137
v 0.143858 0.343760 -0.048833
v 0.146743 0.343760 -0.039320
v 0.149001 0.343760 -0.029638
v 0.150620 0.343760 -0.019830
v 0.151595 0.343760 -0.009936
v 0.151785 0.405805 0.000000
v 0.151460 0.405805 0.009927
v 0.150486 0.405805 0.019812
v 0.148868 0.405805 0.029612
v 0.146613 0.405805 0.039285
v 0.143730 0.405805 0.048790
v 0.140231 0.405805 0.058086
v 0.136132 0.405805 0.067133
v 0.131450 0.405805 0.075892
v 0.126205 0.405805 0.084327
v 0.120419 0.405805 0.092401
v 0.114118 0.405805 0.100079
v 0.107328 0.405805 0.107328
v 0.100079 0.405805 0.114118
v 0.092401 0.405805 0.120419
v 0.084327 0.405805 0.126205
v 0.075893 0.405805 0.131450
v 0.067133 0.405805 0.136132
v 0.058086 0.405805 0.140231
v 0.048790 0.405805 0.143730
v 0.039285 0.405805 0.146613
v 0.029612 0.405805 0.148868
v 0.019812 0.405805 0.150486
v 0.009927 0.405805 0.151460
v 0.000000 0.405805 0.151785
v -0.009927 0.405805 0.151460
v -0.019812 0.405805 0.150486
v -0.029612 0.405805 0.148868
v -0.039285 0.405805 0.146613
v -0.048790 0.405805 0.143730
v -0.058086 0.405805 0.140231
v -0.067133 0.405805 0.136132
v -0.075892 0.405805 0.131450
v -0.084327 0.405805 0.126205
v -0.092401 0.405805 0.120419
v -0.100079 0.405805 0.114118
v -0.107328 0.405805 0.107328
v -0.114118 0.405805 0.100079
v -0.120419 0.405805 0.092401
v -0.126205 0.405805 0.084327
v -0.131450 0.405805 0.075892
v -0.136132 0.405805 0.067133
v -0.140231 0.405805 0.058086
v -0.143730 0.405805 0.048790
v -0.146613 0.405805 0.039285
v -0.148868 0.405805 0.029612
v -0.150486 0.405805 0.019812
v -0.151460 0.405805 0.009927
v -0.151785 0.405805 0.000000
v -0.151460 0.405805 -0.009927
v -0.150486 0.405805 -0.019812
v -0.148868 0.405805 -0.029612
v -0.146613 0.405805 -0.039285
v -0.143730 0.405805 -0.048790
v -0.140231 0.405805 -0.058086
v -0.136132 0.405805 -0.067133
v -0.131450 0.405805 -0.075892
v -0.126205 0.405805 -0.084327
v -0.120419 0.405805 -0.092401
v -0.114118 0.405805 -0.100079
v -0.107328 0.405805 -0.107328
v -0.100079 0.405805 -0.114118
v -0.092401 0.405805 -0.120419
v -0.084327 0.405805 -0.126205
v -0.075893 0.405805 -0.131450
v -0.067133 0.405805 -0.136132
v -0.058086 0.405805 -0.140231
v -0.048790 0.405805 -0.143730
v -0.039285 0.405805 -0.146613
v -0.029612 0.405805 -0.148868
v -0.019812 0.405805 -0.150486
v -0.009927 0.405805 -0.151460
v -0.000000 0.405805 -0.151785
v 0.009927 0.405805 -0.151460
v 0.019812 0.405805 -0.150486
v 0.029612 0.405805 -0.148868
v 0.039285 0.405805 -0.146613
v 0.048790 0.405805 -0.143730
v 0.058086 0.405805 -0.140231
v 0.067133 0.405805 -0.136132
v 0.075893 0.405805 -0.131450
v 0.084327 0.405805 -0.126205
v 0.092401 0.405805 -0.120419
v 0.100079 0.405805 -0.114118
v 0.107328 0.405805 -0.107328
v 0.114118 0.405805 -0.100079
v 0.120419 0.405805 -0.092401
v 0.126205 0.405805 -0.084327
v 0.131450 0.405805 -0.075893
v 0.136132 0.405805 -0.067133
v 0.140231 0.405805 -0.058086
v 0.143730 0.405805 -0.048790
v 0.146613 0.405805 -0.039285
v 0.148868 0.405805 -0.029612
v 0.150486 0.405805 -0.019812
v 0.151460 0.405805 -0.009927
v 0.151440 0.462720 0.000000
v 0.151116 0.462720 0.009905
v 0.150144 0.462720 0.019767
v 0.148530 0.462720 0.029544
v 0.146280 0.462720 0.039196
v 0.143403 0.462720 0.048679
v 0.139912 0.462720 0.057954
v 0.135822 0.462720 0.066980
v 0.131151 0.462720 0.075720
v 0.125918 0.462720 0.084136
v 0.120145 0.462720 0.092191
v 0.113859 0.462720 0.099851
v 0.107084 0.462720 0.107084
v 0.099851 0.462720 0.113859
v 0.092191 0.462720 0.120145
v 0.084136 0.462720 0.125918
v 0.075720 0.462720 0.131151
v 0.066980 0.462720 0.135822
v 0.057954 0.462720 0.139912
v 0.048679 0.462720 0.143403
v 0.039196 0.462720 0.146280
v 0.029544 0.462720 0.148530
v 0.019767 0.462720 0.150144
v 0.009905 0.462720 0.151116
v 0.000000 0.462720 0.151440
v -0.009905 0.462720 0.151116
v -0.019767 0.462720 0.150144
v -0.029544 0.462720 0.148530
v -0.039196 0.462720 0.146280
v -0.048679 0.462720 0.143403
v -0.057954 0.462720 0.139912
v -0.066980 0.462720 0.135822
v -0.075720 0.462720 0.131151
v -0.084136 0.462720 0.125918
v -0.092191 0.462720 0.120145
v -0.099851 0.462720 0.113859
v -0.107084 0.462720 0.107084
v -0.113859 0.462720 0.099851
v -0.120145 0.462720 0.092191
v -0.125918 0.462720 0.084136
v -0.131151 0.462720 0.075720
v -0.135822 0.462720 0.066980
v -0.139912 0.462720 0.057954
v -0.143403 0.462720 0.048679
v -0.146280 0.462720 0.039196
v -0.148530 0.462720 0.029544
v -0.150144 0.462720 0.019767
v -0.151116 0.462720 0.009905
v -0.151440 0.462720 0.000000
v -0.151116 0.462720 -0.009905
v -0.150144 0.462720 -0.019767
v -0.148530 0.462720 -0.029544
v -0.146280 0.462720 -0.039196
v -0.143403 0.462720 -0.048679
v -0.139912 0.462720 -0.057954
v -0.135822 0.462720 -0.066980
v -0.131151 0.462720 -0.075720
v -0.125918 0.462720 -0.084136
v -0.120145 0.462720 -0.092191
v -0.113859 0.462720 -0.099851
v -0.107084 0.462720 -0.107084
v -0.099851 0.462720 -0.113859
v -0.092191 0.462720 -0.120145
v -0.084136 0.462720 -0.125918
v -0.075720 0.462720 -0.131151
v -0.066980 0.462720 -0.135822
v -0.057954 0.462720 -0.139912
v -0.048679 0.462720 -0.143403
v -0.039196 0.462720 -0.146280
v -0.029544 0.462720 -0.148530
v -0.019767 0.462720 -0.150144
v -0.009905 0.462720 -0.151116
v -0.000000 0.462720 -0.151440
v 0.009905 0.462720 -0.151116
v 0.019767 0.462720 -0.150144
v 0.029544 0.462720 -0.148530
v 0.039196 0.462720 -0.146280
v 0.048679 0.462720 -0.143403
v 0.057954 0.462720 -0.139912
v 0.066980 0.462720 -0.135822
v 0.075720 0.462720 -0.131151
v 0.084136 0.462720 -0.125918
v 0.092191 0.462720 -0.120145
v 0.099851 0.462720 -0.113859
v 0.107084 0.462720 -0.107084
v 0.113859 0.462720 -0.099851
v 0.120145 0.462720 -0.092191
v 0.125918 0.462720 -0.084136
v 0.131151 0.462720 -0.075720
v 0.135822 0.462720 -0.066980
v 0.139912 0.462720 -0.057954
v 0.143403 0.462720 -0.048679
v 0.146280 0.462720 -0.039196
v 0.148530 0.462720 -0.029544
v 0.150144 0.462720 -0.019767
v 0.151116 0.462720 -0.009905
v 0.150855 0.511715 0.000000
v 0.150532 0.511715 0.009866
v 0.149564 0.511715 0.019691
v 0.147956 0.511715 0.029430
v 0.145715 0.511715 0.039044
v 0.142849 0.511715 0.048491
v 0.139372 0.511715 0.057730
v 0.135298 0.511715 0.066721
v 0.130644 0.511715 0.075427
v 0.125431 0.511715 0.083811
v 0.119681 0.511715 0.091835
v 0.113419 0.511715 0.099466
v 0.106671 0.511715 0.106671
v 0.099466 0.511715 0.113419
v 0.091835 0.511715 0.119681
v 0.083811 0.511715 0.125431
v 0.075428 0.511715 0.130644
v 0.066721 0.511715 0.135298
v 0.057730 0.511715 0.139372
v 0.048491 0.511715 0.142849
v 0.039044 0.511715 0.145715
v 0.029430 0.511715 0.147956
v 0.019691 0.511715 0.149564
v 0.009866 0.511715 0.150532
v 0.000000 0.511715 0.150855
v -0.009866 0.511715 0.150532
v -0.019691 0.511715 0.149564
v -0.029430 0.511715 0.147956
v -0.039044 0.511715 0.145715
v -0.048491 0.511715 0.142849
v -0.057730 0.511715 0.139372
v -0.066721 0.511715 0.135298
v -0.075427 0.511715 0.130644
v -0.083811 0.511715 0.125431
v -0.091835 0.511715 0.119681
v -0.099466 0.511715 0.113419
v -0.106671 0.511715 0.106671
v -0.113419 0.511715 0.099466
v -0.119681 0.511715 0.091835
v -0.125431 0.511715 0.083811
v -0.130644 0.511715 0.075427
v -0.135298 0.511715 0.066721
v -0.139372 0.511715 0.057730
v -0.142849 0.511715 0.048491
v -0.145715 0.511715 0.039044
v -0.147956 0.511715 0.029430
v -0.149564 0.511715 0.019691
v -0.150532 0.511715 0.009866
v -0.150855 0.511715 0.000000
v -0.150532 0.511715 -0.009866
v -0.149564 0.511715 -0.019691
v -0.147956 0.511715 -0.029430
v -0.145715 0.511715 -0.039044
v -0.142849 0.511715 -0.048491
v -0.139372 0.511715 -0.057730
v -0.135298 0.511715 -0.066721
v -0.130644 0.511715 -0.075427
v -0.125431 0.511715 -0.083811
v -0.119681 0.511715 -0.091835
v -0.113419 0.511715 -0.099466
v -0.106671 0.511715 -0.106671
v -0.099466 0.511715 -0.113419
v -0.091835 0.511715 -0.119681
v -0.083811 0.511715 -0.125431
v -0.075428 0.511715 -0.130644
v -0.066721 0.511715 -0.135298
v -0.057730 0.511715 -0.139372
v -0.048491 0.511715 -0.142849
v -0.039044 0.511715 -0.145715
v -0.029430 0.511715 -0.147956
v -0.019691 0.511715 -0.149564
v -0.009866 0.511715 -0.150532
v -0.000000 0.511715 -0.150855
v 0.009866 0.511715 -0.150532
v 0.019691 0.511715 -0.149564
v 0.029430 0.511715 -0.147956
v 0.039044 0.511715 -0.145715
v 0.048491 0.511715 -0.142849
v 0.057730 0.511715 -0.139372
v 0.066721 0.511715 -0.135298
v 0.075428 0.511715 -0.130644
v 0.083811 0.511715 -0.125431
v 0.091835 0.511715 -0.119681
v 0.099466 0.511715 -0.113419
v 0.106671 0.511715 -0.106671
v 0.113419 0.511715 -0.099466
v 0.119681 0.511715 -0.091835
v 0.125431 0.511715 -0.083811
v 0.130644 0.511715 -0.075428
v 0.135298 0.511715 -0.066721
v 0.139372 0.511715 -0.057730
v 0.142849 0.511715 -0.048491
v 0.145715 0.511715 -0.039044
v 0.147956 0.511715 -0.029430
v 0.149564 0.511715 -0.019691
v 0.150532 0.511715 -0.009866
v 0.150000 0.550000 0.000000
v 0.149679 0.550000 0.009810
v 0.148717 0.550000 0.019579
v 0.147118 0.550000 0.029264
v 0.144889 0.550000 0.038823
v 0.142040 0.550000 0.048216
v 0.138582 0.550000 0.057403
v 0.134531 0.550000 0.066343
v 0.129904 0.550000 0.075000
v 0.124720 0.550000 0.083336
v 0.119003 0.550000 0.091314
v 0.112776 0.550000 0.098902
v 0.106066 0.550000 0.106066
v 0.098902 0.550000 0.112776
v 0.091314 0.550000 0.119003
v 0.083336 0.550000 0.124720
v 0.075000 0.550000 0.129904
v 0.066343 0.550000 0.134531
v 0.057403 0.550000 0.138582
v 0.048216 0.550000 0.142040
v 0.038823 0.550000 0.144889
v 0.029264 0.550000 0.147118
v 0.019579 0.550000 0.148717
v 0.009810 0.550000 0.149679
v 0.000000 0.550000 0.150000
v -0.009810 0.550000 0.149679
v -0.019579 0.550000 0.148717
v -0.029264 0.550000 0.147118
v -0.038823 0.550000 0.144889
v -0.048216 0.550000 0.142040
v -0.057403 0.550000 0.138582
v -0.066343 0.550000 0.134531
v -0.075000 0.550000 0.129904
v -0.083336 0.550000 0.124720
v -0.091314 0.550000 0.119003
v -0.098902 0.550000 0.112776
v -0.106066 0.550000 0.106066
v -0.112776 0.550000 0.098902
v -0.119003 0.550000 0.091314
v -0.124720 0.550000 0.083336
v -0.129904 0.550000 0.075000
v -0.134531 0.550000 0.066343
v -0.138582 0.550000 0.057403
v -0.142040 0.550000 0.048216
v -0.144889 0.550000 0.038823
v -0.147118 0.550000 0.029264
v -0.148717 0.550000 0.019579
v -0.149679 0.550000 0.009810
v -0.150000 0.550000 0.000000
v -0.149679 0.550000 -0.009810
v -0.148717 0.550000 -0.019579
v -0.147118 0.550000 -0.029264
v -0.144889 0.550000 -0.038823
v -0.142040 0.550000 -0.048216
v -0.138582 0.550000 -0.057403
v -0.134531 0.550000 -0.066343
v -0.129904 0.550000 -0.075000
v -0.124720 0.550000 -0.083336
v -0.119003 0.550000 -0.091314
v -0.112776 0.550000 -0.098902
v -0.106066 0.550000 -0.106066
v -0.098902 0.550000 -0.112776
v -0.091314 0.550000 -0.119003
v -0.083336 0.550000 -0.124720
v -0.075000 0.550000 -0.129904
v -0.066343 0.550000 -0.134531
v -0.057403 0.550000 -0.138582
v -0.048216 0.550000 -0.142040
v -0.038823 0.550000 -0.144889
v -0.029264 0.550000 -0.147118
v -0.019579 0.550000 -0.148717
v -0.009810 0.550000 -0.149679
v -0.000000 0.550000 -0.150000
v 0.009810 0.550000 -0.149679
v 0.019579 0.550000 -0.148717
v 0.029264 0.550000 -0.147118
v 0.038823 0.550000 -0.144889
v 0.048216 0.550000 -0.142040
v 0.057403 0.550000 -0.138582
v 0.066343 0.550000 -0.134531
v 0.075000 0.550000 -0.129904
v 0.083336 0.550000 -0.124720
v 0.091314 0.550000 -0.119003
v 0.098902 0.550000 -0.112776
v 0.106066 0.550000 -0.106066
v 0.112776 0.550000 -0.098902
v 0.119003 0.550000 -0.091314
v 0.124720 0.550000 -0.083336
v 0.129904 0.550000 -0.075000
v 0.134531 0.550000 -0.066343
v 0.138582 0.550000 -0.057403
v 0.142040 0.550000 -0.048216
v 0.144889 0.550000 -0.038823
v 0.147118 0.550000 -0.029264
v 0.148717 0.550000 -0.019579
v 0.149679 0.550000 -0.009810
v 0.148990 0.578100 0.000000
v 0.148671 0.578100 0.009744
v 0.147715 0.578100 0.019447
v 0.146127 0.578100 0.029067
v 0.143913 0.578100 0.038561
v 0.141083 0.578100 0.047891
v 0.137649 0.578100 0.057016
v 0.133625 0.578100 0.065897
v 0.129029 0.578100 0.074495
v 0.123881 0.578100 0.082774
v 0.118202 0.578100 0.090699
v 0.112017 0.578100 0.098236
v 0.105352 0.578100 0.105352
v 0.098236 0.578100 0.112017
v 0.090699 0.578100 0.118202
v 0.082774 0.578100 0.123881
v 0.074495 0.578100 0.129029
v 0.065897 0.578100 0.133625
v 0.057016 0.578100 0.137649
v 0.047891 0.578100 0.141083
v 0.038561 0.578100 0.143913
v 0.029067 0.578100 0.146127
v 0.019447 0.578100 0.147715
v 0.009744 0.578100 0.148671
v 0.000000 0.578100 0.148990
v -0.009744 0.578100 0.148671
v -0.019447 0.578100 0.147715
v -0.029067 0.578100 0.146127
v -0.038561 0.578100 0.143913
v -0.047891 0.578100 0.141083
v -0.057016 0.578100 0.137649
v -0.065897 0.578100 0.133625
v -0.074495 0.578100 0.129029
v -0.082774 0.578100 0.123881
v -0.090699 0.578100 0.118202
v -0.098236 0.578100 0.112017
v -0.105352 0.578100 0.105352
v -0.112017 0.578100 0.098236
v -0.118202 0.578100 0.090699
v -0.123881 0.578100 0.082774
v -0.129029 0.578100 0.074495
v -0.133625 0.578100 0.065897
v -0.137649 0.578100 0.057016
v -0.141083 0.578100 0.047891
v -0.143913 0.578100 0.038561
v -0.146127 0.578100 0.029067
v -0.147715 0.578100 0.019447
v -0.148671 0.578100 0.009744
v -0.148990 0.578100 0.000000
v -0.148671 0.578100 -0.009744
v -0.147715 0.578100 -0.019447
v -0.146127 0.578100 -0.029067
v -0.143913 0.578100 -0.038561
v -0.141083 0.578100 -0.047891
v -0.137649 0.578100 -0.057016
v -0.133625 0.578100 -0.065897
v -0.129029 0.578100 -0.074495
v -0.123881 0.578100 -0.082774
v -0.118202 0.578100 -0.090699
v -0.112017 0.578100 -0.098236
v -0.105352 0.578100 -0.105352
v -0.098236 0.578100 -0.112017
v -0.090699 0.578100 -0.118202
v -0.082774 0.578100 -0.123881
v -0.074495 0.578100 -0.129029
v -0.065897 0.578100 -0.133625
v -0.057016 0.578100 -0.137649
v -0.047891 0.578100 -0.141083
v -0.038561 0.578100 -0.143913
v -0.029067 0.578100 -0.146127
v -0.019447 0.578100 -0.147715
v -0.009744 0.578100 -0.148671
v -0.000000 0.578100 -0.148990
v 0.009744 0.578100 -0.148671
v 0.019447 0.578100 -0.147715
v 0.029067 0.578100 -0.146127
v 0.038561 0.578100 -0.143913
v 0.047891 0.578100 -0.141083
v 0.057016 0.578100 -0.137649
v 0.065897 0.578100 -0.133625
v 0.074495 0.578100 -0.129029
v 0.082774 0.578100 -0.123881
v 0.090699 0.578100 -0.118202
v 0.098236 0.578100 -0.112017
v 0.105352 0.578100 -0.105352
v 0.112017 0.578100 -0.098236
v 0.118202 0.578100 -0.090699
v 0.123881 0.578100 -0.082774
v 0.129029 0.578100 -0.074495
v 0.133625 0.578100 -0.065897
v 0.137649 0.578100 -0.057016
v 0.141083 0.578100 -0.047891
v 0.143913 0.578100 -0.038561
v 0.146127 0.578100 -0.029067
v 0.147715 0.578100 -0.019447
v 0.148671 0.578100 -0.009744
v 0.147920 0.599200 0.000000
v 0.147603 0.599200 0.009674
v 0.146655 0.599200 0.019307
v 0.145078 0.599200 0.028858
v 0.142880 0.599200 0.038285
v 0.140070 0.599200 0.047547
v 0.136660 0.599200 0.056607
v 0.132665 0.599200 0.065423
v 0.128102 0.599200 0.073960
v 0.122991 0.599200 0.082180
v 0.117353 0.599200 0.090048
v 0.111212 0.599200 0.097530
v 0.104595 0.599200 0.104595
v 0.097530 0.599200 0.111212
v 0.090048 0.599200 0.117353
v 0.082180 0.599200 0.122991
v 0.073960 0.599200 0.128102
v 0.065423 0.599200 0.132665
v 0.056607 0.599200 0.136660
v 0.047547 0.599200 0.140070
v 0.038285 0.599200 0.142880
v 0.028858 0.599200 0.145078
v 0.019307 0.599200 0.146655
v 0.009674 0.599200 0.147603
v 0.000000 0.599200 0.147920
v -0.009674 0.599200 0.147603
v -0.019307 0.599200 0.146655
v -0.028858 0.599200 0.145078
v -0.038285 0.599200 0.142880
v -0.047547 0.599200 0.140070
v -0.056607 0.599200 0.136660
v -0.065423 0.599200 0.132665
v -0.073960 0.599200 0.128102
v -0.082180 0.599200 0.122991
v -0.090048 0.599200 0.117353
v -0.097530 0.599200 0.111212
v -0.104595 0.599200 0.104595
v -0.111212 0.599200 0.097530
v -0.117353 0.599200 0.090048
v -0.122991 0.599200 0.082180
v -0.128102 0.599200 0.073960
v -0.132665 0.599200 0.065423
v -0.136660 0.599200 0.056607
v -0.140070 0.599200 0.047547
v -0.142880 0.599200 0.038285
v -0.145078 0.599200 0.028858
v -0.146655 0.599200 0.019307
v -0.147603 0.599200 0.009674
v -0.147920 0.599200 0.000000
v -0.147603 0.599200 -0.009674
v -0.146655 0.599200 -0.019307
v -0.145078 0.599200 -0.028858
v -0.142880 0.599200 -0.038285
v -0.140070 0.599200 -0.047547
v -0.136660 0.599200 -0.056607
v -0.132665 0.599200 -0.065423
v -0.128102 0.599200 -0.073960
v -0.122991 0.599200 -0.082180
v -0.117353 0.599200 -0.090048
v -0.111212 0.599200 -0.097530
v -0.104595 0.599200 -0.104595
v -0.097530 0.599200 -0.111212
v -0.090048 0.599200 -0.117353
v -0.082180 0.599200 -0.122991
v -0.073960 0.599200 -0.128102
v -0.065423 0.599200 -0.132665
v -0.056607 0.599200 -0.136660
v -0.047547 0.599200 -0.140070
v -0.038285 0.599200 -0.142880
v -0.028858 0.599200 -0.145078
v -0.019307 0.599200 -0.146655
v -0.009674 0.599200 -0.147603
v -0.000000 0.599200 -0.147920
v 0.009674 0.599200 -0.147603
v 0.019307 0.599200 -0.146655
v 0.028858 0.599200 -0.145078
v 0.038285 0.599200 -0.142880
v 0.047547 0.599200 -0.140070
v 0.056607 0.599200 -0.136660
v 0.065423 0.599200 -0.132665
v 0.073960 0.599200 -0.128102
v 0.082180 0.599200 -0.122991
v 0.090048 0.599200 -0.117353
v 0.097530 0.599200 -0.111212
v 0.104595 0.599200 -0.104595
v 0.111212 0.599200 -0.097530
v 0.117353 0.599200 -0.090048
v 0.122991 0.599200 -0.082180
v 0.128102 0.599200 -0.073960
v 0.132665 0.599200 -0.065423
v 0.136660 0.599200 -0.056607
v 0.140070 0.599200 -0.047547
v 0.142880 0.599200 -0.038285
v 0.145078 0.599200 -0.028858
v 0.146655 0.599200 -0.019307
v 0.147603 0.599200 -0.009674
v 0.146730 0.614500 0.000000
v 0.146416 0.614500 0.009597
v 0.145475 0.614500 0.019152
v 0.143911 0.614500 0.028626
v 0.141730 0.614500 0.037977
v 0.138943 0.614500 0.047165
v 0.135561 0.614500 0.056151
v 0.131598 0.614500 0.064897
v 0.127072 0.614500 0.073365
v 0.122002 0.614500 0.081519
v 0.116409 0.614500 0.089324
v 0.110317 0.614500 0.096746
v 0.103754 0.614500 0.103754
v 0.096746 0.614500 0.110317
v 0.089324 0.614500 0.116409
v 0.081519 0.614500 0.122002
v 0.073365 0.614500 0.127072
v 0.064897 0.614500 0.131598
v 0.056151 0.614500 0.135561
v 0.047165 0.614500 0.138943
v 0.037977 0.614500 0.141730
v 0.028626 0.614500 0.143911
v 0.019152 0.614500 0.145475
v 0.009597 0.614500 0.146416
v 0.000000 0.614500 0.146730
v -0.009597 0.614500 0.146416
v -0.019152 0.614500 0.145475
v -0.028626 0.614500 0.143911
v -0.037977 0.614500 0.141730
v -0.047165 0.614500 0.138943
v -0.056151 0.614500 0.135561
v -0.064897 0.614500 0.131598
v -0.073365 0.614500 0.127072
v -0.081519 0.614500 0.122002
v -0.089324 0.614500 0.116409
v -0.096746 0.614500 0.110317
v -0.103754 0.614500 0.103754
v -0.110317 0.614500 0.096746
v -0.116409 0.614500 0.089324
v -0.122002 0.614500 0.081519
v -0.127072 0.614500 0.073365
v -0.131598 0.614500 0.064897
v -0.135561 0.614500 0.056151
v -0.138943 0.614500 0.047165
v -0.141730 0.614500 0.037977
v -0.143911 0.614500 0.028626
v -0.145475 0.614500 0.019152
v -0.146416 0.614500 0.009597
v -0.146730 0.614500 0.000000
v -0.146416 0.614500 -0.009597
v -0.145475 0.614500 -0.019152
v -0.143911 0.614500 -0.028626
v -0.141730 0.614500 -0.037977
v -0.138943 0.614500 -0.047165
v -0.135561 0.614500 -0.056151
v -0.131598 0.614500 -0.064897
v -0.127072 0.614500 -0.073365
v -0.122002 0.614500 -0.081519
v -0.116409 0.614500 -0.089324
v -0.110317 0.614500 -0.096746
v -0.103754 0.614500 -0.103754
v -0.096746 0.614500 -0.110317
v -0.089324 0.614500 -0.116409
v -0.081519 0.614500 -0.122002
v -0.073365 0.614500 -0.127072
v -0.064897 0.614500 -0.131598
v -0.056151 0.614500 -0.135561
v -0.047165 0.614500 -0.138943
v -0.037977 0.614500 -0.141730
v -0.028626 0.614500 -0.143911
v -0.019152 0.614500 -0.145475
v -0.009597 0.614500 -0.146416
v -0.000000 0.614500 -0.146730
v 0.009597 0.614500 -0.146416
v 0.019152 0.614500 -0.145475
v 0.028626 0.614500 -0.143911
v 0.037977 0.614500 -0.141730
v 0.047165 0.614500 -0.138943
v 0.056151 0.614500 -0.135561
v 0.064897 0.614500 -0.131598
v 0.073365 0.614500 -0.127072
v 0.081519 0.614500 -0.122002
v 0.089324 0.614500 -0.116409
v 0.096746 0.614500 -0.110317
v 0.103754 0.614500 -0.103754
v 0.110317 0.614500 -0.096746
v 0.116409 0.614500 -0.089324
v 0.122002 0.614500 -0.081519
v 0.127072 0.614500 -0.073365
v 0.131598 0.614500 -0.064897
v 0.135561 0.614500 -0.056151
v 0.138943 0.614500 -0.047165
v 0.141730 0.614500 -0.037977
v 0.143911 0.614500 -0.028626
v 0.145475 0.614500 -0.019152
v 0.146416 0.614500 -0.009597
v 0.145360 0.625200 0.000000
v 0.145049 0.625200 0.009507
v 0.144116 0.625200 0.018973
v 0.142567 0.625200 0.028358
v 0.140407 0.625200 0.037622
v 0.137646 0.625200 0.046724
v 0.134295 0.625200 0.055627
v 0.130369 0.625200 0.064291
v 0.125885 0.625200 0.072680
v 0.120862 0.625200 0.080758
v 0.115322 0.625200 0.088490
v 0.109287 0.625200 0.095843
v 0.102785 0.625200 0.102785
v 0.095843 0.625200 0.109287
v 0.088490 0.625200 0.115322
v 0.080758 0.625200 0.120862
v 0.072680 0.625200 0.125885
v 0.064291 0.625200 0.130369
v 0.055627 0.625200 0.134295
v 0.046724 0.625200 0.137646
v 0.037622 0.625200 0.140407
v 0.028358 0.625200 0.142567
v 0.018973 0.625200 0.144116
v 0.009507 0.625200 0.145049
v 0.000000 0.625200 0.145360
v -0.009507 0.625200 0.145049
v -0.018973 0.625200 0.144116
v -0.028358 0.625200 0.142567
v -0.037622 0.625200 0.140407
v -0.046724 0.625200 0.137646
v -0.055627 0.625200 0.134295
v -0.064291 0.625200 0.130369
v -0.072680 0.625200 0.125885
v -0.080758 0.625200 0.120862
v -0.088490 0.625200 0.115322
v -0.095843 0.625200 0.109287
v -0.102785 0.625200 0.102785
v -0.109287 0.625200 0.095843
v -0.115322 0.625200 0.088490
v -0.120862 0.625200 0.080758
v -0.125885 0.625200 0.072680
v -0.130369 0.625200 0.064291
v -0.134295 0.625200 0.055627
v -0.137646 0.625200 0.046724
v -0.140407 0.625200 0.037622
v -0.142567 0.625200 0.028358
v -0.144116 0.625200 0.018973
v -0.145049 0.625200 0.009507
v -0.145360 0.625200 0.000000
v -0.145049 0.625200 -0.009507
v -0.144116 0.625200 -0.018973
v -0.142567 0.625200 -0.028358
v -0.140407 0.625200 -0.037622
v -0.137646 0.625200 -0.046724
v -0.134295 0.625200 -0.055627
v -0.130369 0.625200 -0.064291
v -0.125885 0.625200 -0.072680
v -0.120862 0.625200 -0.080758
v -0.115322 0.625200 -0.088490
v -0.109287 0.625200 -0.095843
v -0.102785 0.625200 -0.102785
v -0.095843 0.625200 -0.109287
v -0.088490 0.625200 -0.115322
v -0.080758 0.625200 -0.120862
v -0.072680 0.625200 -0.125885
v -0.064291 0.625200 -0.130369
v -0.055627 0.625200 -0.134295
v -0.046724 0.625200 -0.137646
v -0.037622 0.625200 -0.140407
v -0.028358 0.625200 -0.142567
v -0.018973 0.625200 -0.144116
v -0.009507 0.625200 -0.145049
v -0.000000 0.625200 -0.145360
v 0.009507 0.625200 -0.145049
v 0.018973 0.625200 -0.144116
v 0.028358 0.625200 -0.142567
v 0.037622 0.625200 -0.140407
v 0.046724 0.625200 -0.137646
v 0.055627 0.625200 -0.134295
v 0.064291 0.625200 -0.130369
v 0.072680 0.625200 -0.125885
v 0.080758 0.625200 -0.120862
v 0.088490 0.625200 -0.115322
v 0.095843 0.625200 -0.109287
v 0.102785 0.625200 -0.102785
v 0.109287 0.625200 -0.095843
v 0.115322 0.625200 -0.088490
v 0.120862 0.625200 -0.080758
v 0.125885 0.625200 -0.072680
v 0.130369 0.625200 -0.064291
v 0.134295 0.625200 -0.055627
v 0.137646 0.625200 -0.046724
v 0.140407 0.625200 -0.037622
v 0.142567 0.625200 -0.028358
v 0.144116 0.625200 -0.018973
v 0.145049 0.625200 -0.009507
v 0.143750 0.632500 0.000000
v 0.143442 0.632500 0.009402
v 0.142520 0.632500 0.018763
v 0.140988 0.632500 0.028044
v 0.138852 0.632500 0.037205
v 0.136121 0.632500 0.046207
v 0.132808 0.632500 0.055011
v 0.128925 0.632500 0.063579
v 0.124491 0.632500 0.071875
v 0.119524 0.632500 0.079863
v 0.114045 0.632500 0.087509
v 0.108077 0.632500 0.094781
v 0.101647 0.632500 0.101647
v 0.094781 0.632500 0.108077
v 0.087509 0.632500 0.114045
v 0.079863 0.632500 0.119524
v 0.071875 0.632500 0.124491
v 0.063579 0.632500 0.128925
v 0.055011 0.632500 0.132808
v 0.046207 0.632500 0.136121
v 0.037205 0.632500 0.138852
v 0.028044 0.632500 0.140988
v 0.018763 0.632500 0.142520
v 0.009402 0.632500 0.143442
v 0.000000 0.632500 0.143750
v -0.009402 0.632500 0.143442
v -0.018763 0.632500 0.142520
v -0.028044 0.632500 0.140988
v -0.037205 0.632500 0.138852
v -0.046207 0.632500 0.136121
v -0.055011 0.632500 0.132808
v -0.063579 0.632500 0.128925
v -0.071875 0.632500 0.124491
v -0.079863 0.632500 0.119524
v -0.087509 0.632500 0.114045
v -0.094781 0.632500 0.108077
v -0.101647 0.632500 0.101647
v -0.108077 0.632500 0.094781
v -0.114045 0.632500 0.087509
v -0.119524 0.632500 0.079863
v -0.124491 0.632500 0.071875
v -0.128925 0.632500 0.063579
v -0.132808 0.632500 0.055011
v -0.136121 0.632500 0.046207
v -0.138852 0.632500 0.037205
v -0.140988 0.632500 0.028044
v -0.142520 0.632500 0.018763
v -0.143442 0.632500 0.009402
v -0.143750 0.632500 0.000000
v -0.143442 0.632500 -0.009402
v -0.142520 0.632500 -0.018763
v -0.140988 0.632500 -0.028044
v -0.138852 0.632500 -0.037205
v -0.136121 0.632500 -0.046207
v -0.132808 0.632500 -0.055011
v -0.128925 0.632500 -0.063579
v -0.124491 0.632500 -0.071875
v -0.119524 0.632500 -0.079863
v -0.114045 0.632500 -0.087509
v -0.108077 0.632500 -0.094781
v -0.101647 0.632500 -0.101647
v -0.094781 0.632500 -0.108077
v -0.087509 0.632500 -0.114045
v -0.079863 0.632500 -0.119524
v -0.071875 0.632500 -0.124491
v -0.063579 0.632500 -0.128925
v -0.055011 0.632500 -0.132808
v -0.046207 0.632500 -0.136121
v -0.037205 0.632500 -0.138852
v -0.028044 0.632500 -0.140988
v -0.018763 0.632500 -0.142520
v -0.009402 0.632500 -0.143442
v -0.000000 0.632500 -0.143750
v 0.009402 0.632500 -0.143442
v 0.018763 0.632500 -0.142520
v 0.028044 0.632500 -0.140988
v 0.037205 0.632500 -0.138852
v 0.046207 0.632500 -0.136121
v 0.055011 0.632500 -0.132808
v 0.063579 0.632500 -0.128925
v 0.071875 0.632500 -0.124491
v 0.079863 0.632500 -0.119524
v 0.087509 0.632500 -0.114045
v 0.094781 0.632500 -0.108077
v 0.101647 0.632500 -0.101647
v 0.108077 0.632500 -0.094781
v 0.114045 0.632500 -0.087509
v 0.119524 0.632500 -0.079863
v 0.124491 0.632500 -0.071875
v 0.128925 0.632500 -0.063579
v 0.132808 0.632500 -0.055011
v 0.136121 0.632500 -0.046207
v 0.138852 0.632500 -0.037205
v 0.140988 0.632500 -0.028044
v 0.142520 0.632500 -0.018763
v 0.143442 0.632500 -0.009402
v 0.141840 0.637600 0.000000
v 0.141536 0.637600 0.009277
v 0.140627 0.637600 0.018514
v 0.139115 0.637600 0.027672
v 0.137007 0.637600 0.036711
v 0.134313 0.637600 0.045593
v 0.131043 0.637600 0.054280
v 0.127212 0.637600 0.062734
v 0.122837 0.637600 0.070920
v 0.117936 0.637600 0.078802
v 0.112529 0.637600 0.086347
v 0.106641 0.637600 0.093522
v 0.100296 0.637600 0.100296
v 0.093522 0.637600 0.106641
v 0.086347 0.637600 0.112529
v 0.078802 0.637600 0.117936
v 0.070920 0.637600 0.122837
v 0.062734 0.637600 0.127212
v 0.054280 0.637600 0.131043
v 0.045593 0.637600 0.134313
v 0.036711 0.637600 0.137007
v 0.027672 0.637600 0.139115
v 0.018514 0.637600 0.140627
v 0.009277 0.637600 0.141536
v 0.000000 0.637600 0.141840
v -0.009277 0.637600 0.141536
v -0.018514 0.637600 0.140627
v -0.027672 0.637600 0.139115
v -0.036711 0.637600 0.137007
v -0.045593 0.637600 0.134313
v -0.054280 0.637600 0.131043
v -0.062734 0.637600 0.127212
v -0.070920 0.637600 0.122837
v -0.078802 0.637600 0.117936
v -0.086347 0.637600 0.112529
v -0.093522 0.637600 0.106641
v -0.100296 0.637600 0.100296
v -0.106641 0.637600 0.093522
v -0.112529 0.637600 0.086347
v -0.117936 0.637600 0.078802
v -0.122837 0.637600 0.070920
v -0.127212 0.637600 0.062734
v -0.131043 0.637600 0.054280
v -0.134313 0.637600 0.045593
v -0.137007 0.637600 0.036711
v -0.139115 0.637600 0.027672
v -0.140627 0.637600 0.018514
v -0.141536 0.637600 0.009277
v -0.141840 0.637600 0.000000
v -0.141536 0.637600 -0.009277
v -0.140627 0.637600 -0.018514
v -0.139115 0.637600 -0.027672
v -0.137007 0.637600 -0.036711
v -0.134313 0.637600 -0.045593
v -0.131043 0.637600 -0.054280
v -0.127212 0.637600 -0.062734
v -0.122837 0.637600 -0.070920
v -0.117936 0.637600 -0.078802
v -0.112529 0.637600 -0.086347
v -0.106641 0.637600 -0.093522
v -0.100296 0.637600 -0.100296
v -0.093522 0.637600 -0.106641
v -0.086347 0.637600 -0.112529
v -0.078802 0.637600 -0.117936
v -0.070920 0.637600 -0.122837
v -0.062734 0.637600 -0.127212
v -0.054280 0.637600 -0.131043
v -0.045593 0.637600 -0.134313
v -0.036711 0.637600 -0.137007
v -0.027672 0.637600 -0.139115
v -0.018514 0.637600 -0.140627
v -0.009277 0.637600 -0.141536
v -0.000000 0.637600 -0.141840
v 0.009277 0.637600 -0.141536
v 0.018514 0.637600 -0.140627
v 0.027672 0.637600 -0.139115
v 0.036711 0.637600 -0.137007
v 0.045593 0.637600 -0.134313
v 0.054280 0.637600 -0.131043
v 0.062734 0.637600 -0.127212
v 0.070920 0.637600 -0.122837
v 0.078802 0.637600 -0.117936
v 0.086347 0.637600 -0.112529
v 0.093522 0.637600 -0.106641
v 0.100296 0.637600 -0.100296
v 0.106641 0.637600 -0.093522
v 0.112529 0.637600 -0.086347
v 0.117936 0.637600 -0.078802
v 0.122837 0.637600 -0.070920
v 0.127212 0.637600 -0.062734
v 0.131043 0.637600 -0.054280
v 0.134313 0.637600 -0.045593
v 0.137007 0.637600 -0.036711
v 0.139115 0.637600 -0.027672
v 0.140627 0.637600 -0.018514
v 0.141536 0.637600 -0.009277
v 0.139570 0.641700 0.000000
v 0.139271 0.641700 0.009128
v 0.138376 0.641700 0.018218
v 0.136888 0.641700 0.027229
v 0.134814 0.641700 0.036123
v 0.132163 0.641700 0.044863
v 0.128946 0.641700 0.053411
v 0.125177 0.641700 0.061730
v 0.120871 0.641700 0.069785
v 0.116048 0.641700 0.077541
v 0.110728 0.641700 0.084965
v 0.104934 0.641700 0.092025
v 0.098691 0.641700 0.098691
v 0.092025 0.641700 0.104934
v 0.084965 0.641700 0.110728
v 0.077541 0.641700 0.116048
v 0.069785 0.641700 0.120871
v 0.061730 0.641700 0.125177
v 0.053411 0.641700 0.128946
v 0.044863 0.641700 0.132163
v 0.036123 0.641700 0.134814
v 0.027229 0.641700 0.136888
v 0.018218 0.641700 0.138376
v 0.009128 0.641700 0.139271
v 0.000000 0.641700 0.139570
v -0.009128 0.641700 0.139271
v -0.018218 0.641700 0.138376
v -0.027229 0.641700 0.136888
v -0.036123 0.641700 0.134814
v -0.044863 0.641700 0.132163
v -0.053411 0.641700 0.128946
v -0.061730 0.641700 0.125177
v -0.069785 0.641700 0.120871
v -0.077541 0.641700 0.116048
v -0.084965 0.641700 0.110728
v -0.092025 0.641700 0.104934
v -0.098691 0.641700 0.098691
v -0.104934 0.641700 0.092025
v -0.110728 0.641700 0.084965
v -0.116048 0.641700 0.077541
v -0.120871 0.641700 0.069785
v -0.125177 0.641700 0.061730
v -0.128946 0.641700 0.053411
v -0.132163 0.641700 0.044863
v -0.134814 0.641700 0.036123
v -0.136888 0.641700 0.027229
v -0.138376 0.641700 0.018218
v -0.139271 0.641700 0.009128
v -0.139570 0.641700 0.000000
v -0.139271 0.641700 -0.009128
v -0.138376 0.641700 -0.018218
v -0.136888 0.641700 -0.027229
v -0.134814 0.641700 -0.036123
v -0.132163 0.641700 -0.044863
v -0.128946 0.641700 -0.053411
v -0.125177 0.641700 -0.061730
v -0.120871 0.641700 -0.069785
v -0.116048 0.641700 -0.077541
v -0.110728 0.641700 -0.084965
v -0.104934 0.641700 -0.092025
v -0.098691 0.641700 -0.098691
v -0.092025 0.641700 -0.104934
v -0.084965 0.641700 -0.110728
v -0.077541 0.641700 -0.116048
v -0.069785 0.641700 -0.120871
v -0.061730 0.641700 -0.125177
v -0.053411 0.641700 -0.128946
v -0.044863 0.641700 -0.132163
v -0.036123 0.641700 -0.134814
v -0.027229 0.641700 -0.136888
v -0.018218 0.641700 -0.138376
v -0.009128 0.641700 -0.139271
v -0.000000 0.641700 -0.139570
v 0.009128 0.641700 -0.139271
v 0.018218 0.641700 -0.138376
v 0.027229 0.641700 -0.136888
v 0.036123 0.641700 -0.134814
v 0.044863 0.641700 -0.132163
v 0.053411 0.641700 -0.128946
v 0.061730 0.641700 -0.125177
v 0.069785 0.641700 -0.120871
v 0.077541 0.641700 -0.116048
v 0.084965 0.641700 -0.110728
v 0.092025 0.641700 -0.104934
v 0.098691 0.641700 -0.098691
v 0.104934 0.641700 -0.092025
v 0.110728 0.641700 -0.084965
v 0.116048 0.641700 -0.077541
v 0.120871 0.641700 -0.069785
v 0.125177 0.641700 -0.061730
v 0.128946 0.641700 -0.053411
v 0.132163 0.641700 -0.044863
v 0.134814 0.641700 -0.036123
v 0.136888 0.641700 -0.027229
v 0.138376 0.641700 -0.018218
v 0.139271 0.641700 -0.009128
v 0.136880 0.646000 0.000000
v 0.136587 0.646000 0.008952
v 0.135709 0.646000 0.017866
v 0.134250 0.646000 0.026704
v 0.132216 0.646000 0.035427
v 0.129616 0.646000 0.043999
v 0.126461 0.646000 0.052382
v 0.122764 0.646000 0.060540
v 0.118542 0.646000 0.068440
v 0.113812 0.646000 0.076046
v 0.108594 0.646000 0.083327
v 0.102912 0.646000 0.090251
v 0.096789 0.646000 0.096789
v 0.090251 0.646000 0.102912
v 0.083327 0.646000 0.108594
v 0.076046 0.646000 0.113812
v 0.068440 0.646000 0.118542
v 0.060540 0.646000 0.122764
v 0.052382 0.646000 0.126461
v 0.043999 0.646000 0.129616
v 0.035427 0.646000 0.132216
v 0.026704 0.646000 0.134250
v 0.017866 0.646000 0.135709
v 0.008952 0.646000 0.136587
v 0.000000 0.646000 0.136880
v -0.008952 0.646000 0.136587
v -0.017866 0.646000 0.135709
v -0.026704 0.646000 0.134250
v -0.035427 0.646000 0.132216
v -0.043999 0.646000 0.129616
v -0.052382 0.646000 0.126461
v -0.060540 0.646000 0.122764
v -0.068440 0.646000 0.118542
v -0.076046 0.646000 0.113812
v -0.083327 0.646000 0.108594
v -0.090251 0.646000 0.102912
v -0.096789 0.646000 0.096789
v -0.102912 0.646000 0.090251
v -0.108594 0.646000 0.083327
v -0.113812 0.646000 0.076046
v -0.118542 0.646000 0.068440
v -0.122764 0.646000 0.060540
v -0.126461 0.646000 0.052382
v -0.129616 0.646000 0.043999
v -0.132216 0.646000 0.035427
v -0.134250 0.646000 0.026704
v -0.135709 0.646000 0.017866
v -0.136587 0.646000 0.008952
v -0.136880 0.646000 0.000000
v -0.136587 0.646000 -0.008952
v -0.135709 0.646000 -0.017866
v -0.134250 0.646000 -0.026704
v -0.132216 0.646000 -0.035427
v -0.129616 0.646000 -0.043999
v -0.126461 0.646000 -0.052382
v -0.122764 0.646000 -0.060540
v -0.118542 0.646000 -0.068440
v -0.113812 0.646000 -0.076046
v -0.108594 0.646000 -0.083327
v -0.102912 0.646000 -0.090251
v -0.096789 0.646000 -0.096789
v -0.090251 0.646000 -0.102912
v -0.083327 0.646000 -0.108594
v -0.076046 0.646000 -0.113812
v -0.068440 0.646000 -0.118542
v -0.060540 0.646000 -0.122764
v -0.052382 0.646000 -0.126461
v -0.043999 0.646000 -0.129616
v -0.035427 0.646000 -0.132216
v -0.026704 0.646000 -0.134250
v -0.017866 0.646000 -0.135709
v -0.008952 0.646000 -0.136587
v -0.000000 0.646000 -0.136880
v 0.008952 0.646000 -0.136587
v 0.017866 0.646000 -0.135709
v 0.026704 0.646000 -0.134250
v 0.035427 0.646000 -0.132216
v 0.043999 0.646000 -0.129616
v 0.052382 0.646000 -0.126461
v 0.060540 0.646000 -0.122764
v 0.068440 0.646000 -0.118542
v 0.076046 0.646000 -0.113812
v 0.083327 0.646000 -0.108594
v 0.090251 0.646000 -0.102912
v 0.096789 0.646000 -0.096789
v 0.102912 0.646000 -0.090251
v 0.108594 0.646000 -0.083327
v 0.113812 0.646000 -0.076046
v 0.118542 0.646000 -0.068440
v 0.122764 0.646000 -0.060540
v 0.126461 0.646000 -0.052382
v 0.129616 0.646000 -0.043999
v 0.132216 0.646000 -0.035427
v 0.134250 0.646000 -0.026704
v 0.135709 0.646000 -0.017866
v 0.136587 0.646000 -0.008952
v 0.133710 0.651700 0.000000
v 0.133424 0.651700 0.008745
v 0.132566 0.651700 0.017453
v 0.131141 0.651700 0.026086
v 0.129154 0.651700 0.034607
v 0.126614 0.651700 0.042980
v 0.123532 0.651700 0.051169
v 0.119921 0.651700 0.059138
v 0.115796 0.651700 0.066855
v 0.111176 0.651700 0.074285
v 0.106079 0.651700 0.081397
v 0.100529 0.651700 0.088161
v 0.094547 0.651700 0.094547
v 0.088161 0.651700 0.100529
v 0.081397 0.651700 0.106079
v 0.074285 0.651700 0.111176
v 0.066855 0.651700 0.115796
v 0.059138 0.651700 0.119921
v 0.051169 0.651700 0.123532
v 0.042980 0.651700 0.126614
v 0.034607 0.651700 0.129154
v 0.026086 0.651700 0.131141
v 0.017453 0.651700 0.132566
v 0.008745 0.651700 0.133424
v 0.000000 0.651700 0.133710
v -0.008745 0.651700 0.133424
v -0.017453 0.651700 0.132566
v -0.026086 0.651700 0.131141
v -0.034607 0.651700 0.129154
v -0.042980 0.651700 0.126614
v -0.051169 0.651700 0.123532
v -0.059138 0.651700 0.119921
v -0.066855 0.651700 0.115796
v -0.074285 0.651700 0.111176
v -0.081397 0.651700 0.106079
v -0.088161 0.651700 0.100529
v -0.094547 0.651700 0.094547
v -0.100529 0.651700 0.088161
v -0.106079 0.651700 0.081397
v -0.111176 0.651700 0.074285
v -0.115796 0.651700 0.066855
v -0.119921 0.651700 0.059138
v -0.123532 0.651700 0.051169
v -0.126614 0.651700 0.042980
v -0.129154 0.651700 0.034607
v -0.131141 0.651700 0.026086
v -0.132566 0.651700 0.017453
v -0.133424 0.651700 0.008745
v -0.133710 0.651700 0.000000
v -0.133424 0.651700 -0.008745
v -0.132566 0.651700 -0.017453
v -0.131141 0.651700 -0.026086
v -0.129154 0.651700 -0.034607
v -0.126614 0.651700 -0.042980
v -0.123532 0.651700 -0.051169
v -0.119921 0.651700 -0.059138
v -0.115796 0.651700 -0.066855
v -0.111176 0.651700 -0.074285
v -0.106079 0.651700 -0.081397
v -0.100529 0.651700 -0.088161
v -0.094547 0.651700 -0.094547
v -0.088161 0.651700 -0.100529
v -0.081397 0.651700 -0.106079
v -0.074285 0.651700 -0.111176
v -0.066855 0.651700 -0.115796
v -0.059138 0.651700 -0.119921
v -0.051169 0.651700 -0.123532
v -0.042980 0.651700 -0.126614
v -0.034607 0.651700 -0.129154
v -0.026086 0.651700 -0.131141
v -0.017453 0.651700 -0.132566
v -0.008745 0.651700 -0.133424
v -0.000000 0.651700 -0.133710
v 0.008745 0.651700 -0.133424
v 0.017453 0.651700 -0.132566
v 0.026086 0.651700 -0.131141
v 0.034607 0.651700 -0.129154
v 0.042980 0.651700 -0.126614
v 0.051169 0.651700 -0.123532
v 0.059138 0.651700 -0.119921
v 0.066855 0.651700 -0.115796
v 0.074285 0.651700 -0.111176
v 0.081397 0.651700 -0.106079
v 0.088161 0.651700 -0.100529
v 0.094547 0.651700 -0.094547
v 0.100529 0.651700 -0.088161
v 0.106079 0.651700 -0.081397
v 0.111176 0.651700 -0.074285
v 0.115796 0.651700 -0.066855
v 0.119921 0.651700 -0.059138
v 0.123532 0.651700 -0.051169
v 0.126614 0.651700 -0.042980
v 0.129154 0.651700 -0.034607
v 0.131141 0.651700 -0.026086
v 0.132566 0.651700 -0.017453
v 0.133424 0.651700 -0.008745
v 0.130000 0.660000 0.000000
v 0.129722 0.660000 0.008502
v 0.128888 0.660000 0.016968
v 0.127502 0.660000 0.025362
v 0.125570 0.660000 0.033646
v 0.123101 0.660000 0.041787
v 0.120104 0.660000 0.049749
v 0.116593 0.660000 0.057498
v 0.112583 0.660000 0.065000
v 0.108091 0.660000 0.072224
v 0.103136 0.660000 0.079139
v 0.097739 0.660000 0.085715
v 0.091924 0.660000 0.091924
v 0.085715 0.660000 0.097739
v 0.079139 0.660000 0.103136
v 0.072224 0.660000 0.108091
v 0.065000 0.660000 0.112583
v 0.057498 0.660000 0.116593
v 0.049749 0.660000 0.120104
v 0.041787 0.660000 0.123101
v 0.033646 0.660000 0.125570
v 0.025362 0.660000 0.127502
v 0.016968 0.660000 0.128888
v 0.008502 0.660000 0.129722
v 0.000000 0.660000 0.130000
v -0.008502 0.660000 0.129722
v -0.016968 0.660000 0.128888
v -0.025362 0.660000 0.127502
v -0.033646 0.660000 0.125570
v -0.041787 0.660000 0.123101
v -0.049749 0.660000 0.120104
v -0.057498 0.660000 0.116593
v -0.065000 0.660000 0.112583
v -0.072224 0.660000 0.108091
v -0.079139 0.660000 0.103136
v -0.085715 0.660000 0.097739
v -0.091924 0.660000 0.091924
v -0.097739 0.660000 0.085715
v -0.103136 0.660000 0.079139
v -0.108091 0.660000 0.072224
v -0.112583 0.660000 0.065000
v -0.116593 0.660000 0.057498
v -0.120104 0.660000 0.049749
v -0.123101 0.660000 0.041787
v -0.125570 0.660000 0.033646
v -0.127502 0.660000 0.025362
v -0.128888 0.660000 0.016968
v -0.129722 0.660000 0.008502
v -0.130000 0.660000 0.000000
v -0.129722 0.660000 -0.008502
v -0.128888 0.660000 -0.016968
v -0.127502 0.660000 -0.025362
v -0.125570 0.660000 -0.033646
v -0.123101 0.660000 -0.041787
v -0.120104 0.660000 -0.049749
v -0.116593 0.660000 -0.057498
v -0.112583 0.660000 -0.065000
v -0.108091 0.660000 -0.072224
v -0.103136 0.660000 -0.079139
v -0.097739 0.660000 -0.085715
v -0.091924 0.660000 -0.091924
v -0.085715 0.660000 -0.097739
v -0.079139 0.660000 -0.103136
v -0.072224 0.660000 -0.108091
v -0.065000 0.660000 -0.112583
v -0.057498 0.660000 -0.116593
v -0.049749 0.660000 -0.120104
v -0.041787 0.660000 -0.123101
v -0.033646 0.660000 -0.125570
v -0.025362 0.660000 -0.127502
v -0.016968 0.660000 -0.128888
v -0.008502 0.660000 -0.129722
v -0.000000 0.660000 -0.130000
v 0.008502 0.660000 -0.129722
v 0.016968 0.660000 -0.128888
v 0.025362 0.660000 -0.127502
v 0.033646 0.660000 -0.125570
v 0.041787 0.660000 -0.123101
v 0.049749 0.660000 -0.120104
v 0.057498 0.660000 -0.116593
v 0.065000 0.660000 -0.112583
v 0.072224 0.660000 -0.108091
v 0.079139 0.660000 -0.103136
v 0.085715 0.660000 -0.097739
v 0.091924 0.660000 -0.091924
v 0.097739 0.660000 -0.085715
v 0.103136 0.660000 -0.079139
v 0.108091 0.660000 -0.072224
v 0.112583 0.660000 -0.065000
v 0.116593 0.660000 -0.057498
v 0.120104 0.660000 -0.049749
v 0.123101 0.660000 -0.041787
v 0.125570 0.660000 -0.033646
v 0.127502 0.660000 -0.025362
v 0.128888 0.660000 -0.016968
v 0.129722 0.660000 -0.008502
v 0.125440 0.669900 0.000000
v 0.125171 0.669900 0.008204
v 0.124367 0.669900 0.016373
v 0.123030 0.669900 0.024472
v 0.121166 0.669900 0.032466
v 0.118783 0.669900 0.040321
v 0.115891 0.669900 0.048004
v 0.112504 0.669900 0.055481
v 0.108634 0.669900 0.062720
v 0.104300 0.669900 0.069691
v 0.099518 0.669900 0.076363
v 0.094311 0.669900 0.082708
v 0.088699 0.669900 0.088699
v 0.082708 0.669900 0.094311
v 0.076363 0.669900 0.099518
v 0.069691 0.669900 0.104300
v 0.062720 0.669900 0.108634
v 0.055481 0.669900 0.112504
v 0.048004 0.669900 0.115891
v 0.040321 0.669900 0.118783
v 0.032466 0.669900 0.121166
v 0.024472 0.669900 0.123030
v 0.016373 0.669900 0.124367
v 0.008204 0.669900 0.125171
v 0.000000 0.669900 0.125440
v -0.008204 0.669900 0.125171
v -0.016373 0.669900 0.124367
v -0.024472 0.669900 0.123030
v -0.032466 0.669900 0.121166
v -0.040321 0.669900 0.118783
v -0.048004 0.669900 0.115891
v -0.055481 0.669900 0.112504
v -0.062720 0.669900 0.108634
v -0.069691 0.669900 0.104300
v -0.076363 0.669900 0.099518
v -0.082708 0.669900 0.094311
v -0.088699 0.669900 0.088699
v -0.094311 0.669900 0.082708
v -0.099518 0.669900 0.076363
v -0.104300 0.669900 0.069691
v -0.108634 0.669900 0.062720
v -0.112504 0.669900 0.055481
v -0.115891 0.669900 0.048004
v -0.118783 0.669900 0.040321
v -0.121166 0.669900 0.032466
v -0.123030 0.669900 0.024472
v -0.124367 0.669900 0.016373
v -0.125171 0.669900 0.008204
v -0.125440 0.669900 0.000000
v -0.125171 0.669900 -0.008204
v -0.124367 0.669900 -0.016373
v -0.123030 0.669900 -0.024472
v -0.121166 0.669900 -0.032466
v -0.118783 0.669900 -0.040321
v -0.115891 0.669900 -0.048004
v -0.112504 0.669900 -0.055481
v -0.108634 0.669900 -0.062720
v -0.104300 0.669900 -0.069691
v -0.099518 0.669900 -0.076363
v -0.094311 0.669900 -0.082708
v -0.088699 0.669900 -0.088699
v -0.082708 0.669900 -0.094311
v -0.076363 0.669900 -0.099518
v -0.069691 0.669900 -0.104300
v -0.062720 0.669900 -0.108634
v -0.055481 0.669900 -0.112504
v -0.048004 0.669900 -0.115891
v -0.040321 0.669900 -0.118783
v -0.032466 0.669900 -0.121166
v -0.024472 0.669900 -0.123030
v -0.016373 0.669900 -0.124367
v -0.008204 0.669900 -0.125171
v -0.000000 0.669900 -0.125440
v 0.008204 0.669900 -0.125171
v 0.016373 0.669900 -0.124367
v 0.024472 0.669900 -0.123030
v 0.032466 0.669900 -0.121166
v 0.040321 0.669900 -0.118783
v 0.048004 0.669900 -0.115891
v 0.055481 0.669900 -0.112504
v 0.062720 0.669900 -0.108634
v 0.069691 0.669900 -0.104300
v 0.076363 0.669900 -0.099518
v 0.082708 0.669900 -0.094311
v 0.088699 0.669900 -0.088699
v 0.094311 0.669900 -0.082708
v 0.099518 0.669900 -0.076363
v 0.104300 0.669900 -0.069691
v 0.108634 0.669900 -0.062720
v 0.112504 0.669900 -0.055481
v 0.115891 0.669900 -0.048004
v 0.118783 0.669900 -0.040321
v 0.121166 0.669900 -0.032466
v 0.123030 0.669900 -0.024472
v 0.124367 0.669900 -0.016373
v 0.125171 0.669900 -0.008204
v 0.119920 0.679600 0.000000
v 0.119663 0.679600 0.007843
v 0.118894 0.679600 0.015653
v 0.117616 0.679600 0.023395
v 0.115834 0.679600 0.031038
v 0.113556 0.679600 0.038547
v 0.110792 0.679600 0.045891
v 0.107553 0.679600 0.053039
v 0.103854 0.679600 0.059960
v 0.099710 0.679600 0.066624
v 0.095139 0.679600 0.073003
v 0.090161 0.679600 0.079069
v 0.084796 0.679600 0.084796
v 0.079069 0.679600 0.090161
v 0.073003 0.679600 0.095139
v 0.066624 0.679600 0.099710
v 0.059960 0.679600 0.103854
v 0.053039 0.679600 0.107553
v 0.045891 0.679600 0.110792
v 0.038547 0.679600 0.113556
v 0.031038 0.679600 0.115834
v 0.023395 0.679600 0.117616
v 0.015653 0.679600 0.118894
v 0.007843 0.679600 0.119663
v 0.000000 0.679600 0.119920
v -0.007843 0.679600 0.119663
v -0.015653 0.679600 0.118894
v -0.023395 0.679600 0.117616
v -0.031038 0.679600 0.115834
v -0.038547 0.679600 0.113556
v -0.045891 0.679600 0.110792
v -0.053039 0.679600 0.107553
v -0.059960 0.679600 0.103854
v -0.066624 0.679600 0.099710
v -0.073003 0.679600 0.095139
v -0.079069 0.679600 0.090161
v -0.084796 0.679600 0.084796
v -0.090161 0.679600 0.079069
v -0.095139 0.679600 0.073003
v -0.099710 0.679600 0.066624
v -0.103854 0.679600 0.059960
v -0.107553 0.679600 0.053039
v -0.110792 0.679600 0.045891
v -0.113556 0.679600 0.038547
v -0.115834 0.679600 0.031038
v -0.117616 0.679600 0.023395
v -0.118894 0.679600 0.015653
v -0.119663 0.679600 0.007843
v -0.119920 0.679600 0.000000
v -0.119663 0.679600 -0.007843
v -0.118894 0.679600 -0.015653
v -0.117616 0.679600 -0.023395
v -0.115834 0.679600 -0.031038
v -0.113556 0.679600 -0.038547
v -0.110792 0.679600 -0.045891
v -0.107553 0.679600 -0.053039
v -0.103854 0.679600 -0.059960
v -0.099710 0.679600 -0.066624
v -0.095139 0.679600 -0.073003
v -0.090161 0.679600 -0.079069
v -0.084796 0.679600 -0.084796
v -0.079069 0.679600 -0.090161
v -0.073003 0.679600 -0.095139
v -0.066624 0.679600 -0.099710
v -0.059960 0.679600 -0.103854
v -0.053039 0.679600 -0.107553
v -0.045891 0.679600 -0.110792
v -0.038547 0.679600 -0.113556
v -0.031038 0.679600 -0.115834
v -0.023395 0.679600 -0.117616
v -0.015653 0.679600 -0.118894
v -0.007843 0.679600 -0.119663
v -0.000000 0.679600 -0.119920
v 0.007843 0.679600 -0.119663
v 0.015653 0.679600 -0.118894
v 0.023395 0.679600 -0.117616
v 0.031038 0.679600 -0.115834
v 0.038547 0.679600 -0.113556
v 0.045891 0.679600 -0.110792
v 0.053039 0.679600 -0.107553
v 0.059960 0.679600 -0.103854
v 0.066624 0.679600 -0.099710
v 0.073003 0.679600 -0.095139
v 0.079069 0.679600 -0.090161
v 0.084796 0.679600 -0.084796
v 0.090161 0.679600 -0.079069
v 0.095139 0.679600 -0.073003
v 0.099710 0.679600 -0.066624
v 0.103854 0.679600 -0.059960
v 0.107553 0.679600 -0.053039
v 0.110792 0.679600 -0.045891
v 0.113556 0.679600 -0.038547
v 0.115834 0.679600 -0.031038
v 0.117616 0.679600 -0.023395
v 0.118894 0.679600 -0.015653
v 0.119663 0.679600 -0.007843
v 0.113680 0.689100 0.000000
v 0.113437 0.689100 0.007435
v 0.112707 0.689100 0.014838
v 0.111496 0.689100 0.022178
v 0.109806 0.689100 0.029423
v 0.107647 0.689100 0.036541
v 0.105027 0.689100 0.043503
v 0.101956 0.689100 0.050279
v 0.098450 0.689100 0.056840
v 0.094521 0.689100 0.063157
v 0.090188 0.689100 0.069204
v 0.085469 0.689100 0.074954
v 0.080384 0.689100 0.080384
v 0.074954 0.689100 0.085469
v 0.069204 0.689100 0.090188
v 0.063157 0.689100 0.094521
v 0.056840 0.689100 0.098450
v 0.050279 0.689100 0.101956
v 0.043503 0.689100 0.105027
v 0.036541 0.689100 0.107647
v 0.029423 0.689100 0.109806
v 0.022178 0.689100 0.111496
v 0.014838 0.689100 0.112707
v 0.007435 0.689100 0.113437
v 0.000000 0.689100 0.113680
v -0.007435 0.689100 0.113437
v -0.014838 0.689100 0.112707
v -0.022178 0.689100 0.111496
v -0.029423 0.689100 0.109806
v -0.036541 0.689100 0.107647
v -0.043503 0.689100 0.105027
v -0.050279 0.689100 0.101956
v -0.056840 0.689100 0.098450
v -0.063157 0.689100 0.094521
v -0.069204 0.689100 0.090188
v -0.074954 0.689100 0.085469
v -0.080384 0.689100 0.080384
v -0.085469 0.689100 0.074954
v -0.090188 0.689100 0.069204
v -0.094521 0.689100 0.063157
v -0.098450 0.689100 0.056840
v -0.101956 0.689100 0.050279
v -0.105027 0.689100 0.043503
v -0.107647 0.689100 0.036541
v -0.109806 0.689100 0.029423
v -0.111496 0.689100 0.022178
v -0.112707 0.689100 0.014838
v -0.113437 0.689100 0.007435
v -0.113680 0.689100 0.000000
v -0.113437 0.689100 -0.007435
v -0.112707 0.689100 -0.014838
v -0.111496 0.689100 -0.022178
v -0.109806 0.689100 -0.029423
v -0.107647 0.689100 -0.036541
v -0.105027 0.689100 -0.043503
v -0.101956 0.689100 -0.050279
v -0.098450 0.689100 -0.056840
v -0.094521 0.689100 -0.063157
v -0.090188 0.689100 -0.069204
v -0.085469 0.689100 -0.074954
v -0.080384 0.689100 -0.080384
v -0.074954 0.689100 -0.085469
v -0.069204 0.689100 -0.090188
v -0.063157 0.689100 -0.094521
v -0.056840 0.689100 -0.098450
v -0.050279 0.689100 -0.101956
v -0.043503 0.689100 -0.105027
v -0.036541 0.689100 -0.107647
v -0.029423 0.689100 -0.109806
v -0.022178 0.689100 -0.111496
v -0.014838 0.689100 -0.112707
v -0.007435 0.689100 -0.113437
v -0.000000 0.689100 -0.113680
v 0.007435 0.689100 -0.113437
v 0.014838 0.689100 -0.112707
v 0.022178 0.689100 -0.111496
v 0.029423 0.689100 -0.109806
v 0.036541 0.689100 -0.107647
v 0.043503 0.689100 -0.105027
v 0.050279 0.689100 -0.101956
v 0.056840 0.689100 -0.098450
v 0.063157 0.689100 -0.094521
v 0.069204 0.689100 -0.090188
v 0.074954 0.689100 -0.085469
v 0.080384 0.689100 -0.080384
v 0.085469 0.689100 -0.074954
v 0.090188 0.689100 -0.069204
v 0.094521 0.689100 -0.063157
v 0.098450 0.689100 -0.056840
v 0.101956 0.689100 -0.050279
v 0.105027 0.689100 -0.043503
v 0.107647 0.689100 -0.036541
v 0.109806 0.689100 -0.029423
v 0.111496 0.689100 -0.022178
v 0.112707 0.689100 -0.014838
v 0.113437 0.689100 -0.007435
v 0.106960 0.698400 0.000000
v 0.106731 0.698400 0.006996
v 0.106045 0.698400 0.013961
v 0.104905 0.698400 0.020867
v 0.103315 0.698400 0.027683
v 0.101284 0.698400 0.034381
v 0.098818 0.698400 0.040932
v 0.095930 0.698400 0.047307
v 0.092630 0.698400 0.053480
v 0.088934 0.698400 0.059424
v 0.084857 0.698400 0.065113
v 0.080417 0.698400 0.070524
v 0.075632 0.698400 0.075632
v 0.070524 0.698400 0.080417
v 0.065113 0.698400 0.084857
v 0.059424 0.698400 0.088934
v 0.053480 0.698400 0.092630
v 0.047307 0.698400 0.095930
v 0.040932 0.698400 0.098818
v 0.034381 0.698400 0.101284
v 0.027683 0.698400 0.103315
v 0.020867 0.698400 0.104905
v 0.013961 0.698400 0.106045
v 0.006996 0.698400 0.106731
v 0.000000 0.698400 0.106960
v -0.006996 0.698400 0.106731
v -0.013961 0.698400 0.106045
v -0.020867 0.698400 0.104905
v -0.027683 0.698400 0.103315
v -0.034381 0.698400 0.101284
v -0.040932 0.698400 0.098818
v -0.047307 0.698400 0.095930
v -0.053480 0.698400 0.092630
v -0.059424 0.698400 0.088934
v -0.065113 0.698400 0.084857
v -0.070524 0.698400 0.080417
v -0.075632 0.698400 0.075632
v -0.080417 0.698400 0.070524
v -0.084857 0.698400 0.065113
v -0.088934 0.698400 0.059424
v -0.092630 0.698400 0.053480
v -0.095930 0.698400 0.047307
v -0.098818 0.698400 0.040932
v -0.101284 0.698400 0.034381
v -0.103315 0.698400 0.027683
v -0.104905 0.698400 0.020867
v -0.106045 0.698400 0.013961
v -0.106731 0.698400 0.006996
v -0.106960 0.698400 0.000000
v -0.106731 0.698400 -0.006996
v -0.106045 0.698400 -0.013961
v -0.104905 0.698400 -0.020867
v -0.103315 0.698400 -0.027683
v -0.101284 0.698400 -0.034381
v -0.098818 0.698400 -0.040932
v -0.095930 0.698400 -0.047307
v -0.092630 0.698400 -0.053480
v -0.088934 0.698400 -0.059424
v -0.084857 0.698400 -0.065113
v -0.080417 0.698400 -0.070524
v -0.075632 0.698400 -0.075632
v -0.070524 0.698400 -0.080417
v -0.065113 0.698400 -0.084857
v -0.059424 0.698400 -0.088934
v -0.053480 0.698400 -0.092630
v -0.047307 0.698400 -0.095930
v -0.040932 0.698400 -0.098818
v -0.034381 0.698400 -0.101284
v -0.027683 0.698400 -0.103315
v -0.020867 0.698400 -0.104905
v -0.013961 0.698400 -0.106045
v -0.006996 0.698400 -0.106731
v -0.000000 0.698400 -0.106960
v 0.006996 0.698400 -0.106731
v 0.013961 0.698400 -0.106045
v 0.020867 0.698400 -0.104905
v 0.027683 0.698400 -0.103315
v 0.034381 0.698400 -0.101284
v 0.040932 0.698400 -0.098818
v 0.047307 0.698400 -0.095930
v 0.053480 0.698400 -0.092630
v 0.059424 0.698400 -0.088934
v 0.065113 0.698400 -0.084857
v 0.070524 0.698400 -0.080417
v 0.075632 0.698400 -0.075632
v 0.080417 0.698400 -0.070524
v 0.084857 0.698400 -0.065113
v 0.088934 0.698400 -0.059424
v 0.092630 0.698400 -0.053480
v 0.095930 0.698400 -0.047307
v 0.098818 0.698400 -0.040932
v 0.101284 0.698400 -0.034381
v 0.103315 0.698400 -0.027683
v 0.104905 0.698400 -0.020867
v 0.106045 0.698400 -0.013961
v 0.106731 0.698400 -0.006996
v 0.100000 0.707500 0.000000
v 0.099786 0.707500 0.006540
v 0.099144 0.707500 0.013053
v 0.098079 0.707500 0.019509
v 0.096593 0.707500 0.025882
v 0.094693 0.707500 0.032144
v 0.092388 0.707500 0.038268
v 0.089687 0.707500 0.044229
v 0.086603 0.707500 0.050000
v 0.083147 0.707500 0.055557
v 0.079335 0.707500 0.060876
v 0.075184 0.707500 0.065935
v 0.070711 0.707500 0.070711
v 0.065935 0.707500 0.075184
v 0.060876 0.707500 0.079335
v 0.055557 0.707500 0.083147
v 0.050000 0.707500 0.086603
v 0.044229 0.707500 0.089687
v 0.038268 0.707500 0.092388
v 0.032144 0.707500 0.094693
v 0.025882 0.707500 0.096593
v 0.019509 0.707500 0.098079
v 0.013053 0.707500 0.099144
v 0.006540 0.707500 0.099786
v 0.000000 0.707500 0.100000
v -0.006540 0.707500 0.099786
v -0.013053 0.707500 0.099144
v -0.019509 0.707500 0.098079
v -0.025882 0.707500 0.096593
v -0.032144 0.707500 0.094693
v -0.038268 0.707500 0.092388
v -0.044229 0.707500 0.089687
v -0.050000 0.707500 0.086603
v -0.055557 0.707500 0.083147
v -0.060876 0.707500 0.079335
v -0.065935 0.707500 0.075184
v -0.070711 0.707500 0.070711
v -0.075184 0.707500 0.065935
v -0.079335 0.707500 0.060876
v -0.083147 0.707500 0.055557
v -0.086603 0.707500 0.050000
v -0.089687 0.707500 0.044229
v -0.092388 0.707500 0.038268
v -0.094693 0.707500 0.032144
v -0.096593 0.707500 0.025882
v -0.098079 0.707500 0.019509
v -0.099144 0.707500 0.013053
v -0.099786 0.707500 0.006540
v -0.100000 0.707500 0.000000
v -0.099786 0.707500 -0.006540
v -0.099144 0.707500 -0.013053
v -0.098079 0.707500 -0.019509
v -0.096593 0.707500 -0.025882
v -0.094693 0.707500 -0.032144
v -0.092388 0.707500 -0.038268
v -0.089687 0.707500 -0.044229
v -0.086603 0.707500 -0.050000
v -0.083147 0.707500 -0.055557
v -0.079335 0.707500 -0.060876
v -0.075184 0.707500 -0.065935
v -0.070711 0.707500 -0.070711
v -0.065935 0.707500 -0.075184
v -0.060876 0.707500 -0.079335
v -0.055557 0.707500 -0.083147
v -0.050000 0.707500 -0.086603
v -0.044229 0.707500 -0.089687
v -0.038268 0.707500 -0.092388
v -0.032144 0.707500 -0.094693
v -0.025882 0.707500 -0.096593
v -0.019509 0.707500 -0.098079
v -0.013053 0.707500 -0.099144
v -0.006540 0.707500 -0.099786
v -0.000000 0.707500 -0.100000
v 0.006540 0.707500 -0.099786
v 0.013053 0.707500 -0.099144
v 0.019509 0.707500 -0.098079
v 0.025882 0.707500 -0.096593
v 0.032144 0.707500 -0.094693
v 0.038268 0.707500 -0.092388
v 0.044229 0.707500 -0.089687
v 0.050000 0.707500 -0.086603
v 0.055557 0.707500 -0.083147
v 0.060876 0.707500 -0.079335
v 0.065935 0.707500 -0.075184
v 0.070711 0.707500 -0.070711
v 0.075184 0.707500 -0.065935
v 0.079335 0.707500 -0.060876
v 0.083147 0.707500 -0.055557
v 0.086603 0.707500 -0.050000
v 0.089687 0.707500 -0.044229
v 0.092388 0.707500 -0.038268
v 0.094693 0.707500 -0.032144
v 0.096593 0.707500 -0.025882
v 0.098079 0.707500 -0.019509
v 0.099144 0.707500 -0.013053
v 0.099786 0.707500 -0.006540
v 0.093040 0.716400 0.000000
v 0.092841 0.716400 0.006085
v 0.092244 0.716400 0.012144
v 0.091252 0.716400 0.018151
v 0.089870 0.716400 0.024081
v 0.088102 0.716400 0.029907
v 0.085958 0.716400 0.035605
v 0.083445 0.716400 0.041151
v 0.080575 0.716400 0.046520
v 0.077360 0.716400 0.051690
v 0.073814 0.716400 0.056639
v 0.069951 0.716400 0.061346
v 0.065789 0.716400 0.065789
v 0.061346 0.716400 0.069951
v 0.056639 0.716400 0.073814
v 0.051690 0.716400 0.077360
v 0.046520 0.716400 0.080575
v 0.041151 0.716400 0.083445
v 0.035605 0.716400 0.085958
v 0.029907 0.716400 0.088102
v 0.024081 0.716400 0.089870
v 0.018151 0.716400 0.091252
v 0.012144 0.716400 0.092244
v 0.006085 0.716400 0.092841
v 0.000000 0.716400 0.093040
v -0.006085 0.716400 0.092841
v -0.012144 0.716400 0.092244
v -0.018151 0.716400 0.091252
v -0.024081 0.716400 0.089870
v -0.029907 0.716400 0.088102
v -0.035605 0.716400 0.085958
v -0.041151 0.716400 0.083445
v -0.046520 0.716400 0.080575
v -0.051690 0.716400 0.077360
v -0.056639 0.716400 0.073814
v -0.061346 0.716400 0.069951
v -0.065789 0.716400 0.065789
v -0.069951 0.716400 0.061346
v -0.073814 0.716400 0.056639
v -0.077360 0.716400 0.051690
v -0.080575 0.716400 0.046520
v -0.083445 0.716400 0.041151
v -0.085958 0.716400 0.035605
v -0.088102 0.716400 0.029907
v -0.089870 0.716400 0.024081
v -0.091252 0.716400 0.018151
v -0.092244 0.716400 0.012144
v -0.092841 0.716400 0.006085
v -0.093040 0.716400 0.000000
v -0.092841 0.716400 -0.006085
v -0.092244 0.716400 -0.012144
v -0.091252 0.716400 -0.018151
v -0.089870 0.716400 -0.024081
v -0.088102 0.716400 -0.029907
v -0.085958 0.716400 -0.035605
v -0.083445 0.716400 -0.041151
v -0.080575 0.716400 -0.046520
v -0.077360 0.716400 -0.051690
v -0.073814 0.716400 -0.056639
v -0.069951 0.716400 -0.061346
v -0.065789 0.716400 -0.065789
v -0.061346 0.716400 -0.069951
v -0.056639 0.716400 -0.073814
v -0.051690 0.716400 -0.077360
v -0.046520 0.716400 -0.080575
v -0.041151 0.716400 -0.083445
v -0.035605 0.716400 -0.085958
v -0.029907 0.716400 -0.088102
v -0.024081 0.716400 -0.089870
v -0.018151 0.716400 -0.091252
v -0.012144 0.716400 -0.092244
v -0.006085 0.716400 -0.092841
v -0.000000 0.716400 -0.093040
v 0.006085 0.716400 -0.092841
v 0.012144 0.716400 -0.092244
v 0.018151 0.716400 -0.091252
v 0.024081 0.716400 -0.089870
v 0.029907 0.716400 -0.088102
v 0.035605 0.716400 -0.085958
v 0.041151 0.716400 -0.083445
v 0.046520 0.716400 -0.080575
v 0.051690 0.716400 -0.077360
v 0.056639 0.716400 -0.073814
v 0.061346 0.716400 -0.069951
v 0.065789 0.716400 -0.065789
v 0.069951 0.716400 -0.061346
v 0.073814 0.716400 -0.056639
v 0.077360 0.716400 -0.051690
v 0.080575 0.716400 -0.046520
v 0.083445 0.716400 -0.041151
v 0.085958 0.716400 -0.035605
v 0.088102 0.716400 -0.029907
v 0.089870 0.716400 -0.024081
v 0.091252 0.716400 -0.018151
v 0.092244 0.716400 -0.012144
v 0.092841 0.716400 -0.006085
v 0.086320 0.725100 0.000000
v 0.086135 0.725100 0.005646
v 0.085582 0.725100 0.011267
v 0.084661 0.725100 0.016840
v 0.083379 0.725100 0.022341
v 0.081739 0.725100 0.027747
v 0.079749 0.725100 0.033033
v 0.077418 0.725100 0.038178
v 0.074755 0.725100 0.043160
v 0.071772 0.725100 0.047957
v 0.068482 0.725100 0.052548
v 0.064899 0.725100 0.056915
v 0.061037 0.725100 0.061037
v 0.056915 0.725100 0.064899
v 0.052548 0.725100 0.068482
v 0.047957 0.725100 0.071772
v 0.043160 0.725100 0.074755
v 0.038178 0.725100 0.077418
v 0.033033 0.725100 0.079749
v 0.027747 0.725100 0.081739
v 0.022341 0.725100 0.083379
v 0.016840 0.725100 0.084661
v 0.011267 0.725100 0.085582
v 0.005646 0.725100 0.086135
v 0.000000 0.725100 0.086320
v -0.005646 0.725100 0.086135
v -0.011267 0.725100 0.085582
v -0.016840 0.725100 0.084661
v -0.022341 0.725100 0.083379
v -0.027747 0.725100 0.081739
v -0.033033 0.725100 0.079749
v -0.038178 0.725100 0.077418
v -0.043160 0.725100 0.074755
v -0.047957 0.725100 0.071772
v -0.052548 0.725100 0.068482
v -0.056915 0.725100 0.064899
v -0.061037 0.725100 0.061037
v -0.064899 0.725100 0.056915
v -0.068482 0.725100 0.052548
v -0.071772 0.725100 0.047957
v -0.074755 0.725100 0.043160
v -0.077418 0.725100 0.038178
v -0.079749 0.725100 0.033033
v -0.081739 0.725100 0.027747
v -0.083379 0.725100 0.022341
v -0.084661 0.725100 0.016840
v -0.085582 0.725100 0.011267
v -0.086135 0.725100 0.005646
v -0.086320 0.725100 0.000000
v -0.086135 0.725100 -0.005646
v -0.085582 0.725100 -0.011267
v -0.084661 0.725100 -0.016840
v -0.083379 0.725100 -0.022341
v -0.081739 0.725100 -0.027747
v -0.079749 0.725100 -0.033033
v -0.077418 0.725100 -0.038178
v -0.074755 0.725100 -0.043160
v -0.071772 0.725100 -0.047957
v -0.068482 0.725100 -0.052548
v -0.064899 0.725100 -0.056915
v -0.061037 0.725100 -0.061037
v -0.056915 0.725100 -0.064899
v -0.052548 0.725100 -0.068482
v -0.047957 0.725100 -0.071772
v -0.043160 0.725100 -0.074755
v -0.038178 0.725100 -0.077418
v -0.033033 0.725100 -0.079749
v -0.027747 0.725100 -0.081739
v -0.022341 0.725100 -0.083379
v -0.016840 0.725100 -0.084661
v -0.011267 0.725100 -0.085582
v -0.005646 0.725100 -0.086135
v -0.000000 0.725100 -0.086320
v 0.005646 0.725100 -0.086135
v 0.011267 0.725100 -0.085582
v 0.016840 0.725100 -0.084661
v 0.022341 0.725100 -0.083379
v 0.027747 0.725100 -0.081739
v 0.033033 0.725100 -0.079749
v 0.038178 0.725100 -0.077418
v 0.043160 0.725100 -0.074755
v 0.047957 0.725100 -0.071772
v 0.052548 0.725100 -0.068482
v 0.056915 0.725100 -0.064899
v 0.061037 0.725100 -0.061037
v 0.064899 0.725100 -0.056915
v 0.068482 0.725100 -0.052548
v 0.071772 0.725100 -0.047957
v 0.074755 0.725100 -0.043160
v 0.077418 0.725100 -0.038178
v 0.079749 0.725100 -0.033033
v 0.081739 0.725100 -0.027747
v 0.083379 0.725100 -0.022341
v 0.084661 0.725100 -0.016840
v 0.085582 0.725100 -0.011267
v 0.086135 0.725100 -0.005646
v 0.080080 0.733600 0.000000
v 0.079909 0.733600 0.005237
v 0.079395 0.733600 0.010453
v 0.078541 0.733600 0.015623
v 0.077351 0.733600 0.020726
v 0.075830 0.733600 0.025741
v 0.073984 0.733600 0.030645
v 0.071822 0.733600 0.035418
v 0.069351 0.733600 0.040040
v 0.066584 0.733600 0.044490
v 0.063532 0.733600 0.048750
v 0.060207 0.733600 0.052800
v 0.056625 0.733600 0.056625
v 0.052800 0.733600 0.060207
v 0.048750 0.733600 0.063532
v 0.044490 0.733600 0.066584
v 0.040040 0.733600 0.069351
v 0.035418 0.733600 0.071822
v 0.030645 0.733600 0.073984
v 0.025741 0.733600 0.075830
v 0.020726 0.733600 0.077351
v 0.015623 0.733600 0.078541
v 0.010453 0.733600 0.079395
v 0.005237 0.733600 0.079909
v 0.000000 0.733600 0.080080
v -0.005237 0.733600 0.079909
v -0.010453 0.733600 0.079395
v -0.015623 0.733600 0.078541
v -0.020726 0.733600 0.077351
v -0.025741 0.733600 0.075830
v -0.030645 0.733600 0.073984
v -0.035418 0.733600 0.071822
v -0.040040 0.733600 0.069351
v -0.044490 0.733600 0.066584
v -0.048750 0.733600 0.063532
v -0.052800 0.733600 0.060207
v -0.056625 0.733600 0.056625
v -0.060207 0.733600 0.052800
v -0.063532 0.733600 0.048750
v -0.066584 0.733600 0.044490
v -0.069351 0.733600 0.040040
v -0.071822 0.733600 0.035418
v -0.073984 0.733600 0.030645
v -0.075830 0.733600 0.025741
v -0.077351 0.733600 0.020726
v -0.078541 0.733600 0.015623
v -0.079395 0.733600 0.010453
v -0.079909 0.733600 0.005237
v -0.080080 0.733600 0.000000
v -0.079909 0.733600 -0.005237
v -0.079395 0.733600 -0.010453
v -0.078541 0.733600 -0.015623
v -0.077351 0.733600 -0.020726
v -0.075830 0.733600 -0.025741
v -0.073984 0.733600 -0.030645
v -0.071822 0.733600 -0.035418
v -0.069351 0.733600 -0.040040
v -0.066584 0.733600 -0.044490
v -0.063532 0.733600 -0.048750
v -0.060207 0.733600 -0.052800
v -0.056625 0.733600 -0.056625
v -0.052800 0.733600 -0.060207
v -0.048750 0.733600 -0.063532
v -0.044490 0.733600 -0.066584
v -0.040040 0.733600 -0.069351
v -0.035418 0.733600 -0.071822
v -0.030645 0.733600 -0.073984
v -0.025741 0.733600 -0.075830
v -0.020726 0.733600 -0.077351
v -0.015623 0.733600 -0.078541
v -0.010453 0.733600 -0.079395
v -0.005237 0.733600 -0.079909
v -0.000000 0.733600 -0.080080
v 0.005237 0.733600 -0.079909
v 0.010453 0.733600 -0.079395
v 0.015623 0.733600 -0.078541
v 0.020726 0.733600 -0.077351
v 0.025741 0.733600 -0.075830
v 0.030645 0.733600 -0.073984
v 0.035418 0.733600 -0.071822
v 0.040040 0.733600 -0.069351
v 0.044490 0.733600 -0.066584
v 0.048750 0.733600 -0.063532
v 0.052800 0.733600 -0.060207
v 0.056625 0.733600 -0.056625
v 0.060207 0.733600 -0.052800
v 0.063532 0.733600 -0.048750
v 0.066584 0.733600 -0.044490
v 0.069351 0.733600 -0.040040
v 0.071822 0.733600 -0.035418
v 0.073984 0.733600 -0.030645
v 0.075830 0.733600 -0.025741
v 0.077351 0.733600 -0.020726
v 0.078541 0.733600 -0.015623
v 0.079395 0.733600 -0.010453
v 0.079909 0.733600 -0.005237
v 0.074560 0.741900 0.000000
v 0.074400 0.741900 0.004876
v 0.073922 0.741900 0.009732
v 0.073127 0.741900 0.014546
v 0.072019 0.741900 0.019298
v 0.070603 0.741900 0.023967
v 0.068884 0.741900 0.028533
v 0.066871 0.741900 0.032977
v 0.064571 0.741900 0.037280
v 0.061994 0.741900 0.041423
v 0.059152 0.741900 0.045389
v 0.056057 0.741900 0.049161
v 0.052722 0.741900 0.052722
v 0.049161 0.741900 0.056057
v 0.045389 0.741900 0.059152
v 0.041423 0.741900 0.061994
v 0.037280 0.741900 0.064571
v 0.032977 0.741900 0.066871
v 0.028533 0.741900 0.068884
v 0.023967 0.741900 0.070603
v 0.019298 0.741900 0.072019
v 0.014546 0.741900 0.073127
v 0.009732 0.741900 0.073922
v 0.004876 0.741900 0.074400
v 0.000000 0.741900 0.074560
v -0.004876 0.741900 0.074400
v -0.009732 0.741900 0.073922
v -0.014546 0.741900 0.073127
v -0.019298 0.741900 0.072019
v -0.023967 0.741900 0.070603
v -0.028533 0.741900 0.068884
v -0.032977 0.741900 0.066871
v -0.037280 0.741900 0.064571
v -0.041423 0.741900 0.061994
v -0.045389 0.741900 0.059152
v -0.049161 0.741900 0.056057
v -0.052722 0.741900 0.052722
v -0.056057 0.741900 0.049161
v -0.059152 0.741900 0.045389
v -0.061994 0.741900 0.041423
v -0.064571 0.741900 0.037280
v -0.066871 0.741900 0.032977
v -0.068884 0.741900 0.028533
v -0.070603 0.741900 0.023967
v -0.072019 0.741900 0.019298
v -0.073127 0.741900 0.014546
v -0.073922 0.741900 0.009732
v -0.074400 0.741900 0.004876
v -0.074560 0.741900 0.000000
v -0.074400 0.741900 -0.004876
v -0.073922 0.741900 -0.009732
v -0.073127 0.741900 -0.014546
v -0.072019 0.741900 -0.019298
v -0.070603 0.741900 -0.023967
v -0.068884 0.741900 -0.028533
v -0.066871 0.741900 -0.032977
v -0.064571 0.741900 -0.037280
v -0.061994 0.741900 -0.041423
v -0.059152 0.741900 -0.045389
v -0.056057 0.741900 -0.049161
v -0.052722 0.741900 -0.052722
v -0.049161 0.741900 -0.056057
v -0.045389 0.741900 -0.059152
v -0.041423 0.741900 -0.061994
v -0.037280 0.741900 -0.064571
v -0.032977 0.741900 -0.066871
v -0.028533 0.741900 -0.068884
v -0.023967 0.741900 -0.070603
v -0.019298 0.741900 -0.072019
v -0.014546 0.741900 -0.073127
v -0.009732 0.741900 -0.073922
v -0.004876 0.741900 -0.074400
v -0.000000 0.741900 -0.074560
v 0.004876 0.741900 -0.074400
v 0.009732 0.741900 -0.073922
v 0.014546 0.741900 -0.073127
v 0.019298 0.741900 -0.072019
v 0.023967 0.741900 -0.070603
v 0.028533 0.741900 -0.068884
v 0.032977 0.741900 -0.066871
v 0.037280 0.741900 -0.064571
v 0.041423 0.741900 -0.061994
v 0.045389 0.741900 -0.059152
v 0.049161 0.741900 -0.056057
v 0.052722 0.741900 -0.052722
v 0.056057 0.741900 -0.049161
v 0.059152 0.741900 -0.045389
v 0.061994 0.741900 -0.041423
v 0.064571 0.741900 -0.037280
v 0.066871 0.741900 -0.032977
v 0.068884 0.741900 -0.028533
v 0.070603 0.741900 -0.023967
v 0.072019 0.741900 -0.019298
v 0.073127 0.741900 -0.014546
v 0.073922 0.741900 -0.009732
v 0.074400 0.741900 -0.004876
v 0.070000 0.750000 0.000000
v 0.069850 0.750000 0.004578
v 0.069401 0.750000 0.009137
v 0.068655 0.750000 0.013656
v 0.067615 0.750000 0.018117
v 0.066285 0.750000 0.022501
v 0.064672 0.750000 0.026788
v 0.062781 0.750000 0.030960
v 0.060622 0.750000 0.035000
v 0.058203 0.750000 0.038890
v 0.055535 0.750000 0.042613
v 0.052629 0.750000 0.046154
v 0.049497 0.750000 0.049497
v 0.046154 0.750000 0.052629
v 0.042613 0.750000 0.055535
v 0.038890 0.750000 0.058203
v 0.035000 0.750000 0.060622
v 0.030960 0.750000 0.062781
v 0.026788 0.750000 0.064672
v 0.022501 0.750000 0.066285
v 0.018117 0.750000 0.067615
v 0.013656 0.750000 0.068655
v 0.009137 0.750000 0.069401
v 0.004578 0.750000 0.069850
v 0.000000 0.750000 0.070000
v -0.004578 0.750000 0.069850
v -0.009137 0.750000 0.069401
v -0.013656 0.750000 0.068655
v -0.018117 0.750000 0.067615
v -0.022501 0.750000 0.066285
v -0.026788 0.750000 0.064672
v -0.030960 0.750000 0.062781
v -0.035000 0.750000 0.060622
v -0.038890 0.750000 0.058203
v -0.042613 0.750000 0.055535
v -0.046154 0.750000 0.052629
v -0.049497 0.750000 0.049497
v -0.052629 0.750000 0.046154
v -0.055535 0.750000 0.042613
v -0.058203 0.750000 0.038890
v -0.060622 0.750000 0.035000
v -0.062781 0.750000 0.030960
v -0.064672 0.750000 0.026788
v -0.066285 0.750000 0.022501
v -0.067615 0.750000 0.018117
v -0.068655 0.750000 0.013656
v -0.069401 0.750000 0.009137
v -0.069850 0.750000 0.004578
v -0.070000 0.750000 0.000000
v -0.069850 0.750000 -0.004578
v -0.069401 0.750000 -0.009137
v -0.068655 0.750000 -0.013656
v -0.067615 0.750000 -0.018117
v -0.066285 0.750000 -0.022501
v -0.064672 0.750000 -0.026788
v -0.062781 0.750000 -0.030960
v -0.060622 0.750000 -0.035000
v -0.058203 0.750000 -0.038890
v -0.055535 0.750000 -0.042613
v -0.052629 0.750000 -0.046154
v -0.049497 0.750000 -0.049497
v -0.046154 0.750000 -0.052629
v -0.042613 0.750000 -0.055535
v -0.038890 0.750000 -0.058203
v -0.035000 0.750000 -0.060622
v -0.030960 0.750000 -0.062781
v -0.026788 0.750000 -0.064672
v -0.022501 0.750000 -0.066285
v -0.018117 0.750000 -0.067615
v -0.013656 0.750000 -0.068655
v -0.009137 0.750000 -0.069401
v -0.004578 0.750000 -0.069850
v -0.000000 0.750000 -0.070000
v 0.004578 0.750000 -0.069850
v 0.009137 0.750000 -0.069401
v 0.013656 0.750000 -0.068655
v 0.018117 0.750000 -0.067615
v 0.022501 0.750000 -0.066285
v 0.026788 0.750000 -0.064672
v 0.030960 0.750000 -0.062781
v 0.035000 0.750000 -0.060622
v 0.038890 0.750000 -0.058203
v 0.042613 0.750000 -0.055535
v 0.046154 0.750000 -0.052629
v 0.049497 0.750000 -0.049497
v 0.052629 0.750000 -0.046154
v 0.055535 0.750000 -0.042613
v 0.058203 0.750000 -0.038890
v 0.060622 0.750000 -0.035000
v 0.062781 0.750000 -0.030960
v 0.064672 0.750000 -0.026788
v 0.066285 0.750000 -0.022501
v 0.067615 0.750000 -0.018117
v 0.068655 0.750000 -0.013656
v 0.069401 0.750000 -0.009137
v 0.069850 0.750000 -0.004578
v 0.066290 0.757450 0.000000
v 0.066148 0.757450 0.004336
v 0.065723 0.757450 0.008653
v 0.065016 0.757450 0.012933
v 0.064031 0.757450 0.017157
v 0.062772 0.757450 0.021308
v 0.061244 0.757450 0.025368
v 0.059454 0.757450 0.029319
v 0.057409 0.757450 0.033145
v 0.055118 0.757450 0.036829
v 0.052591 0.757450 0.040355
v 0.049839 0.757450 0.043708
v 0.046874 0.757450 0.046874
v 0.043708 0.757450 0.049839
v 0.040355 0.757450 0.052591
v 0.036829 0.757450 0.055118
v 0.033145 0.757450 0.057409
v 0.029319 0.757450 0.059454
v 0.025368 0.757450 0.061244
v 0.021308 0.757450 0.062772
v 0.017157 0.757450 0.064031
v 0.012933 0.757450 0.065016
v 0.008653 0.757450 0.065723
v 0.004336 0.757450 0.066148
v 0.000000 0.757450 0.066290
v -0.004336 0.757450 0.066148
v -0.008653 0.757450 0.065723
v -0.012933 0.757450 0.065016
v -0.017157 0.757450 0.064031
v -0.021308 0.757450 0.062772
v -0.025368 0.757450 0.061244
v -0.029319 0.757450 0.059454
v -0.033145 0.757450 0.057409
v -0.036829 0.757450 0.055118
v -0.040355 0.757450 0.052591
v -0.043708 0.757450 0.049839
v -0.046874 0.757450 0.046874
v -0.049839 0.757450 0.043708
v -0.052591 0.757450 0.040355
v -0.055118 0.757450 0.036829
v -0.057409 0.757450 0.033145
v -0.059454 0.757450 0.029319
v -0.061244 0.757450 0.025368
v -0.062772 0.757450 0.021308
v -0.064031 0.757450 0.017157
v -0.065016 0.757450 0.012933
v -0.065723 0.757450 0.008653
v -0.066148 0.757450 0.004336
v -0.066290 0.757450 0.000000
v -0.066148 0.757450 -0.004336
v -0.065723 0.757450 -0.008653
v -0.065016 0.757450 -0.012933
v -0.064031 0.757450 -0.017157
v -0.062772 0.757450 -0.021308
v -0.061244 0.757450 -0.025368
v -0.059454 0.757450 -0.029319
v -0.057409 0.757450 -0.033145
v -0.055118 0.757450 -0.036829
v -0.052591 0.757450 -0.040355
v -0.049839 0.757450 -0.043708
v -0.046874 0.757450 -0.046874
v -0.043708 0.757450 -0.049839
v -0.040355 0.757450 -0.052591
v -0.036829 0.757450 -0.055118
v -0.033145 0.757450 -0.057409
v -0.029319 0.757450 -0.059454
v -0.025368 0.757450 -0.061244
v -0.021308 0.757450 -0.062772
v -0.017157 0.757450 -0.064031
v -0.012933 0.757450 -0.065016
v -0.008653 0.757450 -0.065723
v -0.004336 0.757450 -0.066148
v -0.000000 0.757450 -0.066290
v 0.004336 0.757450 -0.066148
v 0.008653 0.757450 -0.065723
v 0.012933 0.757450 -0.065016
v 0.017157 0.757450 -0.064031
v 0.021308 0.757450 -0.062772
v 0.025368 0.757450 -0.061244
v 0.029319 0.757450 -0.059454
v 0.033145 0.757450 -0.057409
v 0.036829 0.757450 -0.055118
v 0.040355 0.757450 -0.052591
v 0.043708 0.757450 -0.049839
v 0.046874 0.757450 -0.046874
v 0.049839 0.757450 -0.043708
v 0.052591 0.757450 -0.040355
v 0.055118 0.757450 -0.036829
v 0.057409 0.757450 -0.033145
v 0.059454 0.757450 -0.029319
v 0.061244 0.757450 -0.025368
v 0.062772 0.757450 -0.021308
v 0.064031 0.757450 -0.017157
v 0.065016 0.757450 -0.012933
v 0.065723 0.757450 -0.008653
v 0.066148 0.757450 -0.004336
v 0.063120 0.764000 0.000000
v 0.062985 0.764000 0.004128
v 0.062580 0.764000 0.008239
v 0.061907 0.764000 0.012314
v 0.060969 0.764000 0.016337
v 0.059770 0.764000 0.020289
v 0.058315 0.764000 0.024155
v 0.056611 0.764000 0.027917
v 0.054664 0.764000 0.031560
v 0.052482 0.764000 0.035068
v 0.050076 0.764000 0.038425
v 0.047456 0.764000 0.041618
v 0.044633 0.764000 0.044633
v 0.041618 0.764000 0.047456
v 0.038425 0.764000 0.050076
v 0.035068 0.764000 0.052482
v 0.031560 0.764000 0.054664
v 0.027917 0.764000 0.056611
v 0.024155 0.764000 0.058315
v 0.020289 0.764000 0.059770
v 0.016337 0.764000 0.060969
v 0.012314 0.764000 0.061907
v 0.008239 0.764000 0.062580
v 0.004128 0.764000 0.062985
v 0.000000 0.764000 0.063120
v -0.004128 0.764000 0.062985
v -0.008239 0.764000 0.062580
v -0.012314 0.764000 0.061907
v -0.016337 0.764000 0.060969
v -0.020289 0.764000 0.059770
v -0.024155 0.764000 0.058315
v -0.027917 0.764000 0.056611
v -0.031560 0.764000 0.054664
v -0.035068 0.764000 0.052482
v -0.038425 0.764000 0.050076
v -0.041618 0.764000 0.047456
v -0.044633 0.764000 0.044633
v -0.047456 0.764000 0.041618
v -0.050076 0.764000 0.038425
v -0.052482 0.764000 0.035068
v -0.054664 0.764000 0.031560
v -0.056611 0.764000 0.027917
v -0.058315 0.764000 0.024155
v -0.059770 0.764000 0.020289
v -0.060969 0.764000 0.016337
v -0.061907 0.764000 0.012314
v -0.062580 0.764000 0.008239
v -0.062985 0.764000 0.004128
v -0.063120 0.764000 0.000000
v -0.062985 0.764000 -0.004128
v -0.062580 0.764000 -0.008239
v -0.061907 0.764000 -0.012314
v -0.060969 0.764000 -0.016337
v -0.059770 0.764000 -0.020289
v -0.058315 0.764000 -0.024155
v -0.056611 0.764000 -0.027917
v -0.054664 0.764000 -0.031560
v -0.052482 0.764000 -0.035068
v -0.050076 0.764000 -0.038425
v -0.047456 0.764000 -0.041618
v -0.044633 0.764000 -0.044633
v -0.041618 0.764000 -0.047456
v -0.038425 0.764000 -0.050076
v -0.035068 0.764000 -0.052482
v -0.031560 0.764000 -0.054664
v -0.027917 0.764000 -0.056611
v -0.024155 0.764000 -0.058315
v -0.020289 0.764000 -0.059770
v -0.016337 0.764000 -0.060969
v -0.012314 0.764000 -0.061907
v -0.008239 0.764000 -0.062580
v -0.004128 0.764000 -0.062985
v -0.000000 0.764000 -0.063120
v 0.004128 0.764000 -0.062985
v 0.008239 0.764000 -0.062580
v 0.012314 0.764000 -0.061907
v 0.016337 0.764000 -0.060969
v 0.020289 0.764000 -0.059770
v 0.024155 0.764000 -0.058315
v 0.027917 0.764000 -0.056611
v 0.031560 0.764000 -0.054664
v 0.035068 0.764000 -0.052482
v 0.038425 0.764000 -0.050076
v 0.041618 0.764000 -0.047456
v 0.044633 0.764000 -0.044633
v 0.047456 0.764000 -0.041618
v 0.050076 0.764000 -0.038425
v 0.052482 0.764000 -0.035068
v 0.054664 0.764000 -0.031560
v 0.056611 0.764000 -0.027917
v 0.058315 0.764000 -0.024155
v 0.059770 0.764000 -0.020289
v 0.060969 0.764000 -0.016337
v 0.061907 0.764000 -0.012314
v 0.062580 0.764000 -0.008239
v 0.062985 0.764000 -0.004128
v 0.060430 0.769950 0.000000
v 0.060301 0.769950 0.003952
v 0.059913 0.769950 0.007888
v 0.059269 0.769950 0.011789
v 0.058371 0.769950 0.015640
v 0.057223 0.769950 0.019425
v 0.055830 0.769950 0.023126
v 0.054198 0.769950 0.026728
v 0.052334 0.769950 0.030215
v 0.050246 0.769950 0.033573
v 0.047942 0.769950 0.036787
v 0.045434 0.769950 0.039844
v 0.042730 0.769950 0.042730
v 0.039844 0.769950 0.045434
v 0.036787 0.769950 0.047942
v 0.033573 0.769950 0.050246
v 0.030215 0.769950 0.052334
v 0.026728 0.769950 0.054198
v 0.023126 0.769950 0.055830
v 0.019425 0.769950 0.057223
v 0.015640 0.769950 0.058371
v 0.011789 0.769950 0.059269
v 0.007888 0.769950 0.059913
v 0.003952 0.769950 0.060301
v 0.000000 0.769950 0.060430
v -0.003952 0.769950 0.060301
v -0.007888 0.769950 0.059913
v -0.011789 0.769950 0.059269
v -0.015640 0.769950 0.058371
v -0.019425 0.769950 0.057223
v -0.023126 0.769950 0.055830
v -0.026728 0.769950 0.054198
v -0.030215 0.769950 0.052334
v -0.033573 0.769950 0.050246
v -0.036787 0.769950 0.047942
v -0.039844 0.769950 0.045434
v -0.042730 0.769950 0.042730
v -0.045434 0.769950 0.039844
v -0.047942 0.769950 0.036787
v -0.050246 0.769950 0.033573
v -0.052334 0.769950 0.030215
v -0.054198 0.769950 0.026728
v -0.055830 0.769950 0.023126
v -0.057223 0.769950 0.019425
v -0.058371 0.769950 0.015640
v -0.059269 0.769950 0.011789
v -0.059913 0.769950 0.007888
v -0.060301 0.769950 0.003952
v -0.060430 0.769950 0.000000
v -0.060301 0.769950 -0.003952
v -0.059913 0.769950 -0.007888
v -0.059269 0.769950 -0.011789
v -0.058371 0.769950 -0.015640
v -0.057223 0.769950 -0.019425
v -0.055830 0.769950 -0.023126
v -0.054198 0.769950 -0.026728
v -0.052334 0.769950 -0.030215
v -0.050246 0.769950 -0.033573
v -0.047942 0.769950 -0.036787
v -0.045434 0.769950 -0.039844
v -0.042730 0.769950 -0.042730
v -0.039844 0.769950 -0.045434
v -0.036787 0.769950 -0.047942
v -0.033573 0.769950 -0.050246
v -0.030215 0.769950 -0.052334
v -0.026728 0.769950 -0.054198
v -0.023126 0.769950 -0.055830
v -0.019425 0.769950 -0.057223
v -0.015640 0.769950 -0.058371
v -0.011789 0.769950 -0.059269
v -0.007888 0.769950 -0.059913
v -0.003952 0.769950 -0.060301
v -0.000000 0.769950 -0.060430
v 0.003952 0.769950 -0.060301
v 0.007888 0.769950 -0.059913
v 0.011789 0.769950 -0.059269
v 0.015640 0.769950 -0.058371
v 0.019425 0.769950 -0.057223
v 0.023126 0.769950 -0.055830
v 0.026728 0.769950 -0.054198
v 0.030215 0.769950 -0.052334
v 0.033573 0.769950 -0.050246
v 0.036787 0.769950 -0.047942
v 0.039844 0.769950 -0.045434
v 0.042730 0.769950 -0.042730
v 0.045434 0.769950 -0.039844
v 0.047942 0.769950 -0.036787
v 0.050246 0.769950 -0.033573
v 0.052334 0.769950 -0.030215
v 0.054198 0.769950 -0.026728
v 0.055830 0.769950 -0.023126
v 0.057223 0.769950 -0.019425
v 0.058371 0.769950 -0.015640
v 0.059269 0.769950 -0.011789
v 0.059913 0.769950 -0.007888
v 0.060301 0.769950 -0.003952
v 0.058160 0.775600 0.000000
v 0.058035 0.775600 0.003804
v 0.057662 0.775600 0.007591
v 0.057042 0.775600 0.011346
v 0.056178 0.775600 0.015053
v 0.055073 0.775600 0.018695
v 0.053733 0.775600 0.022257
v 0.052162 0.775600 0.025724
v 0.050368 0.775600 0.029080
v 0.048358 0.775600 0.032312
v 0.046141 0.775600 0.035406
v 0.043727 0.775600 0.038348
v 0.041125 0.775600 0.041125
v 0.038348 0.775600 0.043727
v 0.035406 0.775600 0.046141
v 0.032312 0.775600 0.048358
v 0.029080 0.775600 0.050368
v 0.025724 0.775600 0.052162
v 0.022257 0.775600 0.053733
v 0.018695 0.775600 0.055073
v 0.015053 0.775600 0.056178
v 0.011346 0.775600 0.057042
v 0.007591 0.775600 0.057662
v 0.003804 0.775600 0.058035
v 0.000000 0.775600 0.058160
v -0.003804 0.775600 0.058035
v -0.007591 0.775600 0.057662
v -0.011346 0.775600 0.057042
v -0.015053 0.775600 0.056178
v -0.018695 0.775600 0.055073
v -0.022257 0.775600 0.053733
v -0.025724 0.775600 0.052162
v -0.029080 0.775600 0.050368
v -0.032312 0.775600 0.048358
v -0.035406 0.775600 0.046141
v -0.038348 0.775600 0.043727
v -0.041125 0.775600 0.041125
v -0.043727 0.775600 0.038348
v -0.046141 0.775600 0.035406
v -0.048358 0.775600 0.032312
v -0.050368 0.775600 0.029080
v -0.052162 0.775600 0.025724
v -0.053733 0.775600 0.022257
v -0.055073 0.775600 0.018695
v -0.056178 0.775600 0.015053
v -0.057042 0.775600 0.011346
v -0.057662 0.775600 0.007591
v -0.058035 0.775600 0.003804
v -0.058160 0.775600 0.000000
v -0.058035 0.775600 -0.003804
v -0.057662 0.775600 -0.007591
v -0.057042 0.775600 -0.011346
v -0.056178 0.775600 -0.015053
v -0.055073 0.775600 -0.018695
v -0.053733 0.775600 -0.022257
v -0.052162 0.775600 -0.025724
v -0.050368 0.775600 -0.029080
v -0.048358 0.775600 -0.032312
v -0.046141 0.775600 -0.035406
v -0.043727 0.775600 -0.038348
v -0.041125 0.775600 -0.041125
v -0.038348 0.775600 -0.043727
v -0.035406 0.775600 -0.046141
v -0.032312 0.775600 -0.048358
v -0.029080 0.775600 -0.050368
v -0.025724 0.775600 -0.052162
v -0.022257 0.775600 -0.053733
v -0.018695 0.775600 -0.055073
v -0.015053 0.775600 -0.056178
v -0.011346 0.775600 -0.057042
v -0.007591 0.775600 -0.057662
v -0.003804 0.775600 -0.058035
v -0.000000 0.775600 -0.058160
v 0.003804 0.775600 -0.058035
v 0.007591 0.775600 -0.057662
v 0.011346 0.775600 -0.057042
v 0.015053 0.775600 -0.056178
v 0.018695 0.775600 -0.055073
v 0.022257 0.775600 -0.053733
v 0.025724 0.775600 -0.052162
v 0.029080 0.775600 -0.050368
v 0.032312 0.775600 -0.048358
v 0.035406 0.775600 -0.046141
v 0.038348 0.775600 -0.043727
v 0.041125 0.775600 -0.041125
v 0.043727 0.775600 -0.038348
v 0.046141 0.775600 -0.035406
v 0.048358 0.775600 -0.032312
v 0.050368 0.775600 -0.029080
v 0.052162 0.775600 -0.025724
v 0.053733 0.775600 -0.022257
v 0.055073 0.775600 -0.018695
v 0.056178 0.775600 -0.015053
v 0.057042 0.775600 -0.011346
v 0.057662 0.775600 -0.007591
v 0.058035 0.775600 -0.003804
v 0.056250 0.781250 0.000000
v 0.056130 0.781250 0.003679
v 0.055769 0.781250 0.007342
v 0.055169 0.781250 0.010974
v 0.054333 0.781250 0.014559
v 0.053265 0.781250 0.018081
v 0.051968 0.781250 0.021526
v 0.050449 0.781250 0.024879
v 0.048714 0.781250 0.028125
v 0.046770 0.781250 0.031251
v 0.044626 0.781250 0.034243
v 0.042291 0.781250 0.037088
v 0.039775 0.781250 0.039775
v 0.037088 0.781250 0.042291
v 0.034243 0.781250 0.044626
v 0.031251 0.781250 0.046770
v 0.028125 0.781250 0.048714
v 0.024879 0.781250 0.050449
v 0.021526 0.781250 0.051968
v 0.018081 0.781250 0.053265
v 0.014559 0.781250 0.054333
v 0.010974 0.781250 0.055169
v 0.007342 0.781250 0.055769
v 0.003679 0.781250 0.056130
v 0.000000 0.781250 0.056250
v -0.003679 0.781250 0.056130
v -0.007342 0.781250 0.055769
v -0.010974 0.781250 0.055169
v -0.014559 0.781250 0.054333
v -0.018081 0.781250 0.053265
v -0.021526 0.781250 0.051968
v -0.024879 0.781250 0.050449
v -0.028125 0.781250 0.048714
v -0.031251 0.781250 0.046770
v -0.034243 0.781250 0.044626
v -0.037088 0.781250 0.042291
v -0.039775 0.781250 0.039775
v -0.042291 0.781250 0.037088
v -0.044626 0.781250 0.034243
v -0.046770 0.781250 0.031251
v -0.048714 0.781250 0.028125
v -0.050449 0.781250 0.024879
v -0.051968 0.781250 0.021526
v -0.053265 0.781250 0.018081
v -0.054333 0.781250 0.014559
v -0.055169 0.781250 0.010974
v -0.055769 0.781250 0.007342
v -0.056130 0.781250 0.003679
v -0.056250 0.781250 0.000000
v -0.056130 0.781250 -0.003679
v -0.055769 0.781250 -0.007342
v -0.055169 0.781250 -0.010974
v -0.054333 0.781250 -0.014559
v -0.053265 0.781250 -0.018081
v -0.051968 0.781250 -0.021526
v -0.050449 0.781250 -0.024879
v -0.048714 0.781250 -0.028125
v -0.046770 0.781250 -0.031251
v -0.044626 0.781250 -0.034243
v -0.042291 0.781250 -0.037088
v -0.039775 0.781250 -0.039775
v -0.037088 0.781250 -0.042291
v -0.034243 0.781250 -0.044626
v -0.031251 0.781250 -0.046770
v -0.028125 0.781250 -0.048714
v -0.024879 0.781250 -0.050449
v -0.021526 0.781250 -0.051968
v -0.018081 0.781250 -0.053265
v -0.014559 0.781250 -0.054333
v -0.010974 0.781250 -0.055169
v -0.007342 0.781250 -0.055769
v -0.003679 0.781250 -0.056130
v -0.000000 0.781250 -0.056250
v 0.003679 0.781250 -0.056130
v 0.007342 0.781250 -0.055769
v 0.010974 0.781250 -0.055169
v 0.014559 0.781250 -0.054333
v 0.018081 0.781250 -0.053265
v 0.021526 0.781250 -0.051968
v 0.024879 0.781250 -0.050449
v 0.028125 0.781250 -0.048714
v 0.031251 0.781250 -0.046770
v 0.034243 0.781250 -0.044626
v 0.037088 0.781250 -0.042291
v 0.039775 0.781250 -0.039775
v 0.042291 0.781250 -0.037088
v 0.044626 0.781250 -0.034243
v 0.046770 0.781250 -0.031251
v 0.048714 0.781250 -0.028125
v 0.050449 0.781250 -0.024879
v 0.051968 0.781250 -0.021526
v 0.053265 0.781250 -0.018081
v 0.054333 0.781250 -0.014559
v 0.055169 0.781250 -0.010974
v 0.055769 0.781250 -0.007342
v 0.056130 0.781250 -0.003679
v 0.054640 0.787200 0.000000
v 0.054523 0.787200 0.003574
v 0.054173 0.787200 0.007132
v 0.053590 0.787200 0.010660
v 0.052778 0.787200 0.014142
v 0.051740 0.787200 0.017563
v 0.050481 0.787200 0.020910
v 0.049005 0.787200 0.024167
v 0.047320 0.787200 0.027320
v 0.045431 0.787200 0.030356
v 0.043349 0.787200 0.033263
v 0.041081 0.787200 0.036027
v 0.038636 0.787200 0.038636
v 0.036027 0.787200 0.041081
v 0.033263 0.787200 0.043349
v 0.030356 0.787200 0.045431
v 0.027320 0.787200 0.047320
v 0.024167 0.787200 0.049005
v 0.020910 0.787200 0.050481
v 0.017563 0.787200 0.051740
v 0.014142 0.787200 0.052778
v 0.010660 0.787200 0.053590
v 0.007132 0.787200 0.054173
v 0.003574 0.787200 0.054523
v 0.000000 0.787200 0.054640
v -0.003574 0.787200 0.054523
v -0.007132 0.787200 0.054173
v -0.010660 0.787200 0.053590
v -0.014142 0.787200 0.052778
v -0.017563 0.787200 0.051740
v -0.020910 0.787200 0.050481
v -0.024167 0.787200 0.049005
v -0.027320 0.787200 0.047320
v -0.030356 0.787200 0.045431
v -0.033263 0.787200 0.043349
v -0.036027 0.787200 0.041081
v -0.038636 0.787200 0.038636
v -0.041081 0.787200 0.036027
v -0.043349 0.787200 0.033263
v -0.045431 0.787200 0.030356
v -0.047320 0.787200 0.027320
v -0.049005 0.787200 0.024167
v -0.050481 0.787200 0.020910
v -0.051740 0.787200 0.017563
v -0.052778 0.787200 0.014142
v -0.053590 0.787200 0.010660
v -0.054173 0.787200 0.007132
v -0.054523 0.787200 0.003574
v -0.054640 0.787200 0.000000
v -0.054523 0.787200 -0.003574
v -0.054173 0.787200 -0.007132
v -0.053590 0.787200 -0.010660
v -0.052778 0.787200 -0.014142
v -0.051740 0.787200 -0.017563
v -0.050481 0.787200 -0.020910
v -0.049005 0.787200 -0.024167
v -0.047320 0.787200 -0.027320
v -0.045431 0.787200 -0.030356
v -0.043349 0.787200 -0.033263
v -0.041081 0.787200 -0.036027
v -0.038636 0.787200 -0.038636
v -0.036027 0.787200 -0.041081
v -0.033263 0.787200 -0.043349
v -0.030356 0.787200 -0.045431
v -0.027320 0.787200 -0.047320
v -0.024167 0.787200 -0.049005
v -0.020910 0.787200 -0.050481
v -0.017563 0.787200 -0.051740
v -0.014142 0.787200 -0.052778
v -0.010660 0.787200 -0.053590
v -0.007132 0.787200 -0.054173
v -0.003574 0.787200 -0.054523
v -0.000000 0.787200 -0.054640
v 0.003574 0.787200 -0.054523
v 0.007132 0.787200 -0.054173
v 0.010660 0.787200 -0.053590
v 0.014142 0.787200 -0.052778
v 0.017563 0.787200 -0.051740
v 0.020910 0.787200 -0.050481
v 0.024167 0.787200 -0.049005
v 0.027320 0.787200 -0.047320
v 0.030356 0.787200 -0.045431
v 0.033263 0.787200 -0.043349
v 0.036027 0.787200 -0.041081
v 0.038636 0.787200 -0.038636
v 0.041081 0.787200 -0.036027
v 0.043349 0.787200 -0.033263
v 0.045431 0.787200 -0.030356
v 0.047320 0.787200 -0.027320
v 0.049005 0.787200 -0.024167
v 0.050481 0.787200 -0.020910
v 0.051740 0.787200 -0.017563
v 0.052778 0.787200 -0.014142
v 0.053590 0.787200 -0.010660
v 0.054173 0.787200 -0.007132
v 0.054523 0.787200 -0.003574
v 0.053270 0.793750 0.000000
v 0.053156 0.793750 0.003484
v 0.052814 0.793750 0.006953
v 0.052246 0.793750 0.010392
v 0.051455 0.793750 0.013787
v 0.050443 0.793750 0.017123
v 0.049215 0.793750 0.020386
v 0.047776 0.793750 0.023561
v 0.046133 0.793750 0.026635
v 0.044292 0.793750 0.029595
v 0.042262 0.793750 0.032429
v 0.040051 0.793750 0.035123
v 0.037668 0.793750 0.037668
v 0.035123 0.793750 0.040051
v 0.032429 0.793750 0.042262
v 0.029595 0.793750 0.044292
v 0.026635 0.793750 0.046133
v 0.023561 0.793750 0.047776
v 0.020386 0.793750 0.049215
v 0.017123 0.793750 0.050443
v 0.013787 0.793750 0.051455
v 0.010392 0.793750 0.052246
v 0.006953 0.793750 0.052814
v 0.003484 0.793750 0.053156
v 0.000000 0.793750 0.053270
v -0.003484 0.793750 0.053156
v -0.006953 0.793750 0.052814
v -0.010392 0.793750 0.052246
v -0.013787 0.793750 0.051455
v -0.017123 0.793750 0.050443
v -0.020386 0.793750 0.049215
v -0.023561 0.793750 0.047776
v -0.026635 0.793750 0.046133
v -0.029595 0.793750 0.044292
v -0.032429 0.793750 0.042262
v -0.035123 0.793750 0.040051
v -0.037668 0.793750 0.037668
v -0.040051 0.793750 0.035123
v -0.042262 0.793750 0.032429
v -0.044292 0.793750 0.029595
v -0.046133 0.793750 0.026635
v -0.047776 0.793750 0.023561
v -0.049215 0.793750 0.020386
v -0.050443 0.793750 0.017123
v -0.051455 0.793750 0.013787
v -0.052246 0.793750 0.010392
v -0.052814 0.793750 0.006953
v -0.053156 0.793750 0.003484
v -0.053270 0.793750 0.000000
v -0.053156 0.793750 -0.003484
v -0.052814 0.793750 -0.006953
v -0.052246 0.793750 -0.010392
v -0.051455 0.793750 -0.013787
v -0.050443 0.793750 -0.017123
v -0.049215 0.793750 -0.020386
v -0.047776 0.793750 -0.023561
v -0.046133 0.793750 -0.026635
v -0.044292 0.793750 -0.029595
v -0.042262 0.793750 -0.032429
v -0.040051 0.793750 -0.035123
v -0.037668 0.793750 -0.037668
v -0.035123 0.793750 -0.040051
v -0.032429 0.793750 -0.042262
v -0.029595 0.793750 -0.044292
v -0.026635 0.793750 -0.046133
v -0.023561 0.793750 -0.047776
v -0.020386 0.793750 -0.049215
v -0.017123 0.793750 -0.050443
v -0.013787 0.793750 -0.051455
v -0.010392 0.793750 -0.052246
v -0.006953 0.793750 -0.052814
v -0.003484 0.793750 -0.053156
v -0.000000 0.793750 -0.053270
v 0.003484 0.793750 -0.053156
v 0.006953 0.793750 -0.052814
v 0.010392 0.793750 -0.052246
v 0.013787 0.793750 -0.051455
v 0.017123 0.793750 -0.050443
v 0.020386 0.793750 -0.049215
v 0.023561 0.793750 -0.047776
v 0.026635 0.793750 -0.046133
v 0.029595 0.793750 -0.044292
v 0.032429 0.793750 -0.042262
v 0.035123 0.793750 -0.040051
v 0.037668 0.793750 -0.037668
v 0.040051 0.793750 -0.035123
v 0.042262 0.793750 -0.032429
v 0.044292 0.793750 -0.029595
v 0.046133 0.793750 -0.026635
v 0.047776 0.793750 -0.023561
v 0.049215 0.793750 -0.020386
v 0.050443 0.793750 -0.017123
v 0.051455 0.793750 -0.013787
v 0.052246 0.793750 -0.010392
v 0.052814 0.793750 -0.006953
v 0.053156 0.793750 -0.003484
v 0.052080 0.801200 0.000000
v 0.051968 0.801200 0.003406
v 0.051634 0.801200 0.006798
v 0.051079 0.801200 0.010160
v 0.050305 0.801200 0.013479
v 0.049316 0.801200 0.016741
v 0.048116 0.801200 0.019930
v 0.046709 0.801200 0.023034
v 0.045103 0.801200 0.026040
v 0.043303 0.801200 0.028934
v 0.041318 0.801200 0.031704
v 0.039156 0.801200 0.034339
v 0.036826 0.801200 0.036826
v 0.034339 0.801200 0.039156
v 0.031704 0.801200 0.041318
v 0.028934 0.801200 0.043303
v 0.026040 0.801200 0.045103
v 0.023034 0.801200 0.046709
v 0.019930 0.801200 0.048116
v 0.016741 0.801200 0.049316
v 0.013479 0.801200 0.050305
v 0.010160 0.801200 0.051079
v 0.006798 0.801200 0.051634
v 0.003406 0.801200 0.051968
v 0.000000 0.801200 0.052080
v -0.003406 0.801200 0.051968
v -0.006798 0.801200 0.051634
v -0.010160 0.801200 0.051079
v -0.013479 0.801200 0.050305
v -0.016741 0.801200 0.049316
v -0.019930 0.801200 0.048116
v -0.023034 0.801200 0.046709
v -0.026040 0.801200 0.045103
v -0.028934 0.801200 0.043303
v -0.031704 0.801200 0.041318
v -0.034339 0.801200 0.039156
v -0.036826 0.801200 0.036826
v -0.039156 0.801200 0.034339
v -0.041318 0.801200 0.031704
v -0.043303 0.801200 0.028934
v -0.045103 0.801200 0.026040
v -0.046709 0.801200 0.023034
v -0.048116 0.801200 0.019930
v -0.049316 0.801200 0.016741
v -0.050305 0.801200 0.013479
v -0.051079 0.801200 0.010160
v -0.051634 0.801200 0.006798
v -0.051968 0.801200 0.003406
v -0.052080 0.801200 0.000000
v -0.051968 0.801200 -0.003406
v -0.051634 0.801200 -0.006798
v -0.051079 0.801200 -0.010160
v -0.050305 0.801200 -0.013479
v -0.049316 0.801200 -0.016741
v -0.048116 0.801200 -0.019930
v -0.046709 0.801200 -0.023034
v -0.045103 0.801200 -0.026040
v -0.043303 0.801200 -0.028934
v -0.041318 0.801200 -0.031704
v -0.039156 0.801200 -0.034339
v -0.036826 0.801200 -0.036826
v -0.034339 0.801200 -0.039156
v -0.031704 0.801200 -0.041318
v -0.028934 0.801200 -0.043303
v -0.026040 0.801200 -0.045103
v -0.023034 0.801200 -0.046709
v -0.019930 0.801200 -0.048116
v -0.016741 0.801200 -0.049316
v -0.013479 0.801200 -0.050305
v -0.010160 0.801200 -0.051079
v -0.006798 0.801200 -0.051634
v -0.003406 0.801200 -0.051968
v -0.000000 0.801200 -0.052080
v 0.003406 0.801200 -0.051968
v 0.006798 0.801200 -0.051634
v 0.010160 0.801200 -0.051079
v 0.013479 0.801200 -0.050305
v 0.016741 0.801200 -0.049316
v 0.019930 0.801200 -0.048116
v 0.023034 0.801200 -0.046709
v 0.026040 0.801200 -0.045103
v 0.028934 0.801200 -0.043303
v 0.031704 0.801200 -0.041318
v 0.034339 0.801200 -0.039156
v 0.036826 0.801200 -0.036826
v 0.039156 0.801200 -0.034339
v 0.041318 0.801200 -0.031704
v 0.043303 0.801200 -0.028934
v 0.045103 0.801200 -0.026040
v 0.046709 0.801200 -0.023034
v 0.048116 0.801200 -0.019930
v 0.049316 0.801200 -0.016741
v 0.050305 0.801200 -0.013479
v 0.051079 0.801200 -0.010160
v 0.051634 0.801200 -0.006798
v 0.051968 0.801200 -0.003406
v 0.051010 0.809850 0.000000
v 0.050901 0.809850 0.003336
v 0.050574 0.809850 0.006658
v 0.050030 0.809850 0.009952
v 0.049272 0.809850 0.013202
v 0.048303 0.809850 0.016397
v 0.047127 0.809850 0.019521
v 0.045749 0.809850 0.022561
v 0.044176 0.809850 0.025505
v 0.042413 0.809850 0.028340
v 0.040469 0.809850 0.031053
v 0.038351 0.809850 0.033633
v 0.036070 0.809850 0.036070
v 0.033633 0.809850 0.038351
v 0.031053 0.809850 0.040469
v 0.028340 0.809850 0.042413
v 0.025505 0.809850 0.044176
v 0.022561 0.809850 0.045749
v 0.019521 0.809850 0.047127
v 0.016397 0.809850 0.048303
v 0.013202 0.809850 0.049272
v 0.009952 0.809850 0.050030
v 0.006658 0.809850 0.050574
v 0.003336 0.809850 0.050901
v 0.000000 0.809850 0.051010
v -0.003336 0.809850 0.050901
v -0.006658 0.809850 0.050574
v -0.009952 0.809850 0.050030
v -0.013202 0.809850 0.049272
v -0.016397 0.809850 0.048303
v -0.019521 0.809850 0.047127
v -0.022561 0.809850 0.045749
v -0.025505 0.809850 0.044176
v -0.028340 0.809850 0.042413
v -0.031053 0.809850 0.040469
v -0.033633 0.809850 0.038351
v -0.036070 0.809850 0.036070
v -0.038351 0.809850 0.033633
v -0.040469 0.809850 0.031053
v -0.042413 0.809850 0.028340
v -0.044176 0.809850 0.025505
v -0.045749 0.809850 0.022561
v -0.047127 0.809850 0.019521
v -0.048303 0.809850 0.016397
v -0.049272 0.809850 0.013202
v -0.050030 0.809850 0.009952
v -0.050574 0.809850 0.006658
v -0.050901 0.809850 0.003336
v -0.051010 0.809850 0.000000
v -0.050901 0.809850 -0.003336
v -0.050574 0.809850 -0.006658
v -0.050030 0.809850 -0.009952
v -0.049272 0.809850 -0.013202
v -0.048303 0.809850 -0.016397
v -0.047127 0.809850 -0.019521
v -0.045749 0.809850 -0.022561
v -0.044176 0.809850 -0.025505
v -0.042413 0.809850 -0.028340
v -0.040469 0.809850 -0.031053
v -0.038351 0.809850 -0.033633
v -0.036070 0.809850 -0.036070
v -0.033633 0.809850 -0.038351
v -0.031053 0.809850 -0.040469
v -0.028340 0.809850 -0.042413
v -0.025505 0.809850 -0.044176
v -0.022561 0.809850 -0.045749
v -0.019521 0.809850 -0.047127
v -0.016397 0.809850 -0.048303
v -0.013202 0.809850 -0.049272
v -0.009952 0.809850 -0.050030
v -0.006658 0.809850 -0.050574
v -0.003336 0.809850 -0.050901
v -0.000000 0.809850 -0.051010
v 0.003336 0.809850 -0.050901
v 0.006658 0.809850 -0.050574
v 0.009952 0.809850 -0.050030
v 0.013202 0.809850 -0.049272
v 0.016397 0.809850 -0.048303
v 0.019521 0.809850 -0.047127
v 0.022561 0.809850 -0.045749
v 0.025505 0.809850 -0.044176
v 0.028340 0.809850 -0.042413
v 0.031053 0.809850 -0.040469
v 0.033633 0.809850 -0.038351
v 0.036070 0.809850 -0.036070
v 0.038351 0.809850 -0.033633
v 0.040469 0.809850 -0.031053
v 0.042413 0.809850 -0.028340
v 0.044176 0.809850 -0.025505
v 0.045749 0.809850 -0.022561
v 0.047127 0.809850 -0.019521
v 0.048303 0.809850 -0.016397
v 0.049272 0.809850 -0.013202
v 0.050030 0.809850 -0.009952
v 0.050574 0.809850 -0.006658
v 0.050901 0.809850 -0.003336
v 0.050000 0.820000 0.000000
v 0.049893 0.820000 0.003270
v 0.049572 0.820000 0.006526
v 0.049039 0.820000 0.009755
v 0.048296 0.820000 0.012941
v 0.047347 0.820000 0.016072
v 0.046194 0.820000 0.019134
v 0.044844 0.820000 0.022114
v 0.043301 0.820000 0.025000
v 0.041573 0.820000 0.027779
v 0.039668 0.820000 0.030438
v 0.037592 0.820000 0.032967
v 0.035355 0.820000 0.035355
v 0.032967 0.820000 0.037592
v 0.030438 0.820000 0.039668
v 0.027779 0.820000 0.041573
v 0.025000 0.820000 0.043301
v 0.022114 0.820000 0.044844
v 0.019134 0.820000 0.046194
v 0.016072 0.820000 0.047347
v 0.012941 0.820000 0.048296
v 0.009755 0.820000 0.049039
v 0.006526 0.820000 0.049572
v 0.003270 0.820000 0.049893
v 0.000000 0.820000 0.050000
v -0.003270 0.820000 0.049893
v -0.006526 0.820000 0.049572
v -0.009755 0.820000 0.049039
v -0.012941 0.820000 0.048296
v -0.016072 0.820000 0.047347
v -0.019134 0.820000 0.046194
v -0.022114 0.820000 0.044844
v -0.025000 0.820000 0.043301
v -0.027779 0.820000 0.041573
v -0.030438 0.820000 0.039668
v -0.032967 0.820000 0.037592
v -0.035355 0.820000 0.035355
v -0.037592 0.820000 0.032967
v -0.039668 0.820000 0.030438
v -0.041573 0.820000 0.027779
v -0.043301 0.820000 0.025000
v -0.044844 0.820000 0.022114
v -0.046194 0.820000 0.019134
v -0.047347 0.820000 0.016072
v -0.048296 0.820000 0.012941
v -0.049039 0.820000 0.009755
v -0.049572 0.820000 0.006526
v -0.049893 0.820000 0.003270
v -0.050000 0.820000 0.000000
v -0.049893 0.820000 -0.003270
v -0.049572 0.820000 -0.006526
v -0.049039 0.820000 -0.009755
v -0.048296 0.820000 -0.012941
v -0.047347 0.820000 -0.016072
v -0.046194 0.820000 -0.019134
v -0.044844 0.820000 -0.022114
v -0.043301 0.820000 -0.025000
v -0.041573 0.820000 -0.027779
v -0.039668 0.820000 -0.030438
v -0.037592 0.820000 -0.032967
v -0.035355 0.820000 -0.035355
v -0.032967 0.820000 -0.037592
v -0.030438 0.820000 -0.039668
v -0.027779 0.820000 -0.041573
v -0.025000 0.820000 -0.043301
v -0.022114 0.820000 -0.044844
v -0.019134 0.820000 -0.046194
v -0.016072 0.820000 -0.047347
v -0.012941 0.820000 -0.048296
v -0.009755 0.820000 -0.049039
v -0.006526 0.820000 -0.049572
v -0.003270 0.820000 -0.049893
v -0.000000 0.820000 -0.050000
v 0.003270 0.820000 -0.049893
v 0.006526 0.820000 -0.049572
v 0.009755 0.820000 -0.049039
v 0.012941 0.820000 -0.048296
v 0.016072 0.820000 -0.047347
v 0.019134 0.820000 -0.046194
v 0.022114 0.820000 -0.044844
v 0.025000 0.820000 -0.043301
v 0.027779 0.820000 -0.041573
v 0.030438 0.820000 -0.039668
v 0.032967 0.820000 -0.037592
v 0.035355 0.820000 -0.035355
v 0.037592 0.820000 -0.032967
v 0.039668 0.820000 -0.030438
v 0.041573 0.820000 -0.027779
v 0.043301 0.820000 -0.025000
v 0.044844 0.820000 -0.022114
v 0.046194 0.820000 -0.019134
v 0.047347 0.820000 -0.016072
v 0.048296 0.820000 -0.012941
v 0.049039 0.820000 -0.009755
v 0.049572 0.820000 -0.006526
v 0.049893 0.820000 -0.003270
v 0.049163 0.832300 0.000000
v 0.049058 0.832300 0.003215
v 0.048742 0.832300 0.006417
v 0.048218 0.832300 0.009591
v 0.047488 0.832300 0.012724
v 0.046554 0.832300 0.015803
v 0.045421 0.832300 0.018814
v 0.044093 0.832300 0.021744
v 0.042576 0.832300 0.024581
v 0.040878 0.832300 0.027313
v 0.039004 0.832300 0.029929
v 0.036963 0.832300 0.032415
v 0.034763 0.832300 0.034763
v 0.032415 0.832300 0.036963
v 0.029929 0.832300 0.039004
v 0.027313 0.832300 0.040878
v 0.024582 0.832300 0.042576
v 0.021744 0.832300 0.044093
v 0.018814 0.832300 0.045421
v 0.015803 0.832300 0.046554
v 0.012724 0.832300 0.047488
v 0.009591 0.832300 0.048218
v 0.006417 0.832300 0.048742
v 0.003215 0.832300 0.049058
v 0.000000 0.832300 0.049163
v -0.003215 0.832300 0.049058
v -0.006417 0.832300 0.048742
v -0.009591 0.832300 0.048218
v -0.012724 0.832300 0.047488
v -0.015803 0.832300 0.046554
v -0.018814 0.832300 0.045421
v -0.021744 0.832300 0.044093
v -0.024581 0.832300 0.042576
v -0.027313 0.832300 0.040878
v -0.029929 0.832300 0.039004
v -0.032415 0.832300 0.036963
v -0.034763 0.832300 0.034763
v -0.036963 0.832300 0.032415
v -0.039004 0.832300 0.029929
v -0.040878 0.832300 0.027313
v -0.042576 0.832300 0.024581
v -0.044093 0.832300 0.021744
v -0.045421 0.832300 0.018814
v -0.046554 0.832300 0.015803
v -0.047488 0.832300 0.012724
v -0.048218 0.832300 0.009591
v -0.048742 0.832300 0.006417
v -0.049058 0.832300 0.003215
v -0.049163 0.832300 0.000000
v -0.049058 0.832300 -0.003215
v -0.048742 0.832300 -0.006417
v -0.048218 0.832300 -0.009591
v -0.047488 0.832300 -0.012724
v -0.046554 0.832300 -0.015803
v -0.045421 0.832300 -0.018814
v -0.044093 0.832300 -0.021744
v -0.042576 0.832300 -0.024581
v -0.040878 0.832300 -0.027313
v -0.039004 0.832300 -0.029929
v -0.036963 0.832300 -0.032415
v -0.034763 0.832300 -0.034763
v -0.032415 0.832300 -0.036963
v -0.029929 0.832300 -0.039004
v -0.027313 0.832300 -0.040878
v -0.024582 0.832300 -0.042576
v -0.021744 0.832300 -0.044093
v -0.018814 0.832300 -0.045421
v -0.015803 0.832300 -0.046554
v -0.012724 0.832300 -0.047488
v -0.009591 0.832300 -0.048218
v -0.006417 0.832300 -0.048742
v -0.003215 0.832300 -0.049058
v -0.000000 0.832300 -0.049163
v 0.003215 0.832300 -0.049058
v 0.006417 0.832300 -0.048742
v 0.009591 0.832300 -0.048218
v 0.012724 0.832300 -0.047488
v 0.015803 0.832300 -0.046554
v 0.018814 0.832300 -0.045421
v 0.021744 0.832300 -0.044093
v 0.024582 0.832300 -0.042576
v 0.027313 0.832300 -0.040878
v 0.029929 0.832300 -0.039004
v 0.032415 0.832300 -0.036963
v 0.034763 0.832300 -0.034763
v 0.036963 0.832300 -0.032415
v 0.039004 0.832300 -0.029929
v 0.040878 0.832300 -0.027313
v 0.042576 0.832300 -0.024582
v 0.044093 0.832300 -0.021744
v 0.045421 0.832300 -0.018814
v 0.046554 0.832300 -0.015803
v 0.047488 0.832300 -0.012724
v 0.048218 0.832300 -0.009591
v 0.048742 0.832300 -0.006417
v 0.049058 0.832300 -0.003215
v 0.048624 0.846800 0.000000
v 0.048520 0.846800 0.003180
v 0.048208 0.846800 0.006347
v 0.047690 0.846800 0.009486
v 0.046967 0.846800 0.012585
v 0.046044 0.846800 0.015630
v 0.044923 0.846800 0.018608
v 0.043610 0.846800 0.021506
v 0.042110 0.846800 0.024312
v 0.040429 0.846800 0.027014
v 0.038576 0.846800 0.029600
v 0.036557 0.846800 0.032060
v 0.034382 0.846800 0.034382
v 0.032060 0.846800 0.036557
v 0.029600 0.846800 0.038576
v 0.027014 0.846800 0.040429
v 0.024312 0.846800 0.042110
v 0.021506 0.846800 0.043610
v 0.018608 0.846800 0.044923
v 0.015630 0.846800 0.046044
v 0.012585 0.846800 0.046967
v 0.009486 0.846800 0.047690
v 0.006347 0.846800 0.048208
v 0.003180 0.846800 0.048520
v 0.000000 0.846800 0.048624
v -0.003180 0.846800 0.048520
v -0.006347 0.846800 0.048208
v -0.009486 0.846800 0.047690
v -0.012585 0.846800 0.046967
v -0.015630 0.846800 0.046044
v -0.018608 0.846800 0.044923
v -0.021506 0.846800 0.043610
v -0.024312 0.846800 0.042110
v -0.027014 0.846800 0.040429
v -0.029600 0.846800 0.038576
v -0.032060 0.846800 0.036557
v -0.034382 0.846800 0.034382
v -0.036557 0.846800 0.032060
v -0.038576 0.846800 0.029600
v -0.040429 0.846800 0.027014
v -0.042110 0.846800 0.024312
v -0.043610 0.846800 0.021506
v -0.044923 0.846800 0.018608
v -0.046044 0.846800 0.015630
v -0.046967 0.846800 0.012585
v -0.047690 0.846800 0.009486
v -0.048208 0.846800 0.006347
v -0.048520 0.846800 0.003180
v -0.048624 0.846800 0.000000
v -0.048520 0.846800 -0.003180
v -0.048208 0.846800 -0.006347
v -0.047690 0.846800 -0.009486
v -0.046967 0.846800 -0.012585
v -0.046044 0.846800 -0.015630
v -0.044923 0.846800 -0.018608
v -0.043610 0.846800 -0.021506
v -0.042110 0.846800 -0.024312
v -0.040429 0.846800 -0.027014
v -0.038576 0.846800 -0.029600
v -0.036557 0.846800 -0.032060
v -0.034382 0.846800 -0.034382
v -0.032060 0.846800 -0.036557
v -0.029600 0.846800 -0.038576
v -0.027014 0.846800 -0.040429
v -0.024312 0.846800 -0.042110
v -0.021506 0.846800 -0.043610
v -0.018608 0.846800 -0.044923
v -0.015630 0.846800 -0.046044
v -0.012585 0.846800 -0.046967
v -0.009486 0.846800 -0.047690
v -0.006347 0.846800 -0.048208
v -0.003180 0.846800 -0.048520
v -0.000000 0.846800 -0.048624
v 0.003180 0.846800 -0.048520
v 0.006347 0.846800 -0.048208
v 0.009486 0.846800 -0.047690
v 0.012585 0.846800 -0.046967
v 0.015630 0.846800 -0.046044
v 0.018608 0.846800 -0.044923
v 0.021506 0.846800 -0.043610
v 0.024312 0.846800 -0.042110
v 0.027014 0.846800 -0.040429
v 0.029600 0.846800 -0.038576
v 0.032060 0.846800 -0.036557
v 0.034382 0.846800 -0.034382
v 0.036557 0.846800 -0.032060
v 0.038576 0.846800 -0.029600
v 0.040429 0.846800 -0.027014
v 0.042110 0.846800 -0.024312
v 0.043610 0.846800 -0.021506
v 0.044923 0.846800 -0.018608
v 0.046044 0.846800 -0.015630
v 0.046967 0.846800 -0.012585
v 0.047690 0.846800 -0.009486
v 0.048208 0.846800 -0.006347
v 0.048520 0.846800 -0.003180
v 0.048341 0.862900 0.000000
v 0.048237 0.862900 0.003162
v 0.047927 0.862900 0.006310
v 0.047412 0.862900 0.009431
v 0.046694 0.862900 0.012512
v 0.045776 0.862900 0.015539
v 0.044661 0.862900 0.018499
v 0.043356 0.862900 0.021381
v 0.041865 0.862900 0.024170
v 0.040194 0.862900 0.026857
v 0.038351 0.862900 0.029428
v 0.036345 0.862900 0.031873
v 0.034182 0.862900 0.034182
v 0.031873 0.862900 0.036345
v 0.029428 0.862900 0.038351
v 0.026857 0.862900 0.040194
v 0.024171 0.862900 0.041865
v 0.021381 0.862900 0.043356
v 0.018499 0.862900 0.044661
v 0.015539 0.862900 0.045776
v 0.012512 0.862900 0.046694
v 0.009431 0.862900 0.047412
v 0.006310 0.862900 0.047927
v 0.003162 0.862900 0.048237
v 0.000000 0.862900 0.048341
v -0.003162 0.862900 0.048237
v -0.006310 0.862900 0.047927
v -0.009431 0.862900 0.047412
v -0.012512 0.862900 0.046694
v -0.015539 0.862900 0.045776
v -0.018499 0.862900 0.044661
v -0.021381 0.862900 0.043356
v -0.024170 0.862900 0.041865
v -0.026857 0.862900 0.040194
v -0.029428 0.862900 0.038351
v -0.031873 0.862900 0.036345
v -0.034182 0.862900 0.034182
v -0.036345 0.862900 0.031873
v -0.038351 0.862900 0.029428
v -0.040194 0.862900 0.026857
v -0.041865 0.862900 0.024170
v -0.043356 0.862900 0.021381
v -0.044661 0.862900 0.018499
v -0.045776 0.862900 0.015539
v -0.046694 0.862900 0.012512
v -0.047412 0.862900 0.009431
v -0.047927 0.862900 0.006310
v -0.048237 0.862900 0.003162
v -0.048341 0.862900 0.000000
v -0.048237 0.862900 -0.003162
v -0.047927 0.862900 -0.006310
v -0.047412 0.862900 -0.009431
v -0.046694 0.862900 -0.012512
v -0.045776 0.862900 -0.015539
v -0.044661 0.862900 -0.018499
v -0.043356 0.862900 -0.021381
v -0.041865 0.862900 -0.024170
v -0.040194 0.862900 -0.026857
v -0.038351 0.862900 -0.029428
v -0.036345 0.862900 -0.031873
v -0.034182 0.862900 -0.034182
v -0.031873 0.862900 -0.036345
v -0.029428 0.862900 -0.038351
v -0.026857 0.862900 -0.040194
v -0.024171 0.862900 -0.041865
v -0.021381 0.862900 -0.043356
v -0.018499 0.862900 -0.044661
v -0.015539 0.862900 -0.045776
v -0.012512 0.862900 -0.046694
v -0.009431 0.862900 -0.047412
v -0.006310 0.862900 -0.047927
v -0.003162 0.862900 -0.048237
v -0.000000 0.862900 -0.048341
v 0.003162 0.862900 -0.048237
v 0.006310 0.862900 -0.047927
v 0.009431 0.862900 -0.047412
v 0.012512 0.862900 -0.046694
v 0.015539 0.862900 -0.045776
v 0.018499 0.862900 -0.044661
v 0.021381 0.862900 -0.043356
v 0.024171 0.862900 -0.041865
v 0.026857 0.862900 -0.040194
v 0.029428 0.862900 -0.038351
v 0.031873 0.862900 -0.036345
v 0.034182 0.862900 -0.034182
v 0.036345 0.862900 -0.031873
v 0.038351 0.862900 -0.029428
v 0.040194 0.862900 -0.026857
v 0.041865 0.862900 -0.024171
v 0.043356 0.862900 -0.021381
v 0.044661 0.862900 -0.018499
v 0.045776 0.862900 -0.015539
v 0.046694 0.862900 -0.012512
v 0.047412 0.862900 -0.009431
v 0.047927 0.862900 -0.006310
v 0.048237 0.862900 -0.003162
v 0.048272 0.880000 0.000000
v 0.048169 0.880000 0.003157
v 0.047859 0.880000 0.006301
v 0.047344 0.880000 0.009417
v 0.046627 0.880000 0.012494
v 0.045710 0.880000 0.015517
v 0.044598 0.880000 0.018473
v 0.043294 0.880000 0.021350
v 0.041805 0.880000 0.024136
v 0.040137 0.880000 0.026818
v 0.038297 0.880000 0.029386
v 0.036293 0.880000 0.031828
v 0.034133 0.880000 0.034133
v 0.031828 0.880000 0.036293
v 0.029386 0.880000 0.038297
v 0.026818 0.880000 0.040137
v 0.024136 0.880000 0.041805
v 0.021350 0.880000 0.043294
v 0.018473 0.880000 0.044598
v 0.015517 0.880000 0.045710
v 0.012494 0.880000 0.046627
v 0.009417 0.880000 0.047344
v 0.006301 0.880000 0.047859
v 0.003157 0.880000 0.048169
v 0.000000 0.880000 0.048272
v -0.003157 0.880000 0.048169
v -0.006301 0.880000 0.047859
v -0.009417 0.880000 0.047344
v -0.012494 0.880000 0.046627
v -0.015517 0.880000 0.045710
v -0.018473 0.880000 0.044598
v -0.021350 0.880000 0.043294
v -0.024136 0.880000 0.041805
v -0.026818 0.880000 0.040137
v -0.029386 0.880000 0.038297
v -0.031828 0.880000 0.036293
v -0.034133 0.880000 0.034133
v -0.036293 0.880000 0.031828
v -0.038297 0.880000 0.029386
v -0.040137 0.880000 0.026818
v -0.041805 0.880000 0.024136
v -0.043294 0.880000 0.021350
v -0.044598 0.880000 0.018473
v -0.045710 0.880000 0.015517
v -0.046627 0.880000 0.012494
v -0.047344 0.880000 0.009417
v -0.047859 0.880000 0.006301
v -0.048169 0.880000 0.003157
v -0.048272 0.880000 0.000000
v -0.048169 0.880000 -0.003157
v -0.047859 0.880000 -0.006301
v -0.047344 0.880000 -0.009417
v -0.046627 0.880000 -0.012494
v -0.045710 0.880000 -0.015517
v -0.044598 0.880000 -0.018473
v -0.043294 0.880000 -0.021350
v -0.041805 0.880000 -0.024136
v -0.040137 0.880000 -0.026818
v -0.038297 0.880000 -0.029386
v -0.036293 0.880000 -0.031828
v -0.034133 0.880000 -0.034133
v -0.031828 0.880000 -0.036293
v -0.029386 0.880000 -0.038297
v -0.026818 0.880000 -0.040137
v -0.024136 0.880000 -0.041805
v -0.021350 0.880000 -0.043294
v -0.018473 0.880000 -0.044598
v -0.015517 0.880000 -0.045710
v -0.012494 0.880000 -0.046627
v -0.009417 0.880000 -0.047344
v -0.006301 0.880000 -0.047859
v -0.003157 0.880000 -0.048169
v -0.000000 0.880000 -0.048272
v 0.003157 0.880000 -0.048169
v 0.006301 0.880000 -0.047859
v 0.009417 0.880000 -0.047344
v 0.012494 0.880000 -0.046627
v 0.015517 0.880000 -0.045710
v 0.018473 0.880000 -0.044598
v 0.021350 0.880000 -0.043294
v 0.024136 0.880000 -0.041805
v 0.026818 0.880000 -0.040137
v 0.029386 0.880000 -0.038297
v 0.031828 0.880000 -0.036293
v 0.034133 0.880000 -0.034133
v 0.036293 0.880000 -0.031828
v 0.038297 0.880000 -0.029386
v 0.040137 0.880000 -0.026818
v 0.041805 0.880000 -0.024136
v 0.043294 0.880000 -0.021350
v 0.044598 0.880000 -0.018473
v 0.045710 0.880000 -0.015517
v 0.046627 0.880000 -0.012494
v 0.047344 0.880000 -0.009417
v 0.047859 0.880000 -0.006301
v 0.048169 0.880000 -0.003157
v 0.048375 0.897500 0.000000
v 0.048271 0.897500 0.003164
v 0.047961 0.897500 0.006314
v 0.047445 0.897500 0.009437
v 0.046727 0.897500 0.012520
v 0.045808 0.897500 0.015550
v 0.044693 0.897500 0.018512
v 0.043386 0.897500 0.021396
v 0.041894 0.897500 0.024187
v 0.040222 0.897500 0.026876
v 0.038378 0.897500 0.029449
v 0.036370 0.897500 0.031896
v 0.034206 0.897500 0.034206
v 0.031896 0.897500 0.036370
v 0.029449 0.897500 0.038378
v 0.026876 0.897500 0.040222
v 0.024188 0.897500 0.041894
v 0.021396 0.897500 0.043386
v 0.018512 0.897500 0.044693
v 0.015550 0.897500 0.045808
v 0.012520 0.897500 0.046727
v 0.009437 0.897500 0.047445
v 0.006314 0.897500 0.047961
v 0.003164 0.897500 0.048271
v 0.000000 0.897500 0.048375
v -0.003164 0.897500 0.048271
v -0.006314 0.897500 0.047961
v -0.009437 0.897500 0.047445
v -0.012520 0.897500 0.046727
v -0.015550 0.897500 0.045808
v -0.018512 0.897500 0.044693
v -0.021396 0.897500 0.043386
v -0.024187 0.897500 0.041894
v -0.026876 0.897500 0.040222
v -0.029449 0.897500 0.038378
v -0.031896 0.897500 0.036370
v -0.034206 0.897500 0.034206
v -0.036370 0.897500 0.031896
v -0.038378 0.897500 0.029449
v -0.040222 0.897500 0.026876
v -0.041894 0.897500 0.024187
v -0.043386 0.897500 0.021396
v -0.044693 0.897500 0.018512
v -0.045808 0.897500 0.015550
v -0.046727 0.897500 0.012520
v -0.047445 0.897500 0.009437
v -0.047961 0.897500 0.006314
v -0.048271 0.897500 0.003164
v -0.048375 0.897500 0.000000
v -0.048271 0.897500 -0.003164
v -0.047961 0.897500 -0.006314
v -0.047445 0.897500 -0.009437
v -0.046727 0.897500 -0.012520
v -0.045808 0.897500 -0.015550
v -0.044693 0.897500 -0.018512
v -0.043386 0.897500 -0.021396
v -0.041894 0.897500 -0.024187
v -0.040222 0.897500 -0.026876
v -0.038378 0.897500 -0.029449
v -0.036370 0.897500 -0.031896
v -0.034206 0.897500 -0.034206
v -0.031896 0.897500 -0.036370
v -0.029449 0.897500 -0.038378
v -0.026876 0.897500 -0.040222
v -0.024188 0.897500 -0.041894
v -0.021396 0.897500 -0.043386
v -0.018512 0.897500 -0.044693
v -0.015550 0.897500 -0.045808
v -0.012520 0.897500 -0.046727
v -0.009437 0.897500 -0.047445
v -0.006314 0.897500 -0.047961
v -0.003164 0.897500 -0.048271
v -0.000000 0.897500 -0.048375
v 0.003164 0.897500 -0.048271
v 0.006314 0.897500 -0.047961
v 0.009437 0.897500 -0.047445
v 0.012520 0.897500 -0.046727
v 0.015550 0.897500 -0.045808
v 0.018512 0.897500 -0.044693
v 0.021396 0.897500 -0.043386
v 0.024188 0.897500 -0.041894
v 0.026876 0.897500 -0.040222
v 0.029449 0.897500 -0.038378
v 0.031896 0.897500 -0.036370
v 0.034206 0.897500 -0.034206
v 0.036370 0.897500 -0.031896
v 0.038378 0.897500 -0.029449
v 0.040222 0.897500 -0.026876
v 0.041894 0.897500 -0.024188
v 0.043386 0.897500 -0.021396
v 0.044693 0.897500 -0.018512
v 0.045808 0.897500 -0.015550
v 0.046727 0.897500 -0.012520
v 0.047445 0.897500 -0.009437
v 0.047961 0.897500 -0.006314
v 0.048271 0.897500 -0.003164
v 0.048608 0.914800 0.000000
v 0.048504 0.914800 0.003179
v 0.048192 0.914800 0.006345
v 0.047674 0.914800 0.009483
v 0.046952 0.914800 0.012581
v 0.046028 0.914800 0.015625
v 0.044908 0.914800 0.018601
v 0.043595 0.914800 0.021499
v 0.042096 0.914800 0.024304
v 0.040416 0.914800 0.027005
v 0.038563 0.914800 0.029591
v 0.036545 0.914800 0.032049
v 0.034371 0.914800 0.034371
v 0.032049 0.914800 0.036545
v 0.029591 0.914800 0.038563
v 0.027005 0.914800 0.040416
v 0.024304 0.914800 0.042096
v 0.021499 0.914800 0.043595
v 0.018601 0.914800 0.044908
v 0.015625 0.914800 0.046028
v 0.012581 0.914800 0.046952
v 0.009483 0.914800 0.047674
v 0.006345 0.914800 0.048192
v 0.003179 0.914800 0.048504
v 0.000000 0.914800 0.048608
v -0.003179 0.914800 0.048504
v -0.006345 0.914800 0.048192
v -0.009483 0.914800 0.047674
v -0.012581 0.914800 0.046952
v -0.015625 0.914800 0.046028
v -0.018601 0.914800 0.044908
v -0.021499 0.914800 0.043595
v -0.024304 0.914800 0.042096
v -0.027005 0.914800 0.040416
v -0.029591 0.914800 0.038563
v -0.032049 0.914800 0.036545
v -0.034371 0.914800 0.034371
v -0.036545 0.914800 0.032049
v -0.038563 0.914800 0.029591
v -0.040416 0.914800 0.027005
v -0.042096 0.914800 0.024304
v -0.043595 0.914800 0.021499
v -0.044908 0.914800 0.018601
v -0.046028 0.914800 0.015625
v -0.046952 0.914800 0.012581
v -0.047674 0.914800 0.009483
v -0.048192 0.914800 0.006345
v -0.048504 0.914800 0.003179
v -0.048608 0.914800 0.000000
v -0.048504 0.914800 -0.003179
v -0.048192 0.914800 -0.006345
v -0.047674 0.914800 -0.009483
v -0.046952 0.914800 -0.012581
v -0.046028 0.914800 -0.015625
v -0.044908 0.914800 -0.018601
v -0.043595 0.914800 -0.021499
v -0.042096 0.914800 -0.024304
v -0.040416 0.914800 -0.027005
v -0.038563 0.914800 -0.029591
v -0.036545 0.914800 -0.032049
v -0.034371 0.914800 -0.034371
v -0.032049 0.914800 -0.036545
v -0.029591 0.914800 -0.038563
v -0.027005 0.914800 -0.040416
v -0.024304 0.914800 -0.042096
v -0.021499 0.914800 -0.043595
v -0.018601 0.914800 -0.044908
v -0.015625 0.914800 -0.046028
v -0.012581 0.914800 -0.046952
v -0.009483 0.914800 -0.047674
v -0.006345 0.914800 -0.048192
v -0.003179 0.914800 -0.048504
v -0.000000 0.914800 -0.048608
v 0.003179 0.914800 -0.048504
v 0.006345 0.914800 -0.048192
v 0.009483 0.914800 -0.047674
v 0.012581 0.914800 -0.046952
v 0.015625 0.914800 -0.046028
v 0.018601 0.914800 -0.044908
v 0.021499 0.914800 -0.043595
v 0.024304 0.914800 -0.042096
v 0.027005 0.914800 -0.040416
v 0.029591 0.914800 -0.038563
v 0.032049 0.914800 -0.036545
v 0.034371 0.914800 -0.034371
v 0.036545 0.914800 -0.032049
v 0.038563 0.914800 -0.029591
v 0.040416 0.914800 -0.027005
v 0.042096 0.914800 -0.024304
v 0.043595 0.914800 -0.021499
v 0.044908 0.914800 -0.018601
v 0.046028 0.914800 -0.015625
v 0.046952 0.914800 -0.012581
v 0.047674 0.914800 -0.009483
v 0.048192 0.914800 -0.006345
v 0.048504 0.914800 -0.003179
v 0.048929 0.931300 0.000000
v 0.048824 0.931300 0.003200
v 0.048510 0.931300 0.006387
v 0.047989 0.931300 0.009546
v 0.047262 0.931300 0.012664
v 0.046332 0.931300 0.015728
v 0.045205 0.931300 0.018724
v 0.043883 0.931300 0.021641
v 0.042374 0.931300 0.024465
v 0.040683 0.931300 0.027183
v 0.038818 0.931300 0.029786
v 0.036787 0.931300 0.032261
v 0.034598 0.931300 0.034598
v 0.032261 0.931300 0.036787
v 0.029786 0.931300 0.038818
v 0.027183 0.931300 0.040683
v 0.024465 0.931300 0.042374
v 0.021641 0.931300 0.043883
v 0.018724 0.931300 0.045205
v 0.015728 0.931300 0.046332
v 0.012664 0.931300 0.047262
v 0.009546 0.931300 0.047989
v 0.006387 0.931300 0.048510
v 0.003200 0.931300 0.048824
v 0.000000 0.931300 0.048929
v -0.003200 0.931300 0.048824
v -0.006387 0.931300 0.048510
v -0.009546 0.931300 0.047989
v -0.012664 0.931300 0.047262
v -0.015728 0.931300 0.046332
v -0.018724 0.931300 0.045205
v -0.021641 0.931300 0.043883
v -0.024464 0.931300 0.042374
v -0.027183 0.931300 0.040683
v -0.029786 0.931300 0.038818
v -0.032261 0.931300 0.036787
v -0.034598 0.931300 0.034598
v -0.036787 0.931300 0.032261
v -0.038818 0.931300 0.029786
v -0.040683 0.931300 0.027183
v -0.042374 0.931300 0.024465
v -0.043883 0.931300 0.021641
v -0.045205 0.931300 0.018724
v -0.046332 0.931300 0.015728
v -0.047262 0.931300 0.012664
v -0.047989 0.931300 0.009546
v -0.048510 0.931300 0.006387
v -0.048824 0.931300 0.003200
v -0.048929 0.931300 0.000000
v -0.048824 0.931300 -0.003200
v -0.048510 0.931300 -0.006387
v -0.047989 0.931300 -0.009546
v -0.047262 0.931300 -0.012664
v -0.046332 0.931300 -0.015728
v -0.045205 0.931300 -0.018724
v -0.043883 0.931300 -0.021641
v -0.042374 0.931300 -0.024464
v -0.040683 0.931300 -0.027183
v -0.038818 0.931300 -0.029786
v -0.036787 0.931300 -0.032261
v -0.034598 0.931300 -0.034598
v -0.032261 0.931300 -0.036787
v -0.029786 0.931300 -0.038818
v -0.027183 0.931300 -0.040683
v -0.024465 0.931300 -0.042374
v -0.021641 0.931300 -0.043883
v -0.018724 0.931300 -0.045205
v -0.015728 0.931300 -0.046332
v -0.012664 0.931300 -0.047262
v -0.009546 0.931300 -0.047989
v -0.006387 0.931300 -0.048510
v -0.003200 0.931300 -0.048824
v -0.000000 0.931300 -0.048929
v 0.003200 0.931300 -0.048824
v 0.006387 0.931300 -0.048510
v 0.009546 0.931300 -0.047989
v 0.012664 0.931300 -0.047262
v 0.015728 0.931300 -0.046332
v 0.018724 0.931300 -0.045205
v 0.021641 0.931300 -0.043883
v 0.024465 0.931300 -0.042374
v 0.027183 0.931300 -0.040683
v 0.029786 0.931300 -0.038818
v 0.032261 0.931300 -0.036787
v 0.034598 0.931300 -0.034598
v 0.036787 0.931300 -0.032261
v 0.038818 0.931300 -0.029786
v 0.040683 0.931300 -0.027183
v 0.042374 0.931300 -0.024465
v 0.043883 0.931300 -0.021641
v 0.045205 0.931300 -0.018724
v 0.046332 0.931300 -0.015728
v 0.047262 0.931300 -0.012664
v 0.047989 0.931300 -0.009546
v 0.048510 0.931300 -0.006387
v 0.048824 0.931300 -0.003200
v 0.049296 0.946400 0.000000
v 0.049190 0.946400 0.003224
v 0.048874 0.946400 0.006434
v 0.048349 0.946400 0.009617
v 0.047616 0.946400 0.012759
v 0.046680 0.946400 0.015846
v 0.045544 0.946400 0.018865
v 0.044212 0.946400 0.021803
v 0.042692 0.946400 0.024648
v 0.040988 0.946400 0.027387
v 0.039109 0.946400 0.030010
v 0.037063 0.946400 0.032503
v 0.034858 0.946400 0.034858
v 0.032503 0.946400 0.037063
v 0.030010 0.946400 0.039109
v 0.027387 0.946400 0.040988
v 0.024648 0.946400 0.042692
v 0.021803 0.946400 0.044212
v 0.018865 0.946400 0.045544
v 0.015846 0.946400 0.046680
v 0.012759 0.946400 0.047616
v 0.009617 0.946400 0.048349
v 0.006434 0.946400 0.048874
v 0.003224 0.946400 0.049190
v 0.000000 0.946400 0.049296
v -0.003224 0.946400 0.049190
v -0.006434 0.946400 0.048874
v -0.009617 0.946400 0.048349
v -0.012759 0.946400 0.047616
v -0.015846 0.946400 0.046680
v -0.018865 0.946400 0.045544
v -0.021803 0.946400 0.044212
v -0.024648 0.946400 0.042692
v -0.027387 0.946400 0.040988
v -0.030010 0.946400 0.039109
v -0.032503 0.946400 0.037063
v -0.034858 0.946400 0.034858
v -0.037063 0.946400 0.032503
v -0.039109 0.946400 0.030010
v -0.040988 0.946400 0.027387
v -0.042692 0.946400 0.024648
v -0.044212 0.946400 0.021803
v -0.045544 0.946400 0.018865
v -0.046680 0.946400 0.015846
v -0.047616 0.946400 0.012759
v -0.048349 0.946400 0.009617
v -0.048874 0.946400 0.006434
v -0.049190 0.946400 0.003224
v -0.049296 0.946400 0.000000
v -0.049190 0.946400 -0.003224
v -0.048874 0.946400 -0.006434
v -0.048349 0.946400 -0.009617
v -0.047616 0.946400 -0.012759
v -0.046680 0.946400 -0.015846
v -0.045544 0.946400 -0.018865
v -0.044212 0.946400 -0.021803
v -0.042692 0.946400 -0.024648
v -0.040988 0.946400 -0.027387
v -0.039109 0.946400 -0.030010
v -0.037063 0.946400 -0.032503
v -0.034858 0.946400 -0.034858
v -0.032503 0.946400 -0.037063
v -0.030010 0.946400 -0.039109
v -0.027387 0.946400 -0.040988
v -0.024648 0.946400 -0.042692
v -0.021803 0.946400 -0.044212
v -0.018865 0.946400 -0.045544
v -0.015846 0.946400 -0.046680
v -0.012759 0.946400 -0.047616
v -0.009617 0.946400 -0.048349
v -0.006434 0.946400 -0.048874
v -0.003224 0.946400 -0.049190
v -0.000000 0.946400 -0.049296
v 0.003224 0.946400 -0.049190
v 0.006434 0.946400 -0.048874
v 0.009617 0.946400 -0.048349
v 0.012759 0.946400 -0.047616
v 0.015846 0.946400 -0.046680
v 0.018865 0.946400 -0.045544
v 0.021803 0.946400 -0.044212
v 0.024648 0.946400 -0.042692
v 0.027387 0.946400 -0.040988
v 0.030010 0.946400 -0.039109
v 0.032503 0.946400 -0.037063
v 0.034858 0.946400 -0.034858
v 0.037063 0.946400 -0.032503
v 0.039109 0.946400 -0.030010
v 0.040988 0.946400 -0.027387
v 0.042692 0.946400 -0.024648
v 0.044212 0.946400 -0.021803
v 0.045544 0.946400 -0.018865
v 0.046680 0.946400 -0.015846
v 0.047616 0.946400 -0.012759
v 0.048349 0.946400 -0.009617
v 0.048874 0.946400 -0.006434
v 0.049190 0.946400 -0.003224
v 0.049667 0.959500 0.000000
v 0.049561 0.959500 0.003248
v 0.049242 0.959500 0.006483
v 0.048713 0.959500 0.009690
v 0.047975 0.959500 0.012855
v 0.047031 0.959500 0.015965
v 0.045886 0.959500 0.019007
v 0.044545 0.959500 0.021967
v 0.043013 0.959500 0.024834
v 0.041297 0.959500 0.027594
v 0.039403 0.959500 0.030235
v 0.037342 0.959500 0.032748
v 0.035120 0.959500 0.035120
v 0.032748 0.959500 0.037342
v 0.030235 0.959500 0.039403
v 0.027594 0.959500 0.041297
v 0.024834 0.959500 0.043013
v 0.021967 0.959500 0.044545
v 0.019007 0.959500 0.045886
v 0.015965 0.959500 0.047031
v 0.012855 0.959500 0.047975
v 0.009690 0.959500 0.048713
v 0.006483 0.959500 0.049242
v 0.003248 0.959500 0.049561
v 0.000000 0.959500 0.049667
v -0.003248 0.959500 0.049561
v -0.006483 0.959500 0.049242
v -0.009690 0.959500 0.048713
v -0.012855 0.959500 0.047975
v -0.015965 0.959500 0.047031
v -0.019007 0.959500 0.045886
v -0.021967 0.959500 0.044545
v -0.024833 0.959500 0.043013
v -0.027594 0.959500 0.041297
v -0.030235 0.959500 0.039403
v -0.032748 0.959500 0.037342
v -0.035120 0.959500 0.035120
v -0.037342 0.959500 0.032748
v -0.039403 0.959500 0.030235
v -0.041297 0.959500 0.027594
v -0.043013 0.959500 0.024834
v -0.044545 0.959500 0.021967
v -0.045886 0.959500 0.019007
v -0.047031 0.959500 0.015965
v -0.047975 0.959500 0.012855
v -0.048713 0.959500 0.009690
v -0.049242 0.959500 0.006483
v -0.049561 0.959500 0.003248
v -0.049667 0.959500 0.000000
v -0.049561 0.959500 -0.003248
v -0.049242 0.959500 -0.006483
v -0.048713 0.959500 -0.009690
v -0.047975 0.959500 -0.012855
v -0.047031 0.959500 -0.015965
v -0.045886 0.959500 -0.019007
v -0.044545 0.959500 -0.021967
v -0.043013 0.959500 -0.024833
v -0.041297 0.959500 -0.027594
v -0.039403 0.959500 -0.030235
v -0.037342 0.959500 -0.032748
v -0.035120 0.959500 -0.035120
v -0.032748 0.959500 -0.037342
v -0.030235 0.959500 -0.039403
v -0.027594 0.959500 -0.041297
v -0.024834 0.959500 -0.043013
v -0.021967 0.959500 -0.044545
v -0.019007 0.959500 -0.045886
v -0.015965 0.959500 -0.047031
v -0.012855 0.959500 -0.047975
v -0.009690 0.959500 -0.048713
v -0.006483 0.959500 -0.049242
v -0.003248 0.959500 -0.049561
v -0.000000 0.959500 -0.049667
v 0.003248 0.959500 -0.049561
v 0.006483 0.959500 -0.049242
v 0.009690 0.959500 -0.048713
v 0.012855 0.959500 -0.047975
v 0.015965 0.959500 -0.047031
v 0.019007 0.959500 -0.045886
v 0.021967 0.959500 -0.044545
v 0.024834 0.959500 -0.043013
v 0.027594 0.959500 -0.041297
v 0.030235 0.959500 -0.039403
v 0.032748 0.959500 -0.037342
v 0.035120 0.959500 -0.035120
v 0.037342 0.959500 -0.032748
v 0.039403 0.959500 -0.030235
v 0.041297 0.959500 -0.027594
v 0.043013 0.959500 -0.024834
v 0.044545 0.959500 -0.021967
v 0.045886 0.959500 -0.019007
v 0.047031 0.959500 -0.015965
v 0.047975 0.959500 -0.012855
v 0.048713 0.959500 -0.009690
v 0.049242 0.959500 -0.006483
v 0.049561 0.959500 -0.003248
v 0.050000 0.970000 0.000000
v 0.049893 0.970000 0.003270
v 0.049572 0.970000 0.006526
v 0.049039 0.970000 0.009755
v 0.048296 0.970000 0.012941
v 0.047347 0.970000 0.016072
v 0.046194 0.970000 0.019134
v 0.044844 0.970000 0.022114
v 0.043301 0.970000 0.025000
v 0.041573 0.970000 0.027779
v 0.039668 0.970000 0.030438
v 0.037592 0.970000 0.032967
v 0.035355 0.970000 0.035355
v 0.032967 0.970000 0.037592
v 0.030438 0.970000 0.039668
v 0.027779 0.970000 0.041573
v 0.025000 0.970000 0.043301
v 0.022114 0.970000 0.044844
v 0.019134 0.970000 0.046194
v 0.016072 0.970000 0.047347
v 0.012941 0.970000 0.048296
v 0.009755 0.970000 0.049039
v 0.006526 0.970000 0.049572
v 0.003270 0.970000 0.049893
v 0.000000 0.970000 0.050000
v -0.003270 0.970000 0.049893
v -0.006526 0.970000 0.049572
v -0.009755 0.970000 0.049039
v -0.012941 0.970000 0.048296
v -0.016072 0.970000 0.047347
v -0.019134 0.970000 0.046194
v -0.022114 0.970000 0.044844
v -0.025000 0.970000 0.043301
v -0.027779 0.970000 0.041573
v -0.030438 0.970000 0.039668
v -0.032967 0.970000 0.037592
v -0.035355 0.970000 0.035355
v -0.037592 0.970000 0.032967
v -0.039668 0.970000 0.030438
v -0.041573 0.970000 0.027779
v -0.043301 0.970000 0.025000
v -0.044844 0.970000 0.022114
v -0.046194 0.970000 0.019134
v -0.047347 0.970000 0.016072
v -0.048296 0.970000 0.012941
v -0.049039 0.970000 0.009755
v -0.049572 0.970000 0.006526
v -0.049893 0.970000 0.003270
v -0.050000 0.970000 0.000000
v -0.049893 0.970000 -0.003270
v -0.049572 0.970000 -0.006526
v -0.049039 0.970000 -0.009755
v -0.048296 0.970000 -0.012941
v -0.047347 0.970000 -0.016072
v -0.046194 0.970000 -0.019134
v -0.044844 0.970000 -0.022114
v -0.043301 0.970000 -0.025000
v -0.041573 0.970000 -0.027779
v -0.039668 0.970000 -0.030438
v -0.037592 0.970000 -0.032967
v -0.035355 0.970000 -0.035355
v -0.032967 0.970000 -0.037592
v -0.030438 0.970000 -0.039668
v -0.027779 0.970000 -0.041573
v -0.025000 0.970000 -0.043301
v -0.022114 0.970000 -0.044844
v -0.019134 0.970000 -0.046194
v -0.016072 0.970000 -0.047347
v -0.012941 0.970000 -0.048296
v -0.009755 0.970000 -0.049039
v -0.006526 0.970000 -0.049572
v -0.003270 0.970000 -0.049893
v -0.000000 0.970000 -0.050000
v 0.003270 0.970000 -0.049893
v 0.006526 0.970000 -0.049572
v 0.009755 0.970000 -0.049039
v 0.012941 0.970000 -0.048296
v 0.016072 0.970000 -0.047347
v 0.019134 0.970000 -0.046194
v 0.022114 0.970000 -0.044844
v 0.025000 0.970000 -0.043301
v 0.027779 0.970000 -0.041573
v 0.030438 0.970000 -0.039668
v 0.032967 0.970000 -0.037592
v 0.035355 0.970000 -0.035355
v 0.037592 0.970000 -0.032967
v 0.039668 0.970000 -0.030438
v 0.041573 0.970000 -0.027779
v 0.043301 0.970000 -0.025000
v 0.044844 0.970000 -0.022114
v 0.046194 0.970000 -0.019134
v 0.047347 0.970000 -0.016072
v 0.048296 0.970000 -0.012941
v 0.049039 0.970000 -0.009755
v 0.049572 0.970000 -0.006526
v 0.049893 0.970000 -0.003270
v 0.050384 0.977995 0.000000
v 0.050276 0.977995 0.003295
v 0.049953 0.977995 0.006576
v 0.049416 0.977995 0.009829
v 0.048667 0.977995 0.013040
v 0.047710 0.977995 0.016195
v 0.046549 0.977995 0.019281
v 0.045188 0.977995 0.022284
v 0.043634 0.977995 0.025192
v 0.041893 0.977995 0.027992
v 0.039972 0.977995 0.030672
v 0.037881 0.977995 0.033220
v 0.035627 0.977995 0.035627
v 0.033220 0.977995 0.037881
v 0.030672 0.977995 0.039972
v 0.027992 0.977995 0.041893
v 0.025192 0.977995 0.043634
v 0.022284 0.977995 0.045188
v 0.019281 0.977995 0.046549
v 0.016195 0.977995 0.047710
v 0.013040 0.977995 0.048667
v 0.009829 0.977995 0.049416
v 0.006576 0.977995 0.049953
v 0.003295 0.977995 0.050276
v 0.000000 0.977995 0.050384
v -0.003295 0.977995 0.050276
v -0.006576 0.977995 0.049953
v -0.009829 0.977995 0.049416
v -0.013040 0.977995 0.048667
v -0.016195 0.977995 0.047710
v -0.019281 0.977995 0.046549
v -0.022284 0.977995 0.045188
v -0.025192 0.977995 0.043634
v -0.027992 0.977995 0.041893
v -0.030672 0.977995 0.039972
v -0.033220 0.977995 0.037881
v -0.035627 0.977995 0.035627
v -0.037881 0.977995 0.033220
v -0.039972 0.977995 0.030672
v -0.041893 0.977995 0.027992
v -0.043634 0.977995 0.025192
v -0.045188 0.977995 0.022284
v -0.046549 0.977995 0.019281
v -0.047710 0.977995 0.016195
v -0.048667 0.977995 0.013040
v -0.049416 0.977995 0.009829
v -0.049953 0.977995 0.006576
v -0.050276 0.977995 0.003295
v -0.050384 0.977995 0.000000
v -0.050276 0.977995 -0.003295
v -0.049953 0.977995 -0.006576
v -0.049416 0.977995 -0.009829
v -0.048667 0.977995 -0.013040
v -0.047710 0.977995 -0.016195
v -0.046549 0.977995 -0.019281
v -0.045188 0.977995 -0.022284
v -0.043634 0.977995 -0.025192
v -0.041893 0.977995 -0.027992
v -0.039972 0.977995 -0.030672
v -0.037881 0.977995 -0.033220
v -0.035627 0.977995 -0.035627
v -0.033220 0.977995 -0.037881
v -0.030672 0.977995 -0.039972
v -0.027992 0.977995 -0.041893
v -0.025192 0.977995 -0.043634
v -0.022284 0.977995 -0.045188
v -0.019281 0.977995 -0.046549
v -0.016195 0.977995 -0.047710
v -0.013040 0.977995 -0.048667
v -0.009829 0.977995 -0.049416
v -0.006576 0.977995 -0.049953
v -0.003295 0.977995 -0.050276
v -0.000000 0.977995 -0.050384
v 0.003295 0.977995 -0.050276
v 0.006576 0.977995 -0.049953
v 0.009829 0.977995 -0.049416
v 0.013040 0.977995 -0.048667
v 0.016195 0.977995 -0.047710
v 0.019281 0.977995 -0.046549
v 0.022284 0.977995 -0.045188
v 0.025192 0.977995 -0.043634
v 0.027992 0.977995 -0.041893
v 0.030672 0.977995 -0.039972
v 0.033220 0.977995 -0.037881
v 0.035627 0.977995 -0.035627
v 0.037881 0.977995 -0.033220
v 0.039972 0.977995 -0.030672
v 0.041893 0.977995 -0.027992
v 0.043634 0.977995 -0.025192
v 0.045188 0.977995 -0.022284
v 0.046549 0.977995 -0.019281
v 0.047710 0.977995 -0.016195
v 0.048667 0.977995 -0.013040
v 0.049416 0.977995 -0.009829
v 0.049953 0.977995 -0.006576
v 0.050276 0.977995 -0.003295
v 0.050912 0.984160 0.000000
v 0.050803 0.984160 0.003330
v 0.050476 0.984160 0.006645
v 0.049934 0.984160 0.009932
v 0.049177 0.984160 0.013177
v 0.048210 0.984160 0.016365
v 0.047037 0.984160 0.019483
v 0.045662 0.984160 0.022518
v 0.044091 0.984160 0.025456
v 0.042332 0.984160 0.028285
v 0.040391 0.984160 0.030993
v 0.038278 0.984160 0.033569
v 0.036000 0.984160 0.036000
v 0.033569 0.984160 0.038278
v 0.030993 0.984160 0.040391
v 0.028285 0.984160 0.042332
v 0.025456 0.984160 0.044091
v 0.022518 0.984160 0.045662
v 0.019483 0.984160 0.047037
v 0.016365 0.984160 0.048210
v 0.013177 0.984160 0.049177
v 0.009932 0.984160 0.049934
v 0.006645 0.984160 0.050476
v 0.003330 0.984160 0.050803
v 0.000000 0.984160 0.050912
v -0.003330 0.984160 0.050803
v -0.006645 0.984160 0.050476
v -0.009932 0.984160 0.049934
v -0.013177 0.984160 0.049177
v -0.016365 0.984160 0.048210
v -0.019483 0.984160 0.047037
v -0.022518 0.984160 0.045662
v -0.025456 0.984160 0.044091
v -0.028285 0.984160 0.042332
v -0.030993 0.984160 0.040391
v -0.033569 0.984160 0.038278
v -0.036000 0.984160 0.036000
v -0.038278 0.984160 0.033569
v -0.040391 0.984160 0.030993
v -0.042332 0.984160 0.028285
v -0.044091 0.984160 0.025456
v -0.045662 0.984160 0.022518
v -0.047037 0.984160 0.019483
v -0.048210 0.984160 0.016365
v -0.049177 0.984160 0.013177
v -0.049934 0.984160 0.009932
v -0.050476 0.984160 0.006645
v -0.050803 0.984160 0.003330
v -0.050912 0.984160 0.000000
v -0.050803 0.984160 -0.003330
v -0.050476 0.984160 -0.006645
v -0.049934 0.984160 -0.009932
v -0.049177 0.984160 -0.013177
v -0.048210 0.984160 -0.016365
v -0.047037 0.984160 -0.019483
v -0.045662 0.984160 -0.022518
v -0.044091 0.984160 -0.025456
v -0.042332 0.984160 -0.028285
v -0.040391 0.984160 -0.030993
v -0.038278 0.984160 -0.033569
v -0.036000 0.984160 -0.036000
v -0.033569 0.984160 -0.038278
v -0.030993 0.984160 -0.040391
v -0.028285 0.984160 -0.042332
v -0.025456 0.984160 -0.044091
v -0.022518 0.984160 -0.045662
v -0.019483 0.984160 -0.047037
v -0.016365 0.984160 -0.048210
v -0.013177 0.984160 -0.049177
v -0.009932 0.984160 -0.049934
v -0.006645 0.984160 -0.050476
v -0.003330 0.984160 -0.050803
v -0.000000 0.984160 -0.050912
v 0.003330 0.984160 -0.050803
v 0.006645 0.984160 -0.050476
v 0.009932 0.984160 -0.049934
v 0.013177 0.984160 -0.049177
v 0.016365 0.984160 -0.048210
v 0.019483 0.984160 -0.047037
v 0.022518 0.984160 -0.045662
v 0.025456 0.984160 -0.044091
v 0.028285 0.984160 -0.042332
v 0.030993 0.984160 -0.040391
v 0.033569 0.984160 -0.038278
v 0.036000 0.984160 -0.036000
v 0.038278 0.984160 -0.033569
v 0.040391 0.984160 -0.030993
v 0.042332 0.984160 -0.028285
v 0.044091 0.984160 -0.025456
v 0.045662 0.984160 -0.022518
v 0.047037 0.984160 -0.019483
v 0.048210 0.984160 -0.016365
v 0.049177 0.984160 -0.013177
v 0.049934 0.984160 -0.009932
v 0.050476 0.984160 -0.006645
v 0.050803 0.984160 -0.003330
v 0.051548 0.988765 0.000000
v 0.051438 0.988765 0.003371
v 0.051107 0.988765 0.006728
v 0.050558 0.988765 0.010057
v 0.049792 0.988765 0.013342
v 0.048812 0.988765 0.016570
v 0.047624 0.988765 0.019727
v 0.046232 0.988765 0.022799
v 0.044642 0.988765 0.025774
v 0.042861 0.988765 0.028639
v 0.040896 0.988765 0.031380
v 0.038756 0.988765 0.033988
v 0.036450 0.988765 0.036450
v 0.033988 0.988765 0.038756
v 0.031380 0.988765 0.040896
v 0.028639 0.988765 0.042861
v 0.025774 0.988765 0.044642
v 0.022799 0.988765 0.046232
v 0.019727 0.988765 0.047624
v 0.016570 0.988765 0.048812
v 0.013342 0.988765 0.049792
v 0.010057 0.988765 0.050558
v 0.006728 0.988765 0.051107
v 0.003371 0.988765 0.051438
v 0.000000 0.988765 0.051548
v -0.003371 0.988765 0.051438
v -0.006728 0.988765 0.051107
v -0.010057 0.988765 0.050558
v -0.013342 0.988765 0.049792
v -0.016570 0.988765 0.048812
v -0.019727 0.988765 0.047624
v -0.022799 0.988765 0.046232
v -0.025774 0.988765 0.044642
v -0.028639 0.988765 0.042861
v -0.031380 0.988765 0.040896
v -0.033988 0.988765 0.038756
v -0.036450 0.988765 0.036450
v -0.038756 0.988765 0.033988
v -0.040896 0.988765 0.031380
v -0.042861 0.988765 0.028639
v -0.044642 0.988765 0.025774
v -0.046232 0.988765 0.022799
v -0.047624 0.988765 0.019727
v -0.048812 0.988765 0.016570
v -0.049792 0.988765 0.013342
v -0.050558 0.988765 0.010057
v -0.051107 0.988765 0.006728
v -0.051438 0.988765 0.003371
v -0.051548 0.988765 0.000000
v -0.051438 0.988765 -0.003371
v -0.051107 0.988765 -0.006728
v -0.050558 0.988765 -0.010057
v -0.049792 0.988765 -0.013342
v -0.048812 0.988765 -0.016570
v -0.047624 0.988765 -0.019727
v -0.046232 0.988765 -0.022799
v -0.044642 0.988765 -0.025774
v -0.042861 0.988765 -0.028639
v -0.040896 0.988765 -0.031380
v -0.038756 0.988765 -0.033988
v -0.036450 0.988765 -0.036450
v -0.033988 0.988765 -0.038756
v -0.031380 0.988765 -0.040896
v -0.028639 0.988765 -0.042861
v -0.025774 0.988765 -0.044642
v -0.022799 0.988765 -0.046232
v -0.019727 0.988765 -0.047624
v -0.016570 0.988765 -0.048812
v -0.013342 0.988765 -0.049792
v -0.010057 0.988765 -0.050558
v -0.006728 0.988765 -0.051107
v -0.003371 0.988765 -0.051438
v -0.000000 0.988765 -0.051548
v 0.003371 0.988765 -0.051438
v 0.006728 0.988765 -0.051107
v 0.010057 0.988765 -0.050558
v 0.013342 0.988765 -0.049792
v 0.016570 0.988765 -0.048812
v 0.019727 0.988765 -0.047624
v 0.022799 0.988765 -0.046232
v 0.025774 0.988765 -0.044642
v 0.028639 0.988765 -0.042861
v 0.031380 0.988765 -0.040896
v 0.033988 0.988765 -0.038756
v 0.036450 0.988765 -0.036450
v 0.038756 0.988765 -0.033988
v 0.040896 0.988765 -0.031380
v 0.042861 0.988765 -0.028639
v 0.044642 0.988765 -0.025774
v 0.046232 0.988765 -0.022799
v 0.047624 0.988765 -0.019727
v 0.048812 0.988765 -0.016570
v 0.049792 0.988765 -0.013342
v 0.050558 0.988765 -0.010057
v 0.051107 0.988765 -0.006728
v 0.051438 0.988765 -0.003371
v 0.052256 0.992080 0.000000
v 0.052144 0.992080 0.003418
v 0.051809 0.992080 0.006821
v 0.051252 0.992080 0.010195
v 0.050475 0.992080 0.013525
v 0.049483 0.992080 0.016797
v 0.048278 0.992080 0.019998
v 0.046867 0.992080 0.023112
v 0.045255 0.992080 0.026128
v 0.043449 0.992080 0.029032
v 0.041457 0.992080 0.031811
v 0.039288 0.992080 0.034455
v 0.036951 0.992080 0.036951
v 0.034455 0.992080 0.039288
v 0.031811 0.992080 0.041457
v 0.029032 0.992080 0.043449
v 0.026128 0.992080 0.045255
v 0.023112 0.992080 0.046867
v 0.019998 0.992080 0.048278
v 0.016797 0.992080 0.049483
v 0.013525 0.992080 0.050475
v 0.010195 0.992080 0.051252
v 0.006821 0.992080 0.051809
v 0.003418 0.992080 0.052144
v 0.000000 0.992080 0.052256
v -0.003418 0.992080 0.052144
v -0.006821 0.992080 0.051809
v -0.010195 0.992080 0.051252
v -0.013525 0.992080 0.050475
v -0.016797 0.992080 0.049483
v -0.019998 0.992080 0.048278
v -0.023112 0.992080 0.046867
v -0.026128 0.992080 0.045255
v -0.029032 0.992080 0.043449
v -0.031811 0.992080 0.041457
v -0.034455 0.992080 0.039288
v -0.036951 0.992080 0.036951
v -0.039288 0.992080 0.034455
v -0.041457 0.992080 0.031811
v -0.043449 0.992080 0.029032
v -0.045255 0.992080 0.026128
v -0.046867 0.992080 0.023112
v -0.048278 0.992080 0.019998
v -0.049483 0.992080 0.016797
v -0.050475 0.992080 0.013525
v -0.051252 0.992080 0.010195
v -0.051809 0.992080 0.006821
v -0.052144 0.992080 0.003418
v -0.052256 0.992080 0.000000
v -0.052144 0.992080 -0.003418
v -0.051809 0.992080 -0.006821
v -0.051252 0.992080 -0.010195
v -0.050475 0.992080 -0.013525
v -0.049483 0.992080 -0.016797
v -0.048278 0.992080 -0.019998
v -0.046867 0.992080 -0.023112
v -0.045255 0.992080 -0.026128
v -0.043449 0.992080 -0.029032
v -0.041457 0.992080 -0.031811
v -0.039288 0.992080 -0.034455
v -0.036951 0.992080 -0.036951
v -0.034455 0.992080 -0.039288
v -0.031811 0.992080 -0.041457
v -0.029032 0.992080 -0.043449
v -0.026128 0.992080 -0.045255
v -0.023112 0.992080 -0.046867
v -0.019998 0.992080 -0.048278
v -0.016797 0.992080 -0.049483
v -0.013525 0.992080 -0.050475
v -0.010195 0.992080 -0.051252
v -0.006821 0.992080 -0.051809
v -0.003418 0.992080 -0.052144
v -0.000000 0.992080 -0.052256
v 0.003418 0.992080 -0.052144
v 0.006821 0.992080 -0.051809
v 0.010195 0.992080 -0.051252
v 0.013525 0.992080 -0.050475
v 0.016797 0.992080 -0.049483
v 0.019998 0.992080 -0.048278
v 0.023112 0.992080 -0.046867
v 0.026128 0.992080 -0.045255
v 0.029032 0.992080 -0.043449
v 0.031811 0.992080 -0.041457
v 0.034455 0.992080 -0.039288
v 0.036951 0.992080 -0.036951
v 0.039288 0.992080 -0.034455
v 0.041457 0.992080 -0.031811
v 0.043449 0.992080 -0.029032
v 0.045255 0.992080 -0.026128
v 0.046867 0.992080 -0.023112
v 0.048278 0.992080 -0.019998
v 0.049483 0.992080 -0.016797
v 0.050475 0.992080 -0.013525
v 0.051252 0.992080 -0.010195
v 0.051809 0.992080 -0.006821
v 0.052144 0.992080 -0.003418
v 0.053000 0.994375 0.000000
v 0.052887 0.994375 0.003466
v 0.052547 0.994375 0.006918
v 0.051982 0.994375 0.010340
v 0.051194 0.994375 0.013717
v 0.050187 0.994375 0.017036
v 0.048966 0.994375 0.020282
v 0.047534 0.994375 0.023441
v 0.045899 0.994375 0.026500
v 0.044068 0.994375 0.029445
v 0.042048 0.994375 0.032264
v 0.039848 0.994375 0.034945
v 0.037477 0.994375 0.037477
v 0.034945 0.994375 0.039848
v 0.032264 0.994375 0.042048
v 0.029445 0.994375 0.044068
v 0.026500 0.994375 0.045899
v 0.023441 0.994375 0.047534
v 0.020282 0.994375 0.048966
v 0.017036 0.994375 0.050187
v 0.013717 0.994375 0.051194
v 0.010340 0.994375 0.051982
v 0.006918 0.994375 0.052547
v 0.003466 0.994375 0.052887
v 0.000000 0.994375 0.053000
v -0.003466 0.994375 0.052887
v -0.006918 0.994375 0.052547
v -0.010340 0.994375 0.051982
v -0.013717 0.994375 0.051194
v -0.017036 0.994375 0.050187
v -0.020282 0.994375 0.048966
v -0.023441 0.994375 0.047534
v -0.026500 0.994375 0.045899
v -0.029445 0.994375 0.044068
v -0.032264 0.994375 0.042048
v -0.034945 0.994375 0.039848
v -0.037477 0.994375 0.037477
v -0.039848 0.994375 0.034945
v -0.042048 0.994375 0.032264
v -0.044068 0.994375 0.029445
v -0.045899 0.994375 0.026500
v -0.047534 0.994375 0.023441
v -0.048966 0.994375 0.020282
v -0.050187 0.994375 0.017036
v -0.051194 0.994375 0.013717
v -0.051982 0.994375 0.010340
v -0.052547 0.994375 0.006918
v -0.052887 0.994375 0.003466
v -0.053000 0.994375 0.000000
v -0.052887 0.994375 -0.003466
v -0.052547 0.994375 -0.006918
v -0.051982 0.994375 -0.010340
v -0.051194 0.994375 -0.013717
v -0.050187 0.994375 -0.017036
v -0.048966 0.994375 -0.020282
v -0.047534 0.994375 -0.023441
v -0.045899 0.994375 -0.026500
v -0.044068 0.994375 -0.029445
v -0.042048 0.994375 -0.032264
v -0.039848 0.994375 -0.034945
v -0.037477 0.994375 -0.037477
v -0.034945 0.994375 -0.039848
v -0.032264 0.994375 -0.042048
v -0.029445 0.994375 -0.044068
v -0.026500 0.994375 -0.045899
v -0.023441 0.994375 -0.047534
v -0.020282 0.994375 -0.048966
v -0.017036 0.994375 -0.050187
v -0.013717 0.994375 -0.051194
v -0.010340 0.994375 -0.051982
v -0.006918 0.994375 -0.052547
v -0.003466 0.994375 -0.052887
v -0.000000 0.994375 -0.053000
v 0.003466 0.994375 -0.052887
v 0.006918 0.994375 -0.052547
v 0.010340 0.994375 -0.051982
v 0.013717 0.994375 -0.051194
v 0.017036 0.994375 -0.050187
v 0.020282 0.994375 -0.048966
v 0.023441 0.994375 -0.047534
v 0.026500 0.994375 -0.045899
v 0.029445 0.994375 -0.044068
v 0.032264 0.994375 -0.042048
v 0.034945 0.994375 -0.039848
v 0.037477 0.994375 -0.037477
v 0.039848 0.994375 -0.034945
v 0.042048 0.994375 -0.032264
v 0.044068 0.994375 -0.029445
v 0.045899 0.994375 -0.026500
v 0.047534 0.994375 -0.023441
v 0.048966 0.994375 -0.020282
v 0.050187 0.994375 -0.017036
v 0.051194 0.994375 -0.013717
v 0.051982 0.994375 -0.010340
v 0.052547 0.994375 -0.006918
v 0.052887 0.994375 -0.003466
v 0.053744 0.995920 0.000000
v 0.053629 0.995920 0.003515
v 0.053284 0.995920 0.007015
v 0.052711 0.995920 0.010485
v 0.051913 0.995920 0.013910
v 0.050892 0.995920 0.017275
v 0.049653 0.995920 0.020567
v 0.048202 0.995920 0.023770
v 0.046544 0.995920 0.026872
v 0.044687 0.995920 0.029859
v 0.042638 0.995920 0.032717
v 0.040407 0.995920 0.035436
v 0.038003 0.995920 0.038003
v 0.035436 0.995920 0.040407
v 0.032717 0.995920 0.042638
v 0.029859 0.995920 0.044687
v 0.026872 0.995920 0.046544
v 0.023770 0.995920 0.048202
v 0.020567 0.995920 0.049653
v 0.017275 0.995920 0.050892
v 0.013910 0.995920 0.051913
v 0.010485 0.995920 0.052711
v 0.007015 0.995920 0.053284
v 0.003515 0.995920 0.053629
v 0.000000 0.995920 0.053744
v -0.003515 0.995920 0.053629
v -0.007015 0.995920 0.053284
v -0.010485 0.995920 0.052711
v -0.013910 0.995920 0.051913
v -0.017275 0.995920 0.050892
v -0.020567 0.995920 0.049653
v -0.023770 0.995920 0.048202
v -0.026872 0.995920 0.046544
v -0.029859 0.995920 0.044687
v -0.032717 0.995920 0.042638
v -0.035436 0.995920 0.040407
v -0.038003 0.995920 0.038003
v -0.040407 0.995920 0.035436
v -0.042638 0.995920 0.032717
v -0.044687 0.995920 0.029859
v -0.046544 0.995920 0.026872
v -0.048202 0.995920 0.023770
v -0.049653 0.995920 0.020567
v -0.050892 0.995920 0.017275
v -0.051913 0.995920 0.013910
v -0.052711 0.995920 0.010485
v -0.053284 0.995920 0.007015
v -0.053629 0.995920 0.003515
v -0.053744 0.995920 0.000000
v -0.053629 0.995920 -0.003515
v -0.053284 0.995920 -0.007015
v -0.052711 0.995920 -0.010485
v -0.051913 0.995920 -0.013910
v -0.050892 0.995920 -0.017275
v -0.049653 0.995920 -0.020567
v -0.048202 0.995920 -0.023770
v -0.046544 0.995920 -0.026872
v -0.044687 0.995920 -0.029859
v -0.042638 0.995920 -0.032717
v -0.040407 0.995920 -0.035436
v -0.038003 0.995920 -0.038003
v -0.035436 0.995920 -0.040407
v -0.032717 0.995920 -0.042638
v -0.029859 0.995920 -0.044687
v -0.026872 0.995920 -0.046544
v -0.023770 0.995920 -0.048202
v -0.020567 0.995920 -0.049653
v -0.017275 0.995920 -0.050892
v -0.013910 0.995920 -0.051913
v -0.010485 0.995920 -0.052711
v -0.007015 0.995920 -0.053284
v -0.003515 0.995920 -0.053629
v -0.000000 0.995920 -0.053744
v 0.003515 0.995920 -0.053629
v 0.007015 0.995920 -0.053284
v 0.010485 0.995920 -0.052711
v 0.013910 0.995920 -0.051913
v 0.017275 0.995920 -0.050892
v 0.020567 0.995920 -0.049653
v 0.023770 0.995920 -0.048202
v 0.026872 0.995920 -0.046544
v 0.029859 0.995920 -0.044687
v 0.032717 0.995920 -0.042638
v 0.035436 0.995920 -0.040407
v 0.038003 0.995920 -0.038003
v 0.040407 0.995920 -0.035436
v 0.042638 0.995920 -0.032717
v 0.044687 0.995920 -0.029859
v 0.046544 0.995920 -0.026872
v 0.048202 0.995920 -0.023770
v 0.049653 0.995920 -0.020567
v 0.050892 0.995920 -0.017275
v 0.051913 0.995920 -0.013910
v 0.052711 0.995920 -0.010485
v 0.053284 0.995920 -0.007015
v 0.053629 0.995920 -0.003515
v 0.054452 0.996985 0.000000
v 0.054335 0.996985 0.003561
v 0.053986 0.996985 0.007107
v 0.053406 0.996985 0.010623
v 0.052597 0.996985 0.014093
v 0.051562 0.996985 0.017503
v 0.050307 0.996985 0.020838
v 0.048837 0.996985 0.024084
v 0.047157 0.996985 0.027226
v 0.045275 0.996985 0.030252
v 0.043200 0.996985 0.033148
v 0.040939 0.996985 0.035903
v 0.038503 0.996985 0.038503
v 0.035903 0.996985 0.040939
v 0.033148 0.996985 0.043200
v 0.030252 0.996985 0.045275
v 0.027226 0.996985 0.047157
v 0.024084 0.996985 0.048837
v 0.020838 0.996985 0.050307
v 0.017503 0.996985 0.051562
v 0.014093 0.996985 0.052597
v 0.010623 0.996985 0.053406
v 0.007107 0.996985 0.053986
v 0.003561 0.996985 0.054335
v 0.000000 0.996985 0.054452
v -0.003561 0.996985 0.054335
v -0.007107 0.996985 0.053986
v -0.010623 0.996985 0.053406
v -0.014093 0.996985 0.052597
v -0.017503 0.996985 0.051562
v -0.020838 0.996985 0.050307
v -0.024084 0.996985 0.048837
v -0.027226 0.996985 0.047157
v -0.030252 0.996985 0.045275
v -0.033148 0.996985 0.043200
v -0.035903 0.996985 0.040939
v -0.038503 0.996985 0.038503
v -0.040939 0.996985 0.035903
v -0.043200 0.996985 0.033148
v -0.045275 0.996985 0.030252
v -0.047157 0.996985 0.027226
v -0.048837 0.996985 0.024084
v -0.050307 0.996985 0.020838
v -0.051562 0.996985 0.017503
v -0.052597 0.996985 0.014093
v -0.053406 0.996985 0.010623
v -0.053986 0.996985 0.007107
v -0.054335 0.996985 0.003561
v -0.054452 0.996985 0.000000
v -0.054335 0.996985 -0.003561
v -0.053986 0.996985 -0.007107
v -0.053406 0.996985 -0.010623
v -0.052597 0.996985 -0.014093
v -0.051562 0.996985 -0.017503
v -0.050307 0.996985 -0.020838
v -0.048837 0.996985 -0.024084
v -0.047157 0.996985 -0.027226
v -0.045275 0.996985 -0.030252
v -0.043200 0.996985 -0.033148
v -0.040939 0.996985 -0.035903
v -0.038503 0.996985 -0.038503
v -0.035903 0.996985 -0.040939
v -0.033148 0.996985 -0.043200
v -0.030252 0.996985 -0.045275
v -0.027226 0.996985 -0.047157
v -0.024084 0.996985 -0.048837
v -0.020838 0.996985 -0.050307
v -0.017503 0.996985 -0.051562
v -0.014093 0.996985 -0.052597
v -0.010623 0.996985 -0.053406
v -0.007107 0.996985 -0.053986
v -0.003561 0.996985 -0.054335
v -0.000000 0.996985 -0.054452
v 0.003561 0.996985 -0.054335
v 0.007107 0.996985 -0.053986
v 0.010623 0.996985 -0.053406
v 0.014093 0.996985 -0.052597
v 0.017503 0.996985 -0.051562
v 0.020838 0.996985 -0.050307
v 0.024084 0.996985 -0.048837
v 0.027226 0.996985 -0.047157
v 0.030252 0.996985 -0.045275
v 0.033148 0.996985 -0.043200
v 0.035903 0.996985 -0.040939
v 0.038503 0.996985 -0.038503
v 0.040939 0.996985 -0.035903
v 0.043200 0.996985 -0.033148
v 0.045275 0.996985 -0.030252
v 0.047157 0.996985 -0.027226
v 0.048837 0.996985 -0.024084
v 0.050307 0.996985 -0.020838
v 0.051562 0.996985 -0.017503
v 0.052597 0.996985 -0.014093
v 0.053406 0.996985 -0.010623
v 0.053986 0.996985 -0.007107
v 0.054335 0.996985 -0.003561
v 0.055088 0.997840 0.000000
v 0.054970 0.997840 0.003603
v 0.054617 0.997840 0.007190
v 0.054029 0.997840 0.010747
v 0.053211 0.997840 0.014258
v 0.052164 0.997840 0.017707
v 0.050895 0.997840 0.021081
v 0.049407 0.997840 0.024365
v 0.047708 0.997840 0.027544
v 0.045804 0.997840 0.030605
v 0.043704 0.997840 0.033535
v 0.041417 0.997840 0.036322
v 0.038953 0.997840 0.038953
v 0.036322 0.997840 0.041417
v 0.033535 0.997840 0.043704
v 0.030605 0.997840 0.045804
v 0.027544 0.997840 0.047708
v 0.024365 0.997840 0.049407
v 0.021081 0.997840 0.050895
v 0.017707 0.997840 0.052164
v 0.014258 0.997840 0.053211
v 0.010747 0.997840 0.054029
v 0.007190 0.997840 0.054617
v 0.003603 0.997840 0.054970
v 0.000000 0.997840 0.055088
v -0.003603 0.997840 0.054970
v -0.007190 0.997840 0.054617
v -0.010747 0.997840 0.054029
v -0.014258 0.997840 0.053211
v -0.017707 0.997840 0.052164
v -0.021081 0.997840 0.050895
v -0.024365 0.997840 0.049407
v -0.027544 0.997840 0.047708
v -0.030605 0.997840 0.045804
v -0.033535 0.997840 0.043704
v -0.036322 0.997840 0.041417
v -0.038953 0.997840 0.038953
v -0.041417 0.997840 0.036322
v -0.043704 0.997840 0.033535
v -0.045804 0.997840 0.030605
v -0.047708 0.997840 0.027544
v -0.049407 0.997840 0.024365
v -0.050895 0.997840 0.021081
v -0.052164 0.997840 0.017707
v -0.053211 0.997840 0.014258
v -0.054029 0.997840 0.010747
v -0.054617 0.997840 0.007190
v -0.054970 0.997840 0.003603
v -0.055088 0.997840 0.000000
v -0.054970 0.997840 -0.003603
v -0.054617 0.997840 -0.007190
v -0.054029 0.997840 -0.010747
v -0.053211 0.997840 -0.014258
v -0.052164 0.997840 -0.017707
v -0.050895 0.997840 -0.021081
v -0.049407 0.997840 -0.024365
v -0.047708 0.997840 -0.027544
v -0.045804 0.997840 -0.030605
v -0.043704 0.997840 -0.033535
v -0.041417 0.997840 -0.036322
v -0.038953 0.997840 -0.038953
v -0.036322 0.997840 -0.041417
v -0.033535 0.997840 -0.043704
v -0.030605 0.997840 -0.045804
v -0.027544 0.997840 -0.047708
v -0.024365 0.997840 -0.049407
v -0.021081 0.997840 -0.050895
v -0.017707 0.997840 -0.052164
v -0.014258 0.997840 -0.053211
v -0.010747 0.997840 -0.054029
v -0.007190 0.997840 -0.054617
v -0.003603 0.997840 -0.054970
v -0.000000 0.997840 -0.055088
v 0.003603 0.997840 -0.054970
v 0.007190 0.997840 -0.054617
v 0.010747 0.997840 -0.054029
v 0.014258 0.997840 -0.053211
v 0.017707 0.997840 -0.052164
v 0.021081 0.997840 -0.050895
v 0.024365 0.997840 -0.049407
v 0.027544 0.997840 -0.047708
v 0.030605 0.997840 -0.045804
v 0.033535 0.997840 -0.043704
v 0.036322 0.997840 -0.041417
v 0.038953 0.997840 -0.038953
v 0.041417 0.997840 -0.036322
v 0.043704 0.997840 -0.033535
v 0.045804 0.997840 -0.030605
v 0.047708 0.997840 -0.027544
v 0.049407 0.997840 -0.024365
v 0.050895 0.997840 -0.021081
v 0.052164 0.997840 -0.017707
v 0.053211 0.997840 -0.014258
v 0.054029 0.997840 -0.010747
v 0.054617 0.997840 -0.007190
v 0.054970 0.997840 -0.003603
v 0.055616 0.998755 0.000000
v 0.055497 0.998755 0.003637
v 0.055140 0.998755 0.007259
v 0.054547 0.998755 0.010850
v 0.053721 0.998755 0.014394
v 0.052664 0.998755 0.017877
v 0.051382 0.998755 0.021283
v 0.049880 0.998755 0.024598
v 0.048165 0.998755 0.027808
v 0.046243 0.998755 0.030899
v 0.044123 0.998755 0.033857
v 0.041814 0.998755 0.036670
v 0.039326 0.998755 0.039326
v 0.036670 0.998755 0.041814
v 0.033857 0.998755 0.044123
v 0.030899 0.998755 0.046243
v 0.027808 0.998755 0.048165
v 0.024598 0.998755 0.049880
v 0.021283 0.998755 0.051382
v 0.017877 0.998755 0.052664
v 0.014394 0.998755 0.053721
v 0.010850 0.998755 0.054547
v 0.007259 0.998755 0.055140
v 0.003637 0.998755 0.055497
v 0.000000 0.998755 0.055616
v -0.003637 0.998755 0.055497
v -0.007259 0.998755 0.055140
v -0.010850 0.998755 0.054547
v -0.014394 0.998755 0.053721
v -0.017877 0.998755 0.052664
v -0.021283 0.998755 0.051382
v -0.024598 0.998755 0.049880
v -0.027808 0.998755 0.048165
v -0.030899 0.998755 0.046243
v -0.033857 0.998755 0.044123
v -0.036670 0.998755 0.041814
v -0.039326 0.998755 0.039326
v -0.041814 0.998755 0.036670
v -0.044123 0.998755 0.033857
v -0.046243 0.998755 0.030899
v -0.048165 0.998755 0.027808
v -0.049880 0.998755 0.024598
v -0.051382 0.998755 0.021283
v -0.052664 0.998755 0.017877
v -0.053721 0.998755 0.014394
v -0.054547 0.998755 0.010850
v -0.055140 0.998755 0.007259
v -0.055497 0.998755 0.003637
v -0.055616 0.998755 0.000000
v -0.055497 0.998755 -0.003637
v -0.055140 0.998755 -0.007259
v -0.054547 0.998755 -0.010850
v -0.053721 0.998755 -0.014394
v -0.052664 0.998755 -0.017877
v -0.051382 0.998755 -0.021283
v -0.049880 0.998755 -0.024598
v -0.048165 0.998755 -0.027808
v -0.046243 0.998755 -0.030899
v -0.044123 0.998755 -0.033857
v -0.041814 0.998755 -0.036670
v -0.039326 0.998755 -0.039326
v -0.036670 0.998755 -0.041814
v -0.033857 0.998755 -0.044123
v -0.030899 0.998755 -0.046243
v -0.027808 0.998755 -0.048165
v -0.024598 0.998755 -0.049880
v -0.021283 0.998755 -0.051382
v -0.017877 0.998755 -0.052664
v -0.014394 0.998755 -0.053721
v -0.010850 0.998755 -0.054547
v -0.007259 0.998755 -0.055140
v -0.003637 0.998755 -0.055497
v -0.000000 0.998755 -0.055616
v 0.003637 0.998755 -0.055497
v 0.007259 0.998755 -0.055140
v 0.010850 0.998755 -0.054547
v 0.014394 0.998755 -0.053721
v 0.017877 0.998755 -0.052664
v 0.021283 0.998755 -0.051382
v 0.024598 0.998755 -0.049880
v 0.027808 0.998755 -0.048165
v 0.030899 0.998755 -0.046243
v 0.033857 0.998755 -0.044123
v 0.036670 0.998755 -0.041814
v 0.039326 0.998755 -0.039326
v 0.041814 0.998755 -0.036670
v 0.044123 0.998755 -0.033857
v 0.046243 0.998755 -0.030899
v 0.048165 0.998755 -0.027808
v 0.049880 0.998755 -0.024598
v 0.051382 0.998755 -0.021283
v 0.052664 0.998755 -0.017877
v 0.053721 0.998755 -0.014394
v 0.054547 0.998755 -0.010850
v 0.055140 0.998755 -0.007259
v 0.055497 0.998755 -0.003637
v 0.056000 1.000000 0.000000
v 0.055880 1.000000 0.003663
v 0.055521 1.000000 0.007309
v 0.054924 1.000000 0.010925
v 0.054092 1.000000 0.014494
v 0.053028 1.000000 0.018001
v 0.051737 1.000000 0.021430
v 0.050225 1.000000 0.024768
v 0.048497 1.000000 0.028000
v 0.046562 1.000000 0.031112
v 0.044428 1.000000 0.034091
v 0.042103 1.000000 0.036923
v 0.039598 1.000000 0.039598
v 0.036923 1.000000 0.042103
v 0.034091 1.000000 0.044428
v 0.031112 1.000000 0.046562
v 0.028000 1.000000 0.048497
v 0.024768 1.000000 0.050225
v 0.021430 1.000000 0.051737
v 0.018001 1.000000 0.053028
v 0.014494 1.000000 0.054092
v 0.010925 1.000000 0.054924
v 0.007309 1.000000 0.055521
v 0.003663 1.000000 0.055880
v 0.000000 1.000000 0.056000
v -0.003663 1.000000 0.055880
v -0.007309 1.000000 0.055521
v -0.010925 1.000000 0.054924
v -0.014494 1.000000 0.054092
v -0.018001 1.000000 0.053028
v -0.021430 1.000000 0.051737
v -0.024768 1.000000 0.050225
v -0.028000 1.000000 0.048497
v -0.031112 1.000000 0.046562
v -0.034091 1.000000 0.044428
v -0.036923 1.000000 0.042103
v -0.039598 1.000000 0.039598
v -0.042103 1.000000 0.036923
v -0.044428 1.000000 0.034091
v -0.046562 1.000000 0.031112
v -0.048497 1.000000 0.028000
v -0.050225 1.000000 0.024768
v -0.051737 1.000000 0.021430
v -0.053028 1.000000 0.018001
v -0.054092 1.000000 0.014494
v -0.054924 1.000000 0.010925
v -0.055521 1.000000 0.007309
v -0.055880 1.000000 0.003663
v -0.056000 1.000000 0.000000
v -0.055880 1.000000 -0.003663
v -0.055521 1.000000 -0.007309
v -0.054924 1.000000 -0.010925
v -0.054092 1.000000 -0.014494
v -0.053028 1.000000 -0.018001
v -0.051737 1.000000 -0.021430
v -0.050225 1.000000 -0.024768
v -0.048497 1.000000 -0.028000
v -0.046562 1.000000 -0.031112
v -0.044428 1.000000 -0.034091
v -0.042103 1.000000 -0.036923
v -0.039598 1.000000 -0.039598
v -0.036923 1.000000 -0.042103
v -0.034091 1.000000 -0.044428
v -0.031112 1.000000 -0.046562
v -0.028000 1.000000 -0.048497
v -0.024768 1.000000 -0.050225
v -0.021430 1.000000 -0.051737
v -0.018001 1.000000 -0.053028
v -0.014494 1.000000 -0.054092
v -0.010925 1.000000 -0.054924
v -0.007309 1.000000 -0.055521
v -0.003663 1.000000 -0.055880
v -0.000000 1.000000 -0.056000
v 0.003663 1.000000 -0.055880
v 0.007309 1.000000 -0.055521
v 0.010925 1.000000 -0.054924
v 0.014494 1.000000 -0.054092
v 0.018001 1.000000 -0.053028
v 0.021430 1.000000 -0.051737
v 0.024768 1.000000 -0.050225
v 0.028000 1.000000 -0.048497
v 0.031112 1.000000 -0.046562
v 0.034091 1.000000 -0.044428
v 0.036923 1.000000 -0.042103
v 0.039598 1.000000 -0.039598
v 0.042103 1.000000 -0.036923
v 0.044428 1.000000 -0.034091
v 0.046562 1.000000 -0.031112
v 0.048497 1.000000 -0.028000
v 0.050225 1.000000 -0.024768
v 0.051737 1.000000 -0.021430
v 0.053028 1.000000 -0.018001
v 0.054092 1.000000 -0.014494
v 0.054924 1.000000 -0.010925
v 0.055521 1.000000 -0.007309
v 0.055880 1.000000 -0.003663
v 0.056000 1.000000 0.000000
v 0.055880 1.000000 0.003663
v 0.055521 1.000000 0.007309
v 0.054924 1.000000 0.010925
v 0.054092 1.000000 0.014494
v 0.053028 1.000000 0.018001
v 0.051737 1.000000 0.021430
v 0.050225 1.000000 0.024768
v 0.048497 1.000000 0.028000
v 0.046562 1.000000 0.031112
v 0.044428 1.000000 0.034091
v 0.042103 1.000000 0.036923
v 0.039598 1.000000 0.039598
v 0.036923 1.000000 0.042103
v 0.034091 1.000000 0.044428
v 0.031112 1.000000 0.046562
v 0.028000 1.000000 0.048497
v 0.024768 1.000000 0.050225
v 0.021430 1.000000 0.051737
v 0.018001 1.000000 0.053028
v 0.014494 1.000000 0.054092
v 0.010925 1.000000 0.054924
v 0.007309 1.000000 0.055521
v 0.003663 1.000000 0.055880
v 0.000000 1.000000 0.056000
v -0.003663 1.000000 0.055880
v -0.007309 1.000000 0.055521
v -0.010925 1.000000 0.054924
v -0.014494 1.000000 0.054092
v -0.018001 1.000000 0.053028
v -0.021430 1.000000 0.051737
v -0.024768 1.000000 0.050225
v -0.028000 1.000000 0.048497
v -0.031112 1.000000 0.046562
v -0.034091 1.000000 0.044428
v -0.036923 1.000000 0.042103
v -0.039598 1.000000 0.039598
v -0.042103 1.000000 0.036923
v -0.044428 1.000000 0.034091
v -0.046562 1.000000 0.031112
v -0.048497 1.000000 0.028000
v -0.050225 1.000000 0.024768
v -0.051737 1.000000 0.021430
v -0.053028 1.000000 0.018001
v -0.054092 1.000000 0.014494
v -0.054924 1.000000 0.010925
v -0.055521 1.000000 0.007309
v -0.055880 1.000000 0.003663
v -0.056000 1.000000 0.000000
v -0.055880 1.000000 -0.003663
v -0.055521 1.000000 -0.007309
v -0.054924 1.000000 -0.010925
v -0.054092 1.000000 -0.014494
v -0.053028 1.000000 -0.018001
v -0.051737 1.000000 -0.021430
v -0.050225 1.000000 -0.024768
v -0.048497 1.000000 -0.028000
v -0.046562 1.000000 -0.031112
v -0.044428 1.000000 -0.034091
v -0.042103 1.000000 -0.036923
v -0.039598 1.000000 -0.039598
v -0.036923 1.000000 -0.042103
v -0.034091 1.000000 -0.044428
v -0.031112 1.000000 -0.046562
v -0.028000 1.000000 -0.048497
v -0.024768 1.000000 -0.050225
v -0.021430 1.000000 -0.051737
v -0.018001 1.000000 -0.053028
v -0.014494 1.000000 -0.054092
v -0.010925 1.000000 -0.054924
v -0.007309 1.000000 -0.055521
v -0.003663 1.000000 -0.055880
v -0.000000 1.000000 -0.056000
v 0.003663 1.000000 -0.055880
v 0.007309 1.000000 -0.055521
v 0.010925 1.000000 -0.054924
v 0.014494 1.000000 -0.054092
v 0.018001 1.000000 -0.053028
v 0.021430 1.000000 -0.051737
v 0.024768 1.000000 -0.050225
v 0.028000 1.000000 -0.048497
v 0.031112 1.000000 -0.046562
v 0.034091 1.000000 -0.044428
v 0.036923 1.000000 -0.042103
v 0.039598 1.000000 -0.039598
v 0.042103 1.000000 -0.036923
v 0.044428 1.000000 -0.034091
v 0.046562 1.000000 -0.031112
v 0.048497 1.000000 -0.028000
v 0.050225 1.000000 -0.024768
v 0.051737 1.000000 -0.021430
v 0.053028 1.000000 -0.018001
v 0.054092 1.000000 -0.014494
v 0.054924 1.000000 -0.010925
v 0.055521 1.000000 -0.007309
v 0.055880 1.000000 -0.003663
v 0.045000 1.000000 0.000000
v 0.044904 1.000000 0.002943
v 0.044615 1.000000 0.005874
v 0.044135 1.000000 0.008779
v 0.043467 1.000000 0.011647
v 0.042612 1.000000 0.014465
v 0.041575 1.000000 0.017221
v 0.040359 1.000000 0.019903
v 0.038971 1.000000 0.022500
v 0.037416 1.000000 0.025001
v 0.035701 1.000000 0.027394
v 0.033833 1.000000 0.029671
v 0.031820 1.000000 0.031820
v 0.029671 1.000000 0.033833
v 0.027394 1.000000 0.035701
v 0.025001 1.000000 0.037416
v 0.022500 1.000000 0.038971
v 0.019903 1.000000 0.040359
v 0.017221 1.000000 0.041575
v 0.014465 1.000000 0.042612
v 0.011647 1.000000 0.043467
v 0.008779 1.000000 0.044135
v 0.005874 1.000000 0.044615
v 0.002943 1.000000 0.044904
v 0.000000 1.000000 0.045000
v -0.002943 1.000000 0.044904
v -0.005874 1.000000 0.044615
v -0.008779 1.000000 0.044135
v -0.011647 1.000000 0.043467
v -0.014465 1.000000 0.042612
v -0.017221 1.000000 0.041575
v -0.019903 1.000000 0.040359
v -0.022500 1.000000 0.038971
v -0.025001 1.000000 0.037416
v -0.027394 1.000000 0.035701
v -0.029671 1.000000 0.033833
v -0.031820 1.000000 0.031820
v -0.033833 1.000000 0.029671
v -0.035701 1.000000 0.027394
v -0.037416 1.000000 0.025001
v -0.038971 1.000000 0.022500
v -0.040359 1.000000 0.019903
v -0.041575 1.000000 0.017221
v -0.042612 1.000000 0.014465
v -0.043467 1.000000 0.011647
v -0.044135 1.000000 0.008779
v -0.044615 1.000000 0.005874
v -0.044904 1.000000 0.002943
v -0.045000 1.000000 0.000000
v -0.044904 1.000000 -0.002943
v -0.044615 1.000000 -0.005874
v -0.044135 1.000000 -0.008779
v -0.043467 1.000000 -0.011647
v -0.042612 1.000000 -0.014465
v -0.041575 1.000000 -0.017221
v -0.040359 1.000000 -0.019903
v -0.038971 1.000000 -0.022500
v -0.037416 1.000000 -0.025001
v -0.035701 1.000000 -0.027394
v -0.033833 1.000000 -0.029671
v -0.031820 1.000000 -0.031820
v -0.029671 1.000000 -0.033833
v -0.027394 1.000000 -0.035701
v -0.025001 1.000000 -0.037416
v -0.022500 1.000000 -0.038971
v -0.019903 1.000000 -0.040359
v -0.017221 1.000000 -0.041575
v -0.014465 1.000000 -0.042612
v -0.011647 1.000000 -0.043467
v -0.008779 1.000000 -0.044135
v -0.005874 1.000000 -0.044615
v -0.002943 1.000000 -0.044904
v -0.000000 1.000000 -0.045000
v 0.002943 1.000000 -0.044904
v 0.005874 1.000000 -0.044615
v 0.008779 1.000000 -0.044135
v 0.011647 1.000000 -0.043467
v 0.014465 1.000000 -0.042612
v 0.017221 1.000000 -0.041575
v 0.019903 1.000000 -0.040359
v 0.022500 1.000000 -0.038971
v 0.025001 1.000000 -0.037416
v 0.027394 1.000000 -0.035701
v 0.029671 1.000000 -0.033833
v 0.031820 1.000000 -0.031820
v 0.033833 1.000000 -0.029671
v 0.035701 1.000000 -0.027394
v 0.037416 1.000000 -0.025001
v 0.038971 1.000000 -0.022500
v 0.040359 1.000000 -0.019903
v 0.041575 1.000000 -0.017221
v 0.042612 1.000000 -0.014465
v 0.043467 1.000000 -0.011647
v 0.044135 1.000000 -0.008779
v 0.044615 1.000000 -0.005874
v 0.044904 1.000000 -0.002943
v 0.045000 1.000000 0.000000
v 0.044904 1.000000 0.002943
v 0.044615 1.000000 0.005874
v 0.044135 1.000000 0.008779
v 0.043467 1.000000 0.011647
v 0.042612 1.000000 0.014465
v 0.041575 1.000000 0.017221
v 0.040359 1.000000 0.019903
v 0.038971 1.000000 0.022500
v 0.037416 1.000000 0.025001
v 0.035701 1.000000 0.027394
v 0.033833 1.000000 0.029671
v 0.031820 1.000000 0.031820
v 0.029671 1.000000 0.033833
v 0.027394 1.000000 0.035701
v 0.025001 1.000000 0.037416
v 0.022500 1.000000 0.038971
v 0.019903 1.000000 0.040359
v 0.017221 1.000000 0.041575
v 0.014465 1.000000 0.042612
v 0.011647 1.000000 0.043467
v 0.008779 1.000000 0.044135
v 0.005874 1.000000 0.044615
v 0.002943 1.000000 0.044904
v 0.000000 1.000000 0.045000
v -0.002943 1.000000 0.044904
v -0.005874 1.000000 0.044615
v -0.008779 1.000000 0.044135
v -0.011647 1.000000 0.043467
v -0.014465 1.000000 0.042612
v -0.017221 1.000000 0.041575
v -0.019903 1.000000 0.040359
v -0.022500 1.000000 0.038971
v -0.025001 1.000000 0.037416
v -0.027394 1.000000 0.035701
v -0.029671 1.000000 0.033833
v -0.031820 1.000000 0.031820
v -0.033833 1.000000 0.029671
v -0.035701 1.000000 0.027394
v -0.037416 1.000000 0.025001
v -0.038971 1.000000 0.022500
v -0.040359 1.000000 0.019903
v -0.041575 1.000000 0.017221
v -0.042612 1.000000 0.014465
v -0.043467 1.000000 0.011647
v -0.044135 1.000000 0.008779
v -0.044615 1.000000 0.005874
v -0.044904 1.000000 0.002943
v -0.045000 1.000000 0.000000
v -0.044904 1.000000 -0.002943
v -0.044615 1.000000 -0.005874
v -0.044135 1.000000 -0.008779
v -0.043467 1.000000 -0.011647
v -0.042612 1.000000 -0.014465
v -0.041575 1.000000 -0.017221
v -0.040359 1.000000 -0.019903
v -0.038971 1.000000 -0.022500
v -0.037416 1.000000 -0.025001
v -0.035701 1.000000 -0.027394
v -0.033833 1.000000 -0.029671
v -0.031820 1.000000 -0.031820
v -0.029671 1.000000 -0.033833
v -0.027394 1.000000 -0.035701
v -0.025001 1.000000 -0.037416
v -0.022500 1.000000 -0.038971
v -0.019903 1.000000 -0.040359
v -0.017221 1.000000 -0.041575
v -0.014465 1.000000 -0.042612
v -0.011647 1.000000 -0.043467
v -0.008779 1.000000 -0.044135
v -0.005874 1.000000 -0.044615
v -0.002943 1.000000 -0.044904
v -0.000000 1.000000 -0.045000
v 0.002943 1.000000 -0.044904
v 0.005874 1.000000 -0.044615
v 0.008779 1.000000 -0.044135
v 0.011647 1.000000 -0.043467
v 0.014465 1.000000 -0.042612
v 0.017221 1.000000 -0.041575
v 0.019903 1.000000 -0.040359
v 0.022500 1.000000 -0.038971
v 0.025001 1.000000 -0.037416
v 0.027394 1.000000 -0.035701
v 0.029671 1.000000 -0.033833
v 0.031820 1.000000 -0.031820
v 0.033833 1.000000 -0.029671
v 0.035701 1.000000 -0.027394
v 0.037416 1.000000 -0.025001
v 0.038971 1.000000 -0.022500
v 0.040359 1.000000 -0.019903
v 0.041575 1.000000 -0.017221
v 0.042612 1.000000 -0.014465
v 0.043467 1.000000 -0.011647
v 0.044135 1.000000 -0.008779
v 0.044615 1.000000 -0.005874
v 0.044904 1.000000 -0.002943
v 0.044680 0.998755 0.000000
v 0.044584 0.998755 0.002922
v 0.044298 0.998755 0.005832
v 0.043821 0.998755 0.008717
v 0.043158 0.998755 0.011564
v 0.042309 0.998755 0.014362
v 0.041279 0.998755 0.017098
v 0.040072 0.998755 0.019761
v 0.038694 0.998755 0.022340
v 0.037150 0.998755 0.024823
v 0.035447 0.998755 0.027199
v 0.033592 0.998755 0.029460
v 0.031594 0.998755 0.031594
v 0.029460 0.998755 0.033592
v 0.027199 0.998755 0.035447
v 0.024823 0.998755 0.037150
v 0.022340 0.998755 0.038694
v 0.019761 0.998755 0.040072
v 0.017098 0.998755 0.041279
v 0.014362 0.998755 0.042309
v 0.011564 0.998755 0.043158
v 0.008717 0.998755 0.043821
v 0.005832 0.998755 0.044298
v 0.002922 0.998755 0.044584
v 0.000000 0.998755 0.044680
v -0.002922 0.998755 0.044584
v -0.005832 0.998755 0.044298
v -0.008717 0.998755 0.043821
v -0.011564 0.998755 0.043158
v -0.014362 0.998755 0.042309
v -0.017098 0.998755 0.041279
v -0.019761 0.998755 0.040072
v -0.022340 0.998755 0.038694
v -0.024823 0.998755 0.037150
v -0.027199 0.998755 0.035447
v -0.029460 0.998755 0.033592
v -0.031594 0.998755 0.031594
v -0.033592 0.998755 0.029460
v -0.035447 0.998755 0.027199
v -0.037150 0.998755 0.024823
v -0.038694 0.998755 0.022340
v -0.040072 0.998755 0.019761
v -0.041279 0.998755 0.017098
v -0.042309 0.998755 0.014362
v -0.043158 0.998755 0.011564
v -0.043821 0.998755 0.008717
v -0.044298 0.998755 0.005832
v -0.044584 0.998755 0.002922
v -0.044680 0.998755 0.000000
v -0.044584 0.998755 -0.002922
v -0.044298 0.998755 -0.005832
v -0.043821 0.998755 -0.008717
v -0.043158 0.998755 -0.011564
v -0.042309 0.998755 -0.014362
v -0.041279 0.998755 -0.017098
v -0.040072 0.998755 -0.019761
v -0.038694 0.998755 -0.022340
v -0.037150 0.998755 -0.024823
v -0.035447 0.998755 -0.027199
v -0.033592 0.998755 -0.029460
v -0.031594 0.998755 -0.031594
v -0.029460 0.998755 -0.033592
v -0.027199 0.998755 -0.035447
v -0.024823 0.998755 -0.037150
v -0.022340 0.998755 -0.038694
v -0.019761 0.998755 -0.040072
v -0.017098 0.998755 -0.041279
v -0.014362 0.998755 -0.042309
v -0.011564 0.998755 -0.043158
v -0.008717 0.998755 -0.043821
v -0.005832 0.998755 -0.044298
v -0.002922 0.998755 -0.044584
v -0.000000 0.998755 -0.044680
v 0.002922 0.998755 -0.044584
v 0.005832 0.998755 -0.044298
v 0.008717 0.998755 -0.043821
v 0.011564 0.998755 -0.043158
v 0.014362 0.998755 -0.042309
v 0.017098 0.998755 -0.041279
v 0.019761 0.998755 -0.040072
v 0.022340 0.998755 -0.038694
v 0.024823 0.998755 -0.037150
v 0.027199 0.998755 -0.035447
v 0.029460 0.998755 -0.033592
v 0.031594 0.998755 -0.031594
v 0.033592 0.998755 -0.029460
v 0.035447 0.998755 -0.027199
v 0.037150 0.998755 -0.024823
v 0.038694 0.998755 -0.022340
v 0.040072 0.998755 -0.019761
v 0.041279 0.998755 -0.017098
v 0.042309 0.998755 -0.014362
v 0.043158 0.998755 -0.011564
v 0.043821 0.998755 -0.008717
v 0.044298 0.998755 -0.005832
v 0.044584 0.998755 -0.002922
v 0.044240 0.997840 0.000000
v 0.044145 0.997840 0.002893
v 0.043862 0.997840 0.005774
v 0.043390 0.997840 0.008631
v 0.042733 0.997840 0.011450
v 0.041892 0.997840 0.014220
v 0.040872 0.997840 0.016930
v 0.039678 0.997840 0.019567
v 0.038313 0.997840 0.022120
v 0.036784 0.997840 0.024578
v 0.035098 0.997840 0.026932
v 0.033261 0.997840 0.029169
v 0.031282 0.997840 0.031282
v 0.029169 0.997840 0.033261
v 0.026932 0.997840 0.035098
v 0.024578 0.997840 0.036784
v 0.022120 0.997840 0.038313
v 0.019567 0.997840 0.039678
v 0.016930 0.997840 0.040872
v 0.014220 0.997840 0.041892
v 0.011450 0.997840 0.042733
v 0.008631 0.997840 0.043390
v 0.005774 0.997840 0.043862
v 0.002893 0.997840 0.044145
v 0.000000 0.997840 0.044240
v -0.002893 0.997840 0.044145
v -0.005774 0.997840 0.043862
v -0.008631 0.997840 0.043390
v -0.011450 0.997840 0.042733
v -0.014220 0.997840 0.041892
v -0.016930 0.997840 0.040872
v -0.019567 0.997840 0.039678
v -0.022120 0.997840 0.038313
v -0.024578 0.997840 0.036784
v -0.026932 0.997840 0.035098
v -0.029169 0.997840 0.033261
v -0.031282 0.997840 0.031282
v -0.033261 0.997840 0.029169
v -0.035098 0.997840 0.026932
v -0.036784 0.997840 0.024578
v -0.038313 0.997840 0.022120
v -0.039678 0.997840 0.019567
v -0.040872 0.997840 0.016930
v -0.041892 0.997840 0.014220
v -0.042733 0.997840 0.011450
v -0.043390 0.997840 0.008631
v -0.043862 0.997840 0.005774
v -0.044145 0.997840 0.002893
v -0.044240 0.997840 0.000000
v -0.044145 0.997840 -0.002893
v -0.043862 0.997840 -0.005774
v -0.043390 0.997840 -0.008631
v -0.042733 0.997840 -0.011450
v -0.041892 0.997840 -0.014220
v -0.040872 0.997840 -0.016930
v -0.039678 0.997840 -0.019567
v -0.038313 0.997840 -0.022120
v -0.036784 0.997840 -0.024578
v -0.035098 0.997840 -0.026932
v -0.033261 0.997840 -0.029169
v -0.031282 0.997840 -0.031282
v -0.029169 0.997840 -0.033261
v -0.026932 0.997840 -0.035098
v -0.024578 0.997840 -0.036784
v -0.022120 0.997840 -0.038313
v -0.019567 0.997840 -0.039678
v -0.016930 0.997840 -0.040872
v -0.014220 0.997840 -0.041892
v -0.011450 0.997840 -0.042733
v -0.008631 0.997840 -0.043390
v -0.005774 0.997840 -0.043862
v -0.002893 0.997840 -0.044145
v -0.000000 0.997840 -0.044240
v 0.002893 0.997840 -0.044145
v 0.005774 0.997840 -0.043862
v 0.008631 0.997840 -0.043390
v 0.011450 0.997840 -0.042733
v 0.014220 0.997840 -0.041892
v 0.016930 0.997840 -0.040872
v 0.019567 0.997840 -0.039678
v 0.022120 0.997840 -0.038313
v 0.024578 0.997840 -0.036784
v 0.026932 0.997840 -0.035098
v 0.029169 0.997840 -0.033261
v 0.031282 0.997840 -0.031282
v 0.033261 0.997840 -0.029169
v 0.035098 0.997840 -0.026932
v 0.036784 0.997840 -0.024578
v 0.038313 0.997840 -0.022120
v 0.039678 0.997840 -0.019567
v 0.040872 0.997840 -0.016930
v 0.041892 0.997840 -0.014220
v 0.042733 0.997840 -0.011450
v 0.043390 0.997840 -0.008631
v 0.043862 0.997840 -0.005774
v 0.044145 0.997840 -0.002893
v 0.043710 0.996985 0.000000
v 0.043616 0.996985 0.002859
v 0.043336 0.996985 0.005705
v 0.042870 0.996985 0.008527
v 0.042221 0.996985 0.011313
v 0.041390 0.996985 0.014050
v 0.040383 0.996985 0.016727
v 0.039202 0.996985 0.019332
v 0.037854 0.996985 0.021855
v 0.036344 0.996985 0.024284
v 0.034677 0.996985 0.026609
v 0.032863 0.996985 0.028820
v 0.030908 0.996985 0.030908
v 0.028820 0.996985 0.032863
v 0.026609 0.996985 0.034677
v 0.024284 0.996985 0.036344
v 0.021855 0.996985 0.037854
v 0.019332 0.996985 0.039202
v 0.016727 0.996985 0.040383
v 0.014050 0.996985 0.041390
v 0.011313 0.996985 0.042221
v 0.008527 0.996985 0.042870
v 0.005705 0.996985 0.043336
v 0.002859 0.996985 0.043616
v 0.000000 0.996985 0.043710
v -0.002859 0.996985 0.043616
v -0.005705 0.996985 0.043336
v -0.008527 0.996985 0.042870
v -0.011313 0.996985 0.042221
v -0.014050 0.996985 0.041390
v -0.016727 0.996985 0.040383
v -0.019332 0.996985 0.039202
v -0.021855 0.996985 0.037854
v -0.024284 0.996985 0.036344
v -0.026609 0.996985 0.034677
v -0.028820 0.996985 0.032863
v -0.030908 0.996985 0.030908
v -0.032863 0.996985 0.028820
v -0.034677 0.996985 0.026609
v -0.036344 0.996985 0.024284
v -0.037854 0.996985 0.021855
v -0.039202 0.996985 0.019332
v -0.040383 0.996985 0.016727
v -0.041390 0.996985 0.014050
v -0.042221 0.996985 0.011313
v -0.042870 0.996985 0.008527
v -0.043336 0.996985 0.005705
v -0.043616 0.996985 0.002859
v -0.043710 0.996985 0.000000
v -0.043616 0.996985 -0.002859
v -0.043336 0.996985 -0.005705
v -0.042870 0.996985 -0.008527
v -0.042221 0.996985 -0.011313
v -0.041390 0.996985 -0.014050
v -0.040383 0.996985 -0.016727
v -0.039202 0.996985 -0.019332
v -0.037854 0.996985 -0.021855
v -0.036344 0.996985 -0.024284
v -0.034677 0.996985 -0.026609
v -0.032863 0.996985 -0.028820
v -0.030908 0.996985 -0.030908
v -0.028820 0.996985 -0.032863
v -0.026609 0.996985 -0.034677
v -0.024284 0.996985 -0.036344
v -0.021855 0.996985 -0.037854
v -0.019332 0.996985 -0.039202
v -0.016727 0.996985 -0.040383
v -0.014050 0.996985 -0.041390
v -0.011313 0.996985 -0.042221
v -0.008527 0.996985 -0.042870
v -0.005705 0.996985 -0.043336
v -0.002859 0.996985 -0.043616
v -0.000000 0.996985 -0.043710
v 0.002859 0.996985 -0.043616
v 0.005705 0.996985 -0.043336
v 0.008527 0.996985 -0.042870
v 0.011313 0.996985 -0.042221
v 0.014050 0.996985 -0.041390
v 0.016727 0.996985 -0.040383
v 0.019332 0.996985 -0.039202
v 0.021855 0.996985 -0.037854
v 0.024284 0.996985 -0.036344
v 0.026609 0.996985 -0.034677
v 0.028820 0.996985 -0.032863
v 0.030908 0.996985 -0.030908
v 0.032863 0.996985 -0.028820
v 0.034677 0.996985 -0.026609
v 0.036344 0.996985 -0.024284
v 0.037854 0.996985 -0.021855
v 0.039202 0.996985 -0.019332
v 0.040383 0.996985 -0.016727
v 0.041390 0.996985 -0.014050
v 0.042221 0.996985 -0.011313
v 0.042870 0.996985 -0.008527
v 0.043336 0.996985 -0.005705
v 0.043616 0.996985 -0.002859
v 0.043120 0.995920 0.000000
v 0.043028 0.995920 0.002820
v 0.042751 0.995920 0.005628
v 0.042291 0.995920 0.008412
v 0.041651 0.995920 0.011160
v 0.040832 0.995920 0.013860
v 0.039838 0.995920 0.016501
v 0.038673 0.995920 0.019071
v 0.037343 0.995920 0.021560
v 0.035853 0.995920 0.023956
v 0.034209 0.995920 0.026250
v 0.032419 0.995920 0.028431
v 0.030490 0.995920 0.030490
v 0.028431 0.995920 0.032419
v 0.026250 0.995920 0.034209
v 0.023956 0.995920 0.035853
v 0.021560 0.995920 0.037343
v 0.019071 0.995920 0.038673
v 0.016501 0.995920 0.039838
v 0.013860 0.995920 0.040832
v 0.011160 0.995920 0.041651
v 0.008412 0.995920 0.042291
v 0.005628 0.995920 0.042751
v 0.002820 0.995920 0.043028
v 0.000000 0.995920 0.043120
v -0.002820 0.995920 0.043028
v -0.005628 0.995920 0.042751
v -0.008412 0.995920 0.042291
v -0.011160 0.995920 0.041651
v -0.013860 0.995920 0.040832
v -0.016501 0.995920 0.039838
v -0.019071 0.995920 0.038673
v -0.021560 0.995920 0.037343
v -0.023956 0.995920 0.035853
v -0.026250 0.995920 0.034209
v -0.028431 0.995920 0.032419
v -0.030490 0.995920 0.030490
v -0.032419 0.995920 0.028431
v -0.034209 0.995920 0.026250
v -0.035853 0.995920 0.023956
v -0.037343 0.995920 0.021560
v -0.038673 0.995920 0.019071
v -0.039838 0.995920 0.016501
v -0.040832 0.995920 0.013860
v -0.041651 0.995920 0.011160
v -0.042291 0.995920 0.008412
v -0.042751 0.995920 0.005628
v -0.043028 0.995920 0.002820
v -0.043120 0.995920 0.000000
v -0.043028 0.995920 -0.002820
v -0.042751 0.995920 -0.005628
v -0.042291 0.995920 -0.008412
v -0.041651 0.995920 -0.011160
v -0.040832 0.995920 -0.013860
v -0.039838 0.995920 -0.016501
v -0.038673 0.995920 -0.019071
v -0.037343 0.995920 -0.021560
v -0.035853 0.995920 -0.023956
v -0.034209 0.995920 -0.026250
v -0.032419 0.995920 -0.028431
v -0.030490 0.995920 -0.030490
v -0.028431 0.995920 -0.032419
v -0.026250 0.995920 -0.034209
v -0.023956 0.995920 -0.035853
v -0.021560 0.995920 -0.037343
v -0.019071 0.995920 -0.038673
v -0.016501 0.995920 -0.039838
v -0.013860 0.995920 -0.040832
v -0.011160 0.995920 -0.041651
v -0.008412 0.995920 -0.042291
v -0.005628 0.995920 -0.042751
v -0.002820 0.995920 -0.043028
v -0.000000 0.995920 -0.043120
v 0.002820 0.995920 -0.043028
v 0.005628 0.995920 -0.042751
v 0.008412 0.995920 -0.042291
v 0.011160 0.995920 -0.041651
v 0.013860 0.995920 -0.040832
v 0.016501 0.995920 -0.039838
v 0.019071 0.995920 -0.038673
v 0.021560 0.995920 -0.037343
v 0.023956 0.995920 -0.035853
v 0.026250 0.995920 -0.034209
v 0.028431 0.995920 -0.032419
v 0.030490 0.995920 -0.030490
v 0.032419 0.995920 -0.028431
v 0.034209 0.995920 -0.026250
v 0.035853 0.995920 -0.023956
v 0.037343 0.995920 -0.021560
v 0.038673 0.995920 -0.019071
v 0.039838 0.995920 -0.016501
v 0.040832 0.995920 -0.013860
v 0.041651 0.995920 -0.011160
v 0.042291 0.995920 -0.008412
v 0.042751 0.995920 -0.005628
v 0.043028 0.995920 -0.002820
v 0.042500 0.994375 0.000000
v 0.042409 0.994375 0.002780
v 0.042136 0.994375 0.005547
v 0.041683 0.994375 0.008291
v 0.041052 0.994375 0.011000
v 0.040245 0.994375 0.013661
v 0.039265 0.994375 0.016264
v 0.038117 0.994375 0.018797
v 0.036806 0.994375 0.021250
v 0.035337 0.994375 0.023612
v 0.033718 0.994375 0.025872
v 0.031953 0.994375 0.028022
v 0.030052 0.994375 0.030052
v 0.028022 0.994375 0.031953
v 0.025872 0.994375 0.033718
v 0.023612 0.994375 0.035337
v 0.021250 0.994375 0.036806
v 0.018797 0.994375 0.038117
v 0.016264 0.994375 0.039265
v 0.013661 0.994375 0.040245
v 0.011000 0.994375 0.041052
v 0.008291 0.994375 0.041683
v 0.005547 0.994375 0.042136
v 0.002780 0.994375 0.042409
v 0.000000 0.994375 0.042500
v -0.002780 0.994375 0.042409
v -0.005547 0.994375 0.042136
v -0.008291 0.994375 0.041683
v -0.011000 0.994375 0.041052
v -0.013661 0.994375 0.040245
v -0.016264 0.994375 0.039265
v -0.018797 0.994375 0.038117
v -0.021250 0.994375 0.036806
v -0.023612 0.994375 0.035337
v -0.025872 0.994375 0.033718
v -0.028022 0.994375 0.031953
v -0.030052 0.994375 0.030052
v -0.031953 0.994375 0.028022
v -0.033718 0.994375 0.025872
v -0.035337 0.994375 0.023612
v -0.036806 0.994375 0.021250
v -0.038117 0.994375 0.018797
v -0.039265 0.994375 0.016264
v -0.040245 0.994375 0.013661
v -0.041052 0.994375 0.011000
v -0.041683 0.994375 0.008291
v -0.042136 0.994375 0.005547
v -0.042409 0.994375 0.002780
v -0.042500 0.994375 0.000000
v -0.042409 0.994375 -0.002780
v -0.042136 0.994375 -0.005547
v -0.041683 0.994375 -0.008291
v -0.041052 0.994375 -0.011000
v -0.040245 0.994375 -0.013661
v -0.039265 0.994375 -0.016264
v -0.038117 0.994375 -0.018797
v -0.036806 0.994375 -0.021250
v -0.035337 0.994375 -0.023612
v -0.033718 0.994375 -0.025872
v -0.031953 0.994375 -0.028022
v -0.030052 0.994375 -0.030052
v -0.028022 0.994375 -0.031953
v -0.025872 0.994375 -0.033718
v -0.023612 0.994375 -0.035337
v -0.021250 0.994375 -0.036806
v -0.018797 0.994375 -0.038117
v -0.016264 0.994375 -0.039265
v -0.013661 0.994375 -0.040245
v -0.011000 0.994375 -0.041052
v -0.008291 0.994375 -0.041683
v -0.005547 0.994375 -0.042136
v -0.002780 0.994375 -0.042409
v -0.000000 0.994375 -0.042500
v 0.002780 0.994375 -0.042409
v 0.005547 0.994375 -0.042136
v 0.008291 0.994375 -0.041683
v 0.011000 0.994375 -0.041052
v 0.013661 0.994375 -0.040245
v 0.016264 0.994375 -0.039265
v 0.018797 0.994375 -0.038117
v 0.021250 0.994375 -0.036806
v 0.023612 0.994375 -0.035337
v 0.025872 0.994375 -0.033718
v 0.028022 0.994375 -0.031953
v 0.030052 0.994375 -0.030052
v 0.031953 0.994375 -0.028022
v 0.033718 0.994375 -0.025872
v 0.035337 0.994375 -0.023612
v 0.036806 0.994375 -0.021250
v 0.038117 0.994375 -0.018797
v 0.039265 0.994375 -0.016264
v 0.040245 0.994375 -0.013661
v 0.041052 0.994375 -0.011000
v 0.041683 0.994375 -0.008291
v 0.042136 0.994375 -0.005547
v 0.042409 0.994375 -0.002780
v 0.041880 0.992080 0.000000
v 0.041790 0.992080 0.002739
v 0.041522 0.992080 0.005466
v 0.041075 0.992080 0.008170
v 0.040453 0.992080 0.010839
v 0.039657 0.992080 0.013462
v 0.038692 0.992080 0.016027
v 0.037561 0.992080 0.018523
v 0.036269 0.992080 0.020940
v 0.034822 0.992080 0.023267
v 0.033226 0.992080 0.025495
v 0.031487 0.992080 0.027613
v 0.029614 0.992080 0.029614
v 0.027613 0.992080 0.031487
v 0.025495 0.992080 0.033226
v 0.023267 0.992080 0.034822
v 0.020940 0.992080 0.036269
v 0.018523 0.992080 0.037561
v 0.016027 0.992080 0.038692
v 0.013462 0.992080 0.039657
v 0.010839 0.992080 0.040453
v 0.008170 0.992080 0.041075
v 0.005466 0.992080 0.041522
v 0.002739 0.992080 0.041790
v 0.000000 0.992080 0.041880
v -0.002739 0.992080 0.041790
v -0.005466 0.992080 0.041522
v -0.008170 0.992080 0.041075
v -0.010839 0.992080 0.040453
v -0.013462 0.992080 0.039657
v -0.016027 0.992080 0.038692
v -0.018523 0.992080 0.037561
v -0.020940 0.992080 0.036269
v -0.023267 0.992080 0.034822
v -0.025495 0.992080 0.033226
v -0.027613 0.992080 0.031487
v -0.029614 0.992080 0.029614
v -0.031487 0.992080 0.027613
v -0.033226 0.992080 0.025495
v -0.034822 0.992080 0.023267
v -0.036269 0.992080 0.020940
v -0.037561 0.992080 0.018523
v -0.038692 0.992080 0.016027
v -0.039657 0.992080 0.013462
v -0.040453 0.992080 0.010839
v -0.041075 0.992080 0.008170
v -0.041522 0.992080 0.005466
v -0.041790 0.992080 0.002739
v -0.041880 0.992080 0.000000
v -0.041790 0.992080 -0.002739
v -0.041522 0.992080 -0.005466
v -0.041075 0.992080 -0.008170
v -0.040453 0.992080 -0.010839
v -0.039657 0.992080 -0.013462
v -0.038692 0.992080 -0.016027
v -0.037561 0.992080 -0.018523
v -0.036269 0.992080 -0.020940
v -0.034822 0.992080 -0.023267
v -0.033226 0.992080 -0.025495
v -0.031487 0.992080 -0.027613
v -0.029614 0.992080 -0.029614
v -0.027613 0.992080 -0.031487
v -0.025495 0.992080 -0.033226
v -0.023267 0.992080 -0.034822
v -0.020940 0.992080 -0.036269
v -0.018523 0.992080 -0.037561
v -0.016027 0.992080 -0.038692
v -0.013462 0.992080 -0.039657
v -0.010839 0.992080 -0.040453
v -0.008170 0.992080 -0.041075
v -0.005466 0.992080 -0.041522
v -0.002739 0.992080 -0.041790
v -0.000000 0.992080 -0.041880
v 0.002739 0.992080 -0.041790
v 0.005466 0.992080 -0.041522
v 0.008170 0.992080 -0.041075
v 0.010839 0.992080 -0.040453
v 0.013462 0.992080 -0.039657
v 0.016027 0.992080 -0.038692
v 0.018523 0.992080 -0.037561
v 0.020940 0.992080 -0.036269
v 0.023267 0.992080 -0.034822
v 0.025495 0.992080 -0.033226
v 0.027613 0.992080 -0.031487
v 0.029614 0.992080 -0.029614
v 0.031487 0.992080 -0.027613
v 0.033226 0.992080 -0.025495
v 0.034822 0.992080 -0.023267
v 0.036269 0.992080 -0.020940
v 0.037561 0.992080 -0.018523
v 0.038692 0.992080 -0.016027
v 0.039657 0.992080 -0.013462
v 0.040453 0.992080 -0.010839
v 0.041075 0.992080 -0.008170
v 0.041522 0.992080 -0.005466
v 0.041790 0.992080 -0.002739
v 0.041290 0.988765 0.000000
v 0.041202 0.988765 0.002700
v 0.040937 0.988765 0.005389
v 0.040497 0.988765 0.008055
v 0.039883 0.988765 0.010687
v 0.039099 0.988765 0.013272
v 0.038147 0.988765 0.015801
v 0.037032 0.988765 0.018262
v 0.035758 0.988765 0.020645
v 0.034331 0.988765 0.022939
v 0.032758 0.988765 0.025136
v 0.031043 0.988765 0.027224
v 0.029196 0.988765 0.029196
v 0.027224 0.988765 0.031043
v 0.025136 0.988765 0.032758
v 0.022939 0.988765 0.034331
v 0.020645 0.988765 0.035758
v 0.018262 0.988765 0.037032
v 0.015801 0.988765 0.038147
v 0.013272 0.988765 0.039099
v 0.010687 0.988765 0.039883
v 0.008055 0.988765 0.040497
v 0.005389 0.988765 0.040937
v 0.002700 0.988765 0.041202
v 0.000000 0.988765 0.041290
v -0.002700 0.988765 0.041202
v -0.005389 0.988765 0.040937
v -0.008055 0.988765 0.040497
v -0.010687 0.988765 0.039883
v -0.013272 0.988765 0.039099
v -0.015801 0.988765 0.038147
v -0.018262 0.988765 0.037032
v -0.020645 0.988765 0.035758
v -0.022939 0.988765 0.034331
v -0.025136 0.988765 0.032758
v -0.027224 0.988765 0.031043
v -0.029196 0.988765 0.029196
v -0.031043 0.988765 0.027224
v -0.032758 0.988765 0.025136
v -0.034331 0.988765 0.022939
v -0.035758 0.988765 0.020645
v -0.037032 0.988765 0.018262
v -0.038147 0.988765 0.015801
v -0.039099 0.988765 0.013272
v -0.039883 0.988765 0.010687
v -0.040497 0.988765 0.008055
v -0.040937 0.988765 0.005389
v -0.041202 0.988765 0.002700
v -0.041290 0.988765 0.000000
v -0.041202 0.988765 -0.002700
v -0.040937 0.988765 -0.005389
v -0.040497 0.988765 -0.008055
v -0.039883 0.988765 -0.010687
v -0.039099 0.988765 -0.013272
v -0.038147 0.988765 -0.015801
v -0.037032 0.988765 -0.018262
v -0.035758 0.988765 -0.020645
v -0.034331 0.988765 -0.022939
v -0.032758 0.988765 -0.025136
v -0.031043 0.988765 -0.027224
v -0.029196 0.988765 -0.029196
v -0.027224 0.988765 -0.031043
v -0.025136 0.988765 -0.032758
v -0.022939 0.988765 -0.034331
v -0.020645 0.988765 -0.035758
v -0.018262 0.988765 -0.037032
v -0.015801 0.988765 -0.038147
v -0.013272 0.988765 -0.039099
v -0.010687 0.988765 -0.039883
v -0.008055 0.988765 -0.040497
v -0.005389 0.988765 -0.040937
v -0.002700 0.988765 -0.041202
v -0.000000 0.988765 -0.041290
v 0.002700 0.988765 -0.041202
v 0.005389 0.988765 -0.040937
v 0.008055 0.988765 -0.040497
v 0.010687 0.988765 -0.039883
v 0.013272 0.988765 -0.039099
v 0.015801 0.988765 -0.038147
v 0.018262 0.988765 -0.037032
v 0.020645 0.988765 -0.035758
v 0.022939 0.988765 -0.034331
v 0.025136 0.988765 -0.032758
v 0.027224 0.988765 -0.031043
v 0.029196 0.988765 -0.029196
v 0.031043 0.988765 -0.027224
v 0.032758 0.988765 -0.025136
v 0.034331 0.988765 -0.022939
v 0.035758 0.988765 -0.020645
v 0.037032 0.988765 -0.018262
v 0.038147 0.988765 -0.015801
v 0.039099 0.988765 -0.013272
v 0.039883 0.988765 -0.010687
v 0.040497 0.988765 -0.008055
v 0.040937 0.988765 -0.005389
v 0.041202 0.988765 -0.002700
v 0.040760 0.984160 0.000000
v 0.040673 0.984160 0.002666
v 0.040411 0.984160 0.005320
v 0.039977 0.984160 0.007952
v 0.039371 0.984160 0.010549
v 0.038597 0.984160 0.013102
v 0.037657 0.984160 0.015598
v 0.036557 0.984160 0.018028
v 0.035299 0.984160 0.020380
v 0.033891 0.984160 0.022645
v 0.032337 0.984160 0.024813
v 0.030645 0.984160 0.026875
v 0.028822 0.984160 0.028822
v 0.026875 0.984160 0.030645
v 0.024813 0.984160 0.032337
v 0.022645 0.984160 0.033891
v 0.020380 0.984160 0.035299
v 0.018028 0.984160 0.036557
v 0.015598 0.984160 0.037657
v 0.013102 0.984160 0.038597
v 0.010549 0.984160 0.039371
v 0.007952 0.984160 0.039977
v 0.005320 0.984160 0.040411
v 0.002666 0.984160 0.040673
v 0.000000 0.984160 0.040760
v -0.002666 0.984160 0.040673
v -0.005320 0.984160 0.040411
v -0.007952 0.984160 0.039977
v -0.010549 0.984160 0.039371
v -0.013102 0.984160 0.038597
v -0.015598 0.984160 0.037657
v -0.018028 0.984160 0.036557
v -0.020380 0.984160 0.035299
v -0.022645 0.984160 0.033891
v -0.024813 0.984160 0.032337
v -0.026875 0.984160 0.030645
v -0.028822 0.984160 0.028822
v -0.030645 0.984160 0.026875
v -0.032337 0.984160 0.024813
v -0.033891 0.984160 0.022645
v -0.035299 0.984160 0.020380
v -0.036557 0.984160 0.018028
v -0.037657 0.984160 0.015598
v -0.038597 0.984160 0.013102
v -0.039371 0.984160 0.010549
v -0.039977 0.984160 0.007952
v -0.040411 0.984160 0.005320
v -0.040673 0.984160 0.002666
v -0.040760 0.984160 0.000000
v -0.040673 0.984160 -0.002666
v -0.040411 0.984160 -0.005320
v -0.039977 0.984160 -0.007952
v -0.039371 0.984160 -0.010549
v -0.038597 0.984160 -0.013102
v -0.037657 0.984160 -0.015598
v -0.036557 0.984160 -0.018028
v -0.035299 0.984160 -0.020380
v -0.033891 0.984160 -0.022645
v -0.032337 0.984160 -0.024813
v -0.030645 0.984160 -0.026875
v -0.028822 0.984160 -0.028822
v -0.026875 0.984160 -0.030645
v -0.024813 0.984160 -0.032337
v -0.022645 0.984160 -0.033891
v -0.020380 0.984160 -0.035299
v -0.018028 0.984160 -0.036557
v -0.015598 0.984160 -0.037657
v -0.013102 0.984160 -0.038597
v -0.010549 0.984160 -0.039371
v -0.007952 0.984160 -0.039977
v -0.005320 0.984160 -0.040411
v -0.002666 0.984160 -0.040673
v -0.000000 0.984160 -0.040760
v 0.002666 0.984160 -0.040673
v 0.005320 0.984160 -0.040411
v 0.007952 0.984160 -0.039977
v 0.010549 0.984160 -0.039371
v 0.013102 0.984160 -0.038597
v 0.015598 0.984160 -0.037657
v 0.018028 0.984160 -0.036557
v 0.020380 0.984160 -0.035299
v 0.022645 0.984160 -0.033891
v 0.024813 0.984160 -0.032337
v 0.026875 0.984160 -0.030645
v 0.028822 0.984160 -0.028822
v 0.030645 0.984160 -0.026875
v 0.032337 0.984160 -0.024813
v 0.033891 0.984160 -0.022645
v 0.035299 0.984160 -0.020380
v 0.036557 0.984160 -0.018028
v 0.037657 0.984160 -0.015598
v 0.038597 0.984160 -0.013102
v 0.039371 0.984160 -0.010549
v 0.039977 0.984160 -0.007952
v 0.040411 0.984160 -0.005320
v 0.040673 0.984160 -0.002666
v 0.040320 0.977995 0.000000
v 0.040234 0.977995 0.002637
v 0.039975 0.977995 0.005263
v 0.039545 0.977995 0.007866
v 0.038946 0.977995 0.010436
v 0.038180 0.977995 0.012960
v 0.037251 0.977995 0.015430
v 0.036162 0.977995 0.017833
v 0.034918 0.977995 0.020160
v 0.033525 0.977995 0.022401
v 0.031988 0.977995 0.024545
v 0.030314 0.977995 0.026585
v 0.028511 0.977995 0.028511
v 0.026585 0.977995 0.030314
v 0.024545 0.977995 0.031988
v 0.022401 0.977995 0.033525
v 0.020160 0.977995 0.034918
v 0.017833 0.977995 0.036162
v 0.015430 0.977995 0.037251
v 0.012960 0.977995 0.038180
v 0.010436 0.977995 0.038946
v 0.007866 0.977995 0.039545
v 0.005263 0.977995 0.039975
v 0.002637 0.977995 0.040234
v 0.000000 0.977995 0.040320
v -0.002637 0.977995 0.040234
v -0.005263 0.977995 0.039975
v -0.007866 0.977995 0.039545
v -0.010436 0.977995 0.038946
v -0.012960 0.977995 0.038180
v -0.015430 0.977995 0.037251
v -0.017833 0.977995 0.036162
v -0.020160 0.977995 0.034918
v -0.022401 0.977995 0.033525
v -0.024545 0.977995 0.031988
v -0.026585 0.977995 0.030314
v -0.028511 0.977995 0.028511
v -0.030314 0.977995 0.026585
v -0.031988 0.977995 0.024545
v -0.033525 0.977995 0.022401
v -0.034918 0.977995 0.020160
v -0.036162 0.977995 0.017833
v -0.037251 0.977995 0.015430
v -0.038180 0.977995 0.012960
v -0.038946 0.977995 0.010436
v -0.039545 0.977995 0.007866
v -0.039975 0.977995 0.005263
v -0.040234 0.977995 0.002637
v -0.040320 0.977995 0.000000
v -0.040234 0.977995 -0.002637
v -0.039975 0.977995 -0.005263
v -0.039545 0.977995 -0.007866
v -0.038946 0.977995 -0.010436
v -0.038180 0.977995 -0.012960
v -0.037251 0.977995 -0.015430
v -0.036162 0.977995 -0.017833
v -0.034918 0.977995 -0.020160
v -0.033525 0.977995 -0.022401
v -0.031988 0.977995 -0.024545
v -0.030314 0.977995 -0.026585
v -0.028511 0.977995 -0.028511
v -0.026585 0.977995 -0.030314
v -0.024545 0.977995 -0.031988
v -0.022401 0.977995 -0.033525
v -0.020160 0.977995 -0.034918
v -0.017833 0.977995 -0.036162
v -0.015430 0.977995 -0.037251
v -0.012960 0.977995 -0.038180
v -0.010436 0.977995 -0.038946
v -0.007866 0.977995 -0.039545
v -0.005263 0.977995 -0.039975
v -0.002637 0.977995 -0.040234
v -0.000000 0.977995 -0.040320
v 0.002637 0.977995 -0.040234
v 0.005263 0.977995 -0.039975
v 0.007866 0.977995 -0.039545
v 0.010436 0.977995 -0.038946
v 0.012960 0.977995 -0.038180
v 0.015430 0.977995 -0.037251
v 0.017833 0.977995 -0.036162
v 0.020160 0.977995 -0.034918
v 0.022401 0.977995 -0.033525
v 0.024545 0.977995 -0.031988
v 0.026585 0.977995 -0.030314
v 0.028511 0.977995 -0.028511
v 0.030314 0.977995 -0.026585
v 0.031988 0.977995 -0.024545
v 0.033525 0.977995 -0.022401
v 0.034918 0.977995 -0.020160
v 0.036162 0.977995 -0.017833
v 0.037251 0.977995 -0.015430
v 0.038180 0.977995 -0.012960
v 0.038946 0.977995 -0.010436
v 0.039545 0.977995 -0.007866
v 0.039975 0.977995 -0.005263
v 0.040234 0.977995 -0.002637
v 0.040000 0.970000 0.000000
v 0.039914 0.970000 0.002616
v 0.039658 0.970000 0.005221
v 0.039231 0.970000 0.007804
v 0.038637 0.970000 0.010353
v 0.037877 0.970000 0.012858
v 0.036955 0.970000 0.015307
v 0.035875 0.970000 0.017692
v 0.034641 0.970000 0.020000
v 0.033259 0.970000 0.022223
v 0.031734 0.970000 0.024350
v 0.030074 0.970000 0.026374
v 0.028284 0.970000 0.028284
v 0.026374 0.970000 0.030074
v 0.024350 0.970000 0.031734
v 0.022223 0.970000 0.033259
v 0.020000 0.970000 0.034641
v 0.017692 0.970000 0.035875
v 0.015307 0.970000 0.036955
v 0.012858 0.970000 0.037877
v 0.010353 0.970000 0.038637
v 0.007804 0.970000 0.039231
v 0.005221 0.970000 0.039658
v 0.002616 0.970000 0.039914
v 0.000000 0.970000 0.040000
v -0.002616 0.970000 0.039914
v -0.005221 0.970000 0.039658
v -0.007804 0.970000 0.039231
v -0.010353 0.970000 0.038637
v -0.012858 0.970000 0.037877
v -0.015307 0.970000 0.036955
v -0.017692 0.970000 0.035875
v -0.020000 0.970000 0.034641
v -0.022223 0.970000 0.033259
v -0.024350 0.970000 0.031734
v -0.026374 0.970000 0.030074
v -0.028284 0.970000 0.028284
v -0.030074 0.970000 0.026374
v -0.031734 0.970000 0.024350
v -0.033259 0.970000 0.022223
v -0.034641 0.970000 0.020000
v -0.035875 0.970000 0.017692
v -0.036955 0.970000 0.015307
v -0.037877 0.970000 0.012858
v -0.038637 0.970000 0.010353
v -0.039231 0.970000 0.007804
v -0.039658 0.970000 0.005221
v -0.039914 0.970000 0.002616
v -0.040000 0.970000 0.000000
v -0.039914 0.970000 -0.002616
v -0.039658 0.970000 -0.005221
v -0.039231 0.970000 -0.007804
v -0.038637 0.970000 -0.010353
v -0.037877 0.970000 -0.012858
v -0.036955 0.970000 -0.015307
v -0.035875 0.970000 -0.017692
v -0.034641 0.970000 -0.020000
v -0.033259 0.970000 -0.022223
v -0.031734 0.970000 -0.024350
v -0.030074 0.970000 -0.026374
v -0.028284 0.970000 -0.028284
v -0.026374 0.970000 -0.030074
v -0.024350 0.970000 -0.031734
v -0.022223 0.970000 -0.033259
v -0.020000 0.970000 -0.034641
v -0.017692 0.970000 -0.035875
v -0.015307 0.970000 -0.036955
v -0.012858 0.970000 -0.037877
v -0.010353 0.970000 -0.038637
v -0.007804 0.970000 -0.039231
v -0.005221 0.970000 -0.039658
v -0.002616 0.970000 -0.039914
v -0.000000 0.970000 -0.040000
v 0.002616 0.970000 -0.039914
v 0.005221 0.970000 -0.039658
v 0.007804 0.970000 -0.039231
v 0.010353 0.970000 -0.038637
v 0.012858 0.970000 -0.037877
v 0.015307 0.970000 -0.036955
v 0.017692 0.970000 -0.035875
v 0.020000 0.970000 -0.034641
v 0.022223 0.970000 -0.033259
v 0.024350 0.970000 -0.031734
v 0.026374 0.970000 -0.030074
v 0.028284 0.970000 -0.028284
v 0.030074 0.970000 -0.026374
v 0.031734 0.970000 -0.024350
v 0.033259 0.970000 -0.022223
v 0.034641 0.970000 -0.020000
v 0.035875 0.970000 -0.017692
v 0.036955 0.970000 -0.015307
v 0.037877 0.970000 -0.012858
v 0.038637 0.970000 -0.010353
v 0.039231 0.970000 -0.007804
v 0.039658 0.970000 -0.005221
v 0.039914 0.970000 -0.002616
v 0.039707 0.959500 0.000000
v 0.039622 0.959500 0.002597
v 0.039368 0.959500 0.005183
v 0.038945 0.959500 0.007747
v 0.038354 0.959500 0.010277
v 0.037600 0.959500 0.012764
v 0.036685 0.959500 0.015195
v 0.035613 0.959500 0.017562
v 0.034388 0.959500 0.019854
v 0.033016 0.959500 0.022060
v 0.031502 0.959500 0.024172
v 0.029854 0.959500 0.026181
v 0.028077 0.959500 0.028077
v 0.026181 0.959500 0.029854
v 0.024172 0.959500 0.031502
v 0.022060 0.959500 0.033016
v 0.019854 0.959500 0.034388
v 0.017562 0.959500 0.035613
v 0.015195 0.959500 0.036685
v 0.012764 0.959500 0.037600
v 0.010277 0.959500 0.038354
v 0.007747 0.959500 0.038945
v 0.005183 0.959500 0.039368
v 0.002597 0.959500 0.039622
v 0.000000 0.959500 0.039707
v -0.002597 0.959500 0.039622
v -0.005183 0.959500 0.039368
v -0.007747 0.959500 0.038945
v -0.010277 0.959500 0.038354
v -0.012764 0.959500 0.037600
v -0.015195 0.959500 0.036685
v -0.017562 0.959500 0.035613
v -0.019854 0.959500 0.034388
v -0.022060 0.959500 0.033016
v -0.024172 0.959500 0.031502
v -0.026181 0.959500 0.029854
v -0.028077 0.959500 0.028077
v -0.029854 0.959500 0.026181
v -0.031502 0.959500 0.024172
v -0.033016 0.959500 0.022060
v -0.034388 0.959500 0.019854
v -0.035613 0.959500 0.017562
v -0.036685 0.959500 0.015195
v -0.037600 0.959500 0.012764
v -0.038354 0.959500 0.010277
v -0.038945 0.959500 0.007747
v -0.039368 0.959500 0.005183
v -0.039622 0.959500 0.002597
v -0.039707 0.959500 0.000000
v -0.039622 0.959500 -0.002597
v -0.039368 0.959500 -0.005183
v -0.038945 0.959500 -0.007747
v -0.038354 0.959500 -0.010277
v -0.037600 0.959500 -0.012764
v -0.036685 0.959500 -0.015195
v -0.035613 0.959500 -0.017562
v -0.034388 0.959500 -0.019854
v -0.033016 0.959500 -0.022060
v -0.031502 0.959500 -0.024172
v -0.029854 0.959500 -0.026181
v -0.028077 0.959500 -0.028077
v -0.026181 0.959500 -0.029854
v -0.024172 0.959500 -0.031502
v -0.022060 0.959500 -0.033016
v -0.019854 0.959500 -0.034388
v -0.017562 0.959500 -0.035613
v -0.015195 0.959500 -0.036685
v -0.012764 0.959500 -0.037600
v -0.010277 0.959500 -0.038354
v -0.007747 0.959500 -0.038945
v -0.005183 0.959500 -0.039368
v -0.002597 0.959500 -0.039622
v -0.000000 0.959500 -0.039707
v 0.002597 0.959500 -0.039622
v 0.005183 0.959500 -0.039368
v 0.007747 0.959500 -0.038945
v 0.010277 0.959500 -0.038354
v 0.012764 0.959500 -0.037600
v 0.015195 0.959500 -0.036685
v 0.017562 0.959500 -0.035613
v 0.019854 0.959500 -0.034388
v 0.022060 0.959500 -0.033016
v 0.024172 0.959500 -0.031502
v 0.026181 0.959500 -0.029854
v 0.028077 0.959500 -0.028077
v 0.029854 0.959500 -0.026181
v 0.031502 0.959500 -0.024172
v 0.033016 0.959500 -0.022060
v 0.034388 0.959500 -0.019854
v 0.035613 0.959500 -0.017562
v 0.036685 0.959500 -0.015195
v 0.037600 0.959500 -0.012764
v 0.038354 0.959500 -0.010277
v 0.038945 0.959500 -0.007747
v 0.039368 0.959500 -0.005183
v 0.039622 0.959500 -0.002597
v 0.039360 0.946400 0.000000
v 0.039276 0.946400 0.002574
v 0.039023 0.946400 0.005138
v 0.038604 0.946400 0.007679
v 0.038019 0.946400 0.010187
v 0.037271 0.946400 0.012652
v 0.036364 0.946400 0.015062
v 0.035301 0.946400 0.017408
v 0.034087 0.946400 0.019680
v 0.032727 0.946400 0.021867
v 0.031226 0.946400 0.023961
v 0.029592 0.946400 0.025952
v 0.027832 0.946400 0.027832
v 0.025952 0.946400 0.029592
v 0.023961 0.946400 0.031226
v 0.021867 0.946400 0.032727
v 0.019680 0.946400 0.034087
v 0.017408 0.946400 0.035301
v 0.015062 0.946400 0.036364
v 0.012652 0.946400 0.037271
v 0.010187 0.946400 0.038019
v 0.007679 0.946400 0.038604
v 0.005138 0.946400 0.039023
v 0.002574 0.946400 0.039276
v 0.000000 0.946400 0.039360
v -0.002574 0.946400 0.039276
v -0.005138 0.946400 0.039023
v -0.007679 0.946400 0.038604
v -0.010187 0.946400 0.038019
v -0.012652 0.946400 0.037271
v -0.015062 0.946400 0.036364
v -0.017408 0.946400 0.035301
v -0.019680 0.946400 0.034087
v -0.021867 0.946400 0.032727
v -0.023961 0.946400 0.031226
v -0.025952 0.946400 0.029592
v -0.027832 0.946400 0.027832
v -0.029592 0.946400 0.025952
v -0.031226 0.946400 0.023961
v -0.032727 0.946400 0.021867
v -0.034087 0.946400 0.019680
v -0.035301 0.946400 0.017408
v -0.036364 0.946400 0.015062
v -0.037271 0.946400 0.012652
v -0.038019 0.946400 0.010187
v -0.038604 0.946400 0.007679
v -0.039023 0.946400 0.005138
v -0.039276 0.946400 0.002574
v -0.039360 0.946400 0.000000
v -0.039276 0.946400 -0.002574
v -0.039023 0.946400 -0.005138
v -0.038604 0.946400 -0.007679
v -0.038019 0.946400 -0.010187
v -0.037271 0.946400 -0.012652
v -0.036364 0.946400 -0.015062
v -0.035301 0.946400 -0.017408
v -0.034087 0.946400 -0.019680
v -0.032727 0.946400 -0.021867
v -0.031226 0.946400 -0.023961
v -0.029592 0.946400 -0.025952
v -0.027832 0.946400 -0.027832
v -0.025952 0.946400 -0.029592
v -0.023961 0.946400 -0.031226
v -0.021867 0.946400 -0.032727
v -0.019680 0.946400 -0.034087
v -0.017408 0.946400 -0.035301
v -0.015062 0.946400 -0.036364
v -0.012652 0.946400 -0.037271
v -0.010187 0.946400 -0.038019
v -0.007679 0.946400 -0.038604
v -0.005138 0.946400 -0.039023
v -0.002574 0.946400 -0.039276
v -0.000000 0.946400 -0.039360
v 0.002574 0.946400 -0.039276
v 0.005138 0.946400 -0.039023
v 0.007679 0.946400 -0.038604
v 0.010187 0.946400 -0.038019
v 0.012652 0.946400 -0.037271
v 0.015062 0.946400 -0.036364
v 0.017408 0.946400 -0.035301
v 0.019680 0.946400 -0.034087
v 0.021867 0.946400 -0.032727
v 0.023961 0.946400 -0.031226
v 0.025952 0.946400 -0.029592
v 0.027832 0.946400 -0.027832
v 0.029592 0.946400 -0.025952
v 0.031226 0.946400 -0.023961
v 0.032727 0.946400 -0.021867
v 0.034087 0.946400 -0.019680
v 0.035301 0.946400 -0.017408
v 0.036364 0.946400 -0.015062
v 0.037271 0.946400 -0.012652
v 0.038019 0.946400 -0.010187
v 0.038604 0.946400 -0.007679
v 0.039023 0.946400 -0.005138
v 0.039276 0.946400 -0.002574
v 0.039003 0.931300 0.000000
v 0.038919 0.931300 0.002551
v 0.038669 0.931300 0.005091
v 0.038253 0.931300 0.007609
v 0.037674 0.931300 0.010095
v 0.036933 0.931300 0.012537
v 0.036034 0.931300 0.014926
v 0.034980 0.931300 0.017250
v 0.033777 0.931300 0.019501
v 0.032429 0.931300 0.021669
v 0.030943 0.931300 0.023743
v 0.029324 0.931300 0.025716
v 0.027579 0.931300 0.027579
v 0.025716 0.931300 0.029324
v 0.023743 0.931300 0.030943
v 0.021669 0.931300 0.032429
v 0.019501 0.931300 0.033777
v 0.017250 0.931300 0.034980
v 0.014926 0.931300 0.036034
v 0.012537 0.931300 0.036933
v 0.010095 0.931300 0.037674
v 0.007609 0.931300 0.038253
v 0.005091 0.931300 0.038669
v 0.002551 0.931300 0.038919
v 0.000000 0.931300 0.039003
v -0.002551 0.931300 0.038919
v -0.005091 0.931300 0.038669
v -0.007609 0.931300 0.038253
v -0.010095 0.931300 0.037674
v -0.012537 0.931300 0.036933
v -0.014926 0.931300 0.036034
v -0.017250 0.931300 0.034980
v -0.019501 0.931300 0.033777
v -0.021669 0.931300 0.032429
v -0.023743 0.931300 0.030943
v -0.025716 0.931300 0.029324
v -0.027579 0.931300 0.027579
v -0.029324 0.931300 0.025716
v -0.030943 0.931300 0.023743
v -0.032429 0.931300 0.021669
v -0.033777 0.931300 0.019501
v -0.034980 0.931300 0.017250
v -0.036034 0.931300 0.014926
v -0.036933 0.931300 0.012537
v -0.037674 0.931300 0.010095
v -0.038253 0.931300 0.007609
v -0.038669 0.931300 0.005091
v -0.038919 0.931300 0.002551
v -0.039003 0.931300 0.000000
v -0.038919 0.931300 -0.002551
v -0.038669 0.931300 -0.005091
v -0.038253 0.931300 -0.007609
v -0.037674 0.931300 -0.010095
v -0.036933 0.931300 -0.012537
v -0.036034 0.931300 -0.014926
v -0.034980 0.931300 -0.017250
v -0.033777 0.931300 -0.019501
v -0.032429 0.931300 -0.021669
v -0.030943 0.931300 -0.023743
v -0.029324 0.931300 -0.025716
v -0.027579 0.931300 -0.027579
v -0.025716 0.931300 -0.029324
v -0.023743 0.931300 -0.030943
v -0.021669 0.931300 -0.032429
v -0.019501 0.931300 -0.033777
v -0.017250 0.931300 -0.034980
v -0.014926 0.931300 -0.036034
v -0.012537 0.931300 -0.036933
v -0.010095 0.931300 -0.037674
v -0.007609 0.931300 -0.038253
v -0.005091 0.931300 -0.038669
v -0.002551 0.931300 -0.038919
v -0.000000 0.931300 -0.039003
v 0.002551 0.931300 -0.038919
v 0.005091 0.931300 -0.038669
v 0.007609 0.931300 -0.038253
v 0.010095 0.931300 -0.037674
v 0.012537 0.931300 -0.036933
v 0.014926 0.931300 -0.036034
v 0.017250 0.931300 -0.034980
v 0.019501 0.931300 -0.033777
v 0.021669 0.931300 -0.032429
v 0.023743 0.931300 -0.030943
v 0.025716 0.931300 -0.029324
v 0.027579 0.931300 -0.027579
v 0.029324 0.931300 -0.025716
v 0.030943 0.931300 -0.023743
v 0.032429 0.931300 -0.021669
v 0.033777 0.931300 -0.019501
v 0.034980 0.931300 -0.017250
v 0.036034 0.931300 -0.014926
v 0.036933 0.931300 -0.012537
v 0.037674 0.931300 -0.010095
v 0.038253 0.931300 -0.007609
v 0.038669 0.931300 -0.005091
v 0.038919 0.931300 -0.002551
v 0.038680 0.914800 0.000000
v 0.038597 0.914800 0.002530
v 0.038349 0.914800 0.005049
v 0.037937 0.914800 0.007546
v 0.037362 0.914800 0.010011
v 0.036627 0.914800 0.012433
v 0.035736 0.914800 0.014802
v 0.034691 0.914800 0.017108
v 0.033498 0.914800 0.019340
v 0.032161 0.914800 0.021489
v 0.030687 0.914800 0.023547
v 0.029081 0.914800 0.025503
v 0.027351 0.914800 0.027351
v 0.025503 0.914800 0.029081
v 0.023547 0.914800 0.030687
v 0.021489 0.914800 0.032161
v 0.019340 0.914800 0.033498
v 0.017108 0.914800 0.034691
v 0.014802 0.914800 0.035736
v 0.012433 0.914800 0.036627
v 0.010011 0.914800 0.037362
v 0.007546 0.914800 0.037937
v 0.005049 0.914800 0.038349
v 0.002530 0.914800 0.038597
v 0.000000 0.914800 0.038680
v -0.002530 0.914800 0.038597
v -0.005049 0.914800 0.038349
v -0.007546 0.914800 0.037937
v -0.010011 0.914800 0.037362
v -0.012433 0.914800 0.036627
v -0.014802 0.914800 0.035736
v -0.017108 0.914800 0.034691
v -0.019340 0.914800 0.033498
v -0.021489 0.914800 0.032161
v -0.023547 0.914800 0.030687
v -0.025503 0.914800 0.029081
v -0.027351 0.914800 0.027351
v -0.029081 0.914800 0.025503
v -0.030687 0.914800 0.023547
v -0.032161 0.914800 0.021489
v -0.033498 0.914800 0.019340
v -0.034691 0.914800 0.017108
v -0.035736 0.914800 0.014802
v -0.036627 0.914800 0.012433
v -0.037362 0.914800 0.010011
v -0.037937 0.914800 0.007546
v -0.038349 0.914800 0.005049
v -0.038597 0.914800 0.002530
v -0.038680 0.914800 0.000000
v -0.038597 0.914800 -0.002530
v -0.038349 0.914800 -0.005049
v -0.037937 0.914800 -0.007546
v -0.037362 0.914800 -0.010011
v -0.036627 0.914800 -0.012433
v -0.035736 0.914800 -0.014802
v -0.034691 0.914800 -0.017108
v -0.033498 0.914800 -0.019340
v -0.032161 0.914800 -0.021489
v -0.030687 0.914800 -0.023547
v -0.029081 0.914800 -0.025503
v -0.027351 0.914800 -0.027351
v -0.025503 0.914800 -0.029081
v -0.023547 0.914800 -0.030687
v -0.021489 0.914800 -0.032161
v -0.019340 0.914800 -0.033498
v -0.017108 0.914800 -0.034691
v -0.014802 0.914800 -0.035736
v -0.012433 0.914800 -0.036627
v -0.010011 0.914800 -0.037362
v -0.007546 0.914800 -0.037937
v -0.005049 0.914800 -0.038349
v -0.002530 0.914800 -0.038597
v -0.000000 0.914800 -0.038680
v 0.002530 0.914800 -0.038597
v 0.005049 0.914800 -0.038349
v 0.007546 0.914800 -0.037937
v 0.010011 0.914800 -0.037362
v 0.012433 0.914800 -0.036627
v 0.014802 0.914800 -0.035736
v 0.017108 0.914800 -0.034691
v 0.019340 0.914800 -0.033498
v 0.021489 0.914800 -0.032161
v 0.023547 0.914800 -0.030687
v 0.025503 0.914800 -0.029081
v 0.027351 0.914800 -0.027351
v 0.029081 0.914800 -0.025503
v 0.030687 0.914800 -0.023547
v 0.032161 0.914800 -0.021489
v 0.033498 0.914800 -0.019340
v 0.034691 0.914800 -0.017108
v 0.035736 0.914800 -0.014802
v 0.036627 0.914800 -0.012433
v 0.037362 0.914800 -0.010011
v 0.037937 0.914800 -0.007546
v 0.038349 0.914800 -0.005049
v 0.038597 0.914800 -0.002530
v 0.038437 0.897500 0.000000
v 0.038355 0.897500 0.002514
v 0.038109 0.897500 0.005017
v 0.037699 0.897500 0.007499
v 0.037128 0.897500 0.009948
v 0.036398 0.897500 0.012355
v 0.035512 0.897500 0.014709
v 0.034474 0.897500 0.017000
v 0.033288 0.897500 0.019219
v 0.031960 0.897500 0.021355
v 0.030495 0.897500 0.023399
v 0.028899 0.897500 0.025344
v 0.027179 0.897500 0.027179
v 0.025344 0.897500 0.028899
v 0.023399 0.897500 0.030495
v 0.021355 0.897500 0.031960
v 0.019219 0.897500 0.033288
v 0.017000 0.897500 0.034474
v 0.014709 0.897500 0.035512
v 0.012355 0.897500 0.036398
v 0.009948 0.897500 0.037128
v 0.007499 0.897500 0.037699
v 0.005017 0.897500 0.038109
v 0.002514 0.897500 0.038355
v 0.000000 0.897500 0.038437
v -0.002514 0.897500 0.038355
v -0.005017 0.897500 0.038109
v -0.007499 0.897500 0.037699
v -0.009948 0.897500 0.037128
v -0.012355 0.897500 0.036398
v -0.014709 0.897500 0.035512
v -0.017000 0.897500 0.034474
v -0.019219 0.897500 0.033288
v -0.021355 0.897500 0.031960
v -0.023399 0.897500 0.030495
v -0.025344 0.897500 0.028899
v -0.027179 0.897500 0.027179
v -0.028899 0.897500 0.025344
v -0.030495 0.897500 0.023399
v -0.031960 0.897500 0.021355
v -0.033288 0.897500 0.019219
v -0.034474 0.897500 0.017000
v -0.035512 0.897500 0.014709
v -0.036398 0.897500 0.012355
v -0.037128 0.897500 0.009948
v -0.037699 0.897500 0.007499
v -0.038109 0.897500 0.005017
v -0.038355 0.897500 0.002514
v -0.038437 0.897500 0.000000
v -0.038355 0.897500 -0.002514
v -0.038109 0.897500 -0.005017
v -0.037699 0.897500 -0.007499
v -0.037128 0.897500 -0.009948
v -0.036398 0.897500 -0.012355
v -0.035512 0.897500 -0.014709
v -0.034474 0.897500 -0.017000
v -0.033288 0.897500 -0.019219
v -0.031960 0.897500 -0.021355
v -0.030495 0.897500 -0.023399
v -0.028899 0.897500 -0.025344
v -0.027179 0.897500 -0.027179
v -0.025344 0.897500 -0.028899
v -0.023399 0.897500 -0.030495
v -0.021355 0.897500 -0.031960
v -0.019219 0.897500 -0.033288
v -0.017000 0.897500 -0.034474
v -0.014709 0.897500 -0.035512
v -0.012355 0.897500 -0.036398
v -0.009948 0.897500 -0.037128
v -0.007499 0.897500 -0.037699
v -0.005017 0.897500 -0.038109
v -0.002514 0.897500 -0.038355
v -0.000000 0.897500 -0.038437
v 0.002514 0.897500 -0.038355
v 0.005017 0.897500 -0.038109
v 0.007499 0.897500 -0.037699
v 0.009948 0.897500 -0.037128
v 0.012355 0.897500 -0.036398
v 0.014709 0.897500 -0.035512
v 0.017000 0.897500 -0.034474
v 0.019219 0.897500 -0.033288
v 0.021355 0.897500 -0.031960
v 0.023399 0.897500 -0.030495
v 0.025344 0.897500 -0.028899
v 0.027179 0.897500 -0.027179
v 0.028899 0.897500 -0.025344
v 0.030495 0.897500 -0.023399
v 0.031960 0.897500 -0.021355
v 0.033288 0.897500 -0.019219
v 0.034474 0.897500 -0.017000
v 0.035512 0.897500 -0.014709
v 0.036398 0.897500 -0.012355
v 0.037128 0.897500 -0.009948
v 0.037699 0.897500 -0.007499
v 0.038109 0.897500 -0.005017
v 0.038355 0.897500 -0.002514
v 0.038320 0.880000 0.000000
v 0.038238 0.880000 0.002506
v 0.037992 0.880000 0.005002
v 0.037584 0.880000 0.007476
v 0.037014 0.880000 0.009918
v 0.036286 0.880000 0.012318
v 0.035403 0.880000 0.014664
v 0.034368 0.880000 0.016949
v 0.033186 0.880000 0.019160
v 0.031862 0.880000 0.021289
v 0.030401 0.880000 0.023328
v 0.028811 0.880000 0.025266
v 0.027096 0.880000 0.027096
v 0.025266 0.880000 0.028811
v 0.023328 0.880000 0.030401
v 0.021289 0.880000 0.031862
v 0.019160 0.880000 0.033186
v 0.016949 0.880000 0.034368
v 0.014664 0.880000 0.035403
v 0.012318 0.880000 0.036286
v 0.009918 0.880000 0.037014
v 0.007476 0.880000 0.037584
v 0.005002 0.880000 0.037992
v 0.002506 0.880000 0.038238
v 0.000000 0.880000 0.038320
v -0.002506 0.880000 0.038238
v -0.005002 0.880000 0.037992
v -0.007476 0.880000 0.037584
v -0.009918 0.880000 0.037014
v -0.012318 0.880000 0.036286
v -0.014664 0.880000 0.035403
v -0.016949 0.880000 0.034368
v -0.019160 0.880000 0.033186
v -0.021289 0.880000 0.031862
v -0.023328 0.880000 0.030401
v -0.025266 0.880000 0.028811
v -0.027096 0.880000 0.027096
v -0.028811 0.880000 0.025266
v -0.030401 0.880000 0.023328
v -0.031862 0.880000 0.021289
v -0.033186 0.880000 0.019160
v -0.034368 0.880000 0.016949
v -0.035403 0.880000 0.014664
v -0.036286 0.880000 0.012318
v -0.037014 0.880000 0.009918
v -0.037584 0.880000 0.007476
v -0.037992 0.880000 0.005002
v -0.038238 0.880000 0.002506
v -0.038320 0.880000 0.000000
v -0.038238 0.880000 -0.002506
v -0.037992 0.880000 -0.005002
v -0.037584 0.880000 -0.007476
v -0.037014 0.880000 -0.009918
v -0.036286 0.880000 -0.012318
v -0.035403 0.880000 -0.014664
v -0.034368 0.880000 -0.016949
v -0.033186 0.880000 -0.019160
v -0.031862 0.880000 -0.021289
v -0.030401 0.880000 -0.023328
v -0.028811 0.880000 -0.025266
v -0.027096 0.880000 -0.027096
v -0.025266 0.880000 -0.028811
v -0.023328 0.880000 -0.030401
v -0.021289 0.880000 -0.031862
v -0.019160 0.880000 -0.033186
v -0.016949 0.880000 -0.034368
v -0.014664 0.880000 -0.035403
v -0.012318 0.880000 -0.036286
v -0.009918 0.880000 -0.037014
v -0.007476 0.880000 -0.037584
v -0.005002 0.880000 -0.037992
v -0.002506 0.880000 -0.038238
v -0.000000 0.880000 -0.038320
v 0.002506 0.880000 -0.038238
v 0.005002 0.880000 -0.037992
v 0.007476 0.880000 -0.037584
v 0.009918 0.880000 -0.037014
v 0.012318 0.880000 -0.036286
v 0.014664 0.880000 -0.035403
v 0.016949 0.880000 -0.034368
v 0.019160 0.880000 -0.033186
v 0.021289 0.880000 -0.031862
v 0.023328 0.880000 -0.030401
v 0.025266 0.880000 -0.028811
v 0.027096 0.880000 -0.027096
v 0.028811 0.880000 -0.025266
v 0.030401 0.880000 -0.023328
v 0.031862 0.880000 -0.021289
v 0.033186 0.880000 -0.019160
v 0.034368 0.880000 -0.016949
v 0.035403 0.880000 -0.014664
v 0.036286 0.880000 -0.012318
v 0.037014 0.880000 -0.009918
v 0.037584 0.880000 -0.007476
v 0.037992 0.880000 -0.005002
v 0.038238 0.880000 -0.002506
v 0.038372 0.862900 0.000000
v 0.038290 0.862900 0.002510
v 0.038044 0.862900 0.005009
v 0.037635 0.862900 0.007486
v 0.037065 0.862900 0.009932
v 0.036336 0.862900 0.012334
v 0.035452 0.862900 0.014685
v 0.034415 0.862900 0.016972
v 0.033232 0.862900 0.019186
v 0.031906 0.862900 0.021319
v 0.030443 0.862900 0.023360
v 0.028850 0.862900 0.025301
v 0.027133 0.862900 0.027133
v 0.025301 0.862900 0.028850
v 0.023360 0.862900 0.030443
v 0.021319 0.862900 0.031906
v 0.019186 0.862900 0.033232
v 0.016972 0.862900 0.034415
v 0.014685 0.862900 0.035452
v 0.012334 0.862900 0.036336
v 0.009932 0.862900 0.037065
v 0.007486 0.862900 0.037635
v 0.005009 0.862900 0.038044
v 0.002510 0.862900 0.038290
v 0.000000 0.862900 0.038372
v -0.002510 0.862900 0.038290
v -0.005009 0.862900 0.038044
v -0.007486 0.862900 0.037635
v -0.009932 0.862900 0.037065
v -0.012334 0.862900 0.036336
v -0.014685 0.862900 0.035452
v -0.016972 0.862900 0.034415
v -0.019186 0.862900 0.033232
v -0.021319 0.862900 0.031906
v -0.023360 0.862900 0.030443
v -0.025301 0.862900 0.028850
v -0.027133 0.862900 0.027133
v -0.028850 0.862900 0.025301
v -0.030443 0.862900 0.023360
v -0.031906 0.862900 0.021319
v -0.033232 0.862900 0.019186
v -0.034415 0.862900 0.016972
v -0.035452 0.862900 0.014685
v -0.036336 0.862900 0.012334
v -0.037065 0.862900 0.009932
v -0.037635 0.862900 0.007486
v -0.038044 0.862900 0.005009
v -0.038290 0.862900 0.002510
v -0.038372 0.862900 0.000000
v -0.038290 0.862900 -0.002510
v -0.038044 0.862900 -0.005009
v -0.037635 0.862900 -0.007486
v -0.037065 0.862900 -0.009932
v -0.036336 0.862900 -0.012334
v -0.035452 0.862900 -0.014685
v -0.034415 0.862900 -0.016972
v -0.033232 0.862900 -0.019186
v -0.031906 0.862900 -0.021319
v -0.030443 0.862900 -0.023360
v -0.028850 0.862900 -0.025301
v -0.027133 0.862900 -0.027133
v -0.025301 0.862900 -0.028850
v -0.023360 0.862900 -0.030443
v -0.021319 0.862900 -0.031906
v -0.019186 0.862900 -0.033232
v -0.016972 0.862900 -0.034415
v -0.014685 0.862900 -0.035452
v -0.012334 0.862900 -0.036336
v -0.009932 0.862900 -0.037065
v -0.007486 0.862900 -0.037635
v -0.005009 0.862900 -0.038044
v -0.002510 0.862900 -0.038290
v -0.000000 0.862900 -0.038372
v 0.002510 0.862900 -0.038290
v 0.005009 0.862900 -0.038044
v 0.007486 0.862900 -0.037635
v 0.009932 0.862900 -0.037065
v 0.012334 0.862900 -0.036336
v 0.014685 0.862900 -0.035452
v 0.016972 0.862900 -0.034415
v 0.019186 0.862900 -0.033232
v 0.021319 0.862900 -0.031906
v 0.023360 0.862900 -0.030443
v 0.025301 0.862900 -0.028850
v 0.027133 0.862900 -0.027133
v 0.028850 0.862900 -0.025301
v 0.030443 0.862900 -0.023360
v 0.031906 0.862900 -0.021319
v 0.033232 0.862900 -0.019186
v 0.034415 0.862900 -0.016972
v 0.035452 0.862900 -0.014685
v 0.036336 0.862900 -0.012334
v 0.037065 0.862900 -0.009932
v 0.037635 0.862900 -0.007486
v 0.038044 0.862900 -0.005009
v 0.038290 0.862900 -0.002510
v 0.038640 0.846800 0.000000
v 0.038557 0.846800 0.002527
v 0.038309 0.846800 0.005044
v 0.037898 0.846800 0.007538
v 0.037323 0.846800 0.010001
v 0.036589 0.846800 0.012420
v 0.035699 0.846800 0.014787
v 0.034655 0.846800 0.017090
v 0.033463 0.846800 0.019320
v 0.032128 0.846800 0.021467
v 0.030655 0.846800 0.023523
v 0.029051 0.846800 0.025477
v 0.027323 0.846800 0.027323
v 0.025477 0.846800 0.029051
v 0.023523 0.846800 0.030655
v 0.021467 0.846800 0.032128
v 0.019320 0.846800 0.033463
v 0.017090 0.846800 0.034655
v 0.014787 0.846800 0.035699
v 0.012420 0.846800 0.036589
v 0.010001 0.846800 0.037323
v 0.007538 0.846800 0.037898
v 0.005044 0.846800 0.038309
v 0.002527 0.846800 0.038557
v 0.000000 0.846800 0.038640
v -0.002527 0.846800 0.038557
v -0.005044 0.846800 0.038309
v -0.007538 0.846800 0.037898
v -0.010001 0.846800 0.037323
v -0.012420 0.846800 0.036589
v -0.014787 0.846800 0.035699
v -0.017090 0.846800 0.034655
v -0.019320 0.846800 0.033463
v -0.021467 0.846800 0.032128
v -0.023523 0.846800 0.030655
v -0.025477 0.846800 0.029051
v -0.027323 0.846800 0.027323
v -0.029051 0.846800 0.025477
v -0.030655 0.846800 0.023523
v -0.032128 0.846800 0.021467
v -0.033463 0.846800 0.019320
v -0.034655 0.846800 0.017090
v -0.035699 0.846800 0.014787
v -0.036589 0.846800 0.012420
v -0.037323 0.846800 0.010001
v -0.037898 0.846800 0.007538
v -0.038309 0.846800 0.005044
v -0.038557 0.846800 0.002527
v -0.038640 0.846800 0.000000
v -0.038557 0.846800 -0.002527
v -0.038309 0.846800 -0.005044
v -0.037898 0.846800 -0.007538
v -0.037323 0.846800 -0.010001
v -0.036589 0.846800 -0.012420
v -0.035699 0.846800 -0.014787
v -0.034655 0.846800 -0.017090
v -0.033463 0.846800 -0.019320
v -0.032128 0.846800 -0.021467
v -0.030655 0.846800 -0.023523
v -0.029051 0.846800 -0.025477
v -0.027323 0.846800 -0.027323
v -0.025477 0.846800 -0.029051
v -0.023523 0.846800 -0.030655
v -0.021467 0.846800 -0.032128
v -0.019320 0.846800 -0.033463
v -0.017090 0.846800 -0.034655
v -0.014787 0.846800 -0.035699
v -0.012420 0.846800 -0.036589
v -0.010001 0.846800 -0.037323
v -0.007538 0.846800 -0.037898
v -0.005044 0.846800 -0.038309
v -0.002527 0.846800 -0.038557
v -0.000000 0.846800 -0.038640
v 0.002527 0.846800 -0.038557
v 0.005044 0.846800 -0.038309
v 0.007538 0.846800 -0.037898
v 0.010001 0.846800 -0.037323
v 0.012420 0.846800 -0.036589
v 0.014787 0.846800 -0.035699
v 0.017090 0.846800 -0.034655
v 0.019320 0.846800 -0.033463
v 0.021467 0.846800 -0.032128
v 0.023523 0.846800 -0.030655
v 0.025477 0.846800 -0.029051
v 0.027323 0.846800 -0.027323
v 0.029051 0.846800 -0.025477
v 0.030655 0.846800 -0.023523
v 0.032128 0.846800 -0.021467
v 0.033463 0.846800 -0.019320
v 0.034655 0.846800 -0.017090
v 0.035699 0.846800 -0.014787
v 0.036589 0.846800 -0.012420
v 0.037323 0.846800 -0.010001
v 0.037898 0.846800 -0.007538
v 0.038309 0.846800 -0.005044
v 0.038557 0.846800 -0.002527
v 0.039167 0.832300 0.000000
v 0.039084 0.832300 0.002562
v 0.038832 0.832300 0.005112
v 0.038415 0.832300 0.007641
v 0.037833 0.832300 0.010137
v 0.037089 0.832300 0.012590
v 0.036186 0.832300 0.014989
v 0.035128 0.832300 0.017323
v 0.033920 0.832300 0.019584
v 0.032567 0.832300 0.021760
v 0.031074 0.832300 0.023844
v 0.029448 0.832300 0.025825
v 0.027696 0.832300 0.027696
v 0.025825 0.832300 0.029448
v 0.023844 0.832300 0.031074
v 0.021760 0.832300 0.032567
v 0.019584 0.832300 0.033920
v 0.017323 0.832300 0.035128
v 0.014989 0.832300 0.036186
v 0.012590 0.832300 0.037089
v 0.010137 0.832300 0.037833
v 0.007641 0.832300 0.038415
v 0.005112 0.832300 0.038832
v 0.002562 0.832300 0.039084
v 0.000000 0.832300 0.039167
v -0.002562 0.832300 0.039084
v -0.005112 0.832300 0.038832
v -0.007641 0.832300 0.038415
v -0.010137 0.832300 0.037833
v -0.012590 0.832300 0.037089
v -0.014989 0.832300 0.036186
v -0.017323 0.832300 0.035128
v -0.019584 0.832300 0.033920
v -0.021760 0.832300 0.032567
v -0.023844 0.832300 0.031074
v -0.025825 0.832300 0.029448
v -0.027696 0.832300 0.027696
v -0.029448 0.832300 0.025825
v -0.031074 0.832300 0.023844
v -0.032567 0.832300 0.021760
v -0.033920 0.832300 0.019584
v -0.035128 0.832300 0.017323
v -0.036186 0.832300 0.014989
v -0.037089 0.832300 0.012590
v -0.037833 0.832300 0.010137
v -0.038415 0.832300 0.007641
v -0.038832 0.832300 0.005112
v -0.039084 0.832300 0.002562
v -0.039167 0.832300 0.000000
v -0.039084 0.832300 -0.002562
v -0.038832 0.832300 -0.005112
v -0.038415 0.832300 -0.007641
v -0.037833 0.832300 -0.010137
v -0.037089 0.832300 -0.012590
v -0.036186 0.832300 -0.014989
v -0.035128 0.832300 -0.017323
v -0.033920 0.832300 -0.019584
v -0.032567 0.832300 -0.021760
v -0.031074 0.832300 -0.023844
v -0.029448 0.832300 -0.025825
v -0.027696 0.832300 -0.027696
v -0.025825 0.832300 -0.029448
v -0.023844 0.832300 -0.031074
v -0.021760 0.832300 -0.032567
v -0.019584 0.832300 -0.033920
v -0.017323 0.832300 -0.035128
v -0.014989 0.832300 -0.036186
v -0.012590 0.832300 -0.037089
v -0.010137 0.832300 -0.037833
v -0.007641 0.832300 -0.038415
v -0.005112 0.832300 -0.038832
v -0.002562 0.832300 -0.039084
v -0.000000 0.832300 -0.039167
v 0.002562 0.832300 -0.039084
v 0.005112 0.832300 -0.038832
v 0.007641 0.832300 -0.038415
v 0.010137 0.832300 -0.037833
v 0.012590 0.832300 -0.037089
v 0.014989 0.832300 -0.036186
v 0.017323 0.832300 -0.035128
v 0.019584 0.832300 -0.033920
v 0.021760 0.832300 -0.032567
v 0.023844 0.832300 -0.031074
v 0.025825 0.832300 -0.029448
v 0.027696 0.832300 -0.027696
v 0.029448 0.832300 -0.025825
v 0.031074 0.832300 -0.023844
v 0.032567 0.832300 -0.021760
v 0.033920 0.832300 -0.019584
v 0.035128 0.832300 -0.017323
v 0.036186 0.832300 -0.014989
v 0.037089 0.832300 -0.012590
v 0.037833 0.832300 -0.010137
v 0.038415 0.832300 -0.007641
v 0.038832 0.832300 -0.005112
v 0.039084 0.832300 -0.002562
v 0.040000 0.820000 0.000000
v 0.039914 0.820000 0.002616
v 0.039658 0.820000 0.005221
v 0.039231 0.820000 0.007804
v 0.038637 0.820000 0.010353
v 0.037877 0.820000 0.012858
v 0.036955 0.820000 0.015307
v 0.035875 0.820000 0.017692
v 0.034641 0.820000 0.020000
v 0.033259 0.820000 0.022223
v 0.031734 0.820000 0.024350
v 0.030074 0.820000 0.026374
v 0.028284 0.820000 0.028284
v 0.026374 0.820000 0.030074
v 0.024350 0.820000 0.031734
v 0.022223 0.820000 0.033259
v 0.020000 0.820000 0.034641
v 0.017692 0.820000 0.035875
v 0.015307 0.820000 0.036955
v 0.012858 0.820000 0.037877
v 0.010353 0.820000 0.038637
v 0.007804 0.820000 0.039231
v 0.005221 0.820000 0.039658
v 0.002616 0.820000 0.039914
v 0.000000 0.820000 0.040000
v -0.002616 0.820000 0.039914
v -0.005221 0.820000 0.039658
v -0.007804 0.820000 0.039231
v -0.010353 0.820000 0.038637
v -0.012858 0.820000 0.037877
v -0.015307 0.820000 0.036955
v -0.017692 0.820000 0.035875
v -0.020000 0.820000 0.034641
v -0.022223 0.820000 0.033259
v -0.024350 0.820000 0.031734
v -0.026374 0.820000 0.030074
v -0.028284 0.820000 0.028284
v -0.030074 0.820000 0.026374
v -0.031734 0.820000 0.024350
v -0.033259 0.820000 0.022223
v -0.034641 0.820000 0.020000
v -0.035875 0.820000 0.017692
v -0.036955 0.820000 0.015307
v -0.037877 0.820000 0.012858
v -0.038637 0.820000 0.010353
v -0.039231 0.820000 0.007804
v -0.039658 0.820000 0.005221
v -0.039914 0.820000 0.002616
v -0.040000 0.820000 0.000000
v -0.039914 0.820000 -0.002616
v -0.039658 0.820000 -0.005221
v -0.039231 0.820000 -0.007804
v -0.038637 0.820000 -0.010353
v -0.037877 0.820000 -0.012858
v -0.036955 0.820000 -0.015307
v -0.035875 0.820000 -0.017692
v -0.034641 0.820000 -0.020000
v -0.033259 0.820000 -0.022223
v -0.031734 0.820000 -0.024350
v -0.030074 0.820000 -0.026374
v -0.028284 0.820000 -0.028284
v -0.026374 0.820000 -0.030074
v -0.024350 0.820000 -0.031734
v -0.022223 0.820000 -0.033259
v -0.020000 0.820000 -0.034641
v -0.017692 0.820000 -0.035875
v -0.015307 0.820000 -0.036955
v -0.012858 0.820000 -0.037877
v -0.010353 0.820000 -0.038637
v -0.007804 0.820000 -0.039231
v -0.005221 0.820000 -0.039658
v -0.002616 0.820000 -0.039914
v -0.000000 0.820000 -0.040000
v 0.002616 0.820000 -0.039914
v 0.005221 0.820000 -0.039658
v 0.007804 0.820000 -0.039231
v 0.010353 0.820000 -0.038637
v 0.012858 0.820000 -0.037877
v 0.015307 0.820000 -0.036955
v 0.017692 0.820000 -0.035875
v 0.020000 0.820000 -0.034641
v 0.022223 0.820000 -0.033259
v 0.024350 0.820000 -0.031734
v 0.026374 0.820000 -0.030074
v 0.028284 0.820000 -0.028284
v 0.030074 0.820000 -0.026374
v 0.031734 0.820000 -0.024350
v 0.033259 0.820000 -0.022223
v 0.034641 0.820000 -0.020000
v 0.035875 0.820000 -0.017692
v 0.036955 0.820000 -0.015307
v 0.037877 0.820000 -0.012858
v 0.038637 0.820000 -0.010353
v 0.039231 0.820000 -0.007804
v 0.039658 0.820000 -0.005221
v 0.039914 0.820000 -0.002616
v 0.041010 0.809850 0.000000
v 0.040922 0.809850 0.002682
v 0.040659 0.809850 0.005353
v 0.040222 0.809850 0.008001
v 0.039613 0.809850 0.010614
v 0.038834 0.809850 0.013182
v 0.037888 0.809850 0.015694
v 0.036781 0.809850 0.018138
v 0.035516 0.809850 0.020505
v 0.034099 0.809850 0.022784
v 0.032535 0.809850 0.024965
v 0.030833 0.809850 0.027040
v 0.028998 0.809850 0.028998
v 0.027040 0.809850 0.030833
v 0.024965 0.809850 0.032535
v 0.022784 0.809850 0.034099
v 0.020505 0.809850 0.035516
v 0.018138 0.809850 0.036781
v 0.015694 0.809850 0.037888
v 0.013182 0.809850 0.038834
v 0.010614 0.809850 0.039613
v 0.008001 0.809850 0.040222
v 0.005353 0.809850 0.040659
v 0.002682 0.809850 0.040922
v 0.000000 0.809850 0.041010
v -0.002682 0.809850 0.040922
v -0.005353 0.809850 0.040659
v -0.008001 0.809850 0.040222
v -0.010614 0.809850 0.039613
v -0.013182 0.809850 0.038834
v -0.015694 0.809850 0.037888
v -0.018138 0.809850 0.036781
v -0.020505 0.809850 0.035516
v -0.022784 0.809850 0.034099
v -0.024965 0.809850 0.032535
v -0.027040 0.809850 0.030833
v -0.028998 0.809850 0.028998
v -0.030833 0.809850 0.027040
v -0.032535 0.809850 0.024965
v -0.034099 0.809850 0.022784
v -0.035516 0.809850 0.020505
v -0.036781 0.809850 0.018138
v -0.037888 0.809850 0.015694
v -0.038834 0.809850 0.013182
v -0.039613 0.809850 0.010614
v -0.040222 0.809850 0.008001
v -0.040659 0.809850 0.005353
v -0.040922 0.809850 0.002682
v -0.041010 0.809850 0.000000
v -0.040922 0.809850 -0.002682
v -0.040659 0.809850 -0.005353
v -0.040222 0.809850 -0.008001
v -0.039613 0.809850 -0.010614
v -0.038834 0.809850 -0.013182
v -0.037888 0.809850 -0.015694
v -0.036781 0.809850 -0.018138
v -0.035516 0.809850 -0.020505
v -0.034099 0.809850 -0.022784
v -0.032535 0.809850 -0.024965
v -0.030833 0.809850 -0.027040
v -0.028998 0.809850 -0.028998
v -0.027040 0.809850 -0.030833
v -0.024965 0.809850 -0.032535
v -0.022784 0.809850 -0.034099
v -0.020505 0.809850 -0.035516
v -0.018138 0.809850 -0.036781
v -0.015694 0.809850 -0.037888
v -0.013182 0.809850 -0.038834
v -0.010614 0.809850 -0.039613
v -0.008001 0.809850 -0.040222
v -0.005353 0.809850 -0.040659
v -0.002682 0.809850 -0.040922
v -0.000000 0.809850 -0.041010
v 0.002682 0.809850 -0.040922
v 0.005353 0.809850 -0.040659
v 0.008001 0.809850 -0.040222
v 0.010614 0.809850 -0.039613
v 0.013182 0.809850 -0.038834
v 0.015694 0.809850 -0.037888
v 0.018138 0.809850 -0.036781
v 0.020505 0.809850 -0.035516
v 0.022784 0.809850 -0.034099
v 0.024965 0.809850 -0.032535
v 0.027040 0.809850 -0.030833
v 0.028998 0.809850 -0.028998
v 0.030833 0.809850 -0.027040
v 0.032535 0.809850 -0.024965
v 0.034099 0.809850 -0.022784
v 0.035516 0.809850 -0.020505
v 0.036781 0.809850 -0.018138
v 0.037888 0.809850 -0.015694
v 0.038834 0.809850 -0.013182
v 0.039613 0.809850 -0.010614
v 0.040222 0.809850 -0.008001
v 0.040659 0.809850 -0.005353
v 0.040922 0.809850 -0.002682
v 0.042080 0.801200 0.000000
v 0.041990 0.801200 0.002752
v 0.041720 0.801200 0.005493
v 0.041271 0.801200 0.008209
v 0.040646 0.801200 0.010891
v 0.039847 0.801200 0.013526
v 0.038877 0.801200 0.016103
v 0.037740 0.801200 0.018612
v 0.036442 0.801200 0.021040
v 0.034988 0.801200 0.023378
v 0.033384 0.801200 0.025617
v 0.031637 0.801200 0.027745
v 0.029755 0.801200 0.029755
v 0.027745 0.801200 0.031637
v 0.025617 0.801200 0.033384
v 0.023378 0.801200 0.034988
v 0.021040 0.801200 0.036442
v 0.018612 0.801200 0.037740
v 0.016103 0.801200 0.038877
v 0.013526 0.801200 0.039847
v 0.010891 0.801200 0.040646
v 0.008209 0.801200 0.041271
v 0.005493 0.801200 0.041720
v 0.002752 0.801200 0.041990
v 0.000000 0.801200 0.042080
v -0.002752 0.801200 0.041990
v -0.005493 0.801200 0.041720
v -0.008209 0.801200 0.041271
v -0.010891 0.801200 0.040646
v -0.013526 0.801200 0.039847
v -0.016103 0.801200 0.038877
v -0.018612 0.801200 0.037740
v -0.021040 0.801200 0.036442
v -0.023378 0.801200 0.034988
v -0.025617 0.801200 0.033384
v -0.027745 0.801200 0.031637
v -0.029755 0.801200 0.029755
v -0.031637 0.801200 0.027745
v -0.033384 0.801200 0.025617
v -0.034988 0.801200 0.023378
v -0.036442 0.801200 0.021040
v -0.037740 0.801200 0.018612
v -0.038877 0.801200 0.016103
v -0.039847 0.801200 0.013526
v -0.040646 0.801200 0.010891
v -0.041271 0.801200 0.008209
v -0.041720 0.801200 0.005493
v -0.041990 0.801200 0.002752
v -0.042080 0.801200 0.000000
v -0.041990 0.801200 -0.002752
v -0.041720 0.801200 -0.005493
v -0.041271 0.801200 -0.008209
v -0.040646 0.801200 -0.010891
v -0.039847 0.801200 -0.013526
v -0.038877 0.801200 -0.016103
v -0.037740 0.801200 -0.018612
v -0.036442 0.801200 -0.021040
v -0.034988 0.801200 -0.023378
v -0.033384 0.801200 -0.025617
v -0.031637 0.801200 -0.027745
v -0.029755 0.801200 -0.029755
v -0.027745 0.801200 -0.031637
v -0.025617 0.801200 -0.033384
v -0.023378 0.801200 -0.034988
v -0.021040 0.801200 -0.036442
v -0.018612 0.801200 -0.037740
v -0.016103 0.801200 -0.038877
v -0.013526 0.801200 -0.039847
v -0.010891 0.801200 -0.040646
v -0.008209 0.801200 -0.041271
v -0.005493 0.801200 -0.041720
v -0.002752 0.801200 -0.041990
v -0.000000 0.801200 -0.042080
v 0.002752 0.801200 -0.041990
v 0.005493 0.801200 -0.041720
v 0.008209 0.801200 -0.041271
v 0.010891 0.801200 -0.040646
v 0.013526 0.801200 -0.039847
v 0.016103 0.801200 -0.038877
v 0.018612 0.801200 -0.037740
v 0.021040 0.801200 -0.036442
v 0.023378 0.801200 -0.034988
v 0.025617 0.801200 -0.033384
v 0.027745 0.801200 -0.031637
v 0.029755 0.801200 -0.029755
v 0.031637 0.801200 -0.027745
v 0.033384 0.801200 -0.025617
v 0.034988 0.801200 -0.023378
v 0.036442 0.801200 -0.021040
v 0.037740 0.801200 -0.018612
v 0.038877 0.801200 -0.016103
v 0.039847 0.801200 -0.013526
v 0.040646 0.801200 -0.010891
v 0.041271 0.801200 -0.008209
v 0.041720 0.801200 -0.005493
v 0.041990 0.801200 -0.002752
v 0.043270 0.793750 0.000000
v 0.043177 0.793750 0.002830
v 0.042900 0.793750 0.005648
v 0.042439 0.793750 0.008442
v 0.041796 0.793750 0.011199
v 0.040974 0.793750 0.013909
v 0.039976 0.793750 0.016559
v 0.038808 0.793750 0.019138
v 0.037473 0.793750 0.021635
v 0.035978 0.793750 0.024040
v 0.034328 0.793750 0.026341
v 0.032532 0.793750 0.028530
v 0.030597 0.793750 0.030597
v 0.028530 0.793750 0.032532
v 0.026341 0.793750 0.034328
v 0.024040 0.793750 0.035978
v 0.021635 0.793750 0.037473
v 0.019138 0.793750 0.038808
v 0.016559 0.793750 0.039976
v 0.013909 0.793750 0.040974
v 0.011199 0.793750 0.041796
v 0.008442 0.793750 0.042439
v 0.005648 0.793750 0.042900
v 0.002830 0.793750 0.043177
v 0.000000 0.793750 0.043270
v -0.002830 0.793750 0.043177
v -0.005648 0.793750 0.042900
v -0.008442 0.793750 0.042439
v -0.011199 0.793750 0.041796
v -0.013909 0.793750 0.040974
v -0.016559 0.793750 0.039976
v -0.019138 0.793750 0.038808
v -0.021635 0.793750 0.037473
v -0.024040 0.793750 0.035978
v -0.026341 0.793750 0.034328
v -0.028530 0.793750 0.032532
v -0.030597 0.793750 0.030597
v -0.032532 0.793750 0.028530
v -0.034328 0.793750 0.026341
v -0.035978 0.793750 0.024040
v -0.037473 0.793750 0.021635
v -0.038808 0.793750 0.019138
v -0.039976 0.793750 0.016559
v -0.040974 0.793750 0.013909
v -0.041796 0.793750 0.011199
v -0.042439 0.793750 0.008442
v -0.042900 0.793750 0.005648
v -0.043177 0.793750 0.002830
v -0.043270 0.793750 0.000000
v -0.043177 0.793750 -0.002830
v -0.042900 0.793750 -0.005648
v -0.042439 0.793750 -0.008442
v -0.041796 0.793750 -0.011199
v -0.040974 0.793750 -0.013909
v -0.039976 0.793750 -0.016559
v -0.038808 0.793750 -0.019138
v -0.037473 0.793750 -0.021635
v -0.035978 0.793750 -0.024040
v -0.034328 0.793750 -0.026341
v -0.032532 0.793750 -0.028530
v -0.030597 0.793750 -0.030597
v -0.028530 0.793750 -0.032532
v -0.026341 0.793750 -0.034328
v -0.024040 0.793750 -0.035978
v -0.021635 0.793750 -0.037473
v -0.019138 0.793750 -0.038808
v -0.016559 0.793750 -0.039976
v -0.013909 0.793750 -0.040974
v -0.011199 0.793750 -0.041796
v -0.008442 0.793750 -0.042439
v -0.005648 0.793750 -0.042900
v -0.002830 0.793750 -0.043177
v -0.000000 0.793750 -0.043270
v 0.002830 0.793750 -0.043177
v 0.005648 0.793750 -0.042900
v 0.008442 0.793750 -0.042439
v 0.011199 0.793750 -0.041796
v 0.013909 0.793750 -0.040974
v 0.016559 0.793750 -0.039976
v 0.019138 0.793750 -0.038808
v 0.021635 0.793750 -0.037473
v 0.024040 0.793750 -0.035978
v 0.026341 0.793750 -0.034328
v 0.028530 0.793750 -0.032532
v 0.030597 0.793750 -0.030597
v 0.032532 0.793750 -0.028530
v 0.034328 0.793750 -0.026341
v 0.035978 0.793750 -0.024040
v 0.037473 0.793750 -0.021635
v 0.038808 0.793750 -0.019138
v 0.039976 0.793750 -0.016559
v 0.040974 0.793750 -0.013909
v 0.041796 0.793750 -0.011199
v 0.042439 0.793750 -0.008442
v 0.042900 0.793750 -0.005648
v 0.043177 0.793750 -0.002830
v 0.044640 0.787200 0.000000
v 0.044544 0.787200 0.002920
v 0.044258 0.787200 0.005827
v 0.043782 0.787200 0.008709
v 0.043119 0.787200 0.011554
v 0.042271 0.787200 0.014349
v 0.041242 0.787200 0.017083
v 0.040036 0.787200 0.019744
v 0.038659 0.787200 0.022320
v 0.037117 0.787200 0.024801
v 0.035415 0.787200 0.027175
v 0.033562 0.787200 0.029433
v 0.031565 0.787200 0.031565
v 0.029433 0.787200 0.033562
v 0.027175 0.787200 0.035415
v 0.024801 0.787200 0.037117
v 0.022320 0.787200 0.038659
v 0.019744 0.787200 0.040036
v 0.017083 0.787200 0.041242
v 0.014349 0.787200 0.042271
v 0.011554 0.787200 0.043119
v 0.008709 0.787200 0.043782
v 0.005827 0.787200 0.044258
v 0.002920 0.787200 0.044544
v 0.000000 0.787200 0.044640
v -0.002920 0.787200 0.044544
v -0.005827 0.787200 0.044258
v -0.008709 0.787200 0.043782
v -0.011554 0.787200 0.043119
v -0.014349 0.787200 0.042271
v -0.017083 0.787200 0.041242
v -0.019744 0.787200 0.040036
v -0.022320 0.787200 0.038659
v -0.024801 0.787200 0.037117
v -0.027175 0.787200 0.035415
v -0.029433 0.787200 0.033562
v -0.031565 0.787200 0.031565
v -0.033562 0.787200 0.029433
v -0.035415 0.787200 0.027175
v -0.037117 0.787200 0.024801
v -0.038659 0.787200 0.022320
v -0.040036 0.787200 0.019744
v -0.041242 0.787200 0.017083
v -0.042271 0.787200 0.014349
v -0.043119 0.787200 0.011554
v -0.043782 0.787200 0.008709
v -0.044258 0.787200 0.005827
v -0.044544 0.787200 0.002920
v -0.044640 0.787200 0.000000
v -0.044544 0.787200 -0.002920
v -0.044258 0.787200 -0.005827
v -0.043782 0.787200 -0.008709
v -0.043119 0.787200 -0.011554
v -0.042271 0.787200 -0.014349
v -0.041242 0.787200 -0.017083
v -0.040036 0.787200 -0.019744
v -0.038659 0.787200 -0.022320
v -0.037117 0.787200 -0.024801
v -0.035415 0.787200 -0.027175
v -0.033562 0.787200 -0.029433
v -0.031565 0.787200 -0.031565
v -0.029433 0.787200 -0.033562
v -0.027175 0.787200 -0.035415
v -0.024801 0.787200 -0.037117
v -0.022320 0.787200 -0.038659
v -0.019744 0.787200 -0.040036
v -0.017083 0.787200 -0.041242
v -0.014349 0.787200 -0.042271
v -0.011554 0.787200 -0.043119
v -0.008709 0.787200 -0.043782
v -0.005827 0.787200 -0.044258
v -0.002920 0.787200 -0.044544
v -0.000000 0.787200 -0.044640
v 0.002920 0.787200 -0.044544
v 0.005827 0.787200 -0.044258
v 0.008709 0.787200 -0.043782
v 0.011554 0.787200 -0.043119
v 0.014349 0.787200 -0.042271
v 0.017083 0.787200 -0.041242
v 0.019744 0.787200 -0.040036
v 0.022320 0.787200 -0.038659
v 0.024801 0.787200 -0.037117
v 0.027175 0.787200 -0.035415
v 0.029433 0.787200 -0.033562
v 0.031565 0.787200 -0.031565
v 0.033562 0.787200 -0.029433
v 0.035415 0.787200 -0.027175
v 0.037117 0.787200 -0.024801
v 0.038659 0.787200 -0.022320
v 0.040036 0.787200 -0.019744
v 0.041242 0.787200 -0.017083
v 0.042271 0.787200 -0.014349
v 0.043119 0.787200 -0.011554
v 0.043782 0.787200 -0.008709
v 0.044258 0.787200 -0.005827
v 0.044544 0.787200 -0.002920
v 0.046250 0.781250 0.000000
v 0.046151 0.781250 0.003025
v 0.045854 0.781250 0.006037
v 0.045361 0.781250 0.009023
v 0.044674 0.781250 0.011970
v 0.043796 0.781250 0.014867
v 0.042729 0.781250 0.017699
v 0.041480 0.781250 0.020456
v 0.040054 0.781250 0.023125
v 0.038455 0.781250 0.025695
v 0.036693 0.781250 0.028155
v 0.034773 0.781250 0.030495
v 0.032704 0.781250 0.032704
v 0.030495 0.781250 0.034773
v 0.028155 0.781250 0.036693
v 0.025695 0.781250 0.038455
v 0.023125 0.781250 0.040054
v 0.020456 0.781250 0.041480
v 0.017699 0.781250 0.042729
v 0.014867 0.781250 0.043796
v 0.011970 0.781250 0.044674
v 0.009023 0.781250 0.045361
v 0.006037 0.781250 0.045854
v 0.003025 0.781250 0.046151
v 0.000000 0.781250 0.046250
v -0.003025 0.781250 0.046151
v -0.006037 0.781250 0.045854
v -0.009023 0.781250 0.045361
v -0.011970 0.781250 0.044674
v -0.014867 0.781250 0.043796
v -0.017699 0.781250 0.042729
v -0.020456 0.781250 0.041480
v -0.023125 0.781250 0.040054
v -0.025695 0.781250 0.038455
v -0.028155 0.781250 0.036693
v -0.030495 0.781250 0.034773
v -0.032704 0.781250 0.032704
v -0.034773 0.781250 0.030495
v -0.036693 0.781250 0.028155
v -0.038455 0.781250 0.025695
v -0.040054 0.781250 0.023125
v -0.041480 0.781250 0.020456
v -0.042729 0.781250 0.017699
v -0.043796 0.781250 0.014867
v -0.044674 0.781250 0.011970
v -0.045361 0.781250 0.009023
v -0.045854 0.781250 0.006037
v -0.046151 0.781250 0.003025
v -0.046250 0.781250 0.000000
v -0.046151 0.781250 -0.003025
v -0.045854 0.781250 -0.006037
v -0.045361 0.781250 -0.009023
v -0.044674 0.781250 -0.011970
v -0.043796 0.781250 -0.014867
v -0.042729 0.781250 -0.017699
v -0.041480 0.781250 -0.020456
v -0.040054 0.781250 -0.023125
v -0.038455 0.781250 -0.025695
v -0.036693 0.781250 -0.028155
v -0.034773 0.781250 -0.030495
v -0.032704 0.781250 -0.032704
v -0.030495 0.781250 -0.034773
v -0.028155 0.781250 -0.036693
v -0.025695 0.781250 -0.038455
v -0.023125 0.781250 -0.040054
v -0.020456 0.781250 -0.041480
v -0.017699 0.781250 -0.042729
v -0.014867 0.781250 -0.043796
v -0.011970 0.781250 -0.044674
v -0.009023 0.781250 -0.045361
v -0.006037 0.781250 -0.045854
v -0.003025 0.781250 -0.046151
v -0.000000 0.781250 -0.046250
v 0.003025 0.781250 -0.046151
v 0.006037 0.781250 -0.045854
v 0.009023 0.781250 -0.045361
v 0.011970 0.781250 -0.044674
v 0.014867 0.781250 -0.043796
v 0.017699 0.781250 -0.042729
v 0.020456 0.781250 -0.041480
v 0.023125 0.781250 -0.040054
v 0.025695 0.781250 -0.038455
v 0.028155 0.781250 -0.036693
v 0.030495 0.781250 -0.034773
v 0.032704 0.781250 -0.032704
v 0.034773 0.781250 -0.030495
v 0.036693 0.781250 -0.028155
v 0.038455 0.781250 -0.025695
v 0.040054 0.781250 -0.023125
v 0.041480 0.781250 -0.020456
v 0.042729 0.781250 -0.017699
v 0.043796 0.781250 -0.014867
v 0.044674 0.781250 -0.011970
v 0.045361 0.781250 -0.009023
v 0.045854 0.781250 -0.006037
v 0.046151 0.781250 -0.003025
v 0.048160 0.775600 0.000000
v 0.048057 0.775600 0.003150
v 0.047748 0.775600 0.006286
v 0.047235 0.775600 0.009396
v 0.046519 0.775600 0.012465
v 0.045604 0.775600 0.015481
v 0.044494 0.775600 0.018430
v 0.043193 0.775600 0.021301
v 0.041708 0.775600 0.024080
v 0.040044 0.775600 0.026756
v 0.038208 0.775600 0.029318
v 0.036209 0.775600 0.031754
v 0.034054 0.775600 0.034054
v 0.031754 0.775600 0.036209
v 0.029318 0.775600 0.038208
v 0.026756 0.775600 0.040044
v 0.024080 0.775600 0.041708
v 0.021301 0.775600 0.043193
v 0.018430 0.775600 0.044494
v 0.015481 0.775600 0.045604
v 0.012465 0.775600 0.046519
v 0.009396 0.775600 0.047235
v 0.006286 0.775600 0.047748
v 0.003150 0.775600 0.048057
v 0.000000 0.775600 0.048160
v -0.003150 0.775600 0.048057
v -0.006286 0.775600 0.047748
v -0.009396 0.775600 0.047235
v -0.012465 0.775600 0.046519
v -0.015481 0.775600 0.045604
v -0.018430 0.775600 0.044494
v -0.021301 0.775600 0.043193
v -0.024080 0.775600 0.041708
v -0.026756 0.775600 0.040044
v -0.029318 0.775600 0.038208
v -0.031754 0.775600 0.036209
v -0.034054 0.775600 0.034054
v -0.036209 0.775600 0.031754
v -0.038208 0.775600 0.029318
v -0.040044 0.775600 0.026756
v -0.041708 0.775600 0.024080
v -0.043193 0.775600 0.021301
v -0.044494 0.775600 0.018430
v -0.045604 0.775600 0.015481
v -0.046519 0.775600 0.012465
v -0.047235 0.775600 0.009396
v -0.047748 0.775600 0.006286
v -0.048057 0.775600 0.003150
v -0.048160 0.775600 0.000000
v -0.048057 0.775600 -0.003150
v -0.047748 0.775600 -0.006286
v -0.047235 0.775600 -0.009396
v -0.046519 0.775600 -0.012465
v -0.045604 0.775600 -0.015481
v -0.044494 0.775600 -0.018430
v -0.043193 0.775600 -0.021301
v -0.041708 0.775600 -0.024080
v -0.040044 0.775600 -0.026756
v -0.038208 0.775600 -0.029318
v -0.036209 0.775600 -0.031754
v -0.034054 0.775600 -0.034054
v -0.031754 0.775600 -0.036209
v -0.029318 0.775600 -0.038208
v -0.026756 0.775600 -0.040044
v -0.024080 0.775600 -0.041708
v -0.021301 0.775600 -0.043193
v -0.018430 0.775600 -0.044494
v -0.015481 0.775600 -0.045604
v -0.012465 0.775600 -0.046519
v -0.009396 0.775600 -0.047235
v -0.006286 0.775600 -0.047748
v -0.003150 0.775600 -0.048057
v -0.000000 0.775600 -0.048160
v 0.003150 0.775600 -0.048057
v 0.006286 0.775600 -0.047748
v 0.009396 0.775600 -0.047235
v 0.012465 0.775600 -0.046519
v 0.015481 0.775600 -0.045604
v 0.018430 0.775600 -0.044494
v 0.021301 0.775600 -0.043193
v 0.024080 0.775600 -0.041708
v 0.026756 0.775600 -0.040044
v 0.029318 0.775600 -0.038208
v 0.031754 0.775600 -0.036209
v 0.034054 0.775600 -0.034054
v 0.036209 0.775600 -0.031754
v 0.038208 0.775600 -0.029318
v 0.040044 0.775600 -0.026756
v 0.041708 0.775600 -0.024080
v 0.043193 0.775600 -0.021301
v 0.044494 0.775600 -0.018430
v 0.045604 0.775600 -0.015481
v 0.046519 0.775600 -0.012465
v 0.047235 0.775600 -0.009396
v 0.047748 0.775600 -0.006286
v 0.048057 0.775600 -0.003150
v 0.050430 0.769950 0.000000
v 0.050322 0.769950 0.003298
v 0.049999 0.769950 0.006582
v 0.049461 0.769950 0.009838
v 0.048712 0.769950 0.013052
v 0.047754 0.769950 0.016210
v 0.046591 0.769950 0.019299
v 0.045229 0.769950 0.022305
v 0.043674 0.769950 0.025215
v 0.041931 0.769950 0.028017
v 0.040009 0.769950 0.030700
v 0.037915 0.769950 0.033251
v 0.035659 0.769950 0.035659
v 0.033251 0.769950 0.037915
v 0.030700 0.769950 0.040009
v 0.028017 0.769950 0.041931
v 0.025215 0.769950 0.043674
v 0.022305 0.769950 0.045229
v 0.019299 0.769950 0.046591
v 0.016210 0.769950 0.047754
v 0.013052 0.769950 0.048712
v 0.009838 0.769950 0.049461
v 0.006582 0.769950 0.049999
v 0.003298 0.769950 0.050322
v 0.000000 0.769950 0.050430
v -0.003298 0.769950 0.050322
v -0.006582 0.769950 0.049999
v -0.009838 0.769950 0.049461
v -0.013052 0.769950 0.048712
v -0.016210 0.769950 0.047754
v -0.019299 0.769950 0.046591
v -0.022305 0.769950 0.045229
v -0.025215 0.769950 0.043674
v -0.028017 0.769950 0.041931
v -0.030700 0.769950 0.040009
v -0.033251 0.769950 0.037915
v -0.035659 0.769950 0.035659
v -0.037915 0.769950 0.033251
v -0.040009 0.769950 0.030700
v -0.041931 0.769950 0.028017
v -0.043674 0.769950 0.025215
v -0.045229 0.769950 0.022305
v -0.046591 0.769950 0.019299
v -0.047754 0.769950 0.016210
v -0.048712 0.769950 0.013052
v -0.049461 0.769950 0.009838
v -0.049999 0.769950 0.006582
v -0.050322 0.769950 0.003298
v -0.050430 0.769950 0.000000
v -0.050322 0.769950 -0.003298
v -0.049999 0.769950 -0.006582
v -0.049461 0.769950 -0.009838
v -0.048712 0.769950 -0.013052
v -0.047754 0.769950 -0.016210
v -0.046591 0.769950 -0.019299
v -0.045229 0.769950 -0.022305
v -0.043674 0.769950 -0.025215
v -0.041931 0.769950 -0.028017
v -0.040009 0.769950 -0.030700
v -0.037915 0.769950 -0.033251
v -0.035659 0.769950 -0.035659
v -0.033251 0.769950 -0.037915
v -0.030700 0.769950 -0.040009
v -0.028017 0.769950 -0.041931
v -0.025215 0.769950 -0.043674
v -0.022305 0.769950 -0.045229
v -0.019299 0.769950 -0.046591
v -0.016210 0.769950 -0.047754
v -0.013052 0.769950 -0.048712
v -0.009838 0.769950 -0.049461
v -0.006582 0.769950 -0.049999
v -0.003298 0.769950 -0.050322
v -0.000000 0.769950 -0.050430
v 0.003298 0.769950 -0.050322
v 0.006582 0.769950 -0.049999
v 0.009838 0.769950 -0.049461
v 0.013052 0.769950 -0.048712
v 0.016210 0.769950 -0.047754
v 0.019299 0.769950 -0.046591
v 0.022305 0.769950 -0.045229
v 0.025215 0.769950 -0.043674
v 0.028017 0.769950 -0.041931
v 0.030700 0.769950 -0.040009
v 0.033251 0.769950 -0.037915
v 0.035659 0.769950 -0.035659
v 0.037915 0.769950 -0.033251
v 0.040009 0.769950 -0.030700
v 0.041931 0.769950 -0.028017
v 0.043674 0.769950 -0.025215
v 0.045229 0.769950 -0.022305
v 0.046591 0.769950 -0.019299
v 0.047754 0.769950 -0.016210
v 0.048712 0.769950 -0.013052
v 0.049461 0.769950 -0.009838
v 0.049999 0.769950 -0.006582
v 0.050322 0.769950 -0.003298
v 0.053120 0.764000 0.000000
v 0.053006 0.764000 0.003474
v 0.052666 0.764000 0.006934
v 0.052099 0.764000 0.010363
v 0.051310 0.764000 0.013748
v 0.050301 0.764000 0.017075
v 0.049076 0.764000 0.020328
v 0.047642 0.764000 0.023494
v 0.046003 0.764000 0.026560
v 0.044168 0.764000 0.029512
v 0.042143 0.764000 0.032337
v 0.039938 0.764000 0.035024
v 0.037562 0.764000 0.037562
v 0.035024 0.764000 0.039938
v 0.032337 0.764000 0.042143
v 0.029512 0.764000 0.044168
v 0.026560 0.764000 0.046003
v 0.023494 0.764000 0.047642
v 0.020328 0.764000 0.049076
v 0.017075 0.764000 0.050301
v 0.013748 0.764000 0.051310
v 0.010363 0.764000 0.052099
v 0.006934 0.764000 0.052666
v 0.003474 0.764000 0.053006
v 0.000000 0.764000 0.053120
v -0.003474 0.764000 0.053006
v -0.006934 0.764000 0.052666
v -0.010363 0.764000 0.052099
v -0.013748 0.764000 0.051310
v -0.017075 0.764000 0.050301
v -0.020328 0.764000 0.049076
v -0.023494 0.764000 0.047642
v -0.026560 0.764000 0.046003
v -0.029512 0.764000 0.044168
v -0.032337 0.764000 0.042143
v -0.035024 0.764000 0.039938
v -0.037562 0.764000 0.037562
v -0.039938 0.764000 0.035024
v -0.042143 0.764000 0.032337
v -0.044168 0.764000 0.029512
v -0.046003 0.764000 0.026560
v -0.047642 0.764000 0.023494
v -0.049076 0.764000 0.020328
v -0.050301 0.764000 0.017075
v -0.051310 0.764000 0.013748
v -0.052099 0.764000 0.010363
v -0.052666 0.764000 0.006934
v -0.053006 0.764000 0.003474
v -0.053120 0.764000 0.000000
v -0.053006 0.764000 -0.003474
v -0.052666 0.764000 -0.006934
v -0.052099 0.764000 -0.010363
v -0.051310 0.764000 -0.013748
v -0.050301 0.764000 -0.017075
v -0.049076 0.764000 -0.020328
v -0.047642 0.764000 -0.023494
v -0.046003 0.764000 -0.026560
v -0.044168 0.764000 -0.029512
v -0.042143 0.764000 -0.032337
v -0.039938 0.764000 -0.035024
v -0.037562 0.764000 -0.037562
v -0.035024 0.764000 -0.039938
v -0.032337 0.764000 -0.042143
v -0.029512 0.764000 -0.044168
v -0.026560 0.764000 -0.046003
v -0.023494 0.764000 -0.047642
v -0.020328 0.764000 -0.049076
v -0.017075 0.764000 -0.050301
v -0.013748 0.764000 -0.051310
v -0.010363 0.764000 -0.052099
v -0.006934 0.764000 -0.052666
v -0.003474 0.764000 -0.053006
v -0.000000 0.764000 -0.053120
v 0.003474 0.764000 -0.053006
v 0.006934 0.764000 -0.052666
v 0.010363 0.764000 -0.052099
v 0.013748 0.764000 -0.051310
v 0.017075 0.764000 -0.050301
v 0.020328 0.764000 -0.049076
v 0.023494 0.764000 -0.047642
v 0.026560 0.764000 -0.046003
v 0.029512 0.764000 -0.044168
v 0.032337 0.764000 -0.042143
v 0.035024 0.764000 -0.039938
v 0.037562 0.764000 -0.037562
v 0.039938 0.764000 -0.035024
v 0.042143 0.764000 -0.032337
v 0.044168 0.764000 -0.029512
v 0.046003 0.764000 -0.026560
v 0.047642 0.764000 -0.023494
v 0.049076 0.764000 -0.020328
v 0.050301 0.764000 -0.017075
v 0.051310 0.764000 -0.013748
v 0.052099 0.764000 -0.010363
v 0.052666 0.764000 -0.006934
v 0.053006 0.764000 -0.003474
v 0.056290 0.757450 0.000000
v 0.056169 0.757450 0.003682
v 0.055808 0.757450 0.007347
v 0.055208 0.757450 0.010982
v 0.054372 0.757450 0.014569
v 0.053303 0.757450 0.018094
v 0.052005 0.757450 0.021541
v 0.050485 0.757450 0.024896
v 0.048749 0.757450 0.028145
v 0.046803 0.757450 0.031273
v 0.044658 0.757450 0.034267
v 0.042321 0.757450 0.037115
v 0.039803 0.757450 0.039803
v 0.037115 0.757450 0.042321
v 0.034267 0.757450 0.044658
v 0.031273 0.757450 0.046803
v 0.028145 0.757450 0.048749
v 0.024896 0.757450 0.050485
v 0.021541 0.757450 0.052005
v 0.018094 0.757450 0.053303
v 0.014569 0.757450 0.054372
v 0.010982 0.757450 0.055208
v 0.007347 0.757450 0.055808
v 0.003682 0.757450 0.056169
v 0.000000 0.757450 0.056290
v -0.003682 0.757450 0.056169
v -0.007347 0.757450 0.055808
v -0.010982 0.757450 0.055208
v -0.014569 0.757450 0.054372
v -0.018094 0.757450 0.053303
v -0.021541 0.757450 0.052005
v -0.024896 0.757450 0.050485
v -0.028145 0.757450 0.048749
v -0.031273 0.757450 0.046803
v -0.034267 0.757450 0.044658
v -0.037115 0.757450 0.042321
v -0.039803 0.757450 0.039803
v -0.042321 0.757450 0.037115
v -0.044658 0.757450 0.034267
v -0.046803 0.757450 0.031273
v -0.048749 0.757450 0.028145
v -0.050485 0.757450 0.024896
v -0.052005 0.757450 0.021541
v -0.053303 0.757450 0.018094
v -0.054372 0.757450 0.014569
v -0.055208 0.757450 0.010982
v -0.055808 0.757450 0.007347
v -0.056169 0.757450 0.003682
v -0.056290 0.757450 0.000000
v -0.056169 0.757450 -0.003682
v -0.055808 0.757450 -0.007347
v -0.055208 0.757450 -0.010982
v -0.054372 0.757450 -0.014569
v -0.053303 0.757450 -0.018094
v -0.052005 0.757450 -0.021541
v -0.050485 0.757450 -0.024896
v -0.048749 0.757450 -0.028145
v -0.046803 0.757450 -0.031273
v -0.044658 0.757450 -0.034267
v -0.042321 0.757450 -0.037115
v -0.039803 0.757450 -0.039803
v -0.037115 0.757450 -0.042321
v -0.034267 0.757450 -0.044658
v -0.031273 0.757450 -0.046803
v -0.028145 0.757450 -0.048749
v -0.024896 0.757450 -0.050485
v -0.021541 0.757450 -0.052005
v -0.018094 0.757450 -0.053303
v -0.014569 0.757450 -0.054372
v -0.010982 0.757450 -0.055208
v -0.007347 0.757450 -0.055808
v -0.003682 0.757450 -0.056169
v -0.000000 0.757450 -0.056290
v 0.003682 0.757450 -0.056169
v 0.007347 0.757450 -0.055808
v 0.010982 0.757450 -0.055208
v 0.014569 0.757450 -0.054372
v 0.018094 0.757450 -0.053303
v 0.021541 0.757450 -0.052005
v 0.024896 0.757450 -0.050485
v 0.028145 0.757450 -0.048749
v 0.031273 0.757450 -0.046803
v 0.034267 0.757450 -0.044658
v 0.037115 0.757450 -0.042321
v 0.039803 0.757450 -0.039803
v 0.042321 0.757450 -0.037115
v 0.044658 0.757450 -0.034267
v 0.046803 0.757450 -0.031273
v 0.048749 0.757450 -0.028145
v 0.050485 0.757450 -0.024896
v 0.052005 0.757450 -0.021541
v 0.053303 0.757450 -0.018094
v 0.054372 0.757450 -0.014569
v 0.055208 0.757450 -0.010982
v 0.055808 0.757450 -0.007347
v 0.056169 0.757450 -0.003682
v 0.060000 0.750000 0.000000
v 0.059872 0.750000 0.003924
v 0.059487 0.750000 0.007832
v 0.058847 0.750000 0.011705
v 0.057956 0.750000 0.015529
v 0.056816 0.750000 0.019286
v 0.055433 0.750000 0.022961
v 0.053812 0.750000 0.026537
v 0.051962 0.750000 0.030000
v 0.049888 0.750000 0.033334
v 0.047601 0.750000 0.036526
v 0.045110 0.750000 0.039561
v 0.042426 0.750000 0.042426
v 0.039561 0.750000 0.045110
v 0.036526 0.750000 0.047601
v 0.033334 0.750000 0.049888
v 0.030000 0.750000 0.051962
v 0.026537 0.750000 0.053812
v 0.022961 0.750000 0.055433
v 0.019286 0.750000 0.056816
v 0.015529 0.750000 0.057956
v 0.011705 0.750000 0.058847
v 0.007832 0.750000 0.059487
v 0.003924 0.750000 0.059872
v 0.000000 0.750000 0.060000
v -0.003924 0.750000 0.059872
v -0.007832 0.750000 0.059487
v -0.011705 0.750000 0.058847
v -0.015529 0.750000 0.057956
v -0.019286 0.750000 0.056816
v -0.022961 0.750000 0.055433
v -0.026537 0.750000 0.053812
v -0.030000 0.750000 0.051962
v -0.033334 0.750000 0.049888
v -0.036526 0.750000 0.047601
v -0.039561 0.750000 0.045110
v -0.042426 0.750000 0.042426
v -0.045110 0.750000 0.039561
v -0.047601 0.750000 0.036526
v -0.049888 0.750000 0.033334
v -0.051962 0.750000 0.030000
v -0.053812 0.750000 0.026537
v -0.055433 0.750000 0.022961
v -0.056816 0.750000 0.019286
v -0.057956 0.750000 0.015529
v -0.058847 0.750000 0.011705
v -0.059487 0.750000 0.007832
v -0.059872 0.750000 0.003924
v -0.060000 0.750000 0.000000
v -0.059872 0.750000 -0.003924
v -0.059487 0.750000 -0.007832
v -0.058847 0.750000 -0.011705
v -0.057956 0.750000 -0.015529
v -0.056816 0.750000 -0.019286
v -0.055433 0.750000 -0.022961
v -0.053812 0.750000 -0.026537
v -0.051962 0.750000 -0.030000
v -0.049888 0.750000 -0.033334
v -0.047601 0.750000 -0.036526
v -0.045110 0.750000 -0.039561
v -0.042426 0.750000 -0.042426
v -0.039561 0.750000 -0.045110
v -0.036526 0.750000 -0.047601
v -0.033334 0.750000 -0.049888
v -0.030000 0.750000 -0.051962
v -0.026537 0.750000 -0.053812
v -0.022961 0.750000 -0.055433
v -0.019286 0.750000 -0.056816
v -0.015529 0.750000 -0.057956
v -0.011705 0.750000 -0.058847
v -0.007832 0.750000 -0.059487
v -0.003924 0.750000 -0.059872
v -0.000000 0.750000 -0.060000
v 0.003924 0.750000 -0.059872
v 0.007832 0.750000 -0.059487
v 0.011705 0.750000 -0.058847
v 0.015529 0.750000 -0.057956
v 0.019286 0.750000 -0.056816
v 0.022961 0.750000 -0.055433
v 0.026537 0.750000 -0.053812
v 0.030000 0.750000 -0.051962
v 0.033334 0.750000 -0.049888
v 0.036526 0.750000 -0.047601
v 0.039561 0.750000 -0.045110
v 0.042426 0.750000 -0.042426
v 0.045110 0.750000 -0.039561
v 0.047601 0.750000 -0.036526
v 0.049888 0.750000 -0.033334
v 0.051962 0.750000 -0.030000
v 0.053812 0.750000 -0.026537
v 0.055433 0.750000 -0.022961
v 0.056816 0.750000 -0.019286
v 0.057956 0.750000 -0.015529
v 0.058847 0.750000 -0.011705
v 0.059487 0.750000 -0.007832
v 0.059872 0.750000 -0.003924
v 0.064560 0.741900 0.000000
v 0.064422 0.741900 0.004222
v 0.064008 0.741900 0.008427
v 0.063319 0.741900 0.012595
v 0.062360 0.741900 0.016709
v 0.061134 0.741900 0.020752
v 0.059646 0.741900 0.024706
v 0.057902 0.741900 0.028554
v 0.055911 0.741900 0.032280
v 0.053680 0.741900 0.035868
v 0.051219 0.741900 0.039302
v 0.048539 0.741900 0.042567
v 0.045651 0.741900 0.045651
v 0.042567 0.741900 0.048539
v 0.039302 0.741900 0.051219
v 0.035868 0.741900 0.053680
v 0.032280 0.741900 0.055911
v 0.028554 0.741900 0.057902
v 0.024706 0.741900 0.059646
v 0.020752 0.741900 0.061134
v 0.016709 0.741900 0.062360
v 0.012595 0.741900 0.063319
v 0.008427 0.741900 0.064008
v 0.004222 0.741900 0.064422
v 0.000000 0.741900 0.064560
v -0.004222 0.741900 0.064422
v -0.008427 0.741900 0.064008
v -0.012595 0.741900 0.063319
v -0.016709 0.741900 0.062360
v -0.020752 0.741900 0.061134
v -0.024706 0.741900 0.059646
v -0.028554 0.741900 0.057902
v -0.032280 0.741900 0.055911
v -0.035868 0.741900 0.053680
v -0.039302 0.741900 0.051219
v -0.042567 0.741900 0.048539
v -0.045651 0.741900 0.045651
v -0.048539 0.741900 0.042567
v -0.051219 0.741900 0.039302
v -0.053680 0.741900 0.035868
v -0.055911 0.741900 0.032280
v -0.057902 0.741900 0.028554
v -0.059646 0.741900 0.024706
v -0.061134 0.741900 0.020752
v -0.062360 0.741900 0.016709
v -0.063319 0.741900 0.012595
v -0.064008 0.741900 0.008427
v -0.064422 0.741900 0.004222
v -0.064560 0.741900 0.000000
v -0.064422 0.741900 -0.004222
v -0.064008 0.741900 -0.008427
v -0.063319 0.741900 -0.012595
v -0.062360 0.741900 -0.016709
v -0.061134 0.741900 -0.020752
v -0.059646 0.741900 -0.024706
v -0.057902 0.741900 -0.028554
v -0.055911 0.741900 -0.032280
v -0.053680 0.741900 -0.035868
v -0.051219 0.741900 -0.039302
v -0.048539 0.741900 -0.042567
v -0.045651 0.741900 -0.045651
v -0.042567 0.741900 -0.048539
v -0.039302 0.741900 -0.051219
v -0.035868 0.741900 -0.053680
v -0.032280 0.741900 -0.055911
v -0.028554 0.741900 -0.057902
v -0.024706 0.741900 -0.059646
v -0.020752 0.741900 -0.061134
v -0.016709 0.741900 -0.062360
v -0.012595 0.741900 -0.063319
v -0.008427 0.741900 -0.064008
v -0.004222 0.741900 -0.064422
v -0.000000 0.741900 -0.064560
v 0.004222 0.741900 -0.064422
v 0.008427 0.741900 -0.064008
v 0.012595 0.741900 -0.063319
v 0.016709 0.741900 -0.062360
v 0.020752 0.741900 -0.061134
v 0.024706 0.741900 -0.059646
v 0.028554 0.741900 -0.057902
v 0.032280 0.741900 -0.055911
v 0.035868 0.741900 -0.053680
v 0.039302 0.741900 -0.051219
v 0.042567 0.741900 -0.048539
v 0.045651 0.741900 -0.045651
v 0.048539 0.741900 -0.042567
v 0.051219 0.741900 -0.039302
v 0.053680 0.741900 -0.035868
v 0.055911 0.741900 -0.032280
v 0.057902 0.741900 -0.028554
v 0.059646 0.741900 -0.024706
v 0.061134 0.741900 -0.020752
v 0.062360 0.741900 -0.016709
v 0.063319 0.741900 -0.012595
v 0.064008 0.741900 -0.008427
v 0.064422 0.741900 -0.004222
v 0.070080 0.733600 0.000000
v 0.069930 0.733600 0.004583
v 0.069480 0.733600 0.009147
v 0.068733 0.733600 0.013672
v 0.067692 0.733600 0.018138
v 0.066361 0.733600 0.022526
v 0.064745 0.733600 0.026818
v 0.062853 0.733600 0.030996
v 0.060691 0.733600 0.035040
v 0.058269 0.733600 0.038934
v 0.055598 0.733600 0.042662
v 0.052689 0.733600 0.046207
v 0.049554 0.733600 0.049554
v 0.046207 0.733600 0.052689
v 0.042662 0.733600 0.055598
v 0.038934 0.733600 0.058269
v 0.035040 0.733600 0.060691
v 0.030996 0.733600 0.062853
v 0.026818 0.733600 0.064745
v 0.022526 0.733600 0.066361
v 0.018138 0.733600 0.067692
v 0.013672 0.733600 0.068733
v 0.009147 0.733600 0.069480
v 0.004583 0.733600 0.069930
v 0.000000 0.733600 0.070080
v -0.004583 0.733600 0.069930
v -0.009147 0.733600 0.069480
v -0.013672 0.733600 0.068733
v -0.018138 0.733600 0.067692
v -0.022526 0.733600 0.066361
v -0.026818 0.733600 0.064745
v -0.030996 0.733600 0.062853
v -0.035040 0.733600 0.060691
v -0.038934 0.733600 0.058269
v -0.042662 0.733600 0.055598
v -0.046207 0.733600 0.052689
v -0.049554 0.733600 0.049554
v -0.052689 0.733600 0.046207
v -0.055598 0.733600 0.042662
v -0.058269 0.733600 0.038934
v -0.060691 0.733600 0.035040
v -0.062853 0.733600 0.030996
v -0.064745 0.733600 0.026818
v -0.066361 0.733600 0.022526
v -0.067692 0.733600 0.018138
v -0.068733 0.733600 0.013672
v -0.069480 0.733600 0.009147
v -0.069930 0.733600 0.004583
v -0.070080 0.733600 0.000000
v -0.069930 0.733600 -0.004583
v -0.069480 0.733600 -0.009147
v -0.068733 0.733600 -0.013672
v -0.067692 0.733600 -0.018138
v -0.066361 0.733600 -0.022526
v -0.064745 0.733600 -0.026818
v -0.062853 0.733600 -0.030996
v -0.060691 0.733600 -0.035040
v -0.058269 0.733600 -0.038934
v -0.055598 0.733600 -0.042662
v -0.052689 0.733600 -0.046207
v -0.049554 0.733600 -0.049554
v -0.046207 0.733600 -0.052689
v -0.042662 0.733600 -0.055598
v -0.038934 0.733600 -0.058269
v -0.035040 0.733600 -0.060691
v -0.030996 0.733600 -0.062853
v -0.026818 0.733600 -0.064745
v -0.022526 0.733600 -0.066361
v -0.018138 0.733600 -0.067692
v -0.013672 0.733600 -0.068733
v -0.009147 0.733600 -0.069480
v -0.004583 0.733600 -0.069930
v -0.000000 0.733600 -0.070080
v 0.004583 0.733600 -0.069930
v 0.009147 0.733600 -0.069480
v 0.013672 0.733600 -0.068733
v 0.018138 0.733600 -0.067692
v 0.022526 0.733600 -0.066361
v 0.026818 0.733600 -0.064745
v 0.030996 0.733600 -0.062853
v 0.035040 0.733600 -0.060691
v 0.038934 0.733600 -0.058269
v 0.042662 0.733600 -0.055598
v 0.046207 0.733600 -0.052689
v 0.049554 0.733600 -0.049554
v 0.052689 0.733600 -0.046207
v 0.055598 0.733600 -0.042662
v 0.058269 0.733600 -0.038934
v 0.060691 0.733600 -0.035040
v 0.062853 0.733600 -0.030996
v 0.064745 0.733600 -0.026818
v 0.066361 0.733600 -0.022526
v 0.067692 0.733600 -0.018138
v 0.068733 0.733600 -0.013672
v 0.069480 0.733600 -0.009147
v 0.069930 0.733600 -0.004583
v 0.076320 0.725100 0.000000
v 0.076157 0.725100 0.004992
v 0.075667 0.725100 0.009962
v 0.074854 0.725100 0.014889
v 0.073719 0.725100 0.019753
v 0.072270 0.725100 0.024532
v 0.070510 0.725100 0.029206
v 0.068449 0.725100 0.033755
v 0.066095 0.725100 0.038160
v 0.063458 0.725100 0.042401
v 0.060549 0.725100 0.046461
v 0.057380 0.725100 0.050321
v 0.053966 0.725100 0.053966
v 0.050321 0.725100 0.057380
v 0.046461 0.725100 0.060549
v 0.042401 0.725100 0.063458
v 0.038160 0.725100 0.066095
v 0.033755 0.725100 0.068449
v 0.029206 0.725100 0.070510
v 0.024532 0.725100 0.072270
v 0.019753 0.725100 0.073719
v 0.014889 0.725100 0.074854
v 0.009962 0.725100 0.075667
v 0.004992 0.725100 0.076157
v 0.000000 0.725100 0.076320
v -0.004992 0.725100 0.076157
v -0.009962 0.725100 0.075667
v -0.014889 0.725100 0.074854
v -0.019753 0.725100 0.073719
v -0.024532 0.725100 0.072270
v -0.029206 0.725100 0.070510
v -0.033755 0.725100 0.068449
v -0.038160 0.725100 0.066095
v -0.042401 0.725100 0.063458
v -0.046461 0.725100 0.060549
v -0.050321 0.725100 0.057380
v -0.053966 0.725100 0.053966
v -0.057380 0.725100 0.050321
v -0.060549 0.725100 0.046461
v -0.063458 0.725100 0.042401
v -0.066095 0.725100 0.038160
v -0.068449 0.725100 0.033755
v -0.070510 0.725100 0.029206
v -0.072270 0.725100 0.024532
v -0.073719 0.725100 0.019753
v -0.074854 0.725100 0.014889
v -0.075667 0.725100 0.009962
v -0.076157 0.725100 0.004992
v -0.076320 0.725100 0.000000
v -0.076157 0.725100 -0.004992
v -0.075667 0.725100 -0.009962
v -0.074854 0.725100 -0.014889
v -0.073719 0.725100 -0.019753
v -0.072270 0.725100 -0.024532
v -0.070510 0.725100 -0.029206
v -0.068449 0.725100 -0.033755
v -0.066095 0.725100 -0.038160
v -0.063458 0.725100 -0.042401
v -0.060549 0.725100 -0.046461
v -0.057380 0.725100 -0.050321
v -0.053966 0.725100 -0.053966
v -0.050321 0.725100 -0.057380
v -0.046461 0.725100 -0.060549
v -0.042401 0.725100 -0.063458
v -0.038160 0.725100 -0.066095
v -0.033755 0.725100 -0.068449
v -0.029206 0.725100 -0.070510
v -0.024532 0.725100 -0.072270
v -0.019753 0.725100 -0.073719
v -0.014889 0.725100 -0.074854
v -0.009962 0.725100 -0.075667
v -0.004992 0.725100 -0.076157
v -0.000000 0.725100 -0.076320
v 0.004992 0.725100 -0.076157
v 0.009962 0.725100 -0.075667
v 0.014889 0.725100 -0.074854
v 0.019753 0.725100 -0.073719
v 0.024532 0.725100 -0.072270
v 0.029206 0.725100 -0.070510
v 0.033755 0.725100 -0.068449
v 0.038160 0.725100 -0.066095
v 0.042401 0.725100 -0.063458
v 0.046461 0.725100 -0.060549
v 0.050321 0.725100 -0.057380
v 0.053966 0.725100 -0.053966
v 0.057380 0.725100 -0.050321
v 0.060549 0.725100 -0.046461
v 0.063458 0.725100 -0.042401
v 0.066095 0.725100 -0.038160
v 0.068449 0.725100 -0.033755
v 0.070510 0.725100 -0.029206
v 0.072270 0.725100 -0.024532
v 0.073719 0.725100 -0.019753
v 0.074854 0.725100 -0.014889
v 0.075667 0.725100 -0.009962
v 0.076157 0.725100 -0.004992
v 0.083040 0.716400 0.000000
v 0.082862 0.716400 0.005431
v 0.082330 0.716400 0.010839
v 0.081444 0.716400 0.016200
v 0.080210 0.716400 0.021492
v 0.078633 0.716400 0.026692
v 0.076719 0.716400 0.031778
v 0.074476 0.716400 0.036728
v 0.071915 0.716400 0.041520
v 0.069045 0.716400 0.046135
v 0.065880 0.716400 0.050552
v 0.062433 0.716400 0.054752
v 0.058718 0.716400 0.058718
v 0.054752 0.716400 0.062433
v 0.050552 0.716400 0.065880
v 0.046135 0.716400 0.069045
v 0.041520 0.716400 0.071915
v 0.036728 0.716400 0.074476
v 0.031778 0.716400 0.076719
v 0.026692 0.716400 0.078633
v 0.021492 0.716400 0.080210
v 0.016200 0.716400 0.081444
v 0.010839 0.716400 0.082330
v 0.005431 0.716400 0.082862
v 0.000000 0.716400 0.083040
v -0.005431 0.716400 0.082862
v -0.010839 0.716400 0.082330
v -0.016200 0.716400 0.081444
v -0.021492 0.716400 0.080210
v -0.026692 0.716400 0.078633
v -0.031778 0.716400 0.076719
v -0.036728 0.716400 0.074476
v -0.041520 0.716400 0.071915
v -0.046135 0.716400 0.069045
v -0.050552 0.716400 0.065880
v -0.054752 0.716400 0.062433
v -0.058718 0.716400 0.058718
v -0.062433 0.716400 0.054752
v -0.065880 0.716400 0.050552
v -0.069045 0.716400 0.046135
v -0.071915 0.716400 0.041520
v -0.074476 0.716400 0.036728
v -0.076719 0.716400 0.031778
v -0.078633 0.716400 0.026692
v -0.080210 0.716400 0.021492
v -0.081444 0.716400 0.016200
v -0.082330 0.716400 0.010839
v -0.082862 0.716400 0.005431
v -0.083040 0.716400 0.000000
v -0.082862 0.716400 -0.005431
v -0.082330 0.716400 -0.010839
v -0.081444 0.716400 -0.016200
v -0.080210 0.716400 -0.021492
v -0.078633 0.716400 -0.026692
v -0.076719 0.716400 -0.031778
v -0.074476 0.716400 -0.036728
v -0.071915 0.716400 -0.041520
v -0.069045 0.716400 -0.046135
v -0.065880 0.716400 -0.050552
v -0.062433 0.716400 -0.054752
v -0.058718 0.716400 -0.058718
v -0.054752 0.716400 -0.062433
v -0.050552 0.716400 -0.065880
v -0.046135 0.716400 -0.069045
v -0.041520 0.716400 -0.071915
v -0.036728 0.716400 -0.074476
v -0.031778 0.716400 -0.076719
v -0.026692 0.716400 -0.078633
v -0.021492 0.716400 -0.080210
v -0.016200 0.716400 -0.081444
v -0.010839 0.716400 -0.082330
v -0.005431 0.716400 -0.082862
v -0.000000 0.716400 -0.083040
v 0.005431 0.716400 -0.082862
v 0.010839 0.716400 -0.082330
v 0.016200 0.716400 -0.081444
v 0.021492 0.716400 -0.080210
v 0.026692 0.716400 -0.078633
v 0.031778 0.716400 -0.076719
v 0.036728 0.716400 -0.074476
v 0.041520 0.716400 -0.071915
v 0.046135 0.716400 -0.069045
v 0.050552 0.716400 -0.065880
v 0.054752 0.716400 -0.062433
v 0.058718 0.716400 -0.058718
v 0.062433 0.716400 -0.054752
v 0.065880 0.716400 -0.050552
v 0.069045 0.716400 -0.046135
v 0.071915 0.716400 -0.041520
v 0.074476 0.716400 -0.036728
v 0.076719 0.716400 -0.031778
v 0.078633 0.716400 -0.026692
v 0.080210 0.716400 -0.021492
v 0.081444 0.716400 -0.016200
v 0.082330 0.716400 -0.010839
v 0.082862 0.716400 -0.005431
v 0.090000 0.707500 0.000000
v 0.089807 0.707500 0.005886
v 0.089230 0.707500 0.011747
v 0.088271 0.707500 0.017558
v 0.086933 0.707500 0.023294
v 0.085224 0.707500 0.028930
v 0.083149 0.707500 0.034442
v 0.080719 0.707500 0.039806
v 0.077942 0.707500 0.045000
v 0.074832 0.707500 0.050001
v 0.071402 0.707500 0.054789
v 0.067666 0.707500 0.059341
v 0.063640 0.707500 0.063640
v 0.059341 0.707500 0.067666
v 0.054789 0.707500 0.071402
v 0.050001 0.707500 0.074832
v 0.045000 0.707500 0.077942
v 0.039806 0.707500 0.080719
v 0.034442 0.707500 0.083149
v 0.028930 0.707500 0.085224
v 0.023294 0.707500 0.086933
v 0.017558 0.707500 0.088271
v 0.011747 0.707500 0.089230
v 0.005886 0.707500 0.089807
v 0.000000 0.707500 0.090000
v -0.005886 0.707500 0.089807
v -0.011747 0.707500 0.089230
v -0.017558 0.707500 0.088271
v -0.023294 0.707500 0.086933
v -0.028930 0.707500 0.085224
v -0.034442 0.707500 0.083149
v -0.039806 0.707500 0.080719
v -0.045000 0.707500 0.077942
v -0.050001 0.707500 0.074832
v -0.054789 0.707500 0.071402
v -0.059341 0.707500 0.067666
v -0.063640 0.707500 0.063640
v -0.067666 0.707500 0.059341
v -0.071402 0.707500 0.054789
v -0.074832 0.707500 0.050001
v -0.077942 0.707500 0.045000
v -0.080719 0.707500 0.039806
v -0.083149 0.707500 0.034442
v -0.085224 0.707500 0.028930
v -0.086933 0.707500 0.023294
v -0.088271 0.707500 0.017558
v -0.089230 0.707500 0.011747
v -0.089807 0.707500 0.005886
v -0.090000 0.707500 0.000000
v -0.089807 0.707500 -0.005886
v -0.089230 0.707500 -0.011747
v -0.088271 0.707500 -0.017558
v -0.086933 0.707500 -0.023294
v -0.085224 0.707500 -0.028930
v -0.083149 0.707500 -0.034442
v -0.080719 0.707500 -0.039806
v -0.077942 0.707500 -0.045000
v -0.074832 0.707500 -0.050001
v -0.071402 0.707500 -0.054789
v -0.067666 0.707500 -0.059341
v -0.063640 0.707500 -0.063640
v -0.059341 0.707500 -0.067666
v -0.054789 0.707500 -0.071402
v -0.050001 0.707500 -0.074832
v -0.045000 0.707500 -0.077942
v -0.039806 0.707500 -0.080719
v -0.034442 0.707500 -0.083149
v -0.028930 0.707500 -0.085224
v -0.023294 0.707500 -0.086933
v -0.017558 0.707500 -0.088271
v -0.011747 0.707500 -0.089230
v -0.005886 0.707500 -0.089807
v -0.000000 0.707500 -0.090000
v 0.005886 0.707500 -0.089807
v 0.011747 0.707500 -0.089230
v 0.017558 0.707500 -0.088271
v 0.023294 0.707500 -0.086933
v 0.028930 0.707500 -0.085224
v 0.034442 0.707500 -0.083149
v 0.039806 0.707500 -0.080719
v 0.045000 0.707500 -0.077942
v 0.050001 0.707500 -0.074832
v 0.054789 0.707500 -0.071402
v 0.059341 0.707500 -0.067666
v 0.063640 0.707500 -0.063640
v 0.067666 0.707500 -0.059341
v 0.071402 0.707500 -0.054789
v 0.074832 0.707500 -0.050001
v 0.077942 0.707500 -0.045000
v 0.080719 0.707500 -0.039806
v 0.083149 0.707500 -0.034442
v 0.085224 0.707500 -0.028930
v 0.086933 0.707500 -0.023294
v 0.088271 0.707500 -0.017558
v 0.089230 0.707500 -0.011747
v 0.089807 0.707500 -0.005886
v 0.096960 0.698400 0.000000
v 0.096752 0.698400 0.006341
v 0.096130 0.698400 0.012656
v 0.095097 0.698400 0.018916
v 0.093656 0.698400 0.025095
v 0.091814 0.698400 0.031167
v 0.089579 0.698400 0.037105
v 0.086961 0.698400 0.042884
v 0.083970 0.698400 0.048480
v 0.080619 0.698400 0.053868
v 0.076924 0.698400 0.059026
v 0.072898 0.698400 0.063930
v 0.068561 0.698400 0.068561
v 0.063930 0.698400 0.072898
v 0.059026 0.698400 0.076924
v 0.053868 0.698400 0.080619
v 0.048480 0.698400 0.083970
v 0.042884 0.698400 0.086961
v 0.037105 0.698400 0.089579
v 0.031167 0.698400 0.091814
v 0.025095 0.698400 0.093656
v 0.018916 0.698400 0.095097
v 0.012656 0.698400 0.096130
v 0.006341 0.698400 0.096752
v 0.000000 0.698400 0.096960
v -0.006341 0.698400 0.096752
v -0.012656 0.698400 0.096130
v -0.018916 0.698400 0.095097
v -0.025095 0.698400 0.093656
v -0.031167 0.698400 0.091814
v -0.037105 0.698400 0.089579
v -0.042884 0.698400 0.086961
v -0.048480 0.698400 0.083970
v -0.053868 0.698400 0.080619
v -0.059026 0.698400 0.076924
v -0.063930 0.698400 0.072898
v -0.068561 0.698400 0.068561
v -0.072898 0.698400 0.063930
v -0.076924 0.698400 0.059026
v -0.080619 0.698400 0.053868
v -0.083970 0.698400 0.048480
v -0.086961 0.698400 0.042884
v -0.089579 0.698400 0.037105
v -0.091814 0.698400 0.031167
v -0.093656 0.698400 0.025095
v -0.095097 0.698400 0.018916
v -0.096130 0.698400 0.012656
v -0.096752 0.698400 0.006341
v -0.096960 0.698400 0.000000
v -0.096752 0.698400 -0.006341
v -0.096130 0.698400 -0.012656
v -0.095097 0.698400 -0.018916
v -0.093656 0.698400 -0.025095
v -0.091814 0.698400 -0.031167
v -0.089579 0.698400 -0.037105
v -0.086961 0.698400 -0.042884
v -0.083970 0.698400 -0.048480
v -0.080619 0.698400 -0.053868
v -0.076924 0.698400 -0.059026
v -0.072898 0.698400 -0.063930
v -0.068561 0.698400 -0.068561
v -0.063930 0.698400 -0.072898
v -0.059026 0.698400 -0.076924
v -0.053868 0.698400 -0.080619
v -0.048480 0.698400 -0.083970
v -0.042884 0.698400 -0.086961
v -0.037105 0.698400 -0.089579
v -0.031167 0.698400 -0.091814
v -0.025095 0.698400 -0.093656
v -0.018916 0.698400 -0.095097
v -0.012656 0.698400 -0.096130
v -0.006341 0.698400 -0.096752
v -0.000000 0.698400 -0.096960
v 0.006341 0.698400 -0.096752
v 0.012656 0.698400 -0.096130
v 0.018916 0.698400 -0.095097
v 0.025095 0.698400 -0.093656
v 0.031167 0.698400 -0.091814
v 0.037105 0.698400 -0.089579
v 0.042884 0.698400 -0.086961
v 0.048480 0.698400 -0.083970
v 0.053868 0.698400 -0.080619
v 0.059026 0.698400 -0.076924
v 0.063930 0.698400 -0.072898
v 0.068561 0.698400 -0.068561
v 0.072898 0.698400 -0.063930
v 0.076924 0.698400 -0.059026
v 0.080619 0.698400 -0.053868
v 0.083970 0.698400 -0.048480
v 0.086961 0.698400 -0.042884
v 0.089579 0.698400 -0.037105
v 0.091814 0.698400 -0.031167
v 0.093656 0.698400 -0.025095
v 0.095097 0.698400 -0.018916
v 0.096130 0.698400 -0.012656
v 0.096752 0.698400 -0.006341
v 0.103680 0.689100 0.000000
v 0.103458 0.689100 0.006781
v 0.102793 0.689100 0.013533
v 0.101688 0.689100 0.020227
v 0.100147 0.689100 0.026834
v 0.098178 0.689100 0.033327
v 0.095788 0.689100 0.039677
v 0.092988 0.689100 0.045856
v 0.089790 0.689100 0.051840
v 0.086207 0.689100 0.057602
v 0.082255 0.689100 0.063116
v 0.077951 0.689100 0.068361
v 0.073313 0.689100 0.073313
v 0.068361 0.689100 0.077951
v 0.063116 0.689100 0.082255
v 0.057602 0.689100 0.086207
v 0.051840 0.689100 0.089790
v 0.045856 0.689100 0.092988
v 0.039677 0.689100 0.095788
v 0.033327 0.689100 0.098178
v 0.026834 0.689100 0.100147
v 0.020227 0.689100 0.101688
v 0.013533 0.689100 0.102793
v 0.006781 0.689100 0.103458
v 0.000000 0.689100 0.103680
v -0.006781 0.689100 0.103458
v -0.013533 0.689100 0.102793
v -0.020227 0.689100 0.101688
v -0.026834 0.689100 0.100147
v -0.033327 0.689100 0.098178
v -0.039677 0.689100 0.095788
v -0.045856 0.689100 0.092988
v -0.051840 0.689100 0.089790
v -0.057602 0.689100 0.086207
v -0.063116 0.689100 0.082255
v -0.068361 0.689100 0.077951
v -0.073313 0.689100 0.073313
v -0.077951 0.689100 0.068361
v -0.082255 0.689100 0.063116
v -0.086207 0.689100 0.057602
v -0.089790 0.689100 0.051840
v -0.092988 0.689100 0.045856
v -0.095788 0.689100 0.039677
v -0.098178 0.689100 0.033327
v -0.100147 0.689100 0.026834
v -0.101688 0.689100 0.020227
v -0.102793 0.689100 0.013533
v -0.103458 0.689100 0.006781
v -0.103680 0.689100 0.000000
v -0.103458 0.689100 -0.006781
v -0.102793 0.689100 -0.013533
v -0.101688 0.689100 -0.020227
v -0.100147 0.689100 -0.026834
v -0.098178 0.689100 -0.033327
v -0.095788 0.689100 -0.039677
v -0.092988 0.689100 -0.045856
v -0.089790 0.689100 -0.051840
v -0.086207 0.689100 -0.057602
v -0.082255 0.689100 -0.063116
v -0.077951 0.689100 -0.068361
v -0.073313 0.689100 -0.073313
v -0.068361 0.689100 -0.077951
v -0.063116 0.689100 -0.082255
v -0.057602 0.689100 -0.086207
v -0.051840 0.689100 -0.089790
v -0.045856 0.689100 -0.092988
v -0.039677 0.689100 -0.095788
v -0.033327 0.689100 -0.098178
v -0.026834 0.689100 -0.100147
v -0.020227 0.689100 -0.101688
v -0.013533 0.689100 -0.102793
v -0.006781 0.689100 -0.103458
v -0.000000 0.689100 -0.103680
v 0.006781 0.689100 -0.103458
v 0.013533 0.689100 -0.102793
v 0.020227 0.689100 -0.101688
v 0.026834 0.689100 -0.100147
v 0.033327 0.689100 -0.098178
v 0.039677 0.689100 -0.095788
v 0.045856 0.689100 -0.092988
v 0.051840 0.689100 -0.089790
v 0.057602 0.689100 -0.086207
v 0.063116 0.689100 -0.082255
v 0.068361 0.689100 -0.077951
v 0.073313 0.689100 -0.073313
v 0.077951 0.689100 -0.068361
v 0.082255 0.689100 -0.063116
v 0.086207 0.689100 -0.057602
v 0.089790 0.689100 -0.051840
v 0.092988 0.689100 -0.045856
v 0.095788 0.689100 -0.039677
v 0.098178 0.689100 -0.033327
v 0.100147 0.689100 -0.026834
v 0.101688 0.689100 -0.020227
v 0.102793 0.689100 -0.013533
v 0.103458 0.689100 -0.006781
v 0.109920 0.679600 0.000000
v 0.109685 0.679600 0.007189
v 0.108980 0.679600 0.014347
v 0.107808 0.679600 0.021444
v 0.106175 0.679600 0.028449
v 0.104087 0.679600 0.035333
v 0.101553 0.679600 0.042065
v 0.098584 0.679600 0.048616
v 0.095194 0.679600 0.054960
v 0.091395 0.679600 0.061068
v 0.087205 0.679600 0.066915
v 0.082642 0.679600 0.072475
v 0.077725 0.679600 0.077725
v 0.072475 0.679600 0.082642
v 0.066915 0.679600 0.087205
v 0.061068 0.679600 0.091395
v 0.054960 0.679600 0.095194
v 0.048616 0.679600 0.098584
v 0.042065 0.679600 0.101553
v 0.035333 0.679600 0.104087
v 0.028449 0.679600 0.106175
v 0.021444 0.679600 0.107808
v 0.014347 0.679600 0.108980
v 0.007189 0.679600 0.109685
v 0.000000 0.679600 0.109920
v -0.007189 0.679600 0.109685
v -0.014347 0.679600 0.108980
v -0.021444 0.679600 0.107808
v -0.028449 0.679600 0.106175
v -0.035333 0.679600 0.104087
v -0.042065 0.679600 0.101553
v -0.048616 0.679600 0.098584
v -0.054960 0.679600 0.095194
v -0.061068 0.679600 0.091395
v -0.066915 0.679600 0.087205
v -0.072475 0.679600 0.082642
v -0.077725 0.679600 0.077725
v -0.082642 0.679600 0.072475
v -0.087205 0.679600 0.066915
v -0.091395 0.679600 0.061068
v -0.095194 0.679600 0.054960
v -0.098584 0.679600 0.048616
v -0.101553 0.679600 0.042065
v -0.104087 0.679600 0.035333
v -0.106175 0.679600 0.028449
v -0.107808 0.679600 0.021444
v -0.108980 0.679600 0.014347
v -0.109685 0.679600 0.007189
v -0.109920 0.679600 0.000000
v -0.109685 0.679600 -0.007189
v -0.108980 0.679600 -0.014347
v -0.107808 0.679600 -0.021444
v -0.106175 0.679600 -0.028449
v -0.104087 0.679600 -0.035333
v -0.101553 0.679600 -0.042065
v -0.098584 0.679600 -0.048616
v -0.095194 0.679600 -0.054960
v -0.091395 0.679600 -0.061068
v -0.087205 0.679600 -0.066915
v -0.082642 0.679600 -0.072475
v -0.077725 0.679600 -0.077725
v -0.072475 0.679600 -0.082642
v -0.066915 0.679600 -0.087205
v -0.061068 0.679600 -0.091395
v -0.054960 0.679600 -0.095194
v -0.048616 0.679600 -0.098584
v -0.042065 0.679600 -0.101553
v -0.035333 0.679600 -0.104087
v -0.028449 0.679600 -0.106175
v -0.021444 0.679600 -0.107808
v -0.014347 0.679600 -0.108980
v -0.007189 0.679600 -0.109685
v -0.000000 0.679600 -0.109920
v 0.007189 0.679600 -0.109685
v 0.014347 0.679600 -0.108980
v 0.021444 0.679600 -0.107808
v 0.028449 0.679600 -0.106175
v 0.035333 0.679600 -0.104087
v 0.042065 0.679600 -0.101553
v 0.048616 0.679600 -0.098584
v 0.054960 0.679600 -0.095194
v 0.061068 0.679600 -0.091395
v 0.066915 0.679600 -0.087205
v 0.072475 0.679600 -0.082642
v 0.077725 0.679600 -0.077725
v 0.082642 0.679600 -0.072475
v 0.087205 0.679600 -0.066915
v 0.091395 0.679600 -0.061068
v 0.095194 0.679600 -0.054960
v 0.098584 0.679600 -0.048616
v 0.101553 0.679600 -0.042065
v 0.104087 0.679600 -0.035333
v 0.106175 0.679600 -0.028449
v 0.107808 0.679600 -0.021444
v 0.108980 0.679600 -0.014347
v 0.109685 0.679600 -0.007189
v 0.115440 0.669900 0.000000
v 0.115193 0.669900 0.007550
v 0.114452 0.669900 0.015068
v 0.113222 0.669900 0.022521
v 0.111506 0.669900 0.029878
v 0.109314 0.669900 0.037107
v 0.106653 0.669900 0.044177
v 0.103535 0.669900 0.051058
v 0.099974 0.669900 0.057720
v 0.095985 0.669900 0.064135
v 0.091585 0.669900 0.070275
v 0.086792 0.669900 0.076115
v 0.081628 0.669900 0.081628
v 0.076115 0.669900 0.086792
v 0.070275 0.669900 0.091585
v 0.064135 0.669900 0.095985
v 0.057720 0.669900 0.099974
v 0.051058 0.669900 0.103535
v 0.044177 0.669900 0.106653
v 0.037107 0.669900 0.109314
v 0.029878 0.669900 0.111506
v 0.022521 0.669900 0.113222
v 0.015068 0.669900 0.114452
v 0.007550 0.669900 0.115193
v 0.000000 0.669900 0.115440
v -0.007550 0.669900 0.115193
v -0.015068 0.669900 0.114452
v -0.022521 0.669900 0.113222
v -0.029878 0.669900 0.111506
v -0.037107 0.669900 0.109314
v -0.044177 0.669900 0.106653
v -0.051058 0.669900 0.103535
v -0.057720 0.669900 0.099974
v -0.064135 0.669900 0.095985
v -0.070275 0.669900 0.091585
v -0.076115 0.669900 0.086792
v -0.081628 0.669900 0.081628
v -0.086792 0.669900 0.076115
v -0.091585 0.669900 0.070275
v -0.095985 0.669900 0.064135
v -0.099974 0.669900 0.057720
v -0.103535 0.669900 0.051058
v -0.106653 0.669900 0.044177
v -0.109314 0.669900 0.037107
v -0.111506 0.669900 0.029878
v -0.113222 0.669900 0.022521
v -0.114452 0.669900 0.015068
v -0.115193 0.669900 0.007550
v -0.115440 0.669900 0.000000
v -0.115193 0.669900 -0.007550
v -0.114452 0.669900 -0.015068
v -0.113222 0.669900 -0.022521
v -0.111506 0.669900 -0.029878
v -0.109314 0.669900 -0.037107
v -0.106653 0.669900 -0.044177
v -0.103535 0.669900 -0.051058
v -0.099974 0.669900 -0.057720
v -0.095985 0.669900 -0.064135
v -0.091585 0.669900 -0.070275
v -0.086792 0.669900 -0.076115
v -0.081628 0.669900 -0.081628
v -0.076115 0.669900 -0.086792
v -0.070275 0.669900 -0.091585
v -0.064135 0.669900 -0.095985
v -0.057720 0.669900 -0.099974
v -0.051058 0.669900 -0.103535
v -0.044177 0.669900 -0.106653
v -0.037107 0.669900 -0.109314
v -0.029878 0.669900 -0.111506
v -0.022521 0.669900 -0.113222
v -0.015068 0.669900 -0.114452
v -0.007550 0.669900 -0.115193
v -0.000000 0.669900 -0.115440
v 0.007550 0.669900 -0.115193
v 0.015068 0.669900 -0.114452
v 0.022521 0.669900 -0.113222
v 0.029878 0.669900 -0.111506
v 0.037107 0.669900 -0.109314
v 0.044177 0.669900 -0.106653
v 0.051058 0.669900 -0.103535
v 0.057720 0.669900 -0.099974
v 0.064135 0.669900 -0.095985
v 0.070275 0.669900 -0.091585
v 0.076115 0.669900 -0.086792
v 0.081628 0.669900 -0.081628
v 0.086792 0.669900 -0.076115
v 0.091585 0.669900 -0.070275
v 0.095985 0.669900 -0.064135
v 0.099974 0.669900 -0.057720
v 0.103535 0.669900 -0.051058
v 0.106653 0.669900 -0.044177
v 0.109314 0.669900 -0.037107
v 0.111506 0.669900 -0.029878
v 0.113222 0.669900 -0.022521
v 0.114452 0.669900 -0.015068
v 0.115193 0.669900 -0.007550
v 0.120000 0.660000 0.000000
v 0.119743 0.660000 0.007848
v 0.118973 0.660000 0.015663
v 0.117694 0.660000 0.023411
v 0.115911 0.660000 0.031058
v 0.113632 0.660000 0.038573
v 0.110866 0.660000 0.045922
v 0.107625 0.660000 0.053075
v 0.103923 0.660000 0.060000
v 0.099776 0.660000 0.066668
v 0.095202 0.660000 0.073051
v 0.090221 0.660000 0.079121
v 0.084853 0.660000 0.084853
v 0.079121 0.660000 0.090221
v 0.073051 0.660000 0.095202
v 0.066668 0.660000 0.099776
v 0.060000 0.660000 0.103923
v 0.053075 0.660000 0.107625
v 0.045922 0.660000 0.110866
v 0.038573 0.660000 0.113632
v 0.031058 0.660000 0.115911
v 0.023411 0.660000 0.117694
v 0.015663 0.660000 0.118973
v 0.007848 0.660000 0.119743
v 0.000000 0.660000 0.120000
v -0.007848 0.660000 0.119743
v -0.015663 0.660000 0.118973
v -0.023411 0.660000 0.117694
v -0.031058 0.660000 0.115911
v -0.038573 0.660000 0.113632
v -0.045922 0.660000 0.110866
v -0.053075 0.660000 0.107625
v -0.060000 0.660000 0.103923
v -0.066668 0.660000 0.099776
v -0.073051 0.660000 0.095202
v -0.079121 0.660000 0.090221
v -0.084853 0.660000 0.084853
v -0.090221 0.660000 0.079121
v -0.095202 0.660000 0.073051
v -0.099776 0.660000 0.066668
v -0.103923 0.660000 0.060000
v -0.107625 0.660000 0.053075
v -0.110866 0.660000 0.045922
v -0.113632 0.660000 0.038573
v -0.115911 0.660000 0.031058
v -0.117694 0.660000 0.023411
v -0.118973 0.660000 0.015663
v -0.119743 0.660000 0.007848
v -0.120000 0.660000 0.000000
v -0.119743 0.660000 -0.007848
v -0.118973 0.660000 -0.015663
v -0.117694 0.660000 -0.023411
v -0.115911 0.660000 -0.031058
v -0.113632 0.660000 -0.038573
v -0.110866 0.660000 -0.045922
v -0.107625 0.660000 -0.053075
v -0.103923 0.660000 -0.060000
v -0.099776 0.660000 -0.066668
v -0.095202 0.660000 -0.073051
v -0.090221 0.660000 -0.079121
v -0.084853 0.660000 -0.084853
v -0.079121 0.660000 -0.090221
v -0.073051 0.660000 -0.095202
v -0.066668 0.660000 -0.099776
v -0.060000 0.660000 -0.103923
v -0.053075 0.660000 -0.107625
v -0.045922 0.660000 -0.110866
v -0.038573 0.660000 -0.113632
v -0.031058 0.660000 -0.115911
v -0.023411 0.660000 -0.117694
v -0.015663 0.660000 -0.118973
v -0.007848 0.660000 -0.119743
v -0.000000 0.660000 -0.120000
v 0.007848 0.660000 -0.119743
v 0.015663 0.660000 -0.118973
v 0.023411 0.660000 -0.117694
v 0.031058 0.660000 -0.115911
v 0.038573 0.660000 -0.113632
v 0.045922 0.660000 -0.110866
v 0.053075 0.660000 -0.107625
v 0.060000 0.660000 -0.103923
v 0.066668 0.660000 -0.099776
v 0.073051 0.660000 -0.095202
v 0.079121 0.660000 -0.090221
v 0.084853 0.660000 -0.084853
v 0.090221 0.660000 -0.079121
v 0.095202 0.660000 -0.073051
v 0.099776 0.660000 -0.066668
v 0.103923 0.660000 -0.060000
v 0.107625 0.660000 -0.053075
v 0.110866 0.660000 -0.045922
v 0.113632 0.660000 -0.038573
v 0.115911 0.660000 -0.031058
v 0.117694 0.660000 -0.023411
v 0.118973 0.660000 -0.015663
v 0.119743 0.660000 -0.007848
v 0.123710 0.651520 0.000000
v 0.123445 0.651520 0.008091
v 0.122652 0.651520 0.016147
v 0.121333 0.651520 0.024135
v 0.119495 0.651520 0.032019
v 0.117145 0.651520 0.039765
v 0.114293 0.651520 0.047342
v 0.110952 0.651520 0.054716
v 0.107136 0.651520 0.061855
v 0.102861 0.651520 0.068730
v 0.098146 0.651520 0.075310
v 0.093010 0.651520 0.081568
v 0.087476 0.651520 0.087476
v 0.081568 0.651520 0.093010
v 0.075310 0.651520 0.098146
v 0.068730 0.651520 0.102861
v 0.061855 0.651520 0.107136
v 0.054716 0.651520 0.110952
v 0.047342 0.651520 0.114293
v 0.039765 0.651520 0.117145
v 0.032019 0.651520 0.119495
v 0.024135 0.651520 0.121333
v 0.016147 0.651520 0.122652
v 0.008091 0.651520 0.123445
v 0.000000 0.651520 0.123710
v -0.008091 0.651520 0.123445
v -0.016147 0.651520 0.122652
v -0.024135 0.651520 0.121333
v -0.032019 0.651520 0.119495
v -0.039765 0.651520 0.117145
v -0.047342 0.651520 0.114293
v -0.054716 0.651520 0.110952
v -0.061855 0.651520 0.107136
v -0.068730 0.651520 0.102861
v -0.075310 0.651520 0.098146
v -0.081568 0.651520 0.093010
v -0.087476 0.651520 0.087476
v -0.093010 0.651520 0.081568
v -0.098146 0.651520 0.075310
v -0.102861 0.651520 0.068730
v -0.107136 0.651520 0.061855
v -0.110952 0.651520 0.054716
v -0.114293 0.651520 0.047342
v -0.117145 0.651520 0.039765
v -0.119495 0.651520 0.032019
v -0.121333 0.651520 0.024135
v -0.122652 0.651520 0.016147
v -0.123445 0.651520 0.008091
v -0.123710 0.651520 0.000000
v -0.123445 0.651520 -0.008091
v -0.122652 0.651520 -0.016147
v -0.121333 0.651520 -0.024135
v -0.119495 0.651520 -0.032019
v -0.117145 0.651520 -0.039765
v -0.114293 0.651520 -0.047342
v -0.110952 0.651520 -0.054716
v -0.107136 0.651520 -0.061855
v -0.102861 0.651520 -0.068730
v -0.098146 0.651520 -0.075310
v -0.093010 0.651520 -0.081568
v -0.087476 0.651520 -0.087476
v -0.081568 0.651520 -0.093010
v -0.075310 0.651520 -0.098146
v -0.068730 0.651520 -0.102861
v -0.061855 0.651520 -0.107136
v -0.054716 0.651520 -0.110952
v -0.047342 0.651520 -0.114293
v -0.039765 0.651520 -0.117145
v -0.032019 0.651520 -0.119495
v -0.024135 0.651520 -0.121333
v -0.016147 0.651520 -0.122652
v -0.008091 0.651520 -0.123445
v -0.000000 0.651520 -0.123710
v 0.008091 0.651520 -0.123445
v 0.016147 0.651520 -0.122652
v 0.024135 0.651520 -0.121333
v 0.032019 0.651520 -0.119495
v 0.039765 0.651520 -0.117145
v 0.047342 0.651520 -0.114293
v 0.054716 0.651520 -0.110952
v 0.061855 0.651520 -0.107136
v 0.068730 0.651520 -0.102861
v 0.075310 0.651520 -0.098146
v 0.081568 0.651520 -0.093010
v 0.087476 0.651520 -0.087476
v 0.093010 0.651520 -0.081568
v 0.098146 0.651520 -0.075310
v 0.102861 0.651520 -0.068730
v 0.107136 0.651520 -0.061855
v 0.110952 0.651520 -0.054716
v 0.114293 0.651520 -0.047342
v 0.117145 0.651520 -0.039765
v 0.119495 0.651520 -0.032019
v 0.121333 0.651520 -0.024135
v 0.122652 0.651520 -0.016147
v 0.123445 0.651520 -0.008091
v 0.126880 0.645360 0.000000
v 0.126608 0.645360 0.008298
v 0.125795 0.645360 0.016561
v 0.124442 0.645360 0.024753
v 0.122557 0.645360 0.032839
v 0.120146 0.645360 0.040784
v 0.117222 0.645360 0.048555
v 0.113795 0.645360 0.056118
v 0.109881 0.645360 0.063440
v 0.105497 0.645360 0.070491
v 0.100661 0.645360 0.077240
v 0.095393 0.645360 0.083658
v 0.089718 0.645360 0.089718
v 0.083658 0.645360 0.095393
v 0.077240 0.645360 0.100661
v 0.070491 0.645360 0.105497
v 0.063440 0.645360 0.109881
v 0.056118 0.645360 0.113795
v 0.048555 0.645360 0.117222
v 0.040784 0.645360 0.120146
v 0.032839 0.645360 0.122557
v 0.024753 0.645360 0.124442
v 0.016561 0.645360 0.125795
v 0.008298 0.645360 0.126608
v 0.000000 0.645360 0.126880
v -0.008298 0.645360 0.126608
v -0.016561 0.645360 0.125795
v -0.024753 0.645360 0.124442
v -0.032839 0.645360 0.122557
v -0.040784 0.645360 0.120146
v -0.048555 0.645360 0.117222
v -0.056118 0.645360 0.113795
v -0.063440 0.645360 0.109881
v -0.070491 0.645360 0.105497
v -0.077240 0.645360 0.100661
v -0.083658 0.645360 0.095393
v -0.089718 0.645360 0.089718
v -0.095393 0.645360 0.083658
v -0.100661 0.645360 0.077240
v -0.105497 0.645360 0.070491
v -0.109881 0.645360 0.063440
v -0.113795 0.645360 0.056118
v -0.117222 0.645360 0.048555
v -0.120146 0.645360 0.040784
v -0.122557 0.645360 0.032839
v -0.124442 0.645360 0.024753
v -0.125795 0.645360 0.016561
v -0.126608 0.645360 0.008298
v -0.126880 0.645360 0.000000
v -0.126608 0.645360 -0.008298
v -0.125795 0.645360 -0.016561
v -0.124442 0.645360 -0.024753
v -0.122557 0.645360 -0.032839
v -0.120146 0.645360 -0.040784
v -0.117222 0.645360 -0.048555
v -0.113795 0.645360 -0.056118
v -0.109881 0.645360 -0.063440
v -0.105497 0.645360 -0.070491
v -0.100661 0.645360 -0.077240
v -0.095393 0.645360 -0.083658
v -0.089718 0.645360 -0.089718
v -0.083658 0.645360 -0.095393
v -0.077240 0.645360 -0.100661
v -0.070491 0.645360 -0.105497
v -0.063440 0.645360 -0.109881
v -0.056118 0.645360 -0.113795
v -0.048555 0.645360 -0.117222
v -0.040784 0.645360 -0.120146
v -0.032839 0.645360 -0.122557
v -0.024753 0.645360 -0.124442
v -0.016561 0.645360 -0.125795
v -0.008298 0.645360 -0.126608
v -0.000000 0.645360 -0.126880
v 0.008298 0.645360 -0.126608
v 0.016561 0.645360 -0.125795
v 0.024753 0.645360 -0.124442
v 0.032839 0.645360 -0.122557
v 0.040784 0.645360 -0.120146
v 0.048555 0.645360 -0.117222
v 0.056118 0.645360 -0.113795
v 0.063440 0.645360 -0.109881
v 0.070491 0.645360 -0.105497
v 0.077240 0.645360 -0.100661
v 0.083658 0.645360 -0.095393
v 0.089718 0.645360 -0.089718
v 0.095393 0.645360 -0.083658
v 0.100661 0.645360 -0.077240
v 0.105497 0.645360 -0.070491
v 0.109881 0.645360 -0.063440
v 0.113795 0.645360 -0.056118
v 0.117222 0.645360 -0.048555
v 0.120146 0.645360 -0.040784
v 0.122557 0.645360 -0.032839
v 0.124442 0.645360 -0.024753
v 0.125795 0.645360 -0.016561
v 0.126608 0.645360 -0.008298
v 0.129570 0.640440 0.000000
v 0.129293 0.640440 0.008474
v 0.128462 0.640440 0.016912
v 0.127080 0.640440 0.025278
v 0.125155 0.640440 0.033535
v 0.122694 0.640440 0.041649
v 0.119707 0.640440 0.049584
v 0.116208 0.640440 0.057307
v 0.112211 0.640440 0.064785
v 0.107734 0.640440 0.071985
v 0.102795 0.640440 0.078877
v 0.097416 0.640440 0.085431
v 0.091620 0.640440 0.091620
v 0.085431 0.640440 0.097416
v 0.078877 0.640440 0.102795
v 0.071985 0.640440 0.107734
v 0.064785 0.640440 0.112211
v 0.057307 0.640440 0.116208
v 0.049584 0.640440 0.119707
v 0.041649 0.640440 0.122694
v 0.033535 0.640440 0.125155
v 0.025278 0.640440 0.127080
v 0.016912 0.640440 0.128462
v 0.008474 0.640440 0.129293
v 0.000000 0.640440 0.129570
v -0.008474 0.640440 0.129293
v -0.016912 0.640440 0.128462
v -0.025278 0.640440 0.127080
v -0.033535 0.640440 0.125155
v -0.041649 0.640440 0.122694
v -0.049584 0.640440 0.119707
v -0.057307 0.640440 0.116208
v -0.064785 0.640440 0.112211
v -0.071985 0.640440 0.107734
v -0.078877 0.640440 0.102795
v -0.085431 0.640440 0.097416
v -0.091620 0.640440 0.091620
v -0.097416 0.640440 0.085431
v -0.102795 0.640440 0.078877
v -0.107734 0.640440 0.071985
v -0.112211 0.640440 0.064785
v -0.116208 0.640440 0.057307
v -0.119707 0.640440 0.049584
v -0.122694 0.640440 0.041649
v -0.125155 0.640440 0.033535
v -0.127080 0.640440 0.025278
v -0.128462 0.640440 0.016912
v -0.129293 0.640440 0.008474
v -0.129570 0.640440 0.000000
v -0.129293 0.640440 -0.008474
v -0.128462 0.640440 -0.016912
v -0.127080 0.640440 -0.025278
v -0.125155 0.640440 -0.033535
v -0.122694 0.640440 -0.041649
v -0.119707 0.640440 -0.049584
v -0.116208 0.640440 -0.057307
v -0.112211 0.640440 -0.064785
v -0.107734 0.640440 -0.071985
v -0.102795 0.640440 -0.078877
v -0.097416 0.640440 -0.085431
v -0.091620 0.640440 -0.091620
v -0.085431 0.640440 -0.097416
v -0.078877 0.640440 -0.102795
v -0.071985 0.640440 -0.107734
v -0.064785 0.640440 -0.112211
v -0.057307 0.640440 -0.116208
v -0.049584 0.640440 -0.119707
v -0.041649 0.640440 -0.122694
v -0.033535 0.640440 -0.125155
v -0.025278 0.640440 -0.127080
v -0.016912 0.640440 -0.128462
v -0.008474 0.640440 -0.129293
v -0.000000 0.640440 -0.129570
v 0.008474 0.640440 -0.129293
v 0.016912 0.640440 -0.128462
v 0.025278 0.640440 -0.127080
v 0.033535 0.640440 -0.125155
v 0.041649 0.640440 -0.122694
v 0.049584 0.640440 -0.119707
v 0.057307 0.640440 -0.116208
v 0.064785 0.640440 -0.112211
v 0.071985 0.640440 -0.107734
v 0.078877 0.640440 -0.102795
v 0.085431 0.640440 -0.097416
v 0.091620 0.640440 -0.091620
v 0.097416 0.640440 -0.085431
v 0.102795 0.640440 -0.078877
v 0.107734 0.640440 -0.071985
v 0.112211 0.640440 -0.064785
v 0.116208 0.640440 -0.057307
v 0.119707 0.640440 -0.049584
v 0.122694 0.640440 -0.041649
v 0.125155 0.640440 -0.033535
v 0.127080 0.640440 -0.025278
v 0.128462 0.640440 -0.016912
v 0.129293 0.640440 -0.008474
v 0.131840 0.635680 0.000000
v 0.131558 0.635680 0.008623
v 0.130712 0.635680 0.017209
v 0.129307 0.635680 0.025721
v 0.127348 0.635680 0.034123
v 0.124843 0.635680 0.042379
v 0.121804 0.635680 0.050453
v 0.118244 0.635680 0.058311
v 0.114177 0.635680 0.065920
v 0.109621 0.635680 0.073246
v 0.104596 0.635680 0.080259
v 0.099123 0.635680 0.086928
v 0.093225 0.635680 0.093225
v 0.086928 0.635680 0.099123
v 0.080259 0.635680 0.104596
v 0.073246 0.635680 0.109621
v 0.065920 0.635680 0.114177
v 0.058311 0.635680 0.118244
v 0.050453 0.635680 0.121804
v 0.042379 0.635680 0.124843
v 0.034123 0.635680 0.127348
v 0.025721 0.635680 0.129307
v 0.017209 0.635680 0.130712
v 0.008623 0.635680 0.131558
v 0.000000 0.635680 0.131840
v -0.008623 0.635680 0.131558
v -0.017209 0.635680 0.130712
v -0.025721 0.635680 0.129307
v -0.034123 0.635680 0.127348
v -0.042379 0.635680 0.124843
v -0.050453 0.635680 0.121804
v -0.058311 0.635680 0.118244
v -0.065920 0.635680 0.114177
v -0.073246 0.635680 0.109621
v -0.080259 0.635680 0.104596
v -0.086928 0.635680 0.099123
v -0.093225 0.635680 0.093225
v -0.099123 0.635680 0.086928
v -0.104596 0.635680 0.080259
v -0.109621 0.635680 0.073246
v -0.114177 0.635680 0.065920
v -0.118244 0.635680 0.058311
v -0.121804 0.635680 0.050453
v -0.124843 0.635680 0.042379
v -0.127348 0.635680 0.034123
v -0.129307 0.635680 0.025721
v -0.130712 0.635680 0.017209
v -0.131558 0.635680 0.008623
v -0.131840 0.635680 0.000000
v -0.131558 0.635680 -0.008623
v -0.130712 0.635680 -0.017209
v -0.129307 0.635680 -0.025721
v -0.127348 0.635680 -0.034123
v -0.124843 0.635680 -0.042379
v -0.121804 0.635680 -0.050453
v -0.118244 0.635680 -0.058311
v -0.114177 0.635680 -0.065920
v -0.109621 0.635680 -0.073246
v -0.104596 0.635680 -0.080259
v -0.099123 0.635680 -0.086928
v -0.093225 0.635680 -0.093225
v -0.086928 0.635680 -0.099123
v -0.080259 0.635680 -0.104596
v -0.073246 0.635680 -0.109621
v -0.065920 0.635680 -0.114177
v -0.058311 0.635680 -0.118244
v -0.050453 0.635680 -0.121804
v -0.042379 0.635680 -0.124843
v -0.034123 0.635680 -0.127348
v -0.025721 0.635680 -0.129307
v -0.017209 0.635680 -0.130712
v -0.008623 0.635680 -0.131558
v -0.000000 0.635680 -0.131840
v 0.008623 0.635680 -0.131558
v 0.017209 0.635680 -0.130712
v 0.025721 0.635680 -0.129307
v 0.034123 0.635680 -0.127348
v 0.042379 0.635680 -0.124843
v 0.050453 0.635680 -0.121804
v 0.058311 0.635680 -0.118244
v 0.065920 0.635680 -0.114177
v 0.073246 0.635680 -0.109621
v 0.080259 0.635680 -0.104596
v 0.086928 0.635680 -0.099123
v 0.093225 0.635680 -0.093225
v 0.099123 0.635680 -0.086928
v 0.104596 0.635680 -0.080259
v 0.109621 0.635680 -0.073246
v 0.114177 0.635680 -0.065920
v 0.118244 0.635680 -0.058311
v 0.121804 0.635680 -0.050453
v 0.124843 0.635680 -0.042379
v 0.127348 0.635680 -0.034123
v 0.129307 0.635680 -0.025721
v 0.130712 0.635680 -0.017209
v 0.131558 0.635680 -0.008623
v 0.133750 0.630000 0.000000
v 0.133464 0.630000 0.008748
v 0.132606 0.630000 0.017458
v 0.131180 0.630000 0.026093
v 0.129193 0.630000 0.034617
v 0.126652 0.630000 0.042993
v 0.123569 0.630000 0.051184
v 0.119957 0.630000 0.059156
v 0.115831 0.630000 0.066875
v 0.111209 0.630000 0.074308
v 0.106111 0.630000 0.081422
v 0.100559 0.630000 0.088188
v 0.094576 0.630000 0.094576
v 0.088188 0.630000 0.100559
v 0.081422 0.630000 0.106111
v 0.074308 0.630000 0.111209
v 0.066875 0.630000 0.115831
v 0.059156 0.630000 0.119957
v 0.051184 0.630000 0.123569
v 0.042993 0.630000 0.126652
v 0.034617 0.630000 0.129193
v 0.026093 0.630000 0.131180
v 0.017458 0.630000 0.132606
v 0.008748 0.630000 0.133464
v 0.000000 0.630000 0.133750
v -0.008748 0.630000 0.133464
v -0.017458 0.630000 0.132606
v -0.026093 0.630000 0.131180
v -0.034617 0.630000 0.129193
v -0.042993 0.630000 0.126652
v -0.051184 0.630000 0.123569
v -0.059156 0.630000 0.119957
v -0.066875 0.630000 0.115831
v -0.074308 0.630000 0.111209
v -0.081422 0.630000 0.106111
v -0.088188 0.630000 0.100559
v -0.094576 0.630000 0.094576
v -0.100559 0.630000 0.088188
v -0.106111 0.630000 0.081422
v -0.111209 0.630000 0.074308
v -0.115831 0.630000 0.066875
v -0.119957 0.630000 0.059156
v -0.123569 0.630000 0.051184
v -0.126652 0.630000 0.042993
v -0.129193 0.630000 0.034617
v -0.131180 0.630000 0.026093
v -0.132606 0.630000 0.017458
v -0.133464 0.630000 0.008748
v -0.133750 0.630000 0.000000
v -0.133464 0.630000 -0.008748
v -0.132606 0.630000 -0.017458
v -0.131180 0.630000 -0.026093
v -0.129193 0.630000 -0.034617
v -0.126652 0.630000 -0.042993
v -0.123569 0.630000 -0.051184
v -0.119957 0.630000 -0.059156
v -0.115831 0.630000 -0.066875
v -0.111209 0.630000 -0.074308
v -0.106111 0.630000 -0.081422
v -0.100559 0.630000 -0.088188
v -0.094576 0.630000 -0.094576
v -0.088188 0.630000 -0.100559
v -0.081422 0.630000 -0.106111
v -0.074308 0.630000 -0.111209
v -0.066875 0.630000 -0.115831
v -0.059156 0.630000 -0.119957
v -0.051184 0.630000 -0.123569
v -0.042993 0.630000 -0.126652
v -0.034617 0.630000 -0.129193
v -0.026093 0.630000 -0.131180
v -0.017458 0.630000 -0.132606
v -0.008748 0.630000 -0.133464
v -0.000000 0.630000 -0.133750
v 0.008748 0.630000 -0.133464
v 0.017458 0.630000 -0.132606
v 0.026093 0.630000 -0.131180
v 0.034617 0.630000 -0.129193
v 0.042993 0.630000 -0.126652
v 0.051184 0.630000 -0.123569
v 0.059156 0.630000 -0.119957
v 0.066875 0.630000 -0.115831
v 0.074308 0.630000 -0.111209
v 0.081422 0.630000 -0.106111
v 0.088188 0.630000 -0.100559
v 0.094576 0.630000 -0.094576
v 0.100559 0.630000 -0.088188
v 0.106111 0.630000 -0.081422
v 0.111209 0.630000 -0.074308
v 0.115831 0.630000 -0.066875
v 0.119957 0.630000 -0.059156
v 0.123569 0.630000 -0.051184
v 0.126652 0.630000 -0.042993
v 0.129193 0.630000 -0.034617
v 0.131180 0.630000 -0.026093
v 0.132606 0.630000 -0.017458
v 0.133464 0.630000 -0.008748
v 0.135360 0.622320 0.000000
v 0.135070 0.622320 0.008853
v 0.134202 0.622320 0.017668
v 0.132759 0.622320 0.026407
v 0.130748 0.622320 0.035034
v 0.128176 0.622320 0.043510
v 0.125056 0.622320 0.051800
v 0.121401 0.622320 0.059868
v 0.117225 0.622320 0.067680
v 0.112548 0.622320 0.075202
v 0.107388 0.622320 0.082402
v 0.101769 0.622320 0.089249
v 0.095714 0.622320 0.095714
v 0.089249 0.622320 0.101769
v 0.082402 0.622320 0.107388
v 0.075202 0.622320 0.112548
v 0.067680 0.622320 0.117225
v 0.059868 0.622320 0.121401
v 0.051800 0.622320 0.125056
v 0.043510 0.622320 0.128176
v 0.035034 0.622320 0.130748
v 0.026407 0.622320 0.132759
v 0.017668 0.622320 0.134202
v 0.008853 0.622320 0.135070
v 0.000000 0.622320 0.135360
v -0.008853 0.622320 0.135070
v -0.017668 0.622320 0.134202
v -0.026407 0.622320 0.132759
v -0.035034 0.622320 0.130748
v -0.043510 0.622320 0.128176
v -0.051800 0.622320 0.125056
v -0.059868 0.622320 0.121401
v -0.067680 0.622320 0.117225
v -0.075202 0.622320 0.112548
v -0.082402 0.622320 0.107388
v -0.089249 0.622320 0.101769
v -0.095714 0.622320 0.095714
v -0.101769 0.622320 0.089249
v -0.107388 0.622320 0.082402
v -0.112548 0.622320 0.075202
v -0.117225 0.622320 0.067680
v -0.121401 0.622320 0.059868
v -0.125056 0.622320 0.051800
v -0.128176 0.622320 0.043510
v -0.130748 0.622320 0.035034
v -0.132759 0.622320 0.026407
v -0.134202 0.622320 0.017668
v -0.135070 0.622320 0.008853
v -0.135360 0.622320 0.000000
v -0.135070 0.622320 -0.008853
v -0.134202 0.622320 -0.017668
v -0.132759 0.622320 -0.026407
v -0.130748 0.622320 -0.035034
v -0.128176 0.622320 -0.043510
v -0.125056 0.622320 -0.051800
v -0.121401 0.622320 -0.059868
v -0.117225 0.622320 -0.067680
v -0.112548 0.622320 -0.075202
v -0.107388 0.622320 -0.082402
v -0.101769 0.622320 -0.089249
v -0.095714 0.622320 -0.095714
v -0.089249 0.622320 -0.101769
v -0.082402 0.622320 -0.107388
v -0.075202 0.622320 -0.112548
v -0.067680 0.622320 -0.117225
v -0.059868 0.622320 -0.121401
v -0.051800 0.622320 -0.125056
v -0.043510 0.622320 -0.128176
v -0.035034 0.622320 -0.130748
v -0.026407 0.622320 -0.132759
v -0.017668 0.622320 -0.134202
v -0.008853 0.622320 -0.135070
v -0.000000 0.622320 -0.135360
v 0.008853 0.622320 -0.135070
v 0.017668 0.622320 -0.134202
v 0.026407 0.622320 -0.132759
v 0.035034 0.622320 -0.130748
v 0.043510 0.622320 -0.128176
v 0.051800 0.622320 -0.125056
v 0.059868 0.622320 -0.121401
v 0.067680 0.622320 -0.117225
v 0.075202 0.622320 -0.112548
v 0.082402 0.622320 -0.107388
v 0.089249 0.622320 -0.101769
v 0.095714 0.622320 -0.095714
v 0.101769 0.622320 -0.089249
v 0.107388 0.622320 -0.082402
v 0.112548 0.622320 -0.075202
v 0.117225 0.622320 -0.067680
v 0.121401 0.622320 -0.059868
v 0.125056 0.622320 -0.051800
v 0.128176 0.622320 -0.043510
v 0.130748 0.622320 -0.035034
v 0.132759 0.622320 -0.026407
v 0.134202 0.622320 -0.017668
v 0.135070 0.622320 -0.008853
v 0.136730 0.611560 0.000000
v 0.136437 0.611560 0.008943
v 0.135560 0.611560 0.017847
v 0.134103 0.611560 0.026675
v 0.132071 0.611560 0.035388
v 0.129474 0.611560 0.043950
v 0.126322 0.611560 0.052324
v 0.122629 0.611560 0.060474
v 0.118412 0.611560 0.068365
v 0.113687 0.611560 0.075963
v 0.108475 0.611560 0.083236
v 0.102799 0.611560 0.090152
v 0.096683 0.611560 0.096683
v 0.090152 0.611560 0.102799
v 0.083236 0.611560 0.108475
v 0.075963 0.611560 0.113687
v 0.068365 0.611560 0.118412
v 0.060474 0.611560 0.122629
v 0.052324 0.611560 0.126322
v 0.043950 0.611560 0.129474
v 0.035388 0.611560 0.132071
v 0.026675 0.611560 0.134103
v 0.017847 0.611560 0.135560
v 0.008943 0.611560 0.136437
v 0.000000 0.611560 0.136730
v -0.008943 0.611560 0.136437
v -0.017847 0.611560 0.135560
v -0.026675 0.611560 0.134103
v -0.035388 0.611560 0.132071
v -0.043950 0.611560 0.129474
v -0.052324 0.611560 0.126322
v -0.060474 0.611560 0.122629
v -0.068365 0.611560 0.118412
v -0.075963 0.611560 0.113687
v -0.083236 0.611560 0.108475
v -0.090152 0.611560 0.102799
v -0.096683 0.611560 0.096683
v -0.102799 0.611560 0.090152
v -0.108475 0.611560 0.083236
v -0.113687 0.611560 0.075963
v -0.118412 0.611560 0.068365
v -0.122629 0.611560 0.060474
v -0.126322 0.611560 0.052324
v -0.129474 0.611560 0.043950
v -0.132071 0.611560 0.035388
v -0.134103 0.611560 0.026675
v -0.135560 0.611560 0.017847
v -0.136437 0.611560 0.008943
v -0.136730 0.611560 0.000000
v -0.136437 0.611560 -0.008943
v -0.135560 0.611560 -0.017847
v -0.134103 0.611560 -0.026675
v -0.132071 0.611560 -0.035388
v -0.129474 0.611560 -0.043950
v -0.126322 0.611560 -0.052324
v -0.122629 0.611560 -0.060474
v -0.118412 0.611560 -0.068365
v -0.113687 0.611560 -0.075963
v -0.108475 0.611560 -0.083236
v -0.102799 0.611560 -0.090152
v -0.096683 0.611560 -0.096683
v -0.090152 0.611560 -0.102799
v -0.083236 0.611560 -0.108475
v -0.075963 0.611560 -0.113687
v -0.068365 0.611560 -0.118412
v -0.060474 0.611560 -0.122629
v -0.052324 0.611560 -0.126322
v -0.043950 0.611560 -0.129474
v -0.035388 0.611560 -0.132071
v -0.026675 0.611560 -0.134103
v -0.017847 0.611560 -0.135560
v -0.008943 0.611560 -0.136437
v -0.000000 0.611560 -0.136730
v 0.008943 0.611560 -0.136437
v 0.017847 0.611560 -0.135560
v 0.026675 0.611560 -0.134103
v 0.035388 0.611560 -0.132071
v 0.043950 0.611560 -0.129474
v 0.052324 0.611560 -0.126322
v 0.060474 0.611560 -0.122629
v 0.068365 0.611560 -0.118412
v 0.075963 0.611560 -0.113687
v 0.083236 0.611560 -0.108475
v 0.090152 0.611560 -0.102799
v 0.096683 0.611560 -0.096683
v 0.102799 0.611560 -0.090152
v 0.108475 0.611560 -0.083236
v 0.113687 0.611560 -0.075963
v 0.118412 0.611560 -0.068365
v 0.122629 0.611560 -0.060474
v 0.126322 0.611560 -0.052324
v 0.129474 0.611560 -0.043950
v 0.132071 0.611560 -0.035388
v 0.134103 0.611560 -0.026675
v 0.135560 0.611560 -0.017847
v 0.136437 0.611560 -0.008943
v 0.137920 0.596640 0.000000
v 0.137625 0.596640 0.009020
v 0.136740 0.596640 0.018002
v 0.135270 0.596640 0.026907
v 0.133220 0.596640 0.035696
v 0.130601 0.596640 0.044333
v 0.127421 0.596640 0.052780
v 0.123697 0.596640 0.061000
v 0.119442 0.596640 0.068960
v 0.114676 0.596640 0.076624
v 0.109419 0.596640 0.083960
v 0.103694 0.596640 0.090937
v 0.097524 0.596640 0.097524
v 0.090937 0.596640 0.103694
v 0.083960 0.596640 0.109419
v 0.076624 0.596640 0.114676
v 0.068960 0.596640 0.119442
v 0.061000 0.596640 0.123697
v 0.052780 0.596640 0.127421
v 0.044333 0.596640 0.130601
v 0.035696 0.596640 0.133220
v 0.026907 0.596640 0.135270
v 0.018002 0.596640 0.136740
v 0.009020 0.596640 0.137625
v 0.000000 0.596640 0.137920
v -0.009020 0.596640 0.137625
v -0.018002 0.596640 0.136740
v -0.026907 0.596640 0.135270
v -0.035696 0.596640 0.133220
v -0.044333 0.596640 0.130601
v -0.052780 0.596640 0.127421
v -0.061000 0.596640 0.123697
v -0.068960 0.596640 0.119442
v -0.076624 0.596640 0.114676
v -0.083960 0.596640 0.109419
v -0.090937 0.596640 0.103694
v -0.097524 0.596640 0.097524
v -0.103694 0.596640 0.090937
v -0.109419 0.596640 0.083960
v -0.114676 0.596640 0.076624
v -0.119442 0.596640 0.068960
v -0.123697 0.596640 0.061000
v -0.127421 0.596640 0.052780
v -0.130601 0.596640 0.044333
v -0.133220 0.596640 0.035696
v -0.135270 0.596640 0.026907
v -0.136740 0.596640 0.018002
v -0.137625 0.596640 0.009020
v -0.137920 0.596640 0.000000
v -0.137625 0.596640 -0.009020
v -0.136740 0.596640 -0.018002
v -0.135270 0.596640 -0.026907
v -0.133220 0.596640 -0.035696
v -0.130601 0.596640 -0.044333
v -0.127421 0.596640 -0.052780
v -0.123697 0.596640 -0.061000
v -0.119442 0.596640 -0.068960
v -0.114676 0.596640 -0.076624
v -0.109419 0.596640 -0.083960
v -0.103694 0.596640 -0.090937
v -0.097524 0.596640 -0.097524
v -0.090937 0.596640 -0.103694
v -0.083960 0.596640 -0.109419
v -0.076624 0.596640 -0.114676
v -0.068960 0.596640 -0.119442
v -0.061000 0.596640 -0.123697
v -0.052780 0.596640 -0.127421
v -0.044333 0.596640 -0.130601
v -0.035696 0.596640 -0.133220
v -0.026907 0.596640 -0.135270
v -0.018002 0.596640 -0.136740
v -0.009020 0.596640 -0.137625
v -0.000000 0.596640 -0.137920
v 0.009020 0.596640 -0.137625
v 0.018002 0.596640 -0.136740
v 0.026907 0.596640 -0.135270
v 0.035696 0.596640 -0.133220
v 0.044333 0.596640 -0.130601
v 0.052780 0.596640 -0.127421
v 0.061000 0.596640 -0.123697
v 0.068960 0.596640 -0.119442
v 0.076624 0.596640 -0.114676
v 0.083960 0.596640 -0.109419
v 0.090937 0.596640 -0.103694
v 0.097524 0.596640 -0.097524
v 0.103694 0.596640 -0.090937
v 0.109419 0.596640 -0.083960
v 0.114676 0.596640 -0.076624
v 0.119442 0.596640 -0.068960
v 0.123697 0.596640 -0.061000
v 0.127421 0.596640 -0.052780
v 0.130601 0.596640 -0.044333
v 0.133220 0.596640 -0.035696
v 0.135270 0.596640 -0.026907
v 0.136740 0.596640 -0.018002
v 0.137625 0.596640 -0.009020
v 0.138990 0.576480 0.000000
v 0.138692 0.576480 0.009090
v 0.137801 0.576480 0.018142
v 0.136319 0.576480 0.027116
v 0.134254 0.576480 0.035973
v 0.131614 0.576480 0.044677
v 0.128410 0.576480 0.053189
v 0.124656 0.576480 0.061474
v 0.120369 0.576480 0.069495
v 0.115566 0.576480 0.077219
v 0.110268 0.576480 0.084612
v 0.104498 0.576480 0.091642
v 0.098281 0.576480 0.098281
v 0.091642 0.576480 0.104498
v 0.084612 0.576480 0.110268
v 0.077219 0.576480 0.115566
v 0.069495 0.576480 0.120369
v 0.061474 0.576480 0.124656
v 0.053189 0.576480 0.128410
v 0.044677 0.576480 0.131614
v 0.035973 0.576480 0.134254
v 0.027116 0.576480 0.136319
v 0.018142 0.576480 0.137801
v 0.009090 0.576480 0.138692
v 0.000000 0.576480 0.138990
v -0.009090 0.576480 0.138692
v -0.018142 0.576480 0.137801
v -0.027116 0.576480 0.136319
v -0.035973 0.576480 0.134254
v -0.044677 0.576480 0.131614
v -0.053189 0.576480 0.128410
v -0.061474 0.576480 0.124656
v -0.069495 0.576480 0.120369
v -0.077219 0.576480 0.115566
v -0.084612 0.576480 0.110268
v -0.091642 0.576480 0.104498
v -0.098281 0.576480 0.098281
v -0.104498 0.576480 0.091642
v -0.110268 0.576480 0.084612
v -0.115566 0.576480 0.077219
v -0.120369 0.576480 0.069495
v -0.124656 0.576480 0.061474
v -0.128410 0.576480 0.053189
v -0.131614 0.576480 0.044677
v -0.134254 0.576480 0.035973
v -0.136319 0.576480 0.027116
v -0.137801 0.576480 0.018142
v -0.138692 0.576480 0.009090
v -0.138990 0.576480 0.000000
v -0.138692 0.576480 -0.009090
v -0.137801 0.576480 -0.018142
v -0.136319 0.576480 -0.027116
v -0.134254 0.576480 -0.035973
v -0.131614 0.576480 -0.044677
v -0.128410 0.576480 -0.053189
v -0.124656 0.576480 -0.061474
v -0.120369 0.576480 -0.069495
v -0.115566 0.576480 -0.077219
v -0.110268 0.576480 -0.084612
v -0.104498 0.576480 -0.091642
v -0.098281 0.576480 -0.098281
v -0.091642 0.576480 -0.104498
v -0.084612 0.576480 -0.110268
v -0.077219 0.576480 -0.115566
v -0.069495 0.576480 -0.120369
v -0.061474 0.576480 -0.124656
v -0.053189 0.576480 -0.128410
v -0.044677 0.576480 -0.131614
v -0.035973 0.576480 -0.134254
v -0.027116 0.576480 -0.136319
v -0.018142 0.576480 -0.137801
v -0.009090 0.576480 -0.138692
v -0.000000 0.576480 -0.138990
v 0.009090 0.576480 -0.138692
v 0.018142 0.576480 -0.137801
v 0.027116 0.576480 -0.136319
v 0.035973 0.576480 -0.134254
v 0.044677 0.576480 -0.131614
v 0.053189 0.576480 -0.128410
v 0.061474 0.576480 -0.124656
v 0.069495 0.576480 -0.120369
v 0.077219 0.576480 -0.115566
v 0.084612 0.576480 -0.110268
v 0.091642 0.576480 -0.104498
v 0.098281 0.576480 -0.098281
v 0.104498 0.576480 -0.091642
v 0.110268 0.576480 -0.084612
v 0.115566 0.576480 -0.077219
v 0.120369 0.576480 -0.069495
v 0.124656 0.576480 -0.061474
v 0.128410 0.576480 -0.053189
v 0.131614 0.576480 -0.044677
v 0.134254 0.576480 -0.035973
v 0.136319 0.576480 -0.027116
v 0.137801 0.576480 -0.018142
v 0.138692 0.576480 -0.009090
v 0.140000 0.550000 0.000000
v 0.139700 0.550000 0.009156
v 0.138802 0.550000 0.018274
v 0.137310 0.550000 0.027313
v 0.135230 0.550000 0.036235
v 0.132570 0.550000 0.045002
v 0.129343 0.550000 0.053576
v 0.125562 0.550000 0.061920
v 0.121244 0.550000 0.070000
v 0.116406 0.550000 0.077780
v 0.111069 0.550000 0.085227
v 0.105258 0.550000 0.092308
v 0.098995 0.550000 0.098995
v 0.092308 0.550000 0.105258
v 0.085227 0.550000 0.111069
v 0.077780 0.550000 0.116406
v 0.070000 0.550000 0.121244
v 0.061920 0.550000 0.125562
v 0.053576 0.550000 0.129343
v 0.045002 0.550000 0.132570
v 0.036235 0.550000 0.135230
v 0.027313 0.550000 0.137310
v 0.018274 0.550000 0.138802
v 0.009156 0.550000 0.139700
v 0.000000 0.550000 0.140000
v -0.009156 0.550000 0.139700
v -0.018274 0.550000 0.138802
v -0.027313 0.550000 0.137310
v -0.036235 0.550000 0.135230
v -0.045002 0.550000 0.132570
v -0.053576 0.550000 0.129343
v -0.061920 0.550000 0.125562
v -0.070000 0.550000 0.121244
v -0.077780 0.550000 0.116406
v -0.085227 0.550000 0.111069
v -0.092308 0.550000 0.105258
v -0.098995 0.550000 0.098995
v -0.105258 0.550000 0.092308
v -0.111069 0.550000 0.085227
v -0.116406 0.550000 0.077780
v -0.121244 0.550000 0.070000
v -0.125562 0.550000 0.061920
v -0.129343 0.550000 0.053576
v -0.132570 0.550000 0.045002
v -0.135230 0.550000 0.036235
v -0.137310 0.550000 0.027313
v -0.138802 0.550000 0.018274
v -0.139700 0.550000 0.009156
v -0.140000 0.550000 0.000000
v -0.139700 0.550000 -0.009156
v -0.138802 0.550000 -0.018274
v -0.137310 0.550000 -0.027313
v -0.135230 0.550000 -0.036235
v -0.132570 0.550000 -0.045002
v -0.129343 0.550000 -0.053576
v -0.125562 0.550000 -0.061920
v -0.121244 0.550000 -0.070000
v -0.116406 0.550000 -0.077780
v -0.111069 0.550000 -0.085227
v -0.105258 0.550000 -0.092308
v -0.098995 0.550000 -0.098995
v -0.092308 0.550000 -0.105258
v -0.085227 0.550000 -0.111069
v -0.077780 0.550000 -0.116406
v -0.070000 0.550000 -0.121244
v -0.061920 0.550000 -0.125562
v -0.053576 0.550000 -0.129343
v -0.045002 0.550000 -0.132570
v -0.036235 0.550000 -0.135230
v -0.027313 0.550000 -0.137310
v -0.018274 0.550000 -0.138802
v -0.009156 0.550000 -0.139700
v -0.000000 0.550000 -0.140000
v 0.009156 0.550000 -0.139700
v 0.018274 0.550000 -0.138802
v 0.027313 0.550000 -0.137310
v 0.036235 0.550000 -0.135230
v 0.045002 0.550000 -0.132570
v 0.053576 0.550000 -0.129343
v 0.061920 0.550000 -0.125562
v 0.070000 0.550000 -0.121244
v 0.077780 0.550000 -0.116406
v 0.085227 0.550000 -0.111069
v 0.092308 0.550000 -0.105258
v 0.098995 0.550000 -0.098995
v 0.105258 0.550000 -0.092308
v 0.111069 0.550000 -0.085227
v 0.116406 0.550000 -0.077780
v 0.121244 0.550000 -0.070000
v 0.125562 0.550000 -0.061920
v 0.129343 0.550000 -0.053576
v 0.132570 0.550000 -0.045002
v 0.135230 0.550000 -0.036235
v 0.137310 0.550000 -0.027313
v 0.138802 0.550000 -0.018274
v 0.139700 0.550000 -0.009156
v 0.140855 0.514253 0.000000
v 0.140553 0.514253 0.009212
v 0.139650 0.514253 0.018385
v 0.138149 0.514253 0.027479
v 0.136055 0.514253 0.036456
v 0.133380 0.514253 0.045276
v 0.130133 0.514253 0.053903
v 0.126329 0.514253 0.062299
v 0.121984 0.514253 0.070427
v 0.117117 0.514253 0.078255
v 0.111748 0.514253 0.085747
v 0.105900 0.514253 0.092872
v 0.099600 0.514253 0.099600
v 0.092872 0.514253 0.105900
v 0.085747 0.514253 0.111748
v 0.078255 0.514253 0.117117
v 0.070428 0.514253 0.121984
v 0.062299 0.514253 0.126329
v 0.053903 0.514253 0.130133
v 0.045276 0.514253 0.133380
v 0.036456 0.514253 0.136055
v 0.027479 0.514253 0.138149
v 0.018385 0.514253 0.139650
v 0.009212 0.514253 0.140553
v 0.000000 0.514253 0.140855
v -0.009212 0.514253 0.140553
v -0.018385 0.514253 0.139650
v -0.027479 0.514253 0.138149
v -0.036456 0.514253 0.136055
v -0.045276 0.514253 0.133380
v -0.053903 0.514253 0.130133
v -0.062299 0.514253 0.126329
v -0.070427 0.514253 0.121984
v -0.078255 0.514253 0.117117
v -0.085747 0.514253 0.111748
v -0.092872 0.514253 0.105900
v -0.099600 0.514253 0.099600
v -0.105900 0.514253 0.092872
v -0.111748 0.514253 0.085747
v -0.117117 0.514253 0.078255
v -0.121984 0.514253 0.070427
v -0.126329 0.514253 0.062299
v -0.130133 0.514253 0.053903
v -0.133380 0.514253 0.045276
v -0.136055 0.514253 0.036456
v -0.138149 0.514253 0.027479
v -0.139650 0.514253 0.018385
v -0.140553 0.514253 0.009212
v -0.140855 0.514253 0.000000
v -0.140553 0.514253 -0.009212
v -0.139650 0.514253 -0.018385
v -0.138149 0.514253 -0.027479
v -0.136055 0.514253 -0.036456
v -0.133380 0.514253 -0.045276
v -0.130133 0.514253 -0.053903
v -0.126329 0.514253 -0.062299
v -0.121984 0.514253 -0.070427
v -0.117117 0.514253 -0.078255
v -0.111748 0.514253 -0.085747
v -0.105900 0.514253 -0.092872
v -0.099600 0.514253 -0.099600
v -0.092872 0.514253 -0.105900
v -0.085747 0.514253 -0.111748
v -0.078255 0.514253 -0.117117
v -0.070428 0.514253 -0.121984
v -0.062299 0.514253 -0.126329
v -0.053903 0.514253 -0.130133
v -0.045276 0.514253 -0.133380
v -0.036456 0.514253 -0.136055
v -0.027479 0.514253 -0.138149
v -0.018385 0.514253 -0.139650
v -0.009212 0.514253 -0.140553
v -0.000000 0.514253 -0.140855
v 0.009212 0.514253 -0.140553
v 0.018385 0.514253 -0.139650
v 0.027479 0.514253 -0.138149
v 0.036456 0.514253 -0.136055
v 0.045276 0.514253 -0.133380
v 0.053903 0.514253 -0.130133
v 0.062299 0.514253 -0.126329
v 0.070428 0.514253 -0.121984
v 0.078255 0.514253 -0.117117
v 0.085747 0.514253 -0.111748
v 0.092872 0.514253 -0.105900
v 0.099600 0.514253 -0.099600
v 0.105900 0.514253 -0.092872
v 0.111748 0.514253 -0.085747
v 0.117117 0.514253 -0.078255
v 0.121984 0.514253 -0.070428
v 0.126329 0.514253 -0.062299
v 0.130133 0.514253 -0.053903
v 0.133380 0.514253 -0.045276
v 0.136055 0.514253 -0.036456
v 0.138149 0.514253 -0.027479
v 0.139650 0.514253 -0.018385
v 0.140553 0.514253 -0.009212
v 0.141440 0.468720 0.000000
v 0.141137 0.468720 0.009251
v 0.140230 0.468720 0.018462
v 0.138722 0.468720 0.027594
v 0.136621 0.468720 0.036607
v 0.133934 0.468720 0.045464
v 0.130674 0.468720 0.054127
v 0.126854 0.468720 0.062557
v 0.122491 0.468720 0.070720
v 0.117603 0.468720 0.078580
v 0.112212 0.468720 0.086103
v 0.106340 0.468720 0.093258
v 0.100013 0.468720 0.100013
v 0.093258 0.468720 0.106340
v 0.086103 0.468720 0.112212
v 0.078580 0.468720 0.117603
v 0.070720 0.468720 0.122491
v 0.062557 0.468720 0.126854
v 0.054127 0.468720 0.130674
v 0.045464 0.468720 0.133934
v 0.036607 0.468720 0.136621
v 0.027594 0.468720 0.138722
v 0.018462 0.468720 0.140230
v 0.009251 0.468720 0.141137
v 0.000000 0.468720 0.141440
v -0.009251 0.468720 0.141137
v -0.018462 0.468720 0.140230
v -0.027594 0.468720 0.138722
v -0.036607 0.468720 0.136621
v -0.045464 0.468720 0.133934
v -0.054127 0.468720 0.130674
v -0.062557 0.468720 0.126854
v -0.070720 0.468720 0.122491
v -0.078580 0.468720 0.117603
v -0.086103 0.468720 0.112212
v -0.093258 0.468720 0.106340
v -0.100013 0.468720 0.100013
v -0.106340 0.468720 0.093258
v -0.112212 0.468720 0.086103
v -0.117603 0.468720 0.078580
v -0.122491 0.468720 0.070720
v -0.126854 0.468720 0.062557
v -0.130674 0.468720 0.054127
v -0.133934 0.468720 0.045464
v -0.136621 0.468720 0.036607
v -0.138722 0.468720 0.027594
v -0.140230 0.468720 0.018462
v -0.141137 0.468720 0.009251
v -0.141440 0.468720 0.000000
v -0.141137 0.468720 -0.009251
v -0.140230 0.468720 -0.018462
v -0.138722 0.468720 -0.027594
v -0.136621 0.468720 -0.036607
v -0.133934 0.468720 -0.045464
v -0.130674 0.468720 -0.054127
v -0.126854 0.468720 -0.062557
v -0.122491 0.468720 -0.070720
v -0.117603 0.468720 -0.078580
v -0.112212 0.468720 -0.086103
v -0.106340 0.468720 -0.093258
v -0.100013 0.468720 -0.100013
v -0.093258 0.468720 -0.106340
v -0.086103 0.468720 -0.112212
v -0.078580 0.468720 -0.117603
v -0.070720 0.468720 -0.122491
v -0.062557 0.468720 -0.126854
v -0.054127 0.468720 -0.130674
v -0.045464 0.468720 -0.133934
v -0.036607 0.468720 -0.136621
v -0.027594 0.468720 -0.138722
v -0.018462 0.468720 -0.140230
v -0.009251 0.468720 -0.141137
v -0.000000 0.468720 -0.141440
v 0.009251 0.468720 -0.141137
v 0.018462 0.468720 -0.140230
v 0.027594 0.468720 -0.138722
v 0.036607 0.468720 -0.136621
v 0.045464 0.468720 -0.133934
v 0.054127 0.468720 -0.130674
v 0.062557 0.468720 -0.126854
v 0.070720 0.468720 -0.122491
v 0.078580 0.468720 -0.117603
v 0.086103 0.468720 -0.112212
v 0.093258 0.468720 -0.106340
v 0.100013 0.468720 -0.100013
v 0.106340 0.468720 -0.093258
v 0.112212 0.468720 -0.086103
v 0.117603 0.468720 -0.078580
v 0.122491 0.468720 -0.070720
v 0.126854 0.468720 -0.062557
v 0.130674 0.468720 -0.054127
v 0.133934 0.468720 -0.045464
v 0.136621 0.468720 -0.036607
v 0.138722 0.468720 -0.027594
v 0.140230 0.468720 -0.018462
v 0.141137 0.468720 -0.009251
v 0.141785 0.415968 0.000000
v 0.141481 0.415968 0.009273
v 0.140572 0.415968 0.018507
v 0.139061 0.415968 0.027661
v 0.136954 0.415968 0.036697
v 0.134260 0.415968 0.045575
v 0.130992 0.415968 0.054259
v 0.127163 0.415968 0.062710
v 0.122789 0.415968 0.070892
v 0.117890 0.415968 0.078772
v 0.112486 0.415968 0.086313
v 0.106600 0.415968 0.093485
v 0.100257 0.415968 0.100257
v 0.093485 0.415968 0.106600
v 0.086313 0.415968 0.112486
v 0.078772 0.415968 0.117890
v 0.070893 0.415968 0.122789
v 0.062710 0.415968 0.127163
v 0.054259 0.415968 0.130992
v 0.045575 0.415968 0.134260
v 0.036697 0.415968 0.136954
v 0.027661 0.415968 0.139061
v 0.018507 0.415968 0.140572
v 0.009273 0.415968 0.141481
v 0.000000 0.415968 0.141785
v -0.009273 0.415968 0.141481
v -0.018507 0.415968 0.140572
v -0.027661 0.415968 0.139061
v -0.036697 0.415968 0.136954
v -0.045575 0.415968 0.134260
v -0.054259 0.415968 0.130992
v -0.062710 0.415968 0.127163
v -0.070892 0.415968 0.122789
v -0.078772 0.415968 0.117890
v -0.086313 0.415968 0.112486
v -0.093485 0.415968 0.106600
v -0.100257 0.415968 0.100257
v -0.106600 0.415968 0.093485
v -0.112486 0.415968 0.086313
v -0.117890 0.415968 0.078772
v -0.122789 0.415968 0.070892
v -0.127163 0.415968 0.062710
v -0.130992 0.415968 0.054259
v -0.134260 0.415968 0.045575
v -0.136954 0.415968 0.036697
v -0.139061 0.415968 0.027661
v -0.140572 0.415968 0.018507
v -0.141481 0.415968 0.009273
v -0.141785 0.415968 0.000000
v -0.141481 0.415968 -0.009273
v -0.140572 0.415968 -0.018507
v -0.139061 0.415968 -0.027661
v -0.136954 0.415968 -0.036697
v -0.134260 0.415968 -0.045575
v -0.130992 0.415968 -0.054259
v -0.127163 0.415968 -0.062710
v -0.122789 0.415968 -0.070892
v -0.117890 0.415968 -0.078772
v -0.112486 0.415968 -0.086313
v -0.106600 0.415968 -0.093485
v -0.100257 0.415968 -0.100257
v -0.093485 0.415968 -0.106600
v -0.086313 0.415968 -0.112486
v -0.078772 0.415968 -0.117890
v -0.070893 0.415968 -0.122789
v -0.062710 0.415968 -0.127163
v -0.054259 0.415968 -0.130992
v -0.045575 0.415968 -0.134260
v -0.036697 0.415968 -0.136954
v -0.027661 0.415968 -0.139061
v -0.018507 0.415968 -0.140572
v -0.009273 0.415968 -0.141481
v -0.000000 0.415968 -0.141785
v 0.009273 0.415968 -0.141481
v 0.018507 0.415968 -0.140572
v 0.027661 0.415968 -0.139061
v 0.036697 0.415968 -0.136954
v 0.045575 0.415968 -0.134260
v 0.054259 0.415968 -0.130992
v 0.062710 0.415968 -0.127163
v 0.070893 0.415968 -0.122789
v 0.078772 0.415968 -0.117890
v 0.086313 0.415968 -0.112486
v 0.093485 0.415968 -0.106600
v 0.100257 0.415968 -0.100257
v 0.106600 0.415968 -0.093485
v 0.112486 0.415968 -0.086313
v 0.117890 0.415968 -0.078772
v 0.122789 0.415968 -0.070893
v 0.127163 0.415968 -0.062710
v 0.130992 0.415968 -0.054259
v 0.134260 0.415968 -0.045575
v 0.136954 0.415968 -0.036697
v 0.139061 0.415968 -0.027661
v 0.140572 0.415968 -0.018507
v 0.141481 0.415968 -0.009273
v 0.141920 0.358560 0.000000
v 0.141616 0.358560 0.009282
v 0.140706 0.358560 0.018524
v 0.139193 0.358560 0.027687
v 0.137084 0.358560 0.036732
v 0.134388 0.358560 0.045619
v 0.131117 0.358560 0.054310
v 0.127284 0.358560 0.062770
v 0.122906 0.358560 0.070960
v 0.118002 0.358560 0.078847
v 0.112593 0.358560 0.086395
v 0.106701 0.358560 0.093574
v 0.100353 0.358560 0.100353
v 0.093574 0.358560 0.106701
v 0.086395 0.358560 0.112593
v 0.078847 0.358560 0.118002
v 0.070960 0.358560 0.122906
v 0.062770 0.358560 0.127284
v 0.054310 0.358560 0.131117
v 0.045619 0.358560 0.134388
v 0.036732 0.358560 0.137084
v 0.027687 0.358560 0.139193
v 0.018524 0.358560 0.140706
v 0.009282 0.358560 0.141616
v 0.000000 0.358560 0.141920
v -0.009282 0.358560 0.141616
v -0.018524 0.358560 0.140706
v -0.027687 0.358560 0.139193
v -0.036732 0.358560 0.137084
v -0.045619 0.358560 0.134388
v -0.054310 0.358560 0.131117
v -0.062770 0.358560 0.127284
v -0.070960 0.358560 0.122906
v -0.078847 0.358560 0.118002
v -0.086395 0.358560 0.112593
v -0.093574 0.358560 0.106701
v -0.100353 0.358560 0.100353
v -0.106701 0.358560 0.093574
v -0.112593 0.358560 0.086395
v -0.118002 0.358560 0.078847
v -0.122906 0.358560 0.070960
v -0.127284 0.358560 0.062770
v -0.131117 0.358560 0.054310
v -0.134388 0.358560 0.045619
v -0.137084 0.358560 0.036732
v -0.139193 0.358560 0.027687
v -0.140706 0.358560 0.018524
v -0.141616 0.358560 0.009282
v -0.141920 0.358560 0.000000
v -0.141616 0.358560 -0.009282
v -0.140706 0.358560 -0.018524
v -0.139193 0.358560 -0.027687
v -0.137084 0.358560 -0.036732
v -0.134388 0.358560 -0.045619
v -0.131117 0.358560 -0.054310
v -0.127284 0.358560 -0.062770
v -0.122906 0.358560 -0.070960
v -0.118002 0.358560 -0.078847
v -0.112593 0.358560 -0.086395
v -0.106701 0.358560 -0.093574
v -0.100353 0.358560 -0.100353
v -0.093574 0.358560 -0.106701
v -0.086395 0.358560 -0.112593
v -0.078847 0.358560 -0.118002
v -0.070960 0.358560 -0.122906
v -0.062770 0.358560 -0.127284
v -0.054310 0.358560 -0.131117
v -0.045619 0.358560 -0.134388
v -0.036732 0.358560 -0.137084
v -0.027687 0.358560 -0.139193
v -0.018524 0.358560 -0.140706
v -0.009282 0.358560 -0.141616
v -0.000000 0.358560 -0.141920
v 0.009282 0.358560 -0.141616
v 0.018524 0.358560 -0.140706
v 0.027687 0.358560 -0.139193
v 0.036732 0.358560 -0.137084
v 0.045619 0.358560 -0.134388
v 0.054310 0.358560 -0.131117
v 0.062770 0.358560 -0.127284
v 0.070960 0.358560 -0.122906
v 0.078847 0.358560 -0.118002
v 0.086395 0.358560 -0.112593
v 0.093574 0.358560 -0.106701
v 0.100353 0.358560 -0.100353
v 0.106701 0.358560 -0.093574
v 0.112593 0.358560 -0.086395
v 0.118002 0.358560 -0.078847
v 0.122906 0.358560 -0.070960
v 0.127284 0.358560 -0.062770
v 0.131117 0.358560 -0.054310
v 0.134388 0.358560 -0.045619
v 0.137084 0.358560 -0.036732
v 0.139193 0.358560 -0.027687
v 0.140706 0.358560 -0.018524
v 0.141616 0.358560 -0.009282
v 0.141875 0.299063 0.000000
v 0.141571 0.299063 0.009279
v 0.140661 0.299063 0.018518
v 0.139149 0.299063 0.027678
v 0.137041 0.299063 0.036720
v 0.134346 0.299063 0.045604
v 0.131075 0.299063 0.054293
v 0.127244 0.299063 0.062750
v 0.122867 0.299063 0.070938
v 0.117965 0.299063 0.078822
v 0.112557 0.299063 0.086368
v 0.106667 0.299063 0.093545
v 0.100321 0.299063 0.100321
v 0.093545 0.299063 0.106667
v 0.086368 0.299063 0.112557
v 0.078822 0.299063 0.117965
v 0.070938 0.299063 0.122867
v 0.062750 0.299063 0.127244
v 0.054293 0.299063 0.131075
v 0.045604 0.299063 0.134346
v 0.036720 0.299063 0.137041
v 0.027678 0.299063 0.139149
v 0.018518 0.299063 0.140661
v 0.009279 0.299063 0.141571
v 0.000000 0.299063 0.141875
v -0.009279 0.299063 0.141571
v -0.018518 0.299063 0.140661
v -0.027678 0.299063 0.139149
v -0.036720 0.299063 0.137041
v -0.045604 0.299063 0.134346
v -0.054293 0.299063 0.131075
v -0.062750 0.299063 0.127244
v -0.070937 0.299063 0.122867
v -0.078822 0.299063 0.117965
v -0.086368 0.299063 0.112557
v -0.093545 0.299063 0.106667
v -0.100321 0.299063 0.100321
v -0.106667 0.299063 0.093545
v -0.112557 0.299063 0.086368
v -0.117965 0.299063 0.078822
v -0.122867 0.299063 0.070938
v -0.127244 0.299063 0.062750
v -0.131075 0.299063 0.054293
v -0.134346 0.299063 0.045604
v -0.137041 0.299063 0.036720
v -0.139149 0.299063 0.027678
v -0.140661 0.299063 0.018518
v -0.141571 0.299063 0.009279
v -0.141875 0.299063 0.000000
v -0.141571 0.299063 -0.009279
v -0.140661 0.299063 -0.018518
v -0.139149 0.299063 -0.027678
v -0.137041 0.299063 -0.036720
v -0.134346 0.299063 -0.045604
v -0.131075 0.299063 -0.054293
v -0.127244 0.299063 -0.062750
v -0.122867 0.299063 -0.070937
v -0.117965 0.299063 -0.078822
v -0.112557 0.299063 -0.086368
v -0.106667 0.299063 -0.093545
v -0.100321 0.299063 -0.100321
v -0.093545 0.299063 -0.106667
v -0.086368 0.299063 -0.112557
v -0.078822 0.299063 -0.117965
v -0.070938 0.299063 -0.122867
v -0.062750 0.299063 -0.127244
v -0.054293 0.299063 -0.131075
v -0.045604 0.299063 -0.134346
v -0.036720 0.299063 -0.137041
v -0.027678 0.299063 -0.139149
v -0.018518 0.299063 -0.140661
v -0.009279 0.299063 -0.141571
v -0.000000 0.299063 -0.141875
v 0.009279 0.299063 -0.141571
v 0.018518 0.299063 -0.140661
v 0.027678 0.299063 -0.139149
v 0.036720 0.299063 -0.137041
v 0.045604 0.299063 -0.134346
v 0.054293 0.299063 -0.131075
v 0.062750 0.299063 -0.127244
v 0.070938 0.299063 -0.122867
v 0.078822 0.299063 -0.117965
v 0.086368 0.299063 -0.112557
v 0.093545 0.299063 -0.106667
v 0.100321 0.299063 -0.100321
v 0.106667 0.299063 -0.093545
v 0.112557 0.299063 -0.086368
v 0.117965 0.299063 -0.078822
v 0.122867 0.299063 -0.070938
v 0.127244 0.299063 -0.062750
v 0.131075 0.299063 -0.054293
v 0.134346 0.299063 -0.045604
v 0.137041 0.299063 -0.036720
v 0.139149 0.299063 -0.027678
v 0.140661 0.299063 -0.018518
v 0.141571 0.299063 -0.009279
v 0.141680 0.240040 0.000000
v 0.141377 0.240040 0.009266
v 0.140468 0.240040 0.018493
v 0.138958 0.240040 0.027640
v 0.136852 0.240040 0.036669
v 0.134161 0.240040 0.045542
v 0.130895 0.240040 0.054219
v 0.127069 0.240040 0.062663
v 0.122698 0.240040 0.070840
v 0.117803 0.240040 0.078713
v 0.112402 0.240040 0.086249
v 0.106521 0.240040 0.093416
v 0.100183 0.240040 0.100183
v 0.093416 0.240040 0.106521
v 0.086249 0.240040 0.112402
v 0.078713 0.240040 0.117803
v 0.070840 0.240040 0.122698
v 0.062663 0.240040 0.127069
v 0.054219 0.240040 0.130895
v 0.045542 0.240040 0.134161
v 0.036669 0.240040 0.136852
v 0.027640 0.240040 0.138958
v 0.018493 0.240040 0.140468
v 0.009266 0.240040 0.141377
v 0.000000 0.240040 0.141680
v -0.009266 0.240040 0.141377
v -0.018493 0.240040 0.140468
v -0.027640 0.240040 0.138958
v -0.036669 0.240040 0.136852
v -0.045542 0.240040 0.134161
v -0.054219 0.240040 0.130895
v -0.062663 0.240040 0.127069
v -0.070840 0.240040 0.122698
v -0.078713 0.240040 0.117803
v -0.086249 0.240040 0.112402
v -0.093416 0.240040 0.106521
v -0.100183 0.240040 0.100183
v -0.106521 0.240040 0.093416
v -0.112402 0.240040 0.086249
v -0.117803 0.240040 0.078713
v -0.122698 0.240040 0.070840
v -0.127069 0.240040 0.062663
v -0.130895 0.240040 0.054219
v -0.134161 0.240040 0.045542
v -0.136852 0.240040 0.036669
v -0.138958 0.240040 0.027640
v -0.140468 0.240040 0.018493
v -0.141377 0.240040 0.009266
v -0.141680 0.240040 0.000000
v -0.141377 0.240040 -0.009266
v -0.140468 0.240040 -0.018493
v -0.138958 0.240040 -0.027640
v -0.136852 0.240040 -0.036669
v -0.134161 0.240040 -0.045542
v -0.130895 0.240040 -0.054219
v -0.127069 0.240040 -0.062663
v -0.122698 0.240040 -0.070840
v -0.117803 0.240040 -0.078713
v -0.112402 0.240040 -0.086249
v -0.106521 0.240040 -0.093416
v -0.100183 0.240040 -0.100183
v -0.093416 0.240040 -0.106521
v -0.086249 0.240040 -0.112402
v -0.078713 0.240040 -0.117803
v -0.070840 0.240040 -0.122698
v -0.062663 0.240040 -0.127069
v -0.054219 0.240040 -0.130895
v -0.045542 0.240040 -0.134161
v -0.036669 0.240040 -0.136852
v -0.027640 0.240040 -0.138958
v -0.018493 0.240040 -0.140468
v -0.009266 0.240040 -0.141377
v -0.000000 0.240040 -0.141680
v 0.009266 0.240040 -0.141377
v 0.018493 0.240040 -0.140468
v 0.027640 0.240040 -0.138958
v 0.036669 0.240040 -0.136852
v 0.045542 0.240040 -0.134161
v 0.054219 0.240040 -0.130895
v 0.062663 0.240040 -0.127069
v 0.070840 0.240040 -0.122698
v 0.078713 0.240040 -0.117803
v 0.086249 0.240040 -0.112402
v 0.093416 0.240040 -0.106521
v 0.100183 0.240040 -0.100183
v 0.106521 0.240040 -0.093416
v 0.112402 0.240040 -0.086249
v 0.117803 0.240040 -0.078713
v 0.122698 0.240040 -0.070840
v 0.127069 0.240040 -0.062663
v 0.130895 0.240040 -0.054219
v 0.134161 0.240040 -0.045542
v 0.136852 0.240040 -0.036669
v 0.138958 0.240040 -0.027640
v 0.140468 0.240040 -0.018493
v 0.141377 0.240040 -0.009266
v 0.141365 0.184057 0.000000
v 0.141062 0.184057 0.009246
v 0.140156 0.184057 0.018452
v 0.138649 0.184057 0.027579
v 0.136548 0.184057 0.036588
v 0.133863 0.184057 0.045440
v 0.130604 0.184057 0.054098
v 0.126786 0.184057 0.062524
v 0.122426 0.184057 0.070682
v 0.117541 0.184057 0.078538
v 0.112152 0.184057 0.086058
v 0.106284 0.184057 0.093208
v 0.099960 0.184057 0.099960
v 0.093208 0.184057 0.106284
v 0.086058 0.184057 0.112152
v 0.078538 0.184057 0.117541
v 0.070683 0.184057 0.122426
v 0.062524 0.184057 0.126786
v 0.054098 0.184057 0.130604
v 0.045440 0.184057 0.133863
v 0.036588 0.184057 0.136548
v 0.027579 0.184057 0.138649
v 0.018452 0.184057 0.140156
v 0.009246 0.184057 0.141062
v 0.000000 0.184057 0.141365
v -0.009246 0.184057 0.141062
v -0.018452 0.184057 0.140156
v -0.027579 0.184057 0.138649
v -0.036588 0.184057 0.136548
v -0.045440 0.184057 0.133863
v -0.054098 0.184057 0.130604
v -0.062524 0.184057 0.126786
v -0.070682 0.184057 0.122426
v -0.078538 0.184057 0.117541
v -0.086058 0.184057 0.112152
v -0.093208 0.184057 0.106284
v -0.099960 0.184057 0.099960
v -0.106284 0.184057 0.093208
v -0.112152 0.184057 0.086058
v -0.117541 0.184057 0.078538
v -0.122426 0.184057 0.070682
v -0.126786 0.184057 0.062524
v -0.130604 0.184057 0.054098
v -0.133863 0.184057 0.045440
v -0.136548 0.184057 0.036588
v -0.138649 0.184057 0.027579
v -0.140156 0.184057 0.018452
v -0.141062 0.184057 0.009246
v -0.141365 0.184057 0.000000
v -0.141062 0.184057 -0.009246
v -0.140156 0.184057 -0.018452
v -0.138649 0.184057 -0.027579
v -0.136548 0.184057 -0.036588
v -0.133863 0.184057 -0.045440
v -0.130604 0.184057 -0.054098
v -0.126786 0.184057 -0.062524
v -0.122426 0.184057 -0.070682
v -0.117541 0.184057 -0.078538
v -0.112152 0.184057 -0.086058
v -0.106284 0.184057 -0.093208
v -0.099960 0.184057 -0.099960
v -0.093208 0.184057 -0.106284
v -0.086058 0.184057 -0.112152
v -0.078538 0.184057 -0.117541
v -0.070683 0.184057 -0.122426
v -0.062524 0.184057 -0.126786
v -0.054098 0.184057 -0.130604
v -0.045440 0.184057 -0.133863
v -0.036588 0.184057 -0.136548
v -0.027579 0.184057 -0.138649
v -0.018452 0.184057 -0.140156
v -0.009246 0.184057 -0.141062
v -0.000000 0.184057 -0.141365
v 0.009246 0.184057 -0.141062
v 0.018452 0.184057 -0.140156
v 0.027579 0.184057 -0.138649
v 0.036588 0.184057 -0.136548
v 0.045440 0.184057 -0.133863
v 0.054098 0.184057 -0.130604
v 0.062524 0.184057 -0.126786
v 0.070683 0.184057 -0.122426
v 0.078538 0.184057 -0.117541
v 0.086058 0.184057 -0.112152
v 0.093208 0.184057 -0.106284
v 0.099960 0.184057 -0.099960
v 0.106284 0.184057 -0.093208
v 0.112152 0.184057 -0.086058
v 0.117541 0.184057 -0.078538
v 0.122426 0.184057 -0.070683
v 0.126786 0.184057 -0.062524
v 0.130604 0.184057 -0.054098
v 0.133863 0.184057 -0.045440
v 0.136548 0.184057 -0.036588
v 0.138649 0.184057 -0.027579
v 0.140156 0.184057 -0.018452
v 0.141062 0.184057 -0.009246
v 0.140960 0.133680 0.000000
v 0.140658 0.133680 0.009219
v 0.139754 0.133680 0.018399
v 0.138251 0.133680 0.027500
v 0.136157 0.133680 0.036483
v 0.133479 0.133680 0.045310
v 0.130230 0.133680 0.053943
v 0.126423 0.133680 0.062345
v 0.122075 0.133680 0.070480
v 0.117204 0.133680 0.078313
v 0.111831 0.133680 0.085811
v 0.105979 0.133680 0.092941
v 0.099674 0.133680 0.099674
v 0.092941 0.133680 0.105979
v 0.085811 0.133680 0.111831
v 0.078313 0.133680 0.117204
v 0.070480 0.133680 0.122075
v 0.062345 0.133680 0.126423
v 0.053943 0.133680 0.130230
v 0.045310 0.133680 0.133479
v 0.036483 0.133680 0.136157
v 0.027500 0.133680 0.138251
v 0.018399 0.133680 0.139754
v 0.009219 0.133680 0.140658
v 0.000000 0.133680 0.140960
v -0.009219 0.133680 0.140658
v -0.018399 0.133680 0.139754
v -0.027500 0.133680 0.138251
v -0.036483 0.133680 0.136157
v -0.045310 0.133680 0.133479
v -0.053943 0.133680 0.130230
v -0.062345 0.133680 0.126423
v -0.070480 0.133680 0.122075
v -0.078313 0.133680 0.117204
v -0.085811 0.133680 0.111831
v -0.092941 0.133680 0.105979
v -0.099674 0.133680 0.099674
v -0.105979 0.133680 0.092941
v -0.111831 0.133680 0.085811
v -0.117204 0.133680 0.078313
v -0.122075 0.133680 0.070480
v -0.126423 0.133680 0.062345
v -0.130230 0.133680 0.053943
v -0.133479 0.133680 0.045310
v -0.136157 0.133680 0.036483
v -0.138251 0.133680 0.027500
v -0.139754 0.133680 0.018399
v -0.140658 0.133680 0.009219
v -0.140960 0.133680 0.000000
v -0.140658 0.133680 -0.009219
v -0.139754 0.133680 -0.018399
v -0.138251 0.133680 -0.027500
v -0.136157 0.133680 -0.036483
v -0.133479 0.133680 -0.045310
v -0.130230 0.133680 -0.053943
v -0.126423 0.133680 -0.062345
v -0.122075 0.133680 -0.070480
v -0.117204 0.133680 -0.078313
v -0.111831 0.133680 -0.085811
v -0.105979 0.133680 -0.092941
v -0.099674 0.133680 -0.099674
v -0.092941 0.133680 -0.105979
v -0.085811 0.133680 -0.111831
v -0.078313 0.133680 -0.117204
v -0.070480 0.133680 -0.122075
v -0.062345 0.133680 -0.126423
v -0.053943 0.133680 -0.130230
v -0.045310 0.133680 -0.133479
v -0.036483 0.133680 -0.136157
v -0.027500 0.133680 -0.138251
v -0.018399 0.133680 -0.139754
v -0.009219 0.133680 -0.140658
v -0.000000 0.133680 -0.140960
v 0.009219 0.133680 -0.140658
v 0.018399 0.133680 -0.139754
v 0.027500 0.133680 -0.138251
v 0.036483 0.133680 -0.136157
v 0.045310 0.133680 -0.133479
v 0.053943 0.133680 -0.130230
v 0.062345 0.133680 -0.126423
v 0.070480 0.133680 -0.122075
v 0.078313 0.133680 -0.117204
v 0.085811 0.133680 -0.111831
v 0.092941 0.133680 -0.105979
v 0.099674 0.133680 -0.099674
v 0.105979 0.133680 -0.092941
v 0.111831 0.133680 -0.085811
v 0.117204 0.133680 -0.078313
v 0.122075 0.133680 -0.070480
v 0.126423 0.133680 -0.062345
v 0.130230 0.133680 -0.053943
v 0.133479 0.133680 -0.045310
v 0.136157 0.133680 -0.036483
v 0.138251 0.133680 -0.027500
v 0.139754 0.133680 -0.018399
v 0.140658 0.133680 -0.009219
v 0.140495 0.091473 0.000000
v 0.140194 0.091473 0.009189
v 0.139293 0.091473 0.018338
v 0.137795 0.091473 0.027409
v 0.135708 0.091473 0.036363
v 0.133039 0.091473 0.045161
v 0.129800 0.091473 0.053765
v 0.126006 0.091473 0.062139
v 0.121672 0.091473 0.070247
v 0.116817 0.091473 0.078055
v 0.111462 0.091473 0.085528
v 0.105630 0.091473 0.092635
v 0.099345 0.091473 0.099345
v 0.092635 0.091473 0.105630
v 0.085528 0.091473 0.111462
v 0.078055 0.091473 0.116817
v 0.070248 0.091473 0.121672
v 0.062139 0.091473 0.126006
v 0.053765 0.091473 0.129800
v 0.045161 0.091473 0.133039
v 0.036363 0.091473 0.135708
v 0.027409 0.091473 0.137795
v 0.018338 0.091473 0.139293
v 0.009189 0.091473 0.140194
v 0.000000 0.091473 0.140495
v -0.009189 0.091473 0.140194
v -0.018338 0.091473 0.139293
v -0.027409 0.091473 0.137795
v -0.036363 0.091473 0.135708
v -0.045161 0.091473 0.133039
v -0.053765 0.091473 0.129800
v -0.062139 0.091473 0.126006
v -0.070247 0.091473 0.121672
v -0.078055 0.091473 0.116817
v -0.085528 0.091473 0.111462
v -0.092635 0.091473 0.105630
v -0.099345 0.091473 0.099345
v -0.105630 0.091473 0.092635
v -0.111462 0.091473 0.085528
v -0.116817 0.091473 0.078055
v -0.121672 0.091473 0.070247
v -0.126006 0.091473 0.062139
v -0.129800 0.091473 0.053765
v -0.133039 0.091473 0.045161
v -0.135708 0.091473 0.036363
v -0.137795 0.091473 0.027409
v -0.139293 0.091473 0.018338
v -0.140194 0.091473 0.009189
v -0.140495 0.091473 0.000000
v -0.140194 0.091473 -0.009189
v -0.139293 0.091473 -0.018338
v -0.137795 0.091473 -0.027409
v -0.135708 0.091473 -0.036363
v -0.133039 0.091473 -0.045161
v -0.129800 0.091473 -0.053765
v -0.126006 0.091473 -0.062139
v -0.121672 0.091473 -0.070247
v -0.116817 0.091473 -0.078055
v -0.111462 0.091473 -0.085528
v -0.105630 0.091473 -0.092635
v -0.099345 0.091473 -0.099345
v -0.092635 0.091473 -0.105630
v -0.085528 0.091473 -0.111462
v -0.078055 0.091473 -0.116817
v -0.070248 0.091473 -0.121672
v -0.062139 0.091473 -0.126006
v -0.053765 0.091473 -0.129800
v -0.045161 0.091473 -0.133039
v -0.036363 0.091473 -0.135708
v -0.027409 0.091473 -0.137795
v -0.018338 0.091473 -0.139293
v -0.009189 0.091473 -0.140194
v -0.000000 0.091473 -0.140495
v 0.009189 0.091473 -0.140194
v 0.018338 0.091473 -0.139293
v 0.027409 0.091473 -0.137795
v 0.036363 0.091473 -0.135708
v 0.045161 0.091473 -0.133039
v 0.053765 0.091473 -0.129800
v 0.062139 0.091473 -0.126006
v 0.070248 0.091473 -0.121672
v 0.078055 0.091473 -0.116817
v 0.085528 0.091473 -0.111462
v 0.092635 0.091473 -0.105630
v 0.099345 0.091473 -0.099345
v 0.105630 0.091473 -0.092635
v 0.111462 0.091473 -0.085528
v 0.116817 0.091473 -0.078055
v 0.121672 0.091473 -0.070248
v 0.126006 0.091473 -0.062139
v 0.129800 0.091473 -0.053765
v 0.133039 0.091473 -0.045161
v 0.135708 0.091473 -0.036363
v 0.137795 0.091473 -0.027409
v 0.139293 0.091473 -0.018338
v 0.140194 0.091473 -0.009189
v 0.140000 0.060000 0.000000
v 0.139700 0.060000 0.009156
v 0.138802 0.060000 0.018274
v 0.137310 0.060000 0.027313
v 0.135230 0.060000 0.036235
v 0.132570 0.060000 0.045002
v 0.129343 0.060000 0.053576
v 0.125562 0.060000 0.061920
v 0.121244 0.060000 0.070000
v 0.116406 0.060000 0.077780
v 0.111069 0.060000 0.085227
v 0.105258 0.060000 0.092308
v 0.098995 0.060000 0.098995
v 0.092308 0.060000 0.105258
v 0.085227 0.060000 0.111069
v 0.077780 0.060000 0.116406
v 0.070000 0.060000 0.121244
v 0.061920 0.060000 0.125562
v 0.053576 0.060000 0.129343
v 0.045002 0.060000 0.132570
v 0.036235 0.060000 0.135230
v 0.027313 0.060000 0.137310
v 0.018274 0.060000 0.138802
v 0.009156 0.060000 0.139700
v 0.000000 0.060000 0.140000
v -0.009156 0.060000 0.139700
v -0.018274 0.060000 0.138802
v -0.027313 0.060000 0.137310
v -0.036235 0.060000 0.135230
v -0.045002 0.060000 0.132570
v -0.053576 0.060000 0.129343
v -0.061920 0.060000 0.125562
v -0.070000 0.060000 0.121244
v -0.077780 0.060000 0.116406
v -0.085227 0.060000 0.111069
v -0.092308 0.060000 0.105258
v -0.098995 0.060000 0.098995
v -0.105258 0.060000 0.092308
v -0.111069 0.060000 0.085227
v -0.116406 0.060000 0.077780
v -0.121244 0.060000 0.070000
v -0.125562 0.060000 0.061920
v -0.129343 0.060000 0.053576
v -0.132570 0.060000 0.045002
v -0.135230 0.060000 0.036235
v -0.137310 0.060000 0.027313
v -0.138802 0.060000 0.018274
v -0.139700 0.060000 0.009156
v -0.140000 0.060000 0.000000
v -0.139700 0.060000 -0.009156
v -0.138802 0.060000 -0.018274
v -0.137310 0.060000 -0.027313
v -0.135230 0.060000 -0.036235
v -0.132570 0.060000 -0.045002
v -0.129343 0.060000 -0.053576
v -0.125562 0.060000 -0.061920
v -0.121244 0.060000 -0.070000
v -0.116406 0.060000 -0.077780
v -0.111069 0.060000 -0.085227
v -0.105258 0.060000 -0.092308
v -0.098995 0.060000 -0.098995
v -0.092308 0.060000 -0.105258
v -0.085227 0.060000 -0.111069
v -0.077780 0.060000 -0.116406
v -0.070000 0.060000 -0.121244
v -0.061920 0.060000 -0.125562
v -0.053576 0.060000 -0.129343
v -0.045002 0.060000 -0.132570
v -0.036235 0.060000 -0.135230
v -0.027313 0.060000 -0.137310
v -0.018274 0.060000 -0.138802
v -0.009156 0.060000 -0.139700
v -0.000000 0.060000 -0.140000
v 0.009156 0.060000 -0.139700
v 0.018274 0.060000 -0.138802
v 0.027313 0.060000 -0.137310
v 0.036235 0.060000 -0.135230
v 0.045002 0.060000 -0.132570
v 0.053576 0.060000 -0.129343
v 0.061920 0.060000 -0.125562
v 0.070000 0.060000 -0.121244
v 0.077780 0.060000 -0.116406
v 0.085227 0.060000 -0.111069
v 0.092308 0.060000 -0.105258
v 0.098995 0.060000 -0.098995
v 0.105258 0.060000 -0.092308
v 0.111069 0.060000 -0.085227
v 0.116406 0.060000 -0.077780
v 0.121244 0.060000 -0.070000
v 0.125562 0.060000 -0.061920
v 0.129343 0.060000 -0.053576
v 0.132570 0.060000 -0.045002
v 0.135230 0.060000 -0.036235
v 0.137310 0.060000 -0.027313
v 0.138802 0.060000 -0.018274
v 0.139700 0.060000 -0.009156
v 0.139360 0.039195 0.000000
v 0.139062 0.039195 0.009115
v 0.138168 0.039195 0.018190
v 0.136682 0.039195 0.027188
v 0.134611 0.039195 0.036069
v 0.131964 0.039195 0.044796
v 0.128752 0.039195 0.053331
v 0.124988 0.039195 0.061637
v 0.120689 0.039195 0.069680
v 0.115874 0.039195 0.077424
v 0.110562 0.039195 0.084837
v 0.104776 0.039195 0.091886
v 0.098542 0.039195 0.098542
v 0.091886 0.039195 0.104776
v 0.084837 0.039195 0.110562
v 0.077424 0.039195 0.115874
v 0.069680 0.039195 0.120689
v 0.061637 0.039195 0.124988
v 0.053331 0.039195 0.128752
v 0.044796 0.039195 0.131964
v 0.036069 0.039195 0.134611
v 0.027188 0.039195 0.136682
v 0.018190 0.039195 0.138168
v 0.009115 0.039195 0.139062
v 0.000000 0.039195 0.139360
v -0.009115 0.039195 0.139062
v -0.018190 0.039195 0.138168
v -0.027188 0.039195 0.136682
v -0.036069 0.039195 0.134611
v -0.044796 0.039195 0.131964
v -0.053331 0.039195 0.128752
v -0.061637 0.039195 0.124988
v -0.069680 0.039195 0.120689
v -0.077424 0.039195 0.115874
v -0.084837 0.039195 0.110562
v -0.091886 0.039195 0.104776
v -0.098542 0.039195 0.098542
v -0.104776 0.039195 0.091886
v -0.110562 0.039195 0.084837
v -0.115874 0.039195 0.077424
v -0.120689 0.039195 0.069680
v -0.124988 0.039195 0.061637
v -0.128752 0.039195 0.053331
v -0.131964 0.039195 0.044796
v -0.134611 0.039195 0.036069
v -0.136682 0.039195 0.027188
v -0.138168 0.039195 0.018190
v -0.139062 0.039195 0.009115
v -0.139360 0.039195 0.000000
v -0.139062 0.039195 -0.009115
v -0.138168 0.039195 -0.018190
v -0.136682 0.039195 -0.027188
v -0.134611 0.039195 -0.036069
v -0.131964 0.039195 -0.044796
v -0.128752 0.039195 -0.053331
v -0.124988 0.039195 -0.061637
v -0.120689 0.039195 -0.069680
v -0.115874 0.039195 -0.077424
v -0.110562 0.039195 -0.084837
v -0.104776 0.039195 -0.091886
v -0.098542 0.039195 -0.098542
v -0.091886 0.039195 -0.104776
v -0.084837 0.039195 -0.110562
v -0.077424 0.039195 -0.115874
v -0.069680 0.039195 -0.120689
v -0.061637 0.039195 -0.124988
v -0.053331 0.039195 -0.128752
v -0.044796 0.039195 -0.131964
v -0.036069 0.039195 -0.134611
v -0.027188 0.039195 -0.136682
v -0.018190 0.039195 -0.138168
v -0.009115 0.039195 -0.139062
v -0.000000 0.039195 -0.139360
v 0.009115 0.039195 -0.139062
v 0.018190 0.039195 -0.138168
v 0.027188 0.039195 -0.136682
v 0.036069 0.039195 -0.134611
v 0.044796 0.039195 -0.131964
v 0.053331 0.039195 -0.128752
v 0.061637 0.039195 -0.124988
v 0.069680 0.039195 -0.120689
v 0.077424 0.039195 -0.115874
v 0.084837 0.039195 -0.110562
v 0.091886 0.039195 -0.104776
v 0.098542 0.039195 -0.098542
v 0.104776 0.039195 -0.091886
v 0.110562 0.039195 -0.084837
v 0.115874 0.039195 -0.077424
v 0.120689 0.039195 -0.069680
v 0.124988 0.039195 -0.061637
v 0.128752 0.039195 -0.053331
v 0.131964 0.039195 -0.044796
v 0.134611 0.039195 -0.036069
v 0.136682 0.039195 -0.027188
v 0.138168 0.039195 -0.018190
v 0.139062 0.039195 -0.009115
v 0.138480 0.026360 0.000000
v 0.138184 0.026360 0.009057
v 0.137295 0.026360 0.018075
v 0.135819 0.026360 0.027016
v 0.133761 0.026360 0.035841
v 0.131131 0.026360 0.044513
v 0.127939 0.026360 0.052994
v 0.124199 0.026360 0.061248
v 0.119927 0.026360 0.069240
v 0.115142 0.026360 0.076935
v 0.109864 0.026360 0.084301
v 0.104115 0.026360 0.091306
v 0.097920 0.026360 0.097920
v 0.091306 0.026360 0.104115
v 0.084301 0.026360 0.109864
v 0.076935 0.026360 0.115142
v 0.069240 0.026360 0.119927
v 0.061248 0.026360 0.124199
v 0.052994 0.026360 0.127939
v 0.044513 0.026360 0.131131
v 0.035841 0.026360 0.133761
v 0.027016 0.026360 0.135819
v 0.018075 0.026360 0.137295
v 0.009057 0.026360 0.138184
v 0.000000 0.026360 0.138480
v -0.009057 0.026360 0.138184
v -0.018075 0.026360 0.137295
v -0.027016 0.026360 0.135819
v -0.035841 0.026360 0.133761
v -0.044513 0.026360 0.131131
v -0.052994 0.026360 0.127939
v -0.061248 0.026360 0.124199
v -0.069240 0.026360 0.119927
v -0.076935 0.026360 0.115142
v -0.084301 0.026360 0.109864
v -0.091306 0.026360 0.104115
v -0.097920 0.026360 0.097920
v -0.104115 0.026360 0.091306
v -0.109864 0.026360 0.084301
v -0.115142 0.026360 0.076935
v -0.119927 0.026360 0.069240
v -0.124199 0.026360 0.061248
v -0.127939 0.026360 0.052994
v -0.131131 0.026360 0.044513
v -0.133761 0.026360 0.035841
v -0.135819 0.026360 0.027016
v -0.137295 0.026360 0.018075
v -0.138184 0.026360 0.009057
v -0.138480 0.026360 0.000000
v -0.138184 0.026360 -0.009057
v -0.137295 0.026360 -0.018075
v -0.135819 0.026360 -0.027016
v -0.133761 0.026360 -0.035841
v -0.131131 0.026360 -0.044513
v -0.127939 0.026360 -0.052994
v -0.124199 0.026360 -0.061248
v -0.119927 0.026360 -0.069240
v -0.115142 0.026360 -0.076935
v -0.109864 0.026360 -0.084301
v -0.104115 0.026360 -0.091306
v -0.097920 0.026360 -0.097920
v -0.091306 0.026360 -0.104115
v -0.084301 0.026360 -0.109864
v -0.076935 0.026360 -0.115142
v -0.069240 0.026360 -0.119927
v -0.061248 0.026360 -0.124199
v -0.052994 0.026360 -0.127939
v -0.044513 0.026360 -0.131131
v -0.035841 0.026360 -0.133761
v -0.027016 0.026360 -0.135819
v -0.018075 0.026360 -0.137295
v -0.009057 0.026360 -0.138184
v -0.000000 0.026360 -0.138480
v 0.009057 0.026360 -0.138184
v 0.018075 0.026360 -0.137295
v 0.027016 0.026360 -0.135819
v 0.035841 0.026360 -0.133761
v 0.044513 0.026360 -0.131131
v 0.052994 0.026360 -0.127939
v 0.061248 0.026360 -0.124199
v 0.069240 0.026360 -0.119927
v 0.076935 0.026360 -0.115142
v 0.084301 0.026360 -0.109864
v 0.091306 0.026360 -0.104115
v 0.097920 0.026360 -0.097920
v 0.104115 0.026360 -0.091306
v 0.109864 0.026360 -0.084301
v 0.115142 0.026360 -0.076935
v 0.119927 0.026360 -0.069240
v 0.124199 0.026360 -0.061248
v 0.127939 0.026360 -0.052994
v 0.131131 0.026360 -0.044513
v 0.133761 0.026360 -0.035841
v 0.135819 0.026360 -0.027016
v 0.137295 0.026360 -0.018075
v 0.138184 0.026360 -0.009057
v 0.137420 0.020115 0.000000
v 0.137126 0.020115 0.008988
v 0.136244 0.020115 0.017937
v 0.134780 0.020115 0.026809
v 0.132738 0.020115 0.035567
v 0.130127 0.020115 0.044172
v 0.126960 0.020115 0.052588
v 0.123248 0.020115 0.060779
v 0.119009 0.020115 0.068710
v 0.114261 0.020115 0.076346
v 0.109023 0.020115 0.083656
v 0.103318 0.020115 0.090607
v 0.097171 0.020115 0.097171
v 0.090607 0.020115 0.103318
v 0.083656 0.020115 0.109023
v 0.076346 0.020115 0.114261
v 0.068710 0.020115 0.119009
v 0.060779 0.020115 0.123248
v 0.052588 0.020115 0.126960
v 0.044172 0.020115 0.130127
v 0.035567 0.020115 0.132738
v 0.026809 0.020115 0.134780
v 0.017937 0.020115 0.136244
v 0.008988 0.020115 0.137126
v 0.000000 0.020115 0.137420
v -0.008988 0.020115 0.137126
v -0.017937 0.020115 0.136244
v -0.026809 0.020115 0.134780
v -0.035567 0.020115 0.132738
v -0.044172 0.020115 0.130127
v -0.052588 0.020115 0.126960
v -0.060779 0.020115 0.123248
v -0.068710 0.020115 0.119009
v -0.076346 0.020115 0.114261
v -0.083656 0.020115 0.109023
v -0.090607 0.020115 0.103318
v -0.097171 0.020115 0.097171
v -0.103318 0.020115 0.090607
v -0.109023 0.020115 0.083656
v -0.114261 0.020115 0.076346
v -0.119009 0.020115 0.068710
v -0.123248 0.020115 0.060779
v -0.126960 0.020115 0.052588
v -0.130127 0.020115 0.044172
v -0.132738 0.020115 0.035567
v -0.134780 0.020115 0.026809
v -0.136244 0.020115 0.017937
v -0.137126 0.020115 0.008988
v -0.137420 0.020115 0.000000
v -0.137126 0.020115 -0.008988
v -0.136244 0.020115 -0.017937
v -0.134780 0.020115 -0.026809
v -0.132738 0.020115 -0.035567
v -0.130127 0.020115 -0.044172
v -0.126960 0.020115 -0.052588
v -0.123248 0.020115 -0.060779
v -0.119009 0.020115 -0.068710
v -0.114261 0.020115 -0.076346
v -0.109023 0.020115 -0.083656
v -0.103318 0.020115 -0.090607
v -0.097171 0.020115 -0.097171
v -0.090607 0.020115 -0.103318
v -0.083656 0.020115 -0.109023
v -0.076346 0.020115 -0.114261
v -0.068710 0.020115 -0.119009
v -0.060779 0.020115 -0.123248
v -0.052588 0.020115 -0.126960
v -0.044172 0.020115 -0.130127
v -0.035567 0.020115 -0.132738
v -0.026809 0.020115 -0.134780
v -0.017937 0.020115 -0.136244
v -0.008988 0.020115 -0.137126
v -0.000000 0.020115 -0.137420
v 0.008988 0.020115 -0.137126
v 0.017937 0.020115 -0.136244
v 0.026809 0.020115 -0.134780
v 0.035567 0.020115 -0.132738
v 0.044172 0.020115 -0.130127
v 0.052588 0.020115 -0.126960
v 0.060779 0.020115 -0.123248
v 0.068710 0.020115 -0.119009
v 0.076346 0.020115 -0.114261
v 0.083656 0.020115 -0.109023
v 0.090607 0.020115 -0.103318
v 0.097171 0.020115 -0.097171
v 0.103318 0.020115 -0.090607
v 0.109023 0.020115 -0.083656
v 0.114261 0.020115 -0.076346
v 0.119009 0.020115 -0.068710
v 0.123248 0.020115 -0.060779
v 0.126960 0.020115 -0.052588
v 0.130127 0.020115 -0.044172
v 0.132738 0.020115 -0.035567
v 0.134780 0.020115 -0.026809
v 0.136244 0.020115 -0.017937
v 0.137126 0.020115 -0.008988
v 0.136240 0.019080 0.000000
v 0.135948 0.019080 0.008911
v 0.135074 0.019080 0.017783
v 0.133622 0.019080 0.026579
v 0.131598 0.019080 0.035262
v 0.129010 0.019080 0.043793
v 0.125869 0.019080 0.052137
v 0.122190 0.019080 0.060257
v 0.117987 0.019080 0.068120
v 0.113279 0.019080 0.075691
v 0.108086 0.019080 0.082938
v 0.102431 0.019080 0.089829
v 0.096336 0.019080 0.096336
v 0.089829 0.019080 0.102431
v 0.082938 0.019080 0.108086
v 0.075691 0.019080 0.113279
v 0.068120 0.019080 0.117987
v 0.060257 0.019080 0.122190
v 0.052137 0.019080 0.125869
v 0.043793 0.019080 0.129010
v 0.035262 0.019080 0.131598
v 0.026579 0.019080 0.133622
v 0.017783 0.019080 0.135074
v 0.008911 0.019080 0.135948
v 0.000000 0.019080 0.136240
v -0.008911 0.019080 0.135948
v -0.017783 0.019080 0.135074
v -0.026579 0.019080 0.133622
v -0.035262 0.019080 0.131598
v -0.043793 0.019080 0.129010
v -0.052137 0.019080 0.125869
v -0.060257 0.019080 0.122190
v -0.068120 0.019080 0.117987
v -0.075691 0.019080 0.113279
v -0.082938 0.019080 0.108086
v -0.089829 0.019080 0.102431
v -0.096336 0.019080 0.096336
v -0.102431 0.019080 0.089829
v -0.108086 0.019080 0.082938
v -0.113279 0.019080 0.075691
v -0.117987 0.019080 0.068120
v -0.122190 0.019080 0.060257
v -0.125869 0.019080 0.052137
v -0.129010 0.019080 0.043793
v -0.131598 0.019080 0.035262
v -0.133622 0.019080 0.026579
v -0.135074 0.019080 0.017783
v -0.135948 0.019080 0.008911
v -0.136240 0.019080 0.000000
v -0.135948 0.019080 -0.008911
v -0.135074 0.019080 -0.017783
v -0.133622 0.019080 -0.026579
v -0.131598 0.019080 -0.035262
v -0.129010 0.019080 -0.043793
v -0.125869 0.019080 -0.052137
v -0.122190 0.019080 -0.060257
v -0.117987 0.019080 -0.068120
v -0.113279 0.019080 -0.075691
v -0.108086 0.019080 -0.082938
v -0.102431 0.019080 -0.089829
v -0.096336 0.019080 -0.096336
v -0.089829 0.019080 -0.102431
v -0.082938 0.019080 -0.108086
v -0.075691 0.019080 -0.113279
v -0.068120 0.019080 -0.117987
v -0.060257 0.019080 -0.122190
v -0.052137 0.019080 -0.125869
v -0.043793 0.019080 -0.129010
v -0.035262 0.019080 -0.131598
v -0.026579 0.019080 -0.133622
v -0.017783 0.019080 -0.135074
v -0.008911 0.019080 -0.135948
v -0.000000 0.019080 -0.136240
v 0.008911 0.019080 -0.135948
v 0.017783 0.019080 -0.135074
v 0.026579 0.019080 -0.133622
v 0.035262 0.019080 -0.131598
v 0.043793 0.019080 -0.129010
v 0.052137 0.019080 -0.125869
v 0.060257 0.019080 -0.122190
v 0.068120 0.019080 -0.117987
v 0.075691 0.019080 -0.113279
v 0.082938 0.019080 -0.108086
v 0.089829 0.019080 -0.102431
v 0.096336 0.019080 -0.096336
v 0.102431 0.019080 -0.089829
v 0.108086 0.019080 -0.082938
v 0.113279 0.019080 -0.075691
v 0.117987 0.019080 -0.068120
v 0.122190 0.019080 -0.060257
v 0.125869 0.019080 -0.052137
v 0.129010 0.019080 -0.043793
v 0.131598 0.019080 -0.035262
v 0.133622 0.019080 -0.026579
v 0.135074 0.019080 -0.017783
v 0.135948 0.019080 -0.008911
v 0.135000 0.021875 0.000000
v 0.134711 0.021875 0.008829
v 0.133845 0.021875 0.017621
v 0.132406 0.021875 0.026337
v 0.130400 0.021875 0.034941
v 0.127836 0.021875 0.043394
v 0.124724 0.021875 0.051662
v 0.121078 0.021875 0.059709
v 0.116913 0.021875 0.067500
v 0.112248 0.021875 0.075002
v 0.107103 0.021875 0.082183
v 0.101498 0.021875 0.089012
v 0.095459 0.021875 0.095459
v 0.089012 0.021875 0.101498
v 0.082183 0.021875 0.107103
v 0.075002 0.021875 0.112248
v 0.067500 0.021875 0.116913
v 0.059709 0.021875 0.121078
v 0.051662 0.021875 0.124724
v 0.043394 0.021875 0.127836
v 0.034941 0.021875 0.130400
v 0.026337 0.021875 0.132406
v 0.017621 0.021875 0.133845
v 0.008829 0.021875 0.134711
v 0.000000 0.021875 0.135000
v -0.008829 0.021875 0.134711
v -0.017621 0.021875 0.133845
v -0.026337 0.021875 0.132406
v -0.034941 0.021875 0.130400
v -0.043394 0.021875 0.127836
v -0.051662 0.021875 0.124724
v -0.059709 0.021875 0.121078
v -0.067500 0.021875 0.116913
v -0.075002 0.021875 0.112248
v -0.082183 0.021875 0.107103
v -0.089012 0.021875 0.101498
v -0.095459 0.021875 0.095459
v -0.101498 0.021875 0.089012
v -0.107103 0.021875 0.082183
v -0.112248 0.021875 0.075002
v -0.116913 0.021875 0.067500
v -0.121078 0.021875 0.059709
v -0.124724 0.021875 0.051662
v -0.127836 0.021875 0.043394
v -0.130400 0.021875 0.034941
v -0.132406 0.021875 0.026337
v -0.133845 0.021875 0.017621
v -0.134711 0.021875 0.008829
v -0.135000 0.021875 0.000000
v -0.134711 0.021875 -0.008829
v -0.133845 0.021875 -0.017621
v -0.132406 0.021875 -0.026337
v -0.130400 0.021875 -0.034941
v -0.127836 0.021875 -0.043394
v -0.124724 0.021875 -0.051662
v -0.121078 0.021875 -0.059709
v -0.116913 0.021875 -0.067500
v -0.112248 0.021875 -0.075002
v -0.107103 0.021875 -0.082183
v -0.101498 0.021875 -0.089012
v -0.095459 0.021875 -0.095459
v -0.089012 0.021875 -0.101498
v -0.082183 0.021875 -0.107103
v -0.075002 0.021875 -0.112248
v -0.067500 0.021875 -0.116913
v -0.059709 0.021875 -0.121078
v -0.051662 0.021875 -0.124724
v -0.043394 0.021875 -0.127836
v -0.034941 0.021875 -0.130400
v -0.026337 0.021875 -0.132406
v -0.017621 0.021875 -0.133845
v -0.008829 0.021875 -0.134711
v -0.000000 0.021875 -0.135000
v 0.008829 0.021875 -0.134711
v 0.017621 0.021875 -0.133845
v 0.026337 0.021875 -0.132406
v 0.034941 0.021875 -0.130400
v 0.043394 0.021875 -0.127836
v 0.051662 0.021875 -0.124724
v 0.059709 0.021875 -0.121078
v 0.067500 0.021875 -0.116913
v 0.075002 0.021875 -0.112248
v 0.082183 0.021875 -0.107103
v 0.089012 0.021875 -0.101498
v 0.095459 0.021875 -0.095459
v 0.101498 0.021875 -0.089012
v 0.107103 0.021875 -0.082183
v 0.112248 0.021875 -0.075002
v 0.116913 0.021875 -0.067500
v 0.121078 0.021875 -0.059709
v 0.124724 0.021875 -0.051662
v 0.127836 0.021875 -0.043394
v 0.130400 0.021875 -0.034941
v 0.132406 0.021875 -0.026337
v 0.133845 0.021875 -0.017621
v 0.134711 0.021875 -0.008829
v 0.133760 0.027120 0.000000
v 0.133474 0.027120 0.008748
v 0.132616 0.027120 0.017459
v 0.131190 0.027120 0.026095
v 0.129202 0.027120 0.034620
v 0.126661 0.027120 0.042996
v 0.123578 0.027120 0.051188
v 0.119966 0.027120 0.059161
v 0.115840 0.027120 0.066880
v 0.111217 0.027120 0.074313
v 0.106119 0.027120 0.081428
v 0.100566 0.027120 0.088194
v 0.094583 0.027120 0.094583
v 0.088194 0.027120 0.100566
v 0.081428 0.027120 0.106119
v 0.074313 0.027120 0.111217
v 0.066880 0.027120 0.115840
v 0.059161 0.027120 0.119966
v 0.051188 0.027120 0.123578
v 0.042996 0.027120 0.126661
v 0.034620 0.027120 0.129202
v 0.026095 0.027120 0.131190
v 0.017459 0.027120 0.132616
v 0.008748 0.027120 0.133474
v 0.000000 0.027120 0.133760
v -0.008748 0.027120 0.133474
v -0.017459 0.027120 0.132616
v -0.026095 0.027120 0.131190
v -0.034620 0.027120 0.129202
v -0.042996 0.027120 0.126661
v -0.051188 0.027120 0.123578
v -0.059161 0.027120 0.119966
v -0.066880 0.027120 0.115840
v -0.074313 0.027120 0.111217
v -0.081428 0.027120 0.106119
v -0.088194 0.027120 0.100566
v -0.094583 0.027120 0.094583
v -0.100566 0.027120 0.088194
v -0.106119 0.027120 0.081428
v -0.111217 0.027120 0.074313
v -0.115840 0.027120 0.066880
v -0.119966 0.027120 0.059161
v -0.123578 0.027120 0.051188
v -0.126661 0.027120 0.042996
v -0.129202 0.027120 0.034620
v -0.131190 0.027120 0.026095
v -0.132616 0.027120 0.017459
v -0.133474 0.027120 0.008748
v -0.133760 0.027120 0.000000
v -0.133474 0.027120 -0.008748
v -0.132616 0.027120 -0.017459
v -0.131190 0.027120 -0.026095
v -0.129202 0.027120 -0.034620
v -0.126661 0.027120 -0.042996
v -0.123578 0.027120 -0.051188
v -0.119966 0.027120 -0.059161
v -0.115840 0.027120 -0.066880
v -0.111217 0.027120 -0.074313
v -0.106119 0.027120 -0.081428
v -0.100566 0.027120 -0.088194
v -0.094583 0.027120 -0.094583
v -0.088194 0.027120 -0.100566
v -0.081428 0.027120 -0.106119
v -0.074313 0.027120 -0.111217
v -0.066880 0.027120 -0.115840
v -0.059161 0.027120 -0.119966
v -0.051188 0.027120 -0.123578
v -0.042996 0.027120 -0.126661
v -0.034620 0.027120 -0.129202
v -0.026095 0.027120 -0.131190
v -0.017459 0.027120 -0.132616
v -0.008748 0.027120 -0.133474
v -0.000000 0.027120 -0.133760
v 0.008748 0.027120 -0.133474
v 0.017459 0.027120 -0.132616
v 0.026095 0.027120 -0.131190
v 0.034620 0.027120 -0.129202
v 0.042996 0.027120 -0.126661
v 0.051188 0.027120 -0.123578
v 0.059161 0.027120 -0.119966
v 0.066880 0.027120 -0.115840
v 0.074313 0.027120 -0.111217
v 0.081428 0.027120 -0.106119
v 0.088194 0.027120 -0.100566
v 0.094583 0.027120 -0.094583
v 0.100566 0.027120 -0.088194
v 0.106119 0.027120 -0.081428
v 0.111217 0.027120 -0.074313
v 0.115840 0.027120 -0.066880
v 0.119966 0.027120 -0.059161
v 0.123578 0.027120 -0.051188
v 0.126661 0.027120 -0.042996
v 0.129202 0.027120 -0.034620
v 0.131190 0.027120 -0.026095
v 0.132616 0.027120 -0.017459
v 0.133474 0.027120 -0.008748
v 0.132580 0.033435 0.000000
v 0.132296 0.033435 0.008671
v 0.131446 0.033435 0.017305
v 0.130033 0.033435 0.025865
v 0.128062 0.033435 0.034314
v 0.125544 0.033435 0.042616
v 0.122488 0.033435 0.050736
v 0.118907 0.033435 0.058639
v 0.114818 0.033435 0.066290
v 0.110236 0.033435 0.073658
v 0.105183 0.033435 0.080710
v 0.099679 0.033435 0.087416
v 0.093748 0.033435 0.093748
v 0.087416 0.033435 0.099679
v 0.080710 0.033435 0.105183
v 0.073658 0.033435 0.110236
v 0.066290 0.033435 0.114818
v 0.058639 0.033435 0.118907
v 0.050736 0.033435 0.122488
v 0.042616 0.033435 0.125544
v 0.034314 0.033435 0.128062
v 0.025865 0.033435 0.130033
v 0.017305 0.033435 0.131446
v 0.008671 0.033435 0.132296
v 0.000000 0.033435 0.132580
v -0.008671 0.033435 0.132296
v -0.017305 0.033435 0.131446
v -0.025865 0.033435 0.130033
v -0.034314 0.033435 0.128062
v -0.042616 0.033435 0.125544
v -0.050736 0.033435 0.122488
v -0.058639 0.033435 0.118907
v -0.066290 0.033435 0.114818
v -0.073658 0.033435 0.110236
v -0.080710 0.033435 0.105183
v -0.087416 0.033435 0.099679
v -0.093748 0.033435 0.093748
v -0.099679 0.033435 0.087416
v -0.105183 0.033435 0.080710
v -0.110236 0.033435 0.073658
v -0.114818 0.033435 0.066290
v -0.118907 0.033435 0.058639
v -0.122488 0.033435 0.050736
v -0.125544 0.033435 0.042616
v -0.128062 0.033435 0.034314
v -0.130033 0.033435 0.025865
v -0.131446 0.033435 0.017305
v -0.132296 0.033435 0.008671
v -0.132580 0.033435 0.000000
v -0.132296 0.033435 -0.008671
v -0.131446 0.033435 -0.017305
v -0.130033 0.033435 -0.025865
v -0.128062 0.033435 -0.034314
v -0.125544 0.033435 -0.042616
v -0.122488 0.033435 -0.050736
v -0.118907 0.033435 -0.058639
v -0.114818 0.033435 -0.066290
v -0.110236 0.033435 -0.073658
v -0.105183 0.033435 -0.080710
v -0.099679 0.033435 -0.087416
v -0.093748 0.033435 -0.093748
v -0.087416 0.033435 -0.099679
v -0.080710 0.033435 -0.105183
v -0.073658 0.033435 -0.110236
v -0.066290 0.033435 -0.114818
v -0.058639 0.033435 -0.118907
v -0.050736 0.033435 -0.122488
v -0.042616 0.033435 -0.125544
v -0.034314 0.033435 -0.128062
v -0.025865 0.033435 -0.130033
v -0.017305 0.033435 -0.131446
v -0.008671 0.033435 -0.132296
v -0.000000 0.033435 -0.132580
v 0.008671 0.033435 -0.132296
v 0.017305 0.033435 -0.131446
v 0.025865 0.033435 -0.130033
v 0.034314 0.033435 -0.128062
v 0.042616 0.033435 -0.125544
v 0.050736 0.033435 -0.122488
v 0.058639 0.033435 -0.118907
v 0.066290 0.033435 -0.114818
v 0.073658 0.033435 -0.110236
v 0.080710 0.033435 -0.105183
v 0.087416 0.033435 -0.099679
v 0.093748 0.033435 -0.093748
v 0.099679 0.033435 -0.087416
v 0.105183 0.033435 -0.080710
v 0.110236 0.033435 -0.073658
v 0.114818 0.033435 -0.066290
v 0.118907 0.033435 -0.058639
v 0.122488 0.033435 -0.050736
v 0.125544 0.033435 -0.042616
v 0.128062 0.033435 -0.034314
v 0.130033 0.033435 -0.025865
v 0.131446 0.033435 -0.017305
v 0.132296 0.033435 -0.008671
v 0.131520 0.039440 0.000000
v 0.131238 0.039440 0.008602
v 0.130395 0.039440 0.017167
v 0.128993 0.039440 0.025658
v 0.127039 0.039440 0.034040
v 0.124540 0.039440 0.042276
v 0.121509 0.039440 0.050331
v 0.117957 0.039440 0.058170
v 0.113900 0.039440 0.065760
v 0.109355 0.039440 0.073069
v 0.104342 0.039440 0.080064
v 0.098882 0.039440 0.086717
v 0.092999 0.039440 0.092999
v 0.086717 0.039440 0.098882
v 0.080064 0.039440 0.104342
v 0.073069 0.039440 0.109355
v 0.065760 0.039440 0.113900
v 0.058170 0.039440 0.117957
v 0.050331 0.039440 0.121509
v 0.042276 0.039440 0.124540
v 0.034040 0.039440 0.127039
v 0.025658 0.039440 0.128993
v 0.017167 0.039440 0.130395
v 0.008602 0.039440 0.131238
v 0.000000 0.039440 0.131520
v -0.008602 0.039440 0.131238
v -0.017167 0.039440 0.130395
v -0.025658 0.039440 0.128993
v -0.034040 0.039440 0.127039
v -0.042276 0.039440 0.124540
v -0.050331 0.039440 0.121509
v -0.058170 0.039440 0.117957
v -0.065760 0.039440 0.113900
v -0.073069 0.039440 0.109355
v -0.080064 0.039440 0.104342
v -0.086717 0.039440 0.098882
v -0.092999 0.039440 0.092999
v -0.098882 0.039440 0.086717
v -0.104342 0.039440 0.080064
v -0.109355 0.039440 0.073069
v -0.113900 0.039440 0.065760
v -0.117957 0.039440 0.058170
v -0.121509 0.039440 0.050331
v -0.124540 0.039440 0.042276
v -0.127039 0.039440 0.034040
v -0.128993 0.039440 0.025658
v -0.130395 0.039440 0.017167
v -0.131238 0.039440 0.008602
v -0.131520 0.039440 0.000000
v -0.131238 0.039440 -0.008602
v -0.130395 0.039440 -0.017167
v -0.128993 0.039440 -0.025658
v -0.127039 0.039440 -0.034040
v -0.124540 0.039440 -0.042276
v -0.121509 0.039440 -0.050331
v -0.117957 0.039440 -0.058170
v -0.113900 0.039440 -0.065760
v -0.109355 0.039440 -0.073069
v -0.104342 0.039440 -0.080064
v -0.098882 0.039440 -0.086717
v -0.092999 0.039440 -0.092999
v -0.086717 0.039440 -0.098882
v -0.080064 0.039440 -0.104342
v -0.073069 0.039440 -0.109355
v -0.065760 0.039440 -0.113900
v -0.058170 0.039440 -0.117957
v -0.050331 0.039440 -0.121509
v -0.042276 0.039440 -0.124540
v -0.034040 0.039440 -0.127039
v -0.025658 0.039440 -0.128993
v -0.017167 0.039440 -0.130395
v -0.008602 0.039440 -0.131238
v -0.000000 0.039440 -0.131520
v 0.008602 0.039440 -0.131238
v 0.017167 0.039440 -0.130395
v 0.025658 0.039440 -0.128993
v 0.034040 0.039440 -0.127039
v 0.042276 0.039440 -0.124540
v 0.050331 0.039440 -0.121509
v 0.058170 0.039440 -0.117957
v 0.065760 0.039440 -0.113900
v 0.073069 0.039440 -0.109355
v 0.080064 0.039440 -0.104342
v 0.086717 0.039440 -0.098882
v 0.092999 0.039440 -0.092999
v 0.098882 0.039440 -0.086717
v 0.104342 0.039440 -0.080064
v 0.109355 0.039440 -0.073069
v 0.113900 0.039440 -0.065760
v 0.117957 0.039440 -0.058170
v 0.121509 0.039440 -0.050331
v 0.124540 0.039440 -0.042276
v 0.127039 0.039440 -0.034040
v 0.128993 0.039440 -0.025658
v 0.130395 0.039440 -0.017167
v 0.131238 0.039440 -0.008602
v 0.130640 0.043755 0.000000
v 0.130360 0.043755 0.008544
v 0.129522 0.043755 0.017052
v 0.128130 0.043755 0.025487
v 0.126189 0.043755 0.033812
v 0.123707 0.043755 0.041993
v 0.120696 0.043755 0.049994
v 0.117167 0.043755 0.057781
v 0.113138 0.043755 0.065320
v 0.108623 0.043755 0.072580
v 0.103644 0.043755 0.079529
v 0.098220 0.043755 0.086137
v 0.092376 0.043755 0.092376
v 0.086137 0.043755 0.098220
v 0.079529 0.043755 0.103644
v 0.072580 0.043755 0.108623
v 0.065320 0.043755 0.113138
v 0.057781 0.043755 0.117167
v 0.049994 0.043755 0.120696
v 0.041993 0.043755 0.123707
v 0.033812 0.043755 0.126189
v 0.025487 0.043755 0.128130
v 0.017052 0.043755 0.129522
v 0.008544 0.043755 0.130360
v 0.000000 0.043755 0.130640
v -0.008544 0.043755 0.130360
v -0.017052 0.043755 0.129522
v -0.025487 0.043755 0.128130
v -0.033812 0.043755 0.126189
v -0.041993 0.043755 0.123707
v -0.049994 0.043755 0.120696
v -0.057781 0.043755 0.117167
v -0.065320 0.043755 0.113138
v -0.072580 0.043755 0.108623
v -0.079529 0.043755 0.103644
v -0.086137 0.043755 0.098220
v -0.092376 0.043755 0.092376
v -0.098220 0.043755 0.086137
v -0.103644 0.043755 0.079529
v -0.108623 0.043755 0.072580
v -0.113138 0.043755 0.065320
v -0.117167 0.043755 0.057781
v -0.120696 0.043755 0.049994
v -0.123707 0.043755 0.041993
v -0.126189 0.043755 0.033812
v -0.128130 0.043755 0.025487
v -0.129522 0.043755 0.017052
v -0.130360 0.043755 0.008544
v -0.130640 0.043755 0.000000
v -0.130360 0.043755 -0.008544
v -0.129522 0.043755 -0.017052
v -0.128130 0.043755 -0.025487
v -0.126189 0.043755 -0.033812
v -0.123707 0.043755 -0.041993
v -0.120696 0.043755 -0.049994
v -0.117167 0.043755 -0.057781
v -0.113138 0.043755 -0.065320
v -0.108623 0.043755 -0.072580
v -0.103644 0.043755 -0.079529
v -0.098220 0.043755 -0.086137
v -0.092376 0.043755 -0.092376
v -0.086137 0.043755 -0.098220
v -0.079529 0.043755 -0.103644
v -0.072580 0.043755 -0.108623
v -0.065320 0.043755 -0.113138
v -0.057781 0.043755 -0.117167
v -0.049994 0.043755 -0.120696
v -0.041993 0.043755 -0.123707
v -0.033812 0.043755 -0.126189
v -0.025487 0.043755 -0.128130
v -0.017052 0.043755 -0.129522
v -0.008544 0.043755 -0.130360
v -0.000000 0.043755 -0.130640
v 0.008544 0.043755 -0.130360
v 0.017052 0.043755 -0.129522
v 0.025487 0.043755 -0.128130
v 0.033812 0.043755 -0.126189
v 0.041993 0.043755 -0.123707
v 0.049994 0.043755 -0.120696
v 0.057781 0.043755 -0.117167
v 0.065320 0.043755 -0.113138
v 0.072580 0.043755 -0.108623
v 0.079529 0.043755 -0.103644
v 0.086137 0.043755 -0.098220
v 0.092376 0.043755 -0.092376
v 0.098220 0.043755 -0.086137
v 0.103644 0.043755 -0.079529
v 0.108623 0.043755 -0.072580
v 0.113138 0.043755 -0.065320
v 0.117167 0.043755 -0.057781
v 0.120696 0.043755 -0.049994
v 0.123707 0.043755 -0.041993
v 0.126189 0.043755 -0.033812
v 0.128130 0.043755 -0.025487
v 0.129522 0.043755 -0.017052
v 0.130360 0.043755 -0.008544
v 0.130000 0.045000 0.000000
v 0.129722 0.045000 0.008502
v 0.128888 0.045000 0.016968
v 0.127502 0.045000 0.025362
v 0.125570 0.045000 0.033646
v 0.123101 0.045000 0.041787
v 0.120104 0.045000 0.049749
v 0.116593 0.045000 0.057498
v 0.112583 0.045000 0.065000
v 0.108091 0.045000 0.072224
v 0.103136 0.045000 0.079139
v 0.097739 0.045000 0.085715
v 0.091924 0.045000 0.091924
v 0.085715 0.045000 0.097739
v 0.079139 0.045000 0.103136
v 0.072224 0.045000 0.108091
v 0.065000 0.045000 0.112583
v 0.057498 0.045000 0.116593
v 0.049749 0.045000 0.120104
v 0.041787 0.045000 0.123101
v 0.033646 0.045000 0.125570
v 0.025362 0.045000 0.127502
v 0.016968 0.045000 0.128888
v 0.008502 0.045000 0.129722
v 0.000000 0.045000 0.130000
v -0.008502 0.045000 0.129722
v -0.016968 0.045000 0.128888
v -0.025362 0.045000 0.127502
v -0.033646 0.045000 0.125570
v -0.041787 0.045000 0.123101
v -0.049749 0.045000 0.120104
v -0.057498 0.045000 0.116593
v -0.065000 0.045000 0.112583
v -0.072224 0.045000 0.108091
v -0.079139 0.045000 0.103136
v -0.085715 0.045000 0.097739
v -0.091924 0.045000 0.091924
v -0.097739 0.045000 0.085715
v -0.103136 0.045000 0.079139
v -0.108091 0.045000 0.072224
v -0.112583 0.045000 0.065000
v -0.116593 0.045000 0.057498
v -0.120104 0.045000 0.049749
v -0.123101 0.045000 0.041787
v -0.125570 0.045000 0.033646
v -0.127502 0.045000 0.025362
v -0.128888 0.045000 0.016968
v -0.129722 0.045000 0.008502
v -0.130000 0.045000 0.000000
v -0.129722 0.045000 -0.008502
v -0.128888 0.045000 -0.016968
v -0.127502 0.045000 -0.025362
v -0.125570 0.045000 -0.033646
v -0.123101 0.045000 -0.041787
v -0.120104 0.045000 -0.049749
v -0.116593 0.045000 -0.057498
v -0.112583 0.045000 -0.065000
v -0.108091 0.045000 -0.072224
v -0.103136 0.045000 -0.079139
v -0.097739 0.045000 -0.085715
v -0.091924 0.045000 -0.091924
v -0.085715 0.045000 -0.097739
v -0.079139 0.045000 -0.103136
v -0.072224 0.045000 -0.108091
v -0.065000 0.045000 -0.112583
v -0.057498 0.045000 -0.116593
v -0.049749 0.045000 -0.120104
v -0.041787 0.045000 -0.123101
v -0.033646 0.045000 -0.125570
v -0.025362 0.045000 -0.127502
v -0.016968 0.045000 -0.128888
v -0.008502 0.045000 -0.129722
v -0.000000 0.045000 -0.130000
v 0.008502 0.045000 -0.129722
v 0.016968 0.045000 -0.128888
v 0.025362 0.045000 -0.127502
v 0.033646 0.045000 -0.125570
v 0.041787 0.045000 -0.123101
v 0.049749 0.045000 -0.120104
v 0.057498 0.045000 -0.116593
v 0.065000 0.045000 -0.112583
v 0.072224 0.045000 -0.108091
v 0.079139 0.045000 -0.103136
v 0.085715 0.045000 -0.097739
v 0.091924 0.045000 -0.091924
v 0.097739 0.045000 -0.085715
v 0.103136 0.045000 -0.079139
v 0.108091 0.045000 -0.072224
v 0.112583 0.045000 -0.065000
v 0.116593 0.045000 -0.057498
v 0.120104 0.045000 -0.049749
v 0.123101 0.045000 -0.041787
v 0.125570 0.045000 -0.033646
v 0.127502 0.045000 -0.025362
v 0.128888 0.045000 -0.016968
v 0.129722 0.045000 -0.008502
v 0.130000 0.045000 0.000000
v 0.129722 0.045000 0.008502
v 0.128888 0.045000 0.016968
v 0.127502 0.045000 0.025362
v 0.125570 0.045000 0.033646
v 0.123101 0.045000 0.041787
v 0.120104 0.045000 0.049749
v 0.116593 0.045000 0.057498
v 0.112583 0.045000 0.065000
v 0.108091 0.045000 0.072224
v 0.103136 0.045000 0.079139
v 0.097739 0.045000 0.085715
v 0.091924 0.045000 0.091924
v 0.085715 0.045000 0.097739
v 0.079139 0.045000 0.103136
v 0.072224 0.045000 0.108091
v 0.065000 0.045000 0.112583
v 0.057498 0.045000 0.116593
v 0.049749 0.045000 0.120104
v 0.041787 0.045000 0.123101
v 0.033646 0.045000 0.125570
v 0.025362 0.045000 0.127502
v 0.016968 0.045000 0.128888
v 0.008502 0.045000 0.129722
v 0.000000 0.045000 0.130000
v -0.008502 0.045000 0.129722
v -0.016968 0.045000 0.128888
v -0.025362 0.045000 0.127502
v -0.033646 0.045000 0.125570
v -0.041787 0.045000 0.123101
v -0.049749 0.045000 0.120104
v -0.057498 0.045000 0.116593
v -0.065000 0.045000 0.112583
v -0.072224 0.045000 0.108091
v -0.079139 0.045000 0.103136
v -0.085715 0.045000 0.097739
v -0.091924 0.045000 0.091924
v -0.097739 0.045000 0.085715
v -0.103136 0.045000 0.079139
v -0.108091 0.045000 0.072224
v -0.112583 0.045000 0.065000
v -0.116593 0.045000 0.057498
v -0.120104 0.045000 0.049749
v -0.123101 0.045000 0.041787
v -0.125570 0.045000 0.033646
v -0.127502 0.045000 0.025362
v -0.128888 0.045000 0.016968
v -0.129722 0.045000 0.008502
v -0.130000 0.045000 0.000000
v -0.129722 0.045000 -0.008502
v -0.128888 0.045000 -0.016968
v -0.127502 0.045000 -0.025362
v -0.125570 0.045000 -0.033646
v -0.123101 0.045000 -0.041787
v -0.120104 0.045000 -0.049749
v -0.116593 0.045000 -0.057498
v -0.112583 0.045000 -0.065000
v -0.108091 0.045000 -0.072224
v -0.103136 0.045000 -0.079139
v -0.097739 0.045000 -0.085715
v -0.091924 0.045000 -0.091924
v -0.085715 0.045000 -0.097739
v -0.079139 0.045000 -0.103136
v -0.072224 0.045000 -0.108091
v -0.065000 0.045000 -0.112583
v -0.057498 0.045000 -0.116593
v -0.049749 0.045000 -0.120104
v -0.041787 0.045000 -0.123101
v -0.033646 0.045000 -0.125570
v -0.025362 0.045000 -0.127502
v -0.016968 0.045000 -0.128888
v -0.008502 0.045000 -0.129722
v -0.000000 0.045000 -0.130000
v 0.008502 0.045000 -0.129722
v 0.016968 0.045000 -0.128888
v 0.025362 0.045000 -0.127502
v 0.033646 0.045000 -0.125570
v 0.041787 0.045000 -0.123101
v 0.049749 0.045000 -0.120104
v 0.057498 0.045000 -0.116593
v 0.065000 0.045000 -0.112583
v 0.072224 0.045000 -0.108091
v 0.079139 0.045000 -0.103136
v 0.085715 0.045000 -0.097739
v 0.091924 0.045000 -0.091924
v 0.097739 0.045000 -0.085715
v 0.103136 0.045000 -0.079139
v 0.108091 0.045000 -0.072224
v 0.112583 0.045000 -0.065000
v 0.116593 0.045000 -0.057498
v 0.120104 0.045000 -0.049749
v 0.123101 0.045000 -0.041787
v 0.125570 0.045000 -0.033646
v 0.127502 0.045000 -0.025362
v 0.128888 0.045000 -0.016968
v 0.129722 0.045000 -0.008502
v 0.000000 0.070000 0.000000
f 1 2 3
f 1 3 4
f 1 4 5
f 1 5 6
f 1 6 7
f 1 7 8
f 1 8 9
f 1 9 10
f 1 10 11
f 1 11 12
f 1 12 13
f 1 13 14
f 1 14 15
f 1 15 16
f 1 16 17
f 1 17 18
f 1 18 19
f 1 19 20
f 1 20 21
f 1 21 22
f 1 22 23
f 1 23 24
f 1 24 25
f 1 25 26
f 1 26 27
f 1 27 28
f 1 28 29
f 1 29 30
f 1 30 31
f 1 31 32
f 1 32 33
f 1 33 34
f 1 34 35
f 1 35 36
f 1 36 37
f 1 37 38
f 1 38 39
f 1 39 40
f 1 40 41
f 1 41 42
f 1 42 43
f 1 43 44
f 1 44 45
f 1 45 46
f 1 46 47
f 1 47 48
f 1 48 49
f 1 49 50
f 1 50 51
f 1 51 52
f 1 52 53
f 1 53 54
f 1 54 55
f 1 55 56
f 1 56 57
f 1 57 58
f 1 58 59
f 1 59 60
f 1 60 61
f 1 61 62
f 1 62 63
f 1 63 64
f 1 64 65
f 1 65 66
f 1 66 67
f 1 67 68
f 1 68 69
f 1 69 70
f 1 70 71
f 1 71 72
f 1 72 73
f 1 73 74
f 1 74 75
f 1 75 76
f 1 76 77
f 1 77 78
f 1 78 79
f 1 79 80
f 1 80 81
f 1 81 82
f 1 82 83
f 1 83 84
f 1 84 85
f 1 85 86
f 1 86 87
f 1 87 88
f 1 88 89
f 1 89 90
f 1 90 91
f 1 91 92
f 1 92 93
f 1 93 94
f 1 94 95
f 1 95 96
f 1 96 97
f 1 97 2
f 98 195 99
f 98 194 195
f 99 196 100
f 99 195 196
f 100 197 101
f 100 196 197
f 101 198 102
f 101 197 198
f 102 199 103
f 102 198 199
f 103 200 104
f 103 199 200
f 104 201 105
f 104 200 201
f 105 202 106
f 105 201 202
f 106 203 107
f 106 202 203
f 107 204 108
f 107 203 204
f 108 205 109
f 108 204 205
f 109 206 110
f 109 205 206
f 110 207 111
f 110 206 207
f 111 208 112
f 111 207 208
f 112 209 113
f 112 208 209
f 113 210 114
f 113 209 210
f 114 211 115
f 114 210 211
f 115 212 116
f 115 211 212
f 116 213 117
f 116 212 213
f 117 214 118
f 117 213 214
f 118 215 119
f 118 214 215
f 119 216 120
f 119 215 216
f 120 217 121
f 120 216 217
f 121 218 122
f 121 217 218
f 122 219 123
f 122 218 219
f 123 220 124
f 123 219 220
f 124 221 125
f 124 220 221
f 125 222 126
f 125 221 222
f 126 223 127
f 126 222 223
f 127 224 128
f 127 223 224
f 128 225 129
f 128 224 225
f 129 226 130
f 129 225 226
f 130 227 131
f 130 226 227
f 131 228 132
f 131 227 228
f 132 229 133
f 132 228 229
f 133 230 134
f 133 229 230
f 134 231 135
f 134 230 231
f 135 232 136
f 135 231 232
f 136 233 137
f 136 232 233
f 137 234 138
f 137 233 234
f 138 235 139
f 138 234 235
f 139 236 140
f 139 235 236
f 140 237 141
f 140 236 237
f 141 238 142
f 141 237 238
f 142 239 143
f 142 238 239
f 143 240 144
f 143 239 240
f 144 241 145
f 144 240 241
f 145 242 146
f 145 241 242
f 146 243 147
f 146 242 243
f 147 244 148
f 147 243 244
f 148 245 149
f 148 244 245
f 149 246 150
f 149 245 246
f 150 247 151
f 150 246 247
f 151 248 152
f 151 247 248
f 152 249 153
f 152 248 249
f 153 250 154
f 153 249 250
f 154 251 155
f 154 250 251
f 155 252 156
f 155 251 252
f 156 253 157
f 156 252 253
f 157 254 158
f 157 253 254
f 158 255 159
f 158 254 255
f 159 256 160
f 159 255 256
f 160 257 161
f 160 256 257
f 161 258 162
f 161 257 258
f 162 259 163
f 162 258 259
f 163 260 164
f 163 259 260
f 164 261 165
f 164 260 261
f 165 262 166
f 165 261 262
f 166 263 167
f 166 262 263
f 167 264 168
f 167 263 264
f 168 265 169
f 168 264 265
f 169 266 170
f 169 265 266
f 170 267 171
f 170 266 267
f 171 268 172
f 171 267 268
f 172 269 173
f 172 268 269
f 173 270 174
f 173 269 270
f 174 271 175
f 174 270 271
f 175 272 176
f 175 271 272
f 176 273 177
f 176 272 273
f 177 274 178
f 177 273 274
f 178 275 179
f 178 274 275
f 179 276 180
f 179 275 276
f 180 277 181
f 180 276 277
f 181 278 182
f 181 277 278
f 182 279 183
f 182 278 279
f 183 280 184
f 183 279 280
f 184 281 185
f 184 280 281
f 185 282 186
f 185 281 282
f 186 283 187
f 186 282 283
f 187 284 188
f 187 283 284
f 188 285 189
f 188 284 285
f 189 286 190
f 189 285 286
f 190 287 191
f 190 286 287
f 191 288 192
f 191 287 288
f 192 289 193
f 192 288 289
f 193 194 98
f 193 289 194
f 194 291 195
f 194 290 291
f 195 292 196
f 195 291 292
f 196 293 197
f 196 292 293
f 197 294 198
f 197 293 294
f 198 295 199
f 198 294 295
f 199 296 200
f 199 295 296
f 200 297 201
f 200 296 297
f 201 298 202
f 201 297 298
f 202 299 203
f 202 298 299
f 203 300 204
f 203 299 300
f 204 301 205
f 204 300 301
f 205 302 206
f 205 301 302
f 206 303 207
f 206 302 303
f 207 304 208
f 207 303 304
f 208 305 209
f 208 304 305
f 209 306 210
f 209 305 306
f 210 307 211
f 210 306 307
f 211 308 212
f 211 307 308
f 212 309 213
f 212 308 309
f 213 310 214
f 213 309 310
f 214 311 215
f 214 310 311
f 215 312 216
f 215 311 312
f 216 313 217
f 216 312 313
f 217 314 218
f 217 313 314
f 218 315 219
f 218 314 315
f 219 316 220
f 219 315 316
f 220 317 221
f 220 316 317
f 221 318 222
f 221 317 318
f 222 319 223
f 222 318 319
f 223 320 224
f 223 319 320
f 224 321 225
f 224 320 321
f 225 322 226
f 225 321 322
f 226 323 227
f 226 322 323
f 227 324 228
f 227 323 324
f 228 325 229
f 228 324 325
f 229 326 230
f 229 325 326
f 230 327 231
f 230 326 327
f 231 328 232
f 231 327 328
f 232 329 233
f 232 328 329
f 233 330 234
f 233 329 330
f 234 331 235
f 234 330 331
f 235 332 236
f 235 331 332
f 236 333 237
f 236 332 333
f 237 334 238
f 237 333 334
f 238 335 239
f 238 334 335
f 239 336 240
f 239 335 336
f 240 337 241
f 240 336 337
f 241 338 242
f 241 337 338
f 242 339 243
f 242 338 339
f 243 340 244
f 243 339 340
f 244 341 245
f 244 340 341
f 245 342 246
f 245 341 342
f 246 343 247
f 246 342 343
f 247 344 248
f 247 343 344
f 248 345 249
f 248 344 345
f 249 346 250
f 249 345 346
f 250 347 251
f 250 346 347
f 251 348 252
f 251 347 348
f 252 349 253
f 252 348 349
f 253 350 254
f 253 349 350
f 254 351 255
f 254 350 351
f 255 352 256
f 255 351 352
f 256 353 257
f 256 352 353
f 257 354 258
f 257 353 354
f 258 355 259
f 258 354 355
f 259 356 260
f 259 355 356
f 260 357 261
f 260 356 357
f 261 358 262
f 261 357 358
f 262 359 263
f 262 358 359
f 263 360 264
f 263 359 360
f 264 361 265
f 264 360 361
f 265 362 266
f 265 361 362
f 266 363 267
f 266 362 363
f 267 364 268
f 267 363 364
f 268 365 269
f 268 364 365
f 269 366 270
f 269 365 366
f 270 367 271
f 270 366 367
f 271 368 272
f 271 367 368
f 272 369 273
f 272 368 369
f 273 370 274
f 273 369 370
f 274 371 275
f 274 370 371
f 275 372 276
f 275 371 372
f 276 373 277
f 276 372 373
f 277 374 278
f 277 373 374
f 278 375 279
f 278 374 375
f 279 376 280
f 279 375 376
f 280 377 281
f 280 376 377
f 281 378 282
f 281 377 378
f 282 379 283
f 282 378 379
f 283 380 284
f 283 379 380
f 284 381 285
f 284 380 381
f 285 382 286
f 285 381 382
f 286 383 287
f 286 382 383
f 287 384 288
f 287 383 384
f 288 385 289
f 288 384 385
f 289 290 194
f 289 385 290
f 290 387 291
f 290 386 387
f 291 388 292
f 291 387 388
f 292 389 293
f 292 388 389
f 293 390 294
f 293 389 390
f 294 391 295
f 294 390 391
f 295 392 296
f 295 391 392
f 296 393 297
f 296 392 393
f 297 394 298
f 297 393 394
f 298 395 299
f 298 394 395
f 299 396 300
f 299 395 396
f 300 397 301
f 300 396 397
f 301 398 302
f 301 397 398
f 302 399 303
f 302 398 399
f 303 400 304
f 303 399 400
f 304 401 305
f 304 400 401
f 305 402 306
f 305 401 402
f 306 403 307
f 306 402 403
f 307 404 308
f 307 403 404
f 308 405 309
f 308 404 405
f 309 406 310
f 309 405 406
f 310 407 311
f 310 406 407
f 311 408 312
f 311 407 408
f 312 409 313
f 312 408 409
f 313 410 314
f 313 409 410
f 314 411 315
f 314 410 411
f 315 412 316
f 315 411 412
f 316 413 317
f 316 412 413
f 317 414 318
f 317 413 414
f 318 415 319
f 318 414 415
f 319 416 320
f 319 415 416
f 320 417 321
f 320 416 417
f 321 418 322
f 321 417 418
f 322 419 323
f 322 418 419
f 323 420 324
f 323 419 420
f 324 421 325
f 324 420 421
f 325 422 326
f 325 421 422
f 326 423 327
f 326 422 423
f 327 424 328
f 327 423 424
f 328 425 329
f 328 424 425
f 329 426 330
f 329 425 426
f 330 427 331
f 330 426 427
f 331 428 332
f 331 427 428
f 332 429 333
f 332 428 429
f 333 430 334
f 333 429 430
f 334 431 335
f 334 430 431
f 335 432 336
f 335 431 432
f 336 433 337
f 336 432 433
f 337 434 338
f 337 433 434
f 338 435 339
f 338 434 435
f 339 436 340
f 339 435 436
f 340 437 341
f 340 436 437
f 341 438 342
f 341 437 438
f 342 439 343
f 342 438 439
f 343 440 344
f 343 439 440
f 344 441 345
f 344 440 441
f 345 442 346
f 345 441 442
f 346 443 347
f 346 442 443
f 347 444 348
f 347 443 444
f 348 445 349
f 348 444 445
f 349 446 350
f 349 445 446
f 350 447 351
f 350 446 447
f 351 448 352
f 351 447 448
f 352 449 353
f 352 448 449
f 353 450 354
f 353 449 450
f 354 451 355
f 354 450 451
f 355 452 356
f 355 451 452
f 356 453 357
f 356 452 453
f 357 454 358
f 357 453 454
f 358 455 359
f 358 454 455
f 359 456 360
f 359 455 456
f 360 457 361
f 360 456 457
f 361 458 362
f 361 457 458
f 362 459 363
f 362 458 459
f 363 460 364
f 363 459 460
f 364 461 365
f 364 460 461
f 365 462 366
f 365 461 462
f 366 463 367
f 366 462 463
f 367 464 368
f 367 463 464
f 368 465 369
f 368 464 465
f 369 466 370
f 369 465 466
f 370 467 371
f 370 466 467
f 371 468 372
f 371 467 468
f 372 469 373
f 372 468 469
f 373 470 374
f 373 469 470
f 374 471 375
f 374 470 471
f 375 472 376
f 375 471 472
f 376 473 377
f 376 472 473
f 377 474 378
f 377 473 474
f 378 475 379
f 378 474 475
f 379 476 380
f 379 475 476
f 380 477 381
f 380 476 477
f 381 478 382
f 381 477 478
f 382 479 383
f 382 478 479
f 383 480 384
f 383 479 480
f 384 481 385
f 384 480 481
f 385 386 290
f 385 481 386
f 386 483 387
f 386 482 483
f 387 484 388
f 387 483 484
f 388 485 389
f 388 484 485
f 389 486 390
f 389 485 486
f 390 487 391
f 390 486 487
f 391 488 392
f 391 487 488
f 392 489 393
f 392 488 489
f 393 490 394
f 393 489 490
f 394 491 395
f 394 490 491
f 395 492 396
f 395 491 492
f 396 493 397
f 396 492 493
f 397 494 398
f 397 493 494
f 398 495 399
f 398 494 495
f 399 496 400
f 399 495 496
f 400 497 401
f 400 496 497
f 401 498 402
f 401 497 498
f 402 499 403
f 402 498 499
f 403 500 404
f 403 499 500
f 404 501 405
f 404 500 501
f 405 502 406
f 405 501 502
f 406 503 407
f 406 502 503
f 407 504 408
f 407 503 504
f 408 505 409
f 408 504 505
f 409 506 410
f 409 505 506
f 410 507 411
f 410 506 507
f 411 508 412
f 411 507 508
f 412 509 413
f 412 508 509
f 413 510 414
f 413 509 510
f 414 511 415
f 414 510 511
f 415 512 416
f 415 511 512
f 416 513 417
f 416 512 513
f 417 514 418
f 417 513 514
f 418 515 419
f 418 514 515
f 419 516 420
f 419 515 516
f 420 517 421
f 420 516 517
f 421 518 422
f 421 517 518
f 422 519 423
f 422 518 519
f 423 520 424
f 423 519 520
f 424 521 425
f 424 520 521
f 425 522 426
f 425 521 522
f 426 523 427
f 426 522 523
f 427 524 428
f 427 523 524
f 428 525 429
f 428 524 525
f 429 526 430
f 429 525 526
f 430 527 431
f 430 526 527
f 431 528 432
f 431 527 528
f 432 529 433
f 432 528 529
f 433 530 434
f 433 529 530
f 434 531 435
f 434 530 531
f 435 532 436
f 435 531 532
f 436 533 437
f 436 532 533
f 437 534 438
f 437 533 534
f 438 535 439
f 438 534 535
f 439 536 440
f 439 535 536
f 440 537 441
f 440 536 537
f 441 538 442
f 441 537 538
f 442 539 443
f 442 538 539
f 443 540 444
f 443 539 540
f 444 541 445
f 444 540 541
f 445 542 446
f 445 541 542
f 446 543 447
f 446 542 543
f 447 544 448
f 447 543 544
f 448 545 449
f 448 544 545
f 449 546 450
f 449 545 546
f 450 547 451
f 450 546 547
f 451 548 452
f 451 547 548
f 452 549 453
f 452 548 549
f 453 550 454
f 453 549 550
f 454 551 455
f 454 550 551
f 455 552 456
f 455 551 552
f 456 553 457
f 456 552 553
f 457 554 458
f 457 553 554
f 458 555 459
f 458 554 555
f 459 556 460
f 459 555 556
f 460 557 461
f 460 556 557
f 461 558 462
f 461 557 558
f 462 559 463
f 462 558 559
f 463 560 464
f 463 559 560
f 464 561 465
f 464 560 561
f 465 562 466
f 465 561 562
f 466 563 467
f 466 562 563
f 467 564 468
f 467 563 564
f 468 565 469
f 468 564 565
f 469 566 470
f 469 565 566
f 470 567 471
f 470 566 567
f 471 568 472
f 471 567 568
f 472 569 473
f 472 568 569
f 473 570 474
f 473 569 570
f 474 571 475
f 474 570 571
f 475 572 476
f 475 571 572
f 476 573 477
f 476 572 573
f 477 574 478
f 477 573 574
f 478 575 479
f 478 574 575
f 479 576 480
f 479 575 576
f 480 577 481
f 480 576 577
f 481 482 386
f 481 577 482
f 482 579 483
f 482 578 579
f 483 580 484
f 483 579 580
f 484 581 485
f 484 580 581
f 485 582 486
f 485 581 582
f 486 583 487
f 486 582 583
f 487 584 488
f 487 583 584
f 488 585 489
f 488 584 585
f 489 586 490
f 489 585 586
f 490 587 491
f 490 586 587
f 491 588 492
f 491 587 588
f 492 589 493
f 492 588 589
f 493 590 494
f 493 589 590
f 494 591 495
f 494 590 591
f 495 592 496
f 495 591 592
f 496 593 497
f 496 592 593
f 497 594 498
f 497 593 594
f 498 595 499
f 498 594 595
f 499 596 500
f 499 595 596
f 500 597 501
f 500 596 597
f 501 598 502
f 501 597 598
f 502 599 503
f 502 598 599
f 503 600 504
f 503 599 600
f 504 601 505
f 504 600 601
f 505 602 506
f 505 601 602
f 506 603 507
f 506 602 603
f 507 604 508
f 507 603 604
f 508 605 509
f 508 604 605
f 509 606 510
f 509 605 606
f 510 607 511
f 510 606 607
f 511 608 512
f 511 607 608
f 512 609 513
f 512 608 609
f 513 610 514
f 513 609 610
f 514 611 515
f 514 610 611
f 515 612 516
f 515 611 612
f 516 613 517
f 516 612 613
f 517 614 518
f 517 613 614
f 518 615 519
f 518 614 615
f 519 616 520
f 519 615 616
f 520 617 521
f 520 616 617
f 521 618 522
f 521 617 618
f 522 619 523
f 522 618 619
f 523 620 524
f 523 619 620
f 524 621 525
f 524 620 621
f 525 622 526
f 525 621 622
f 526 623 527
f 526 622 623
f 527 624 528
f 527 623 624
f 528 625 529
f 528 624 625
f 529 626 530
f 529 625 626
f 530 627 531
f 530 626 627
f 531 628 532
f 531 627 628
f 532 629 533
f 532 628 629
f 533 630 534
f 533 629 630
f 534 631 535
f 534 630 631
f 535 632 536
f 535 631 632
f 536 633 537
f 536 632 633
f 537 634 538
f 537 633 634
f 538 635 539
f 538 634 635
f 539 636 540
f 539 635 636
f 540 637 541
f 540 636 637
f 541 638 542
f 541 637 638
f 542 639 543
f 542 638 639
f 543 640 544
f 543 639 640
f 544 641 545
f 544 640 641
f 545 642 546
f 545 641 642
f 546 643 547
f 546 642 643
f 547 644 548
f 547 643 644
f 548 645 549
f 548 644 645
f 549 646 550
f 549 645 646
f 550 647 551
f 550 646 647
f 551 648 552
f 551 647 648
f 552 649 553
f 552 648 649
f 553 650 554
f 553 649 650
f 554 651 555
f 554 650 651
f 555 652 556
f 555 651 652
f 556 653 557
f 556 652 653
f 557 654 558
f 557 653 654
f 558 655 559
f 558 654 655
f 559 656 560
f 559 655 656
f 560 657 561
f 560 656 657
f 561 658 562
f 561 657 658
f 562 659 563
f 562 658 659
f 563 660 564
f 563 659 660
f 564 661 565
f 564 660 661
f 565 662 566
f 565 661 662
f 566 663 567
f 566 662 663
f 567 664 568
f 567 663 664
f 568 665 569
f 568 664 665
f 569 666 570
f 569 665 666
f 570 667 571
f 570 666 667
f 571 668 572
f 571 667 668
f 572 669 573
f 572 668 669
f 573 670 574
f 573 669 670
f 574 671 575
f 574 670 671
f 575 672 576
f 575 671 672
f 576 673 577
f 576 672 673
f 577 578 482
f 577 673 578
f 578 675 579
f 578 674 675
f 579 676 580
f 579 675 676
f 580 677 581
f 580 676 677
f 581 678 582
f 581 677 678
f 582 679 583
f 582 678 679
f 583 680 584
f 583 679 680
f 584 681 585
f 584 680 681
f 585 682 586
f 585 681 682
f 586 683 587
f 586 682 683
f 587 684 588
f 587 683 684
f 588 685 589
f 588 684 685
f 589 686 590
f 589 685 686
f 590 687 591
f 590 686 687
f 591 688 592
f 591 687 688
f 592 689 593
f 592 688 689
f 593 690 594
f 593 689 690
f 594 691 595
f 594 690 691
f 595 692 596
f 595 691 692
f 596 693 597
f 596 692 693
f 597 694 598
f 597 693 694
f 598 695 599
f 598 694 695
f 599 696 600
f 599 695 696
f 600 697 601
f 600 696 697
f 601 698 602
f 601 697 698
f 602 699 603
f 602 698 699
f 603 700 604
f 603 699 700
f 604 701 605
f 604 700 701
f 605 702 606
f 605 701 702
f 606 703 607
f 606 702 703
f 607 704 608
f 607 703 704
f 608 705 609
f 608 704 705
f 609 706 610
f 609 705 706
f 610 707 611
f 610 706 707
f 611 708 612
f 611 707 708
f 612 709 613
f 612 708 709
f 613 710 614
f 613 709 710
f 614 711 615
f 614 710 711
f 615 712 616
f 615 711 712
f 616 713 617
f 616 712 713
f 617 714 618
f 617 713 714
f 618 715 619
f 618 714 715
f 619 716 620
f 619 715 716
f 620 717 621
f 620 716 717
f 621 718 622
f 621 717 718
f 622 719 623
f 622 718 719
f 623 720 624
f 623 719 720
f 624 721 625
f 624 720 721
f 625 722 626
f 625 721 722
f 626 723 627
f 626 722 723
f 627 724 628
f 627 723 724
f 628 725 629
f 628 724 725
f 629 726 630
f 629 725 726
f 630 727 631
f 630 726 727
f 631 728 632
f 631 727 728
f 632 729 633
f 632 728 729
f 633 730 634
f 633 729 730
f 634 731 635
f 634 730 731
f 635 732 636
f 635 731 732
f 636 733 637
f 636 732 733
f 637 734 638
f 637 733 734
f 638 735 639
f 638 734 735
f 639 736 640
f 639 735 736
f 640 737 641
f 640 736 737
f 641 738 642
f 641 737 738
f 642 739 643
f 642 738 739
f 643 740 644
f 643 739 740
f 644 741 645
f 644 740 741
f 645 742 646
f 645 741 742
f 646 743 647
f 646 742 743
f 647 744 648
f 647 743 744
f 648 745 649
f 648 744 745
f 649 746 650
f 649 745 746
f 650 747 651
f 650 746 747
f 651 748 652
f 651 747 748
f 652 749 653
f 652 748 749
f 653 750 654
f 653 749 750
f 654 751 655
f 654 750 751
f 655 752 656
f 655 751 752
f 656 753 657
f 656 752 753
f 657 754 658
f 657 753 754
f 658 755 659
f 658 754 755
f 659 756 660
f 659 755 756
f 660 757 661
f 660 756 757
f 661 758 662
f 661 757 758
f 662 759 663
f 662 758 759
f 663 760 664
f 663 759 760
f 664 761 665
f 664 760 761
f 665 762 666
f 665 761 762
f 666 763 667
f 666 762 763
f 667 764 668
f 667 763 764
f 668 765 669
f 668 764 765
f 669 766 670
f 669 765 766
f 670 767 671
f 670 766 767
f 671 768 672
f 671 767 768
f 672 769 673
f 672 768 769
f 673 674 578
f 673 769 674
f 674 771 675
f 674 770 771
f 675 772 676
f 675 771 772
f 676 773 677
f 676 772 773
f 677 774 678
f 677 773 774
f 678 775 679
f 678 774 775
f 679 776 680
f 679 775 776
f 680 777 681
f 680 776 777
f 681 778 682
f 681 777 778
f 682 779 683
f 682 778 779
f 683 780 684
f 683 779 780
f 684 781 685
f 684 780 781
f 685 782 686
f 685 781 782
f 686 783 687
f 686 782 783
f 687 784 688
f 687 783 784
f 688 785 689
f 688 784 785
f 689 786 690
f 689 785 786
f 690 787 691
f 690 786 787
f 691 788 692
f 691 787 788
f 692 789 693
f 692 788 789
f 693 790 694
f 693 789 790
f 694 791 695
f 694 790 791
f 695 792 696
f 695 791 792
f 696 793 697
f 696 792 793
f 697 794 698
f 697 793 794
f 698 795 699
f 698 794 795
f 699 796 700
f 699 795 796
f 700 797 701
f 700 796 797
f 701 798 702
f 701 797 798
f 702 799 703
f 702 798 799
f 703 800 704
f 703 799 800
f 704 801 705
f 704 800 801
f 705 802 706
f 705 801 802
f 706 803 707
f 706 802 803
f 707 804 708
f 707 803 804
f 708 805 709
f 708 804 805
f 709 806 710
f 709 805 806
f 710 807 711
f 710 806 807
f 711 808 712
f 711 807 808
f 712 809 713
f 712 808 809
f 713 810 714
f 713 809 810
f 714 811 715
f 714 810 811
f 715 812 716
f 715 811 812
f 716 813 717
f 716 812 813
f 717 814 718
f 717 813 814
f 718 815 719
f 718 814 815
f 719 816 720
f 719 815 816
f 720 817 721
f 720 816 817
f 721 818 722
f 721 817 818
f 722 819 723
f 722 818 819
f 723 820 724
f 723 819 820
f 724 821 725
f 724 820 821
f 725 822 726
f 725 821 822
f 726 823 727
f 726 822 823
f 727 824 728
f 727 823 824
f 728 825 729
f 728 824 825
f 729 826 730
f 729 825 826
f 730 827 731
f 730 826 827
f 731 828 732
f 731 827 828
f 732 829 733
f 732 828 829
f 733 830 734
f 733 829 830
f 734 831 735
f 734 830 831
f 735 832 736
f 735 831 832
f 736 833 737
f 736 832 833
f 737 834 738
f 737 833 834
f 738 835 739
f 738 834 835
f 739 836 740
f 739 835 836
f 740 837 741
f 740 836 837
f 741 838 742
f 741 837 838
f 742 839 743
f 742 838 839
f 743 840 744
f 743 839 840
f 744 841 745
f 744 840 841
f 745 842 746
f 745 841 842
f 746 843 747
f 746 842 843
f 747 844 748
f 747 843 844
f 748 845 749
f 748 844 845
f 749 846 750
f 749 845 846
f 750 847 751
f 750 846 847
f 751 848 752
f 751 847 848
f 752 849 753
f 752 848 849
f 753 850 754
f 753 849 850
f 754 851 755
f 754 850 851
f 755 852 756
f 755 851 852
f 756 853 757
f 756 852 853
f 757 854 758
f 757 853 854
f 758 855 759
f 758 854 855
f 759 856 760
f 759 855 856
f 760 857 761
f 760 856 857
f 761 858 762
f 761 857 858
f 762 859 763
f 762 858 859
f 763 860 764
f 763 859 860
f 764 861 765
f 764 860 861
f 765 862 766
f 765 861 862
f 766 863 767
f 766 862 863
f 767 864 768
f 767 863 864
f 768 865 769
f 768 864 865
f 769 770 674
f 769 865 770
f 770 867 771
f 770 866 867
f 771 868 772
f 771 867 868
f 772 869 773
f 772 868 869
f 773 870 774
f 773 869 870
f 774 871 775
f 774 870 871
f 775 872 776
f 775 871 872
f 776 873 777
f 776 872 873
f 777 874 778
f 777 873 874
f 778 875 779
f 778 874 875
f 779 876 780
f 779 875 876
f 780 877 781
f 780 876 877
f 781 878 782
f 781 877 878
f 782 879 783
f 782 878 879
f 783 880 784
f 783 879 880
f 784 881 785
f 784 880 881
f 785 882 786
f 785 881 882
f 786 883 787
f 786 882 883
f 787 884 788
f 787 883 884
f 788 885 789
f 788 884 885
f 789 886 790
f 789 885 886
f 790 887 791
f 790 886 887
f 791 888 792
f 791 887 888
f 792 889 793
f 792 888 889
f 793 890 794
f 793 889 890
f 794 891 795
f 794 890 891
f 795 892 796
f 795 891 892
f 796 893 797
f 796 892 893
f 797 894 798
f 797 893 894
f 798 895 799
f 798 894 895
f 799 896 800
f 799 895 896
f 800 897 801
f 800 896 897
f 801 898 802
f 801 897 898
f 802 899 803
f 802 898 899
f 803 900 804
f 803 899 900
f 804 901 805
f 804 900 901
f 805 902 806
f 805 901 902
f 806 903 807
f 806 902 903
f 807 904 808
f 807 903 904
f 808 905 809
f 808 904 905
f 809 906 810
f 809 905 906
f 810 907 811
f 810 906 907
f 811 908 812
f 811 907 908
f 812 909 813
f 812 908 909
f 813 910 814
f 813 909 910
f 814 911 815
f 814 910 911
f 815 912 816
f 815 911 912
f 816 913 817
f 816 912 913
f 817 914 818
f 817 913 914
f 818 915 819
f 818 914 915
f 819 916 820
f 819 915 916
f 820 917 821
f 820 916 917
f 821 918 822
f 821 917 918
f 822 919 823
f 822 918 919
f 823 920 824
f 823 919 920
f 824 921 825
f 824 920 921
f 825 922 826
f 825 921 922
f 826 923 827
f 826 922 923
f 827 924 828
f 827 923 924
f 828 925 829
f 828 924 925
f 829 926 830
f 829 925 926
f 830 927 831
f 830 926 927
f 831 928 832
f 831 927 928
f 832 929 833
f 832 928 929
f 833 930 834
f 833 929 930
f 834 931 835
f 834 930 931
f 835 932 836
f 835 931 932
f 836 933 837
f 836 932 933
f 837 934 838
f 837 933 934
f 838 935 839
f 838 934 935
f 839 936 840
f 839 935 936
f 840 937 841
f 840 936 937
f 841 938 842
f 841 937 938
f 842 939 843
f 842 938 939
f 843 940 844
f 843 939 940
f 844 941 845
f 844 940 941
f 845 942 846
f 845 941 942
f 846 943 847
f 846 942 943
f 847 944 848
f 847 943 944
f 848 945 849
f 848 944 945
f 849 946 850
f 849 945 946
f 850 947 851
f 850 946 947
f 851 948 852
f 851 947 948
f 852 949 853
f 852 948 949
f 853 950 854
f 853 949 950
f 854 951 855
f 854 950 951
f 855 952 856
f 855 951 952
f 856 953 857
f 856 952 953
f 857 954 858
f 857 953 954
f 858 955 859
f 858 954 955
f 859 956 860
f 859 955 956
f 860 957 861
f 860 956 957
f 861 958 862
f 861 957 958
f 862 959 863
f 862 958 959
f 863 960 864
f 863 959 960
f 864 961 865
f 864 960 961
f 865 866 770
f 865 961 866
f 866 963 867
f 866 962 963
f 867 964 868
f 867 963 964
f 868 965 869
f 868 964 965
f 869 966 870
f 869 965 966
f 870 967 871
f 870 966 967
f 871 968 872
f 871 967 968
f 872 969 873
f 872 968 969
f 873 970 874
f 873 969 970
f 874 971 875
f 874 970 971
f 875 972 876
f 875 971 972
f 876 973 877
f 876 972 973
f 877 974 878
f 877 973 974
f 878 975 879
f 878 974 975
f 879 976 880
f 879 975 976
f 880 977 881
f 880 976 977
f 881 978 882
f 881 977 978
f 882 979 883
f 882 978 979
f 883 980 884
f 883 979 980
f 884 981 885
f 884 980 981
f 885 982 886
f 885 981 982
f 886 983 887
f 886 982 983
f 887 984 888
f 887 983 984
f 888 985 889
f 888 984 985
f 889 986 890
f 889 985 986
f 890 987 891
f 890 986 987
f 891 988 892
f 891 987 988
f 892 989 893
f 892 988 989
f 893 990 894
f 893 989 990
f 894 991 895
f 894 990 991
f 895 992 896
f 895 991 992
f 896 993 897
f 896 992 993
f 897 994 898
f 897 993 994
f 898 995 899
f 898 994 995
f 899 996 900
f 899 995 996
f 900 997 901
f 900 996 997
f 901 998 902
f 901 997 998
f 902 999 903
f 902 998 999
f 903 1000 904
f 903 999 1000
f 904 1001 905
f 904 1000 1001
f 905 1002 906
f 905 1001 1002
f 906 1003 907
f 906 1002 1003
f 907 1004 908
f 907 1003 1004
f 908 1005 909
f 908 1004 1005
f 909 1006 910
f 909 1005 1006
f 910 1007 911
f 910 1006 1007
f 911 1008 912
f 911 1007 1008
f 912 1009 913
f 912 1008 1009
f 913 1010 914
f 913 1009 1010
f 914 1011 915
f 914 1010 1011
f 915 1012 916
f 915 1011 1012
f 916 1013 917
f 916 1012 1013
f 917 1014 918
f 917 1013 1014
f 918 1015 919
f 918 1014 1015
f 919 1016 920
f 919 1015 1016
f 920 1017 921
f 920 1016 1017
f 921 1018 922
f 921 1017 1018
f 922 1019 923
f 922 1018 1019
f 923 1020 924
f 923 1019 1020
f 924 1021 925
f 924 1020 1021
f 925 1022 926
f 925 1021 1022
f 926 1023 927
f 926 1022 1023
f 927 1024 928
f 927 1023 1024
f 928 1025 929
f 928 1024 1025
f 929 1026 930
f 929 1025 1026
f 930 1027 931
f 930 1026 1027
f 931 1028 932
f 931 1027 1028
f 932 1029 933
f 932 1028 1029
f 933 1030 934
f 933 1029 1030
f 934 1031 935
f 934 1030 1031
f 935 1032 936
f 935 1031 1032
f 936 1033 937
f 936 1032 1033
f 937 1034 938
f 937 1033 1034
f 938 1035 939
f 938 1034 1035
f 939 1036 940
f 939 1035 1036
f 940 1037 941
f 940 1036 1037
f 941 1038 942
f 941 1037 1038
f 942 1039 943
f 942 1038 1039
f 943 1040 944
f 943 1039 1040
f 944 1041 945
f 944 1040 1041
f 945 1042 946
f 945 1041 1042
f 946 1043 947
f 946 1042 1043
f 947 1044 948
f 947 1043 1044
f 948 1045 949
f 948 1044 1045
f 949 1046 950
f 949 1045 1046
f 950 1047 951
f 950 1046 1047
f 951 1048 952
f 951 1047 1048
f 952 1049 953
f 952 1048 1049
f 953 1050 954
f 953 1049 1050
f 954 1051 955
f 954 1050 1051
f 955 1052 956
f 955 1051 1052
f 956 1053 957
f 956 1052 1053
f 957 1054 958
f 957 1053 1054
f 958 1055 959
f 958 1054 1055
f 959 1056 960
f 959 1055 1056
f 960 1057 961
f 960 1056 1057
f 961 962 866
f 961 1057 962
f 962 1059 963
f 962 1058 1059
f 963 1060 964
f 963 1059 1060
f 964 1061 965
f 964 1060 1061
f 965 1062 966
f 965 1061 1062
f 966 1063 967
f 966 1062 1063
f 967 1064 968
f 967 1063 1064
f 968 1065 969
f 968 1064 1065
f 969 1066 970
f 969 1065 1066
f 970 1067 971
f 970 1066 1067
f 971 1068 972
f 971 1067 1068
f 972 1069 973
f 972 1068 1069
f 973 1070 974
f 973 1069 1070
f 974 1071 975
f 974 1070 1071
f 975 1072 976
f 975 1071 1072
f 976 1073 977
f 976 1072 1073
f 977 1074 978
f 977 1073 1074
f 978 1075 979
f 978 1074 1075
f 979 1076 980
f 979 1075 1076
f 980 1077 981
f 980 1076 1077
f 981 1078 982
f 981 1077 1078
f 982 1079 983
f 982 1078 1079
f 983 1080 984
f 983 1079 1080
f 984 1081 985
f 984 1080 1081
f 985 1082 986
f 985 1081 1082
f 986 1083 987
f 986 1082 1083
f 987 1084 988
f 987 1083 1084
f 988 1085 989
f 988 1084 1085
f 989 1086 990
f 989 1085 1086
f 990 1087 991
f 990 1086 1087
f 991 1088 992
f 991 1087 1088
f 992 1089 993
f 992 1088 1089
f 993 1090 994
f 993 1089 1090
f 994 1091 995
f 994 1090 1091
f 995 1092 996
f 995 1091 1092
f 996 1093 997
f 996 1092 1093
f 997 1094 998
f 997 1093 1094
f 998 1095 999
f 998 1094 1095
f 999 1096 1000
f 999 1095 1096
f 1000 1097 1001
f 1000 1096 1097
f 1001 1098 1002
f 1001 1097 1098
f 1002 1099 1003
f 1002 1098 1099
f 1003 1100 1004
f 1003 1099 1100
f 1004 1101 1005
f 1004 1100 1101
f 1005 1102 1006
f 1005 1101 1102
f 1006 1103 1007
f 1006 1102 1103
f 1007 1104 1008
f 1007 1103 1104
f 1008 1105 1009
f 1008 1104 1105
f 1009 1106 1010
f 1009 1105 1106
f 1010 1107 1011
f 1010 1106 1107
f 1011 1108 1012
f 1011 1107 1108
f 1012 1109 1013
f 1012 1108 1109
f 1013 1110 1014
f 1013 1109 1110
f 1014 1111 1015
f 1014 1110 1111
f 1015 1112 1016
f 1015 1111 1112
f 1016 1113 1017
f 1016 1112 1113
f 1017 1114 1018
f 1017 1113 1114
f 1018 1115 1019
f 1018 1114 1115
f 1019 1116 1020
f 1019 1115 1116
f 1020 1117 1021
f 1020 1116 1117
f 1021 1118 1022
f 1021 1117 1118
f 1022 1119 1023
f 1022 1118 1119
f 1023 1120 1024
f 1023 1119 1120
f 1024 1121 1025
f 1024 1120 1121
f 1025 1122 1026
f 1025 1121 1122
f 1026 1123 1027
f 1026 1122 1123
f 1027 1124 1028
f 1027 1123 1124
f 1028 1125 1029
f 1028 1124 1125
f 1029 1126 1030
f 1029 1125 1126
f 1030 1127 1031
f 1030 1126 1127
f 1031 1128 1032
f 1031 1127 1128
f 1032 1129 1033
f 1032 1128 1129
f 1033 1130 1034
f 1033 1129 1130
f 1034 1131 1035
f 1034 1130 1131
f 1035 1132 1036
f 1035 1131 1132
f 1036 1133 1037
f 1036 1132 1133
f 1037 1134 1038
f 1037 1133 1134
f 1038 1135 1039
f 1038 1134 1135
f 1039 1136 1040
f 1039 1135 1136
f 1040 1137 1041
f 1040 1136 1137
f 1041 1138 1042
f 1041 1137 1138
f 1042 1139 1043
f 1042 1138 1139
f 1043 1140 1044
f 1043 1139 1140
f 1044 1141 1045
f 1044 1140 1141
f 1045 1142 1046
f 1045 1141 1142
f 1046 1143 1047
f 1046 1142 1143
f 1047 1144 1048
f 1047 1143 1144
f 1048 1145 1049
f 1048 1144 1145
f 1049 1146 1050
f 1049 1145 1146
f 1050 1147 1051
f 1050 1146 1147
f 1051 1148 1052
f 1051 1147 1148
f 1052 1149 1053
f 1052 1148 1149
f 1053 1150 1054
f 1053 1149 1150
f 1054 1151 1055
f 1054 1150 1151
f 1055 1152 1056
f 1055 1151 1152
f 1056 1153 1057
f 1056 1152 1153
f 1057 1058 962
f 1057 1153 1058
f 1058 1155 1059
f 1058 1154 1155
f 1059 1156 1060
f 1059 1155 1156
f 1060 1157 1061
f 1060 1156 1157
f 1061 1158 1062
f 1061 1157 1158
f 1062 1159 1063
f 1062 1158 1159
f 1063 1160 1064
f 1063 1159 1160
f 1064 1161 1065
f 1064 1160 1161
f 1065 1162 1066
f 1065 1161 1162
f 1066 1163 1067
f 1066 1162 1163
f 1067 1164 1068
f 1067 1163 1164
f 1068 1165 1069
f 1068 1164 1165
f 1069 1166 1070
f 1069 1165 1166
f 1070 1167 1071
f 1070 1166 1167
f 1071 1168 1072
f 1071 1167 1168
f 1072 1169 1073
f 1072 1168 1169
f 1073 1170 1074
f 1073 1169 1170
f 1074 1171 1075
f 1074 1170 1171
f 1075 1172 1076
f 1075 1171 1172
f 1076 1173 1077
f 1076 1172 1173
f 1077 1174 1078
f 1077 1173 1174
f 1078 1175 1079
f 1078 1174 1175
f 1079 1176 1080
f 1079 1175 1176
f 1080 1177 1081
f 1080 1176 1177
f 1081 1178 1082
f 1081 1177 1178
f 1082 1179 1083
f 1082 1178 1179
f 1083 1180 1084
f 1083 1179 1180
f 1084 1181 1085
f 1084 1180 1181
f 1085 1182 1086
f 1085 1181 1182
f 1086 1183 1087
f 1086 1182 1183
f 1087 1184 1088
f 1087 1183 1184
f 1088 1185 1089
f 1088 1184 1185
f 1089 1186 1090
f 1089 1185 1186
f 1090 1187 1091
f 1090 1186 1187
f 1091 1188 1092
f 1091 1187 1188
f 1092 1189 1093
f 1092 1188 1189
f 1093 1190 1094
f 1093 1189 1190
f 1094 1191 1095
f 1094 1190 1191
f 1095 1192 1096
f 1095 1191 1192
f 1096 1193 1097
f 1096 1192 1193
f 1097 1194 1098
f 1097 1193 1194
f 1098 1195 1099
f 1098 1194 1195
f 1099 1196 1100
f 1099 1195 1196
f 1100 1197 1101
f 1100 1196 1197
f 1101 1198 1102
f 1101 1197 1198
f 1102 1199 1103
f 1102 1198 1199
f 1103 1200 1104
f 1103 1199 1200
f 1104 1201 1105
f 1104 1200 1201
f 1105 1202 1106
f 1105 1201 1202
f 1106 1203 1107
f 1106 1202 1203
f 1107 1204 1108
f 1107 1203 1204
f 1108 1205 1109
f 1108 1204 1205
f 1109 1206 1110
f 1109 1205 1206
f 1110 1207 1111
f 1110 1206 1207
f 1111 1208 1112
f 1111 1207 1208
f 1112 1209 1113
f 1112 1208 1209
f 1113 1210 1114
f 1113 1209 1210
f 1114 1211 1115
f 1114 1210 1211
f 1115 1212 1116
f 1115 1211 1212
f 1116 1213 1117
f 1116 1212 1213
f 1117 1214 1118
f 1117 1213 1214
f 1118 1215 1119
f 1118 1214 1215
f 1119 1216 1120
f 1119 1215 1216
f 1120 1217 1121
f 1120 1216 1217
f 1121 1218 1122
f 1121 1217 1218
f 1122 1219 1123
f 1122 1218 1219
f 1123 1220 1124
f 1123 1219 1220
f 1124 1221 1125
f 1124 1220 1221
f 1125 1222 1126
f 1125 1221 1222
f 1126 1223 1127
f 1126 1222 1223
f 1127 1224 1128
f 1127 1223 1224
f 1128 1225 1129
f 1128 1224 1225
f 1129 1226 1130
f 1129 1225 1226
f 1130 1227 1131
f 1130 1226 1227
f 1131 1228 1132
f 1131 1227 1228
f 1132 1229 1133
f 1132 1228 1229
f 1133 1230 1134
f 1133 1229 1230
f 1134 1231 1135
f 1134 1230 1231
f 1135 1232 1136
f 1135 1231 1232
f 1136 1233 1137
f 1136 1232 1233
f 1137 1234 1138
f 1137 1233 1234
f 1138 1235 1139
f 1138 1234 1235
f 1139 1236 1140
f 1139 1235 1236
f 1140 1237 1141
f 1140 1236 1237
f 1141 1238 1142
f 1141 1237 1238
f 1142 1239 1143
f 1142 1238 1239
f 1143 1240 1144
f 1143 1239 1240
f 1144 1241 1145
f 1144 1240 1241
f 1145 1242 1146
f 1145 1241 1242
f 1146 1243 1147
f 1146 1242 1243
f 1147 1244 1148
f 1147 1243 1244
f 1148 1245 1149
f 1148 1244 1245
f 1149 1246 1150
f 1149 1245 1246
f 1150 1247 1151
f 1150 1246 1247
f 1151 1248 1152
f 1151 1247 1248
f 1152 1249 1153
f 1152 1248 1249
f 1153 1154 1058
f 1153 1249 1154
f 1154 1251 1155
f 1154 1250 1251
f 1155 1252 1156
f 1155 1251 1252
f 1156 1253 1157
f 1156 1252 1253
f 1157 1254 1158
f 1157 1253 1254
f 1158 1255 1159
f 1158 1254 1255
f 1159 1256 1160
f 1159 1255 1256
f 1160 1257 1161
f 1160 1256 1257
f 1161 1258 1162
f 1161 1257 1258
f 1162 1259 1163
f 1162 1258 1259
f 1163 1260 1164
f 1163 1259 1260
f 1164 1261 1165
f 1164 1260 1261
f 1165 1262 1166
f 1165 1261 1262
f 1166 1263 1167
f 1166 1262 1263
f 1167 1264 1168
f 1167 1263 1264
f 1168 1265 1169
f 1168 1264 1265
f 1169 1266 1170
f 1169 1265 1266
f 1170 1267 1171
f 1170 1266 1267
f 1171 1268 1172
f 1171 1267 1268
f 1172 1269 1173
f 1172 1268 1269
f 1173 1270 1174
f 1173 1269 1270
f 1174 1271 1175
f 1174 1270 1271
f 1175 1272 1176
f 1175 1271 1272
f 1176 1273 1177
f 1176 1272 1273
f 1177 1274 1178
f 1177 1273 1274
f 1178 1275 1179
f 1178 1274 1275
f 1179 1276 1180
f 1179 1275 1276
f 1180 1277 1181
f 1180 1276 1277
f 1181 1278 1182
f 1181 1277 1278
f 1182 1279 1183
f 1182 1278 1279
f 1183 1280 1184
f 1183 1279 1280
f 1184 1281 1185
f 1184 1280 1281
f 1185 1282 1186
f 1185 1281 1282
f 1186 1283 1187
f 1186 1282 1283
f 1187 1284 1188
f 1187 1283 1284
f 1188 1285 1189
f 1188 1284 1285
f 1189 1286 1190
f 1189 1285 1286
f 1190 1287 1191
f 1190 1286 1287
f 1191 1288 1192
f 1191 1287 1288
f 1192 1289 1193
f 1192 1288 1289
f 1193 1290 1194
f 1193 1289 1290
f 1194 1291 1195
f 1194 1290 1291
f 1195 1292 1196
f 1195 1291 1292
f 1196 1293 1197
f 1196 1292 1293
f 1197 1294 1198
f 1197 1293 1294
f 1198 1295 1199
f 1198 1294 1295
f 1199 1296 1200
f 1199 1295 1296
f 1200 1297 1201
f 1200 1296 1297
f 1201 1298 1202
f 1201 1297 1298
f 1202 1299 1203
f 1202 1298 1299
f 1203 1300 1204
f 1203 1299 1300
f 1204 1301 1205
f 1204 1300 1301
f 1205 1302 1206
f 1205 1301 1302
f 1206 1303 1207
f 1206 1302 1303
f 1207 1304 1208
f 1207 1303 1304
f 1208 1305 1209
f 1208 1304 1305
f 1209 1306 1210
f 1209 1305 1306
f 1210 1307 1211
f 1210 1306 1307
f 1211 1308 1212
f 1211 1307 1308
f 1212 1309 1213
f 1212 1308 1309
f 1213 1310 1214
f 1213 1309 1310
f 1214 1311 1215
f 1214 1310 1311
f 1215 1312 1216
f 1215 1311 1312
f 1216 1313 1217
f 1216 1312 1313
f 1217 1314 1218
f 1217 1313 1314
f 1218 1315 1219
f 1218 1314 1315
f 1219 1316 1220
f 1219 1315 1316
f 1220 1317 1221
f 1220 1316 1317
f 1221 1318 1222
f 1221 1317 1318
f 1222 1319 1223
f 1222 1318 1319
f 1223 1320 1224
f 1223 1319 1320
f 1224 1321 1225
f 1224 1320 1321
f 1225 1322 1226
f 1225 1321 1322
f 1226 1323 1227
f 1226 1322 1323
f 1227 1324 1228
f 1227 1323 1324
f 1228 1325 1229
f 1228 1324 1325
f 1229 1326 1230
f 1229 1325 1326
f 1230 1327 1231
f 1230 1326 1327
f 1231 1328 1232
f 1231 1327 1328
f 1232 1329 1233
f 1232 1328 1329
f 1233 1330 1234
f 1233 1329 1330
f 1234 1331 1235
f 1234 1330 1331
f 1235 1332 1236
f 1235 1331 1332
f 1236 1333 1237
f 1236 1332 1333
f 1237 1334 1238
f 1237 1333 1334
f 1238 1335 1239
f 1238 1334 1335
f 1239 1336 1240
f 1239 1335 1336
f 1240 1337 1241
f 1240 1336 1337
f 1241 1338 1242
f 1241 1337 1338
f 1242 1339 1243
f 1242 1338 1339
f 1243 1340 1244
f 1243 1339 1340
f 1244 1341 1245
f 1244 1340 1341
f 1245 1342 1246
f 1245 1341 1342
f 1246 1343 1247
f 1246 1342 1343
f 1247 1344 1248
f 1247 1343 1344
f 1248 1345 1249
f 1248 1344 1345
f 1249 1250 1154
f 1249 1345 1250
f 1250 1347 1251
f 1250 1346 1347
f 1251 1348 1252
f 1251 1347 1348
f 1252 1349 1253
f 1252 1348 1349
f 1253 1350 1254
f 1253 1349 1350
f 1254 1351 1255
f 1254 1350 1351
f 1255 1352 1256
f 1255 1351 1352
f 1256 1353 1257
f 1256 1352 1353
f 1257 1354 1258
f 1257 1353 1354
f 1258 1355 1259
f 1258 1354 1355
f 1259 1356 1260
f 1259 1355 1356
f 1260 1357 1261
f 1260 1356 1357
f 1261 1358 1262
f 1261 1357 1358
f 1262 1359 1263
f 1262 1358 1359
f 1263 1360 1264
f 1263 1359 1360
f 1264 1361 1265
f 1264 1360 1361
f 1265 1362 1266
f 1265 1361 1362
f 1266 1363 1267
f 1266 1362 1363
f 1267 1364 1268
f 1267 1363 1364
f 1268 1365 1269
f 1268 1364 1365
f 1269 1366 1270
f 1269 1365 1366
f 1270 1367 1271
f 1270 1366 1367
f 1271 1368 1272
f 1271 1367 1368
f 1272 1369 1273
f 1272 1368 1369
f 1273 1370 1274
f 1273 1369 1370
f 1274 1371 1275
f 1274 1370 1371
f 1275 1372 1276
f 1275 1371 1372
f 1276 1373 1277
f 1276 1372 1373
f 1277 1374 1278
f 1277 1373 1374
f 1278 1375 1279
f 1278 1374 1375
f 1279 1376 1280
f 1279 1375 1376
f 1280 1377 1281
f 1280 1376 1377
f 1281 1378 1282
f 1281 1377 1378
f 1282 1379 1283
f 1282 1378 1379
f 1283 1380 1284
f 1283 1379 1380
f 1284 1381 1285
f 1284 1380 1381
f 1285 1382 1286
f 1285 1381 1382
f 1286 1383 1287
f 1286 1382 1383
f 1287 1384 1288
f 1287 1383 1384
f 1288 1385 1289
f 1288 1384 1385
f 1289 1386 1290
f 1289 1385 1386
f 1290 1387 1291
f 1290 1386 1387
f 1291 1388 1292
f 1291 1387 1388
f 1292 1389 1293
f 1292 1388 1389
f 1293 1390 1294
f 1293 1389 1390
f 1294 1391 1295
f 1294 1390 1391
f 1295 1392 1296
f 1295 1391 1392
f 1296 1393 1297
f 1296 1392 1393
f 1297 1394 1298
f 1297 1393 1394
f 1298 1395 1299
f 1298 1394 1395
f 1299 1396 1300
f 1299 1395 1396
f 1300 1397 1301
f 1300 1396 1397
f 1301 1398 1302
f 1301 1397 1398
f 1302 1399 1303
f 1302 1398 1399
f 1303 1400 1304
f 1303 1399 1400
f 1304 1401 1305
f 1304 1400 1401
f 1305 1402 1306
f 1305 1401 1402
f 1306 1403 1307
f 1306 1402 1403
f 1307 1404 1308
f 1307 1403 1404
f 1308 1405 1309
f 1308 1404 1405
f 1309 1406 1310
f 1309 1405 1406
f 1310 1407 1311
f 1310 1406 1407
f 1311 1408 1312
f 1311 1407 1408
f 1312 1409 1313
f 1312 1408 1409
f 1313 1410 1314
f 1313 1409 1410
f 1314 1411 1315
f 1314 1410 1411
f 1315 1412 1316
f 1315 1411 1412
f 1316 1413 1317
f 1316 1412 1413
f 1317 1414 1318
f 1317 1413 1414
f 1318 1415 1319
f 1318 1414 1415
f 1319 1416 1320
f 1319 1415 1416
f 1320 1417 1321
f 1320 1416 1417
f 1321 1418 1322
f 1321 1417 1418
f 1322 1419 1323
f 1322 1418 1419
f 1323 1420 1324
f 1323 1419 1420
f 1324 1421 1325
f 1324 1420 1421
f 1325 1422 1326
f 1325 1421 1422
f 1326 1423 1327
f 1326 1422 1423
f 1327 1424 1328
f 1327 1423 1424
f 1328 1425 1329
f 1328 1424 1425
f 1329 1426 1330
f 1329 1425 1426
f 1330 1427 1331
f 1330 1426 1427
f 1331 1428 1332
f 1331 1427 1428
f 1332 1429 1333
f 1332 1428 1429
f 1333 1430 1334
f 1333 1429 1430
f 1334 1431 1335
f 1334 1430 1431
f 1335 1432 1336
f 1335 1431 1432
f 1336 1433 1337
f 1336 1432 1433
f 1337 1434 1338
f 1337 1433 1434
f 1338 1435 1339
f 1338 1434 1435
f 1339 1436 1340
f 1339 1435 1436
f 1340 1437 1341
f 1340 1436 1437
f 1341 1438 1342
f 1341 1437 1438
f 1342 1439 1343
f 1342 1438 1439
f 1343 1440 1344
f 1343 1439 1440
f 1344 1441 1345
f 1344 1440 1441
f 1345 1346 1250
f 1345 1441 1346
f 1346 1443 1347
f 1346 1442 1443
f 1347 1444 1348
f 1347 1443 1444
f 1348 1445 1349
f 1348 1444 1445
f 1349 1446 1350
f 1349 1445 1446
f 1350 1447 1351
f 1350 1446 1447
f 1351 1448 1352
f 1351 1447 1448
f 1352 1449 1353
f 1352 1448 1449
f 1353 1450 1354
f 1353 1449 1450
f 1354 1451 1355
f 1354 1450 1451
f 1355 1452 1356
f 1355 1451 1452
f 1356 1453 1357
f 1356 1452 1453
f 1357 1454 1358
f 1357 1453 1454
f 1358 1455 1359
f 1358 1454 1455
f 1359 1456 1360
f 1359 1455 1456
f 1360 1457 1361
f 1360 1456 1457
f 1361 1458 1362
f 1361 1457 1458
f 1362 1459 1363
f 1362 1458 1459
f 1363 1460 1364
f 1363 1459 1460
f 1364 1461 1365
f 1364 1460 1461
f 1365 1462 1366
f 1365 1461 1462
f 1366 1463 1367
f 1366 1462 1463
f 1367 1464 1368
f 1367 1463 1464
f 1368 1465 1369
f 1368 1464 1465
f 1369 1466 1370
f 1369 1465 1466
f 1370 1467 1371
f 1370 1466 1467
f 1371 1468 1372
f 1371 1467 1468
f 1372 1469 1373
f 1372 1468 1469
f 1373 1470 1374
f 1373 1469 1470
f 1374 1471 1375
f 1374 1470 1471
f 1375 1472 1376
f 1375 1471 1472
f 1376 1473 1377
f 1376 1472 1473
f 1377 1474 1378
f 1377 1473 1474
f 1378 1475 1379
f 1378 1474 1475
f 1379 1476 1380
f 1379 1475 1476
f 1380 1477 1381
f 1380 1476 1477
f 1381 1478 1382
f 1381 1477 1478
f 1382 1479 1383
f 1382 1478 1479
f 1383 1480 1384
f 1383 1479 1480
f 1384 1481 1385
f 1384 1480 1481
f 1385 1482 1386
f 1385 1481 1482
f 1386 1483 1387
f 1386 1482 1483
f 1387 1484 1388
f 1387 1483 1484
f 1388 1485 1389
f 1388 1484 1485
f 1389 1486 1390
f 1389 1485 1486
f 1390 1487 1391
f 1390 1486 1487
f 1391 1488 1392
f 1391 1487 1488
f 1392 1489 1393
f 1392 1488 1489
f 1393 1490 1394
f 1393 1489 1490
f 1394 1491 1395
f 1394 1490 1491
f 1395 1492 1396
f 1395 1491 1492
f 1396 1493 1397
f 1396 1492 1493
f 1397 1494 1398
f 1397 1493 1494
f 1398 1495 1399
f 1398 1494 1495
f 1399 1496 1400
f 1399 1495 1496
f 1400 1497 1401
f 1400 1496 1497
f 1401 1498 1402
f 1401 1497 1498
f 1402 1499 1403
f 1402 1498 1499
f 1403 1500 1404
f 1403 1499 1500
f 1404 1501 1405
f 1404 1500 1501
f 1405 1502 1406
f 1405 1501 1502
f 1406 1503 1407
f 1406 1502 1503
f 1407 1504 1408
f 1407 1503 1504
f 1408 1505 1409
f 1408 1504 1505
f 1409 1506 1410
f 1409 1505 1506
f 1410 1507 1411
f 1410 1506 1507
f 1411 1508 1412
f 1411 1507 1508
f 1412 1509 1413
f 1412 1508 1509
f 1413 1510 1414
f 1413 1509 1510
f 1414 1511 1415
f 1414 1510 1511
f 1415 1512 1416
f 1415 1511 1512
f 1416 1513 1417
f 1416 1512 1513
f 1417 1514 1418
f 1417 1513 1514
f 1418 1515 1419
f 1418 1514 1515
f 1419 1516 1420
f 1419 1515 1516
f 1420 1517 1421
f 1420 1516 1517
f 1421 1518 1422
f 1421 1517 1518
f 1422 1519 1423
f 1422 1518 1519
f 1423 1520 1424
f 1423 1519 1520
f 1424 1521 1425
f 1424 1520 1521
f 1425 1522 1426
f 1425 1521 1522
f 1426 1523 1427
f 1426 1522 1523
f 1427 1524 1428
f 1427 1523 1524
f 1428 1525 1429
f 1428 1524 1525
f 1429 1526 1430
f 1429 1525 1526
f 1430 1527 1431
f 1430 1526 1527
f 1431 1528 1432
f 1431 1527 1528
f 1432 1529 1433
f 1432 1528 1529
f 1433 1530 1434
f 1433 1529 1530
f 1434 1531 1435
f 1434 1530 1531
f 1435 1532 1436
f 1435 1531 1532
f 1436 1533 1437
f 1436 1532 1533
f 1437 1534 1438
f 1437 1533 1534
f 1438 1535 1439
f 1438 1534 1535
f 1439 1536 1440
f 1439 1535 1536
f 1440 1537 1441
f 1440 1536 1537
f 1441 1442 1346
f 1441 1537 1442
f 1442 1539 1443
f 1442 1538 1539
f 1443 1540 1444
f 1443 1539 1540
f 1444 1541 1445
f 1444 1540 1541
f 1445 1542 1446
f 1445 1541 1542
f 1446 1543 1447
f 1446 1542 1543
f 1447 1544 1448
f 1447 1543 1544
f 1448 1545 1449
f 1448 1544 1545
f 1449 1546 1450
f 1449 1545 1546
f 1450 1547 1451
f 1450 1546 1547
f 1451 1548 1452
f 1451 1547 1548
f 1452 1549 1453
f 1452 1548 1549
f 1453 1550 1454
f 1453 1549 1550
f 1454 1551 1455
f 1454 1550 1551
f 1455 1552 1456
f 1455 1551 1552
f 1456 1553 1457
f 1456 1552 1553
f 1457 1554 1458
f 1457 1553 1554
f 1458 1555 1459
f 1458 1554 1555
f 1459 1556 1460
f 1459 1555 1556
f 1460 1557 1461
f 1460 1556 1557
f 1461 1558 1462
f 1461 1557 1558
f 1462 1559 1463
f 1462 1558 1559
f 1463 1560 1464
f 1463 1559 1560
f 1464 1561 1465
f 1464 1560 1561
f 1465 1562 1466
f 1465 1561 1562
f 1466 1563 1467
f 1466 1562 1563
f 1467 1564 1468
f 1467 1563 1564
f 1468 1565 1469
f 1468 1564 1565
f 1469 1566 1470
f 1469 1565 1566
f 1470 1567 1471
f 1470 1566 1567
f 1471 1568 1472
f 1471 1567 1568
f 1472 1569 1473
f 1472 1568 1569
f 1473 1570 1474
f 1473 1569 1570
f 1474 1571 1475
f 1474 1570 1571
f 1475 1572 1476
f 1475 1571 1572
f 1476 1573 1477
f 1476 1572 1573
f 1477 1574 1478
f 1477 1573 1574
f 1478 1575 1479
f 1478 1574 1575
f 1479 1576 1480
f 1479 1575 1576
f 1480 1577 1481
f 1480 1576 1577
f 1481 1578 1482
f 1481 1577 1578
f 1482 1579 1483
f 1482 1578 1579
f 1483 1580 1484
f 1483 1579 1580
f 1484 1581 1485
f 1484 1580 1581
f 1485 1582 1486
f 1485 1581 1582
f 1486 1583 1487
f 1486 1582 1583
f 1487 1584 1488
f 1487 1583 1584
f 1488 1585 1489
f 1488 1584 1585
f 1489 1586 1490
f 1489 1585 1586
f 1490 1587 1491
f 1490 1586 1587
f 1491 1588 1492
f 1491 1587 1588
f 1492 1589 1493
f 1492 1588 1589
f 1493 1590 1494
f 1493 1589 1590
f 1494 1591 1495
f 1494 1590 1591
f 1495 1592 1496
f 1495 1591 1592
f 1496 1593 1497
f 1496 1592 1593
f 1497 1594 1498
f 1497 1593 1594
f 1498 1595 1499
f 1498 1594 1595
f 1499 1596 1500
f 1499 1595 1596
f 1500 1597 1501
f 1500 1596 1597
f 1501 1598 1502
f 1501 1597 1598
f 1502 1599 1503
f 1502 1598 1599
f 1503 1600 1504
f 1503 1599 1600
f 1504 1601 1505
f 1504 1600 1601
f 1505 1602 1506
f 1505 1601 1602
f 1506 1603 1507
f 1506 1602 1603
f 1507 1604 1508
f 1507 1603 1604
f 1508 1605 1509
f 1508 1604 1605
f 1509 1606 1510
f 1509 1605 1606
f 1510 1607 1511
f 1510 1606 1607
f 1511 1608 1512
f 1511 1607 1608
f 1512 1609 1513
f 1512 1608 1609
f 1513 1610 1514
f 1513 1609 1610
f 1514 1611 1515
f 1514 1610 1611
f 1515 1612 1516
f 1515 1611 1612
f 1516 1613 1517
f 1516 1612 1613
f 1517 1614 1518
f 1517 1613 1614
f 1518 1615 1519
f 1518 1614 1615
f 1519 1616 1520
f 1519 1615 1616
f 1520 1617 1521
f 1520 1616 1617
f 1521 1618 1522
f 1521 1617 1618
f 1522 1619 1523
f 1522 1618 1619
f 1523 1620 1524
f 1523 1619 1620
f 1524 1621 1525
f 1524 1620 1621
f 1525 1622 1526
f 1525 1621 1622
f 1526 1623 1527
f 1526 1622 1623
f 1527 1624 1528
f 1527 1623 1624
f 1528 1625 1529
f 1528 1624 1625
f 1529 1626 1530
f 1529 1625 1626
f 1530 1627 1531
f 1530 1626 1627
f 1531 1628 1532
f 1531 1627 1628
f 1532 1629 1533
f 1532 1628 1629
f 1533 1630 1534
f 1533 1629 1630
f 1534 1631 1535
f 1534 1630 1631
f 1535 1632 1536
f 1535 1631 1632
f 1536 1633 1537
f 1536 1632 1633
f 1537 1538 1442
f 1537 1633 1538
f 1538 1635 1539
f 1538 1634 1635
f 1539 1636 1540
f 1539 1635 1636
f 1540 1637 1541
f 1540 1636 1637
f 1541 1638 1542
f 1541 1637 1638
f 1542 1639 1543
f 1542 1638 1639
f 1543 1640 1544
f 1543 1639 1640
f 1544 1641 1545
f 1544 1640 1641
f 1545 1642 1546
f 1545 1641 1642
f 1546 1643 1547
f 1546 1642 1643
f 1547 1644 1548
f 1547 1643 1644
f 1548 1645 1549
f 1548 1644 1645
f 1549 1646 1550
f 1549 1645 1646
f 1550 1647 1551
f 1550 1646 1647
f 1551 1648 1552
f 1551 1647 1648
f 1552 1649 1553
f 1552 1648 1649
f 1553 1650 1554
f 1553 1649 1650
f 1554 1651 1555
f 1554 1650 1651
f 1555 1652 1556
f 1555 1651 1652
f 1556 1653 1557
f 1556 1652 1653
f 1557 1654 1558
f 1557 1653 1654
f 1558 1655 1559
f 1558 1654 1655
f 1559 1656 1560
f 1559 1655 1656
f 1560 1657 1561
f 1560 1656 1657
f 1561 1658 1562
f 1561 1657 1658
f 1562 1659 1563
f 1562 1658 1659
f 1563 1660 1564
f 1563 1659 1660
f 1564 1661 1565
f 1564 1660 1661
f 1565 1662 1566
f 1565 1661 1662
f 1566 1663 1567
f 1566 1662 1663
f 1567 1664 1568
f 1567 1663 1664
f 1568 1665 1569
f 1568 1664 1665
f 1569 1666 1570
f 1569 1665 1666
f 1570 1667 1571
f 1570 1666 1667
f 1571 1668 1572
f 1571 1667 1668
f 1572 1669 1573
f 1572 1668 1669
f 1573 1670 1574
f 1573 1669 1670
f 1574 1671 1575
f 1574 1670 1671
f 1575 1672 1576
f 1575 1671 1672
f 1576 1673 1577
f 1576 1672 1673
f 1577 1674 1578
f 1577 1673 1674
f 1578 1675 1579
f 1578 1674 1675
f 1579 1676 1580
f 1579 1675 1676
f 1580 1677 1581
f 1580 1676 1677
f 1581 1678 1582
f 1581 1677 1678
f 1582 1679 1583
f 1582 1678 1679
f 1583 1680 1584
f 1583 1679 1680
f 1584 1681 1585
f 1584 1680 1681
f 1585 1682 1586
f 1585 1681 1682
f 1586 1683 1587
f 1586 1682 1683
f 1587 1684 1588
f 1587 1683 1684
f 1588 1685 1589
f 1588 1684 1685
f 1589 1686 1590
f 1589 1685 1686
f 1590 1687 1591
f 1590 1686 1687
f 1591 1688 1592
f 1591 1687 1688
f 1592 1689 1593
f 1592 1688 1689
f 1593 1690 1594
f 1593 1689 1690
f 1594 1691 1595
f 1594 1690 1691
f 1595 1692 1596
f 1595 1691 1692
f 1596 1693 1597
f 1596 1692 1693
f 1597 1694 1598
f 1597 1693 1694
f 1598 1695 1599
f 1598 1694 1695
f 1599 1696 1600
f 1599 1695 1696
f 1600 1697 1601
f 1600 1696 1697
f 1601 1698 1602
f 1601 1697 1698
f 1602 1699 1603
f 1602 1698 1699
f 1603 1700 1604
f 1603 1699 1700
f 1604 1701 1605
f 1604 1700 1701
f 1605 1702 1606
f 1605 1701 1702
f 1606 1703 1607
f 1606 1702 1703
f 1607 1704 1608
f 1607 1703 1704
f 1608 1705 1609
f 1608 1704 1705
f 1609 1706 1610
f 1609 1705 1706
f 1610 1707 1611
f 1610 1706 1707
f 1611 1708 1612
f 1611 1707 1708
f 1612 1709 1613
f 1612 1708 1709
f 1613 1710 1614
f 1613 1709 1710
f 1614 1711 1615
f 1614 1710 1711
f 1615 1712 1616
f 1615 1711 1712
f 1616 1713 1617
f 1616 1712 1713
f 1617 1714 1618
f 1617 1713 1714
f 1618 1715 1619
f 1618 1714 1715
f 1619 1716 1620
f 1619 1715 1716
f 1620 1717 1621
f 1620 1716 1717
f 1621 1718 1622
f 1621 1717 1718
f 1622 1719 1623
f 1622 1718 1719
f 1623 1720 1624
f 1623 1719 1720
f 1624 1721 1625
f 1624 1720 1721
f 1625 1722 1626
f 1625 1721 1722
f 1626 1723 1627
f 1626 1722 1723
f 1627 1724 1628
f 1627 1723 1724
f 1628 1725 1629
f 1628 1724 1725
f 1629 1726 1630
f 1629 1725 1726
f 1630 1727 1631
f 1630 1726 1727
f 1631 1728 1632
f 1631 1727 1728
f 1632 1729 1633
f 1632 1728 1729
f 1633 1634 1538
f 1633 1729 1634
f 1634 1731 1635
f 1634 1730 1731
f 1635 1732 1636
f 1635 1731 1732
f 1636 1733 1637
f 1636 1732 1733
f 1637 1734 1638
f 1637 1733 1734
f 1638 1735 1639
f 1638 1734 1735
f 1639 1736 1640
f 1639 1735 1736
f 1640 1737 1641
f 1640 1736 1737
f 1641 1738 1642
f 1641 1737 1738
f 1642 1739 1643
f 1642 1738 1739
f 1643 1740 1644
f 1643 1739 1740
f 1644 1741 1645
f 1644 1740 1741
f 1645 1742 1646
f 1645 1741 1742
f 1646 1743 1647
f 1646 1742 1743
f 1647 1744 1648
f 1647 1743 1744
f 1648 1745 1649
f 1648 1744 1745
f 1649 1746 1650
f 1649 1745 1746
f 1650 1747 1651
f 1650 1746 1747
f 1651 1748 1652
f 1651 1747 1748
f 1652 1749 1653
f 1652 1748 1749
f 1653 1750 1654
f 1653 1749 1750
f 1654 1751 1655
f 1654 1750 1751
f 1655 1752 1656
f 1655 1751 1752
f 1656 1753 1657
f 1656 1752 1753
f 1657 1754 1658
f 1657 1753 1754
f 1658 1755 1659
f 1658 1754 1755
f 1659 1756 1660
f 1659 1755 1756
f 1660 1757 1661
f 1660 1756 1757
f 1661 1758 1662
f 1661 1757 1758
f 1662 1759 1663
f 1662 1758 1759
f 1663 1760 1664
f 1663 1759 1760
f 1664 1761 1665
f 1664 1760 1761
f 1665 1762 1666
f 1665 1761 1762
f 1666 1763 1667
f 1666 1762 1763
f 1667 1764 1668
f 1667 1763 1764
f 1668 1765 1669
f 1668 1764 1765
f 1669 1766 1670
f 1669 1765 1766
f 1670 1767 1671
f 1670 1766 1767
f 1671 1768 1672
f 1671 1767 1768
f 1672 1769 1673
f 1672 1768 1769
f 1673 1770 1674
f 1673 1769 1770
f 1674 1771 1675
f 1674 1770 1771
f 1675 1772 1676
f 1675 1771 1772
f 1676 1773 1677
f 1676 1772 1773
f 1677 1774 1678
f 1677 1773 1774
f 1678 1775 1679
f 1678 1774 1775
f 1679 1776 1680
f 1679 1775 1776
f 1680 1777 1681
f 1680 1776 1777
f 1681 1778 1682
f 1681 1777 1778
f 1682 1779 1683
f 1682 1778 1779
f 1683 1780 1684
f 1683 1779 1780
f 1684 1781 1685
f 1684 1780 1781
f 1685 1782 1686
f 1685 1781 1782
f 1686 1783 1687
f 1686 1782 1783
f 1687 1784 1688
f 1687 1783 1784
f 1688 1785 1689
f 1688 1784 1785
f 1689 1786 1690
f 1689 1785 1786
f 1690 1787 1691
f 1690 1786 1787
f 1691 1788 1692
f 1691 1787 1788
f 1692 1789 1693
f 1692 1788 1789
f 1693 1790 1694
f 1693 1789 1790
f 1694 1791 1695
f 1694 1790 1791
f 1695 1792 1696
f 1695 1791 1792
f 1696 1793 1697
f 1696 1792 1793
f 1697 1794 1698
f 1697 1793 1794
f 1698 1795 1699
f 1698 1794 1795
f 1699 1796 1700
f 1699 1795 1796
f 1700 1797 1701
f 1700 1796 1797
f 1701 1798 1702
f 1701 1797 1798
f 1702 1799 1703
f 1702 1798 1799
f 1703 1800 1704
f 1703 1799 1800
f 1704 1801 1705
f 1704 1800 1801
f 1705 1802 1706
f 1705 1801 1802
f 1706 1803 1707
f 1706 1802 1803
f 1707 1804 1708
f 1707 1803 1804
f 1708 1805 1709
f 1708 1804 1805
f 1709 1806 1710
f 1709 1805 1806
f 1710 1807 1711
f 1710 1806 1807
f 1711 1808 1712
f 1711 1807 1808
f 1712 1809 1713
f 1712 1808 1809
f 1713 1810 1714
f 1713 1809 1810
f 1714 1811 1715
f 1714 1810 1811
f 1715 1812 1716
f 1715 1811 1812
f 1716 1813 1717
f 1716 1812 1813
f 1717 1814 1718
f 1717 1813 1814
f 1718 1815 1719
f 1718 1814 1815
f 1719 1816 1720
f 1719 1815 1816
f 1720 1817 1721
f 1720 1816 1817
f 1721 1818 1722
f 1721 1817 1818
f 1722 1819 1723
f 1722 1818 1819
f 1723 1820 1724
f 1723 1819 1820
f 1724 1821 1725
f 1724 1820 1821
f 1725 1822 1726
f 1725 1821 1822
f 1726 1823 1727
f 1726 1822 1823
f 1727 1824 1728
f 1727 1823 1824
f 1728 1825 1729
f 1728 1824 1825
f 1729 1730 1634
f 1729 1825 1730
f 1730 1827 1731
f 1730 1826 1827
f 1731 1828 1732
f 1731 1827 1828
f 1732 1829 1733
f 1732 1828 1829
f 1733 1830 1734
f 1733 1829 1830
f 1734 1831 1735
f 1734 1830 1831
f 1735 1832 1736
f 1735 1831 1832
f 1736 1833 1737
f 1736 1832 1833
f 1737 1834 1738
f 1737 1833 1834
f 1738 1835 1739
f 1738 1834 1835
f 1739 1836 1740
f 1739 1835 1836
f 1740 1837 1741
f 1740 1836 1837
f 1741 1838 1742
f 1741 1837 1838
f 1742 1839 1743
f 1742 1838 1839
f 1743 1840 1744
f 1743 1839 1840
f 1744 1841 1745
f 1744 1840 1841
f 1745 1842 1746
f 1745 1841 1842
f 1746 1843 1747
f 1746 1842 1843
f 1747 1844 1748
f 1747 1843 1844
f 1748 1845 1749
f 1748 1844 1845
f 1749 1846 1750
f 1749 1845 1846
f 1750 1847 1751
f 1750 1846 1847
f 1751 1848 1752
f 1751 1847 1848
f 1752 1849 1753
f 1752 1848 1849
f 1753 1850 1754
f 1753 1849 1850
f 1754 1851 1755
f 1754 1850 1851
f 1755 1852 1756
f 1755 1851 1852
f 1756 1853 1757
f 1756 1852 1853
f 1757 1854 1758
f 1757 1853 1854
f 1758 1855 1759
f 1758 1854 1855
f 1759 1856 1760
f 1759 1855 1856
f 1760 1857 1761
f 1760 1856 1857
f 1761 1858 1762
f 1761 1857 1858
f 1762 1859 1763
f 1762 1858 1859
f 1763 1860 1764
f 1763 1859 1860
f 1764 1861 1765
f 1764 1860 1861
f 1765 1862 1766
f 1765 1861 1862
f 1766 1863 1767
f 1766 1862 1863
f 1767 1864 1768
f 1767 1863 1864
f 1768 1865 1769
f 1768 1864 1865
f 1769 1866 1770
f 1769 1865 1866
f 1770 1867 1771
f 1770 1866 1867
f 1771 1868 1772
f 1771 1867 1868
f 1772 1869 1773
f 1772 1868 1869
f 1773 1870 1774
f 1773 1869 1870
f 1774 1871 1775
f 1774 1870 1871
f 1775 1872 1776
f 1775 1871 1872
f 1776 1873 1777
f 1776 1872 1873
f 1777 1874 1778
f 1777 1873 1874
f 1778 1875 1779
f 1778 1874 1875
f 1779 1876 1780
f 1779 1875 1876
f 1780 1877 1781
f 1780 1876 1877
f 1781 1878 1782
f 1781 1877 1878
f 1782 1879 1783
f 1782 1878 1879
f 1783 1880 1784
f 1783 1879 1880
f 1784 1881 1785
f 1784 1880 1881
f 1785 1882 1786
f 1785 1881 1882
f 1786 1883 1787
f 1786 1882 1883
f 1787 1884 1788
f 1787 1883 1884
f 1788 1885 1789
f 1788 1884 1885
f 1789 1886 1790
f 1789 1885 1886
f 1790 1887 1791
f 1790 1886 1887
f 1791 1888 1792
f 1791 1887 1888
f 1792 1889 1793
f 1792 1888 1889
f 1793 1890 1794
f 1793 1889 1890
f 1794 1891 1795
f 1794 1890 1891
f 1795 1892 1796
f 1795 1891 1892
f 1796 1893 1797
f 1796 1892 1893
f 1797 1894 1798
f 1797 1893 1894
f 1798 1895 1799
f 1798 1894 1895
f 1799 1896 1800
f 1799 1895 1896
f 1800 1897 1801
f 1800 1896 1897
f 1801 1898 1802
f 1801 1897 1898
f 1802 1899 1803
f 1802 1898 1899
f 1803 1900 1804
f 1803 1899 1900
f 1804 1901 1805
f 1804 1900 1901
f 1805 1902 1806
f 1805 1901 1902
f 1806 1903 1807
f 1806 1902 1903
f 1807 1904 1808
f 1807 1903 1904
f 1808 1905 1809
f 1808 1904 1905
f 1809 1906 1810
f 1809 1905 1906
f 1810 1907 1811
f 1810 1906 1907
f 1811 1908 1812
f 1811 1907 1908
f 1812 1909 1813
f 1812 1908 1909
f 1813 1910 1814
f 1813 1909 1910
f 1814 1911 1815
f 1814 1910 1911
f 1815 1912 1816
f 1815 1911 1912
f 1816 1913 1817
f 1816 1912 1913
f 1817 1914 1818
f 1817 1913 1914
f 1818 1915 1819
f 1818 1914 1915
f 1819 1916 1820
f 1819 1915 1916
f 1820 1917 1821
f 1820 1916 1917
f 1821 1918 1822
f 1821 1917 1918
f 1822 1919 1823
f 1822 1918 1919
f 1823 1920 1824
f 1823 1919 1920
f 1824 1921 1825
f 1824 1920 1921
f 1825 1826 1730
f 1825 1921 1826
f 1826 1923 1827
f 1826 1922 1923
f 1827 1924 1828
f 1827 1923 1924
f 1828 1925 1829
f 1828 1924 1925
f 1829 1926 1830
f 1829 1925 1926
f 1830 1927 1831
f 1830 1926 1927
f 1831 1928 1832
f 1831 1927 1928
f 1832 1929 1833
f 1832 1928 1929
f 1833 1930 1834
f 1833 1929 1930
f 1834 1931 1835
f 1834 1930 1931
f 1835 1932 1836
f 1835 1931 1932
f 1836 1933 1837
f 1836 1932 1933
f 1837 1934 1838
f 1837 1933 1934
f 1838 1935 1839
f 1838 1934 1935
f 1839 1936 1840
f 1839 1935 1936
f 1840 1937 1841
f 1840 1936 1937
f 1841 1938 1842
f 1841 1937 1938
f 1842 1939 1843
f 1842 1938 1939
f 1843 1940 1844
f 1843 1939 1940
f 1844 1941 1845
f 1844 1940 1941
f 1845 1942 1846
f 1845 1941 1942
f 1846 1943 1847
f 1846 1942 1943
f 1847 1944 1848
f 1847 1943 1944
f 1848 1945 1849
f 1848 1944 1945
f 1849 1946 1850
f 1849 1945 1946
f 1850 1947 1851
f 1850 1946 1947
f 1851 1948 1852
f 1851 1947 1948
f 1852 1949 1853
f 1852 1948 1949
f 1853 1950 1854
f 1853 1949 1950
f 1854 1951 1855
f 1854 1950 1951
f 1855 1952 1856
f 1855 1951 1952
f 1856 1953 1857
f 1856 1952 1953
f 1857 1954 1858
f 1857 1953 1954
f 1858 1955 1859
f 1858 1954 1955
f 1859 1956 1860
f 1859 1955 1956
f 1860 1957 1861
f 1860 1956 1957
f 1861 1958 1862
f 1861 1957 1958
f 1862 1959 1863
f 1862 1958 1959
f 1863 1960 1864
f 1863 1959 1960
f 1864 1961 1865
f 1864 1960 1961
f 1865 1962 1866
f 1865 1961 1962
f 1866 1963 1867
f 1866 1962 1963
f 1867 1964 1868
f 1867 1963 1964
f 1868 1965 1869
f 1868 1964 1965
f 1869 1966 1870
f 1869 1965 1966
f 1870 1967 1871
f 1870 1966 1967
f 1871 1968 1872
f 1871 1967 1968
f 1872 1969 1873
f 1872 1968 1969
f 1873 1970 1874
f 1873 1969 1970
f 1874 1971 1875
f 1874 1970 1971
f 1875 1972 1876
f 1875 1971 1972
f 1876 1973 1877
f 1876 1972 1973
f 1877 1974 1878
f 1877 1973 1974
f 1878 1975 1879
f 1878 1974 1975
f 1879 1976 1880
f 1879 1975 1976
f 1880 1977 1881
f 1880 1976 1977
f 1881 1978 1882
f 1881 1977 1978
f 1882 1979 1883
f 1882 1978 1979
f 1883 1980 1884
f 1883 1979 1980
f 1884 1981 1885
f 1884 1980 1981
f 1885 1982 1886
f 1885 1981 1982
f 1886 1983 1887
f 1886 1982 1983
f 1887 1984 1888
f 1887 1983 1984
f 1888 1985 1889
f 1888 1984 1985
f 1889 1986 1890
f 1889 1985 1986
f 1890 1987 1891
f 1890 1986 1987
f 1891 1988 1892
f 1891 1987 1988
f 1892 1989 1893
f 1892 1988 1989
f 1893 1990 1894
f 1893 1989 1990
f 1894 1991 1895
f 1894 1990 1991
f 1895 1992 1896
f 1895 1991 1992
f 1896 1993 1897
f 1896 1992 1993
f 1897 1994 1898
f 1897 1993 1994
f 1898 1995 1899
f 1898 1994 1995
f 1899 1996 1900
f 1899 1995 1996
f 1900 1997 1901
f 1900 1996 1997
f 1901 1998 1902
f 1901 1997 1998
f 1902 1999 1903
f 1902 1998 1999
f 1903 2000 1904
f 1903 1999 2000
f 1904 2001 1905
f 1904 2000 2001
f 1905 2002 1906
f 1905 2001 2002
f 1906 2003 1907
f 1906 2002 2003
f 1907 2004 1908
f 1907 2003 2004
f 1908 2005 1909
f 1908 2004 2005
f 1909 2006 1910
f 1909 2005 2006
f 1910 2007 1911
f 1910 2006 2007
f 1911 2008 1912
f 1911 2007 2008
f 1912 2009 1913
f 1912 2008 2009
f 1913 2010 1914
f 1913 2009 2010
f 1914 2011 1915
f 1914 2010 2011
f 1915 2012 1916
f 1915 2011 2012
f 1916 2013 1917
f 1916 2012 2013
f 1917 2014 1918
f 1917 2013 2014
f 1918 2015 1919
f 1918 2014 2015
f 1919 2016 1920
f 1919 2015 2016
f 1920 2017 1921
f 1920 2016 2017
f 1921 1922 1826
f 1921 2017 1922
f 1922 2019 1923
f 1922 2018 2019
f 1923 2020 1924
f 1923 2019 2020
f 1924 2021 1925
f 1924 2020 2021
f 1925 2022 1926
f 1925 2021 2022
f 1926 2023 1927
f 1926 2022 2023
f 1927 2024 1928
f 1927 2023 2024
f 1928 2025 1929
f 1928 2024 2025
f 1929 2026 1930
f 1929 2025 2026
f 1930 2027 1931
f 1930 2026 2027
f 1931 2028 1932
f 1931 2027 2028
f 1932 2029 1933
f 1932 2028 2029
f 1933 2030 1934
f 1933 2029 2030
f 1934 2031 1935
f 1934 2030 2031
f 1935 2032 1936
f 1935 2031 2032
f 1936 2033 1937
f 1936 2032 2033
f 1937 2034 1938
f 1937 2033 2034
f 1938 2035 1939
f 1938 2034 2035
f 1939 2036 1940
f 1939 2035 2036
f 1940 2037 1941
f 1940 2036 2037
f 1941 2038 1942
f 1941 2037 2038
f 1942 2039 1943
f 1942 2038 2039
f 1943 2040 1944
f 1943 2039 2040
f 1944 2041 1945
f 1944 2040 2041
f 1945 2042 1946
f 1945 2041 2042
f 1946 2043 1947
f 1946 2042 2043
f 1947 2044 1948
f 1947 2043 2044
f 1948 2045 1949
f 1948 2044 2045
f 1949 2046 1950
f 1949 2045 2046
f 1950 2047 1951
f 1950 2046 2047
f 1951 2048 1952
f 1951 2047 2048
f 1952 2049 1953
f 1952 2048 2049
f 1953 2050 1954
f 1953 2049 2050
f 1954 2051 1955
f 1954 2050 2051
f 1955 2052 1956
f 1955 2051 2052
f 1956 2053 1957
f 1956 2052 2053
f 1957 2054 1958
f 1957 2053 2054
f 1958 2055 1959
f 1958 2054 2055
f 1959 2056 1960
f 1959 2055 2056
f 1960 2057 1961
f 1960 2056 2057
f 1961 2058 1962
f 1961 2057 2058
f 1962 2059 1963
f 1962 2058 2059
f 1963 2060 1964
f 1963 2059 2060
f 1964 2061 1965
f 1964 2060 2061
f 1965 2062 1966
f 1965 2061 2062
f 1966 2063 1967
f 1966 2062 2063
f 1967 2064 1968
f 1967 2063 2064
f 1968 2065 1969
f 1968 2064 2065
f 1969 2066 1970
f 1969 2065 2066
f 1970 2067 1971
f 1970 2066 2067
f 1971 2068 1972
f 1971 2067 2068
f 1972 2069 1973
f 1972 2068 2069
f 1973 2070 1974
f 1973 2069 2070
f 1974 2071 1975
f 1974 2070 2071
f 1975 2072 1976
f 1975 2071 2072
f 1976 2073 1977
f 1976 2072 2073
f 1977 2074 1978
f 1977 2073 2074
f 1978 2075 1979
f 1978 2074 2075
f 1979 2076 1980
f 1979 2075 2076
f 1980 2077 1981
f 1980 2076 2077
f 1981 2078 1982
f 1981 2077 2078
f 1982 2079 1983
f 1982 2078 2079
f 1983 2080 1984
f 1983 2079 2080
f 1984 2081 1985
f 1984 2080 2081
f 1985 2082 1986
f 1985 2081 2082
f 1986 2083 1987
f 1986 2082 2083
f 1987 2084 1988
f 1987 2083 2084
f 1988 2085 1989
f 1988 2084 2085
f 1989 2086 1990
f 1989 2085 2086
f 1990 2087 1991
f 1990 2086 2087
f 1991 2088 1992
f 1991 2087 2088
f 1992 2089 1993
f 1992 2088 2089
f 1993 2090 1994
f 1993 2089 2090
f 1994 2091 1995
f 1994 2090 2091
f 1995 2092 1996
f 1995 2091 2092
f 1996 2093 1997
f 1996 2092 2093
f 1997 2094 1998
f 1997 2093 2094
f 1998 2095 1999
f 1998 2094 2095
f 1999 2096 2000
f 1999 2095 2096
f 2000 2097 2001
f 2000 2096 2097
f 2001 2098 2002
f 2001 2097 2098
f 2002 2099 2003
f 2002 2098 2099
f 2003 2100 2004
f 2003 2099 2100
f 2004 2101 2005
f 2004 2100 2101
f 2005 2102 2006
f 2005 2101 2102
f 2006 2103 2007
f 2006 2102 2103
f 2007 2104 2008
f 2007 2103 2104
f 2008 2105 2009
f 2008 2104 2105
f 2009 2106 2010
f 2009 2105 2106
f 2010 2107 2011
f 2010 2106 2107
f 2011 2108 2012
f 2011 2107 2108
f 2012 2109 2013
f 2012 2108 2109
f 2013 2110 2014
f 2013 2109 2110
f 2014 2111 2015
f 2014 2110 2111
f 2015 2112 2016
f 2015 2111 2112
f 2016 2113 2017
f 2016 2112 2113
f 2017 2018 1922
f 2017 2113 2018
f 2018 2115 2019
f 2018 2114 2115
f 2019 2116 2020
f 2019 2115 2116
f 2020 2117 2021
f 2020 2116 2117
f 2021 2118 2022
f 2021 2117 2118
f 2022 2119 2023
f 2022 2118 2119
f 2023 2120 2024
f 2023 2119 2120
f 2024 2121 2025
f 2024 2120 2121
f 2025 2122 2026
f 2025 2121 2122
f 2026 2123 2027
f 2026 2122 2123
f 2027 2124 2028
f 2027 2123 2124
f 2028 2125 2029
f 2028 2124 2125
f 2029 2126 2030
f 2029 2125 2126
f 2030 2127 2031
f 2030 2126 2127
f 2031 2128 2032
f 2031 2127 2128
f 2032 2129 2033
f 2032 2128 2129
f 2033 2130 2034
f 2033 2129 2130
f 2034 2131 2035
f 2034 2130 2131
f 2035 2132 2036
f 2035 2131 2132
f 2036 2133 2037
f 2036 2132 2133
f 2037 2134 2038
f 2037 2133 2134
f 2038 2135 2039
f 2038 2134 2135
f 2039 2136 2040
f 2039 2135 2136
f 2040 2137 2041
f 2040 2136 2137
f 2041 2138 2042
f 2041 2137 2138
f 2042 2139 2043
f 2042 2138 2139
f 2043 2140 2044
f 2043 2139 2140
f 2044 2141 2045
f 2044 2140 2141
f 2045 2142 2046
f 2045 2141 2142
f 2046 2143 2047
f 2046 2142 2143
f 2047 2144 2048
f 2047 2143 2144
f 2048 2145 2049
f 2048 2144 2145
f 2049 2146 2050
f 2049 2145 2146
f 2050 2147 2051
f 2050 2146 2147
f 2051 2148 2052
f 2051 2147 2148
f 2052 2149 2053
f 2052 2148 2149
f 2053 2150 2054
f 2053 2149 2150
f 2054 2151 2055
f 2054 2150 2151
f 2055 2152 2056
f 2055 2151 2152
f 2056 2153 2057
f 2056 2152 2153
f 2057 2154 2058
f 2057 2153 2154
f 2058 2155 2059
f 2058 2154 2155
f 2059 2156 2060
f 2059 2155 2156
f 2060 2157 2061
f 2060 2156 2157
f 2061 2158 2062
f 2061 2157 2158
f 2062 2159 2063
f 2062 2158 2159
f 2063 2160 2064
f 2063 2159 2160
f 2064 2161 2065
f 2064 2160 2161
f 2065 2162 2066
f 2065 2161 2162
f 2066 2163 2067
f 2066 2162 2163
f 2067 2164 2068
f 2067 2163 2164
f 2068 2165 2069
f 2068 2164 2165
f 2069 2166 2070
f 2069 2165 2166
f 2070 2167 2071
f 2070 2166 2167
f 2071 2168 2072
f 2071 2167 2168
f 2072 2169 2073
f 2072 2168 2169
f 2073 2170 2074
f 2073 2169 2170
f 2074 2171 2075
f 2074 2170 2171
f 2075 2172 2076
f 2075 2171 2172
f 2076 2173 2077
f 2076 2172 2173
f 2077 2174 2078
f 2077 2173 2174
f 2078 2175 2079
f 2078 2174 2175
f 2079 2176 2080
f 2079 2175 2176
f 2080 2177 2081
f 2080 2176 2177
f 2081 2178 2082
f 2081 2177 2178
f 2082 2179 2083
f 2082 2178 2179
f 2083 2180 2084
f 2083 2179 2180
f 2084 2181 2085
f 2084 2180 2181
f 2085 2182 2086
f 2085 2181 2182
f 2086 2183 2087
f 2086 2182 2183
f 2087 2184 2088
f 2087 2183 2184
f 2088 2185 2089
f 2088 2184 2185
f 2089 2186 2090
f 2089 2185 2186
f 2090 2187 2091
f 2090 2186 2187
f 2091 2188 2092
f 2091 2187 2188
f 2092 2189 2093
f 2092 2188 2189
f 2093 2190 2094
f 2093 2189 2190
f 2094 2191 2095
f 2094 2190 2191
f 2095 2192 2096
f 2095 2191 2192
f 2096 2193 2097
f 2096 2192 2193
f 2097 2194 2098
f 2097 2193 2194
f 2098 2195 2099
f 2098 2194 2195
f 2099 2196 2100
f 2099 2195 2196
f 2100 2197 2101
f 2100 2196 2197
f 2101 2198 2102
f 2101 2197 2198
f 2102 2199 2103
f 2102 2198 2199
f 2103 2200 2104
f 2103 2199 2200
f 2104 2201 2105
f 2104 2200 2201
f 2105 2202 2106
f 2105 2201 2202
f 2106 2203 2107
f 2106 2202 2203
f 2107 2204 2108
f 2107 2203 2204
f 2108 2205 2109
f 2108 2204 2205
f 2109 2206 2110
f 2109 2205 2206
f 2110 2207 2111
f 2110 2206 2207
f 2111 2208 2112
f 2111 2207 2208
f 2112 2209 2113
f 2112 2208 2209
f 2113 2114 2018
f 2113 2209 2114
f 2114 2211 2115
f 2114 2210 2211
f 2115 2212 2116
f 2115 2211 2212
f 2116 2213 2117
f 2116 2212 2213
f 2117 2214 2118
f 2117 2213 2214
f 2118 2215 2119
f 2118 2214 2215
f 2119 2216 2120
f 2119 2215 2216
f 2120 2217 2121
f 2120 2216 2217
f 2121 2218 2122
f 2121 2217 2218
f 2122 2219 2123
f 2122 2218 2219
f 2123 2220 2124
f 2123 2219 2220
f 2124 2221 2125
f 2124 2220 2221
f 2125 2222 2126
f 2125 2221 2222
f 2126 2223 2127
f 2126 2222 2223
f 2127 2224 2128
f 2127 2223 2224
f 2128 2225 2129
f 2128 2224 2225
f 2129 2226 2130
f 2129 2225 2226
f 2130 2227 2131
f 2130 2226 2227
f 2131 2228 2132
f 2131 2227 2228
f 2132 2229 2133
f 2132 2228 2229
f 2133 2230 2134
f 2133 2229 2230
f 2134 2231 2135
f 2134 2230 2231
f 2135 2232 2136
f 2135 2231 2232
f 2136 2233 2137
f 2136 2232 2233
f 2137 2234 2138
f 2137 2233 2234
f 2138 2235 2139
f 2138 2234 2235
f 2139 2236 2140
f 2139 2235 2236
f 2140 2237 2141
f 2140 2236 2237
f 2141 2238 2142
f 2141 2237 2238
f 2142 2239 2143
f 2142 2238 2239
f 2143 2240 2144
f 2143 2239 2240
f 2144 2241 2145
f 2144 2240 2241
f 2145 2242 2146
f 2145 2241 2242
f 2146 2243 2147
f 2146 2242 2243
f 2147 2244 2148
f 2147 2243 2244
f 2148 2245 2149
f 2148 2244 2245
f 2149 2246 2150
f 2149 2245 2246
f 2150 2247 2151
f 2150 2246 2247
f 2151 2248 2152
f 2151 2247 2248
f 2152 2249 2153
f 2152 2248 2249
f 2153 2250 2154
f 2153 2249 2250
f 2154 2251 2155
f 2154 2250 2251
f 2155 2252 2156
f 2155 2251 2252
f 2156 2253 2157
f 2156 2252 2253
f 2157 2254 2158
f 2157 2253 2254
f 2158 2255 2159
f 2158 2254 2255
f 2159 2256 2160
f 2159 2255 2256
f 2160 2257 2161
f 2160 2256 2257
f 2161 2258 2162
f 2161 2257 2258
f 2162 2259 2163
f 2162 2258 2259
f 2163 2260 2164
f 2163 2259 2260
f 2164 2261 2165
f 2164 2260 2261
f 2165 2262 2166
f 2165 2261 2262
f 2166 2263 2167
f 2166 2262 2263
f 2167 2264 2168
f 2167 2263 2264
f 2168 2265 2169
f 2168 2264 2265
f 2169 2266 2170
f 2169 2265 2266
f 2170 2267 2171
f 2170 2266 2267
f 2171 2268 2172
f 2171 2267 2268
f 2172 2269 2173
f 2172 2268 2269
f 2173 2270 2174
f 2173 2269 2270
f 2174 2271 2175
f 2174 2270 2271
f 2175 2272 2176
f 2175 2271 2272
f 2176 2273 2177
f 2176 2272 2273
f 2177 2274 2178
f 2177 2273 2274
f 2178 2275 2179
f 2178 2274 2275
f 2179 2276 2180
f 2179 2275 2276
f 2180 2277 2181
f 2180 2276 2277
f 2181 2278 2182
f 2181 2277 2278
f 2182 2279 2183
f 2182 2278 2279
f 2183 2280 2184
f 2183 2279 2280
f 2184 2281 2185
f 2184 2280 2281
f 2185 2282 2186
f 2185 2281 2282
f 2186 2283 2187
f 2186 2282 2283
f 2187 2284 2188
f 2187 2283 2284
f 2188 2285 2189
f 2188 2284 2285
f 2189 2286 2190
f 2189 2285 2286
f 2190 2287 2191
f 2190 2286 2287
f 2191 2288 2192
f 2191 2287 2288
f 2192 2289 2193
f 2192 2288 2289
f 2193 2290 2194
f 2193 2289 2290
f 2194 2291 2195
f 2194 2290 2291
f 2195 2292 2196
f 2195 2291 2292
f 2196 2293 2197
f 2196 2292 2293
f 2197 2294 2198
f 2197 2293 2294
f 2198 2295 2199
f 2198 2294 2295
f 2199 2296 2200
f 2199 2295 2296
f 2200 2297 2201
f 2200 2296 2297
f 2201 2298 2202
f 2201 2297 2298
f 2202 2299 2203
f 2202 2298 2299
f 2203 2300 2204
f 2203 2299 2300
f 2204 2301 2205
f 2204 2300 2301
f 2205 2302 2206
f 2205 2301 2302
f 2206 2303 2207
f 2206 2302 2303
f 2207 2304 2208
f 2207 2303 2304
f 2208 2305 2209
f 2208 2304 2305
f 2209 2210 2114
f 2209 2305 2210
f 2210 2307 2211
f 2210 2306 2307
f 2211 2308 2212
f 2211 2307 2308
f 2212 2309 2213
f 2212 2308 2309
f 2213 2310 2214
f 2213 2309 2310
f 2214 2311 2215
f 2214 2310 2311
f 2215 2312 2216
f 2215 2311 2312
f 2216 2313 2217
f 2216 2312 2313
f 2217 2314 2218
f 2217 2313 2314
f 2218 2315 2219
f 2218 2314 2315
f 2219 2316 2220
f 2219 2315 2316
f 2220 2317 2221
f 2220 2316 2317
f 2221 2318 2222
f 2221 2317 2318
f 2222 2319 2223
f 2222 2318 2319
f 2223 2320 2224
f 2223 2319 2320
f 2224 2321 2225
f 2224 2320 2321
f 2225 2322 2226
f 2225 2321 2322
f 2226 2323 2227
f 2226 2322 2323
f 2227 2324 2228
f 2227 2323 2324
f 2228 2325 2229
f 2228 2324 2325
f 2229 2326 2230
f 2229 2325 2326
f 2230 2327 2231
f 2230 2326 2327
f 2231 2328 2232
f 2231 2327 2328
f 2232 2329 2233
f 2232 2328 2329
f 2233 2330 2234
f 2233 2329 2330
f 2234 2331 2235
f 2234 2330 2331
f 2235 2332 2236
f 2235 2331 2332
f 2236 2333 2237
f 2236 2332 2333
f 2237 2334 2238
f 2237 2333 2334
f 2238 2335 2239
f 2238 2334 2335
f 2239 2336 2240
f 2239 2335 2336
f 2240 2337 2241
f 2240 2336 2337
f 2241 2338 2242
f 2241 2337 2338
f 2242 2339 2243
f 2242 2338 2339
f 2243 2340 2244
f 2243 2339 2340
f 2244 2341 2245
f 2244 2340 2341
f 2245 2342 2246
f 2245 2341 2342
f 2246 2343 2247
f 2246 2342 2343
f 2247 2344 2248
f 2247 2343 2344
f 2248 2345 2249
f 2248 2344 2345
f 2249 2346 2250
f 2249 2345 2346
f 2250 2347 2251
f 2250 2346 2347
f 2251 2348 2252
f 2251 2347 2348
f 2252 2349 2253
f 2252 2348 2349
f 2253 2350 2254
f 2253 2349 2350
f 2254 2351 2255
f 2254 2350 2351
f 2255 2352 2256
f 2255 2351 2352
f 2256 2353 2257
f 2256 2352 2353
f 2257 2354 2258
f 2257 2353 2354
f 2258 2355 2259
f 2258 2354 2355
f 2259 2356 2260
f 2259 2355 2356
f 2260 2357 2261
f 2260 2356 2357
f 2261 2358 2262
f 2261 2357 2358
f 2262 2359 2263
f 2262 2358 2359
f 2263 2360 2264
f 2263 2359 2360
f 2264 2361 2265
f 2264 2360 2361
f 2265 2362 2266
f 2265 2361 2362
f 2266 2363 2267
f 2266 2362 2363
f 2267 2364 2268
f 2267 2363 2364
f 2268 2365 2269
f 2268 2364 2365
f 2269 2366 2270
f 2269 2365 2366
f 2270 2367 2271
f 2270 2366 2367
f 2271 2368 2272
f 2271 2367 2368
f 2272 2369 2273
f 2272 2368 2369
f 2273 2370 2274
f 2273 2369 2370
f 2274 2371 2275
f 2274 2370 2371
f 2275 2372 2276
f 2275 2371 2372
f 2276 2373 2277
f 2276 2372 2373
f 2277 2374 2278
f 2277 2373 2374
f 2278 2375 2279
f 2278 2374 2375
f 2279 2376 2280
f 2279 2375 2376
f 2280 2377 2281
f 2280 2376 2377
f 2281 2378 2282
f 2281 2377 2378
f 2282 2379 2283
f 2282 2378 2379
f 2283 2380 2284
f 2283 2379 2380
f 2284 2381 2285
f 2284 2380 2381
f 2285 2382 2286
f 2285 2381 2382
f 2286 2383 2287
f 2286 2382 2383
f 2287 2384 2288
f 2287 2383 2384
f 2288 2385 2289
f 2288 2384 2385
f 2289 2386 2290
f 2289 2385 2386
f 2290 2387 2291
f 2290 2386 2387
f 2291 2388 2292
f 2291 2387 2388
f 2292 2389 2293
f 2292 2388 2389
f 2293 2390 2294
f 2293 2389 2390
f 2294 2391 2295
f 2294 2390 2391
f 2295 2392 2296
f 2295 2391 2392
f 2296 2393 2297
f 2296 2392 2393
f 2297 2394 2298
f 2297 2393 2394
f 2298 2395 2299
f 2298 2394 2395
f 2299 2396 2300
f 2299 2395 2396
f 2300 2397 2301
f 2300 2396 2397
f 2301 2398 2302
f 2301 2397 2398
f 2302 2399 2303
f 2302 2398 2399
f 2303 2400 2304
f 2303 2399 2400
f 2304 2401 2305
f 2304 2400 2401
f 2305 2306 2210
f 2305 2401 2306
f 2306 2403 2307
f 2306 2402 2403
f 2307 2404 2308
f 2307 2403 2404
f 2308 2405 2309
f 2308 2404 2405
f 2309 2406 2310
f 2309 2405 2406
f 2310 2407 2311
f 2310 2406 2407
f 2311 2408 2312
f 2311 2407 2408
f 2312 2409 2313
f 2312 2408 2409
f 2313 2410 2314
f 2313 2409 2410
f 2314 2411 2315
f 2314 2410 2411
f 2315 2412 2316
f 2315 2411 2412
f 2316 2413 2317
f 2316 2412 2413
f 2317 2414 2318
f 2317 2413 2414
f 2318 2415 2319
f 2318 2414 2415
f 2319 2416 2320
f 2319 2415 2416
f 2320 2417 2321
f 2320 2416 2417
f 2321 2418 2322
f 2321 2417 2418
f 2322 2419 2323
f 2322 2418 2419
f 2323 2420 2324
f 2323 2419 2420
f 2324 2421 2325
f 2324 2420 2421
f 2325 2422 2326
f 2325 2421 2422
f 2326 2423 2327
f 2326 2422 2423
f 2327 2424 2328
f 2327 2423 2424
f 2328 2425 2329
f 2328 2424 2425
f 2329 2426 2330
f 2329 2425 2426
f 2330 2427 2331
f 2330 2426 2427
f 2331 2428 2332
f 2331 2427 2428
f 2332 2429 2333
f 2332 2428 2429
f 2333 2430 2334
f 2333 2429 2430
f 2334 2431 2335
f 2334 2430 2431
f 2335 2432 2336
f 2335 2431 2432
f 2336 2433 2337
f 2336 2432 2433
f 2337 2434 2338
f 2337 2433 2434
f 2338 2435 2339
f 2338 2434 2435
f 2339 2436 2340
f 2339 2435 2436
f 2340 2437 2341
f 2340 2436 2437
f 2341 2438 2342
f 2341 2437 2438
f 2342 2439 2343
f 2342 2438 2439
f 2343 2440 2344
f 2343 2439 2440
f 2344 2441 2345
f 2344 2440 2441
f 2345 2442 2346
f 2345 2441 2442
f 2346 2443 2347
f 2346 2442 2443
f 2347 2444 2348
f 2347 2443 2444
f 2348 2445 2349
f 2348 2444 2445
f 2349 2446 2350
f 2349 2445 2446
f 2350 2447 2351
f 2350 2446 2447
f 2351 2448 2352
f 2351 2447 2448
f 2352 2449 2353
f 2352 2448 2449
f 2353 2450 2354
f 2353 2449 2450
f 2354 2451 2355
f 2354 2450 2451
f 2355 2452 2356
f 2355 2451 2452
f 2356 2453 2357
f 2356 2452 2453
f 2357 2454 2358
f 2357 2453 2454
f 2358 2455 2359
f 2358 2454 2455
f 2359 2456 2360
f 2359 2455 2456
f 2360 2457 2361
f 2360 2456 2457
f 2361 2458 2362
f 2361 2457 2458
f 2362 2459 2363
f 2362 2458 2459
f 2363 2460 2364
f 2363 2459 2460
f 2364 2461 2365
f 2364 2460 2461
f 2365 2462 2366
f 2365 2461 2462
f 2366 2463 2367
f 2366 2462 2463
f 2367 2464 2368
f 2367 2463 2464
f 2368 2465 2369
f 2368 2464 2465
f 2369 2466 2370
f 2369 2465 2466
f 2370 2467 2371
f 2370 2466 2467
f 2371 2468 2372
f 2371 2467 2468
f 2372 2469 2373
f 2372 2468 2469
f 2373 2470 2374
f 2373 2469 2470
f 2374 2471 2375
f 2374 2470 2471
f 2375 2472 2376
f 2375 2471 2472
f 2376 2473 2377
f 2376 2472 2473
f 2377 2474 2378
f 2377 2473 2474
f 2378 2475 2379
f 2378 2474 2475
f 2379 2476 2380
f 2379 2475 2476
f 2380 2477 2381
f 2380 2476 2477
f 2381 2478 2382
f 2381 2477 2478
f 2382 2479 2383
f 2382 2478 2479
f 2383 2480 2384
f 2383 2479 2480
f 2384 2481 2385
f 2384 2480 2481
f 2385 2482 2386
f 2385 2481 2482
f 2386 2483 2387
f 2386 2482 2483
f 2387 2484 2388
f 2387 2483 2484
f 2388 2485 2389
f 2388 2484 2485
f 2389 2486 2390
f 2389 2485 2486
f 2390 2487 2391
f 2390 2486 2487
f 2391 2488 2392
f 2391 2487 2488
f 2392 2489 2393
f 2392 2488 2489
f 2393 2490 2394
f 2393 2489 2490
f 2394 2491 2395
f 2394 2490 2491
f 2395 2492 2396
f 2395 2491 2492
f 2396 2493 2397
f 2396 2492 2493
f 2397 2494 2398
f 2397 2493 2494
f 2398 2495 2399
f 2398 2494 2495
f 2399 2496 2400
f 2399 2495 2496
f 2400 2497 2401
f 2400 2496 2497
f 2401 2402 2306
f 2401 2497 2402
f 2402 2499 2403
f 2402 2498 2499
f 2403 2500 2404
f 2403 2499 2500
f 2404 2501 2405
f 2404 2500 2501
f 2405 2502 2406
f 2405 2501 2502
f 2406 2503 2407
f 2406 2502 2503
f 2407 2504 2408
f 2407 2503 2504
f 2408 2505 2409
f 2408 2504 2505
f 2409 2506 2410
f 2409 2505 2506
f 2410 2507 2411
f 2410 2506 2507
f 2411 2508 2412
f 2411 2507 2508
f 2412 2509 2413
f 2412 2508 2509
f 2413 2510 2414
f 2413 2509 2510
f 2414 2511 2415
f 2414 2510 2511
f 2415 2512 2416
f 2415 2511 2512
f 2416 2513 2417
f 2416 2512 2513
f 2417 2514 2418
f 2417 2513 2514
f 2418 2515 2419
f 2418 2514 2515
f 2419 2516 2420
f 2419 2515 2516
f 2420 2517 2421
f 2420 2516 2517
f 2421 2518 2422
f 2421 2517 2518
f 2422 2519 2423
f 2422 2518 2519
f 2423 2520 2424
f 2423 2519 2520
f 2424 2521 2425
f 2424 2520 2521
f 2425 2522 2426
f 2425 2521 2522
f 2426 2523 2427
f 2426 2522 2523
f 2427 2524 2428
f 2427 2523 2524
f 2428 2525 2429
f 2428 2524 2525
f 2429 2526 2430
f 2429 2525 2526
f 2430 2527 2431
f 2430 2526 2527
f 2431 2528 2432
f 2431 2527 2528
f 2432 2529 2433
f 2432 2528 2529
f 2433 2530 2434
f 2433 2529 2530
f 2434 2531 2435
f 2434 2530 2531
f 2435 2532 2436
f 2435 2531 2532
f 2436 2533 2437
f 2436 2532 2533
f 2437 2534 2438
f 2437 2533 2534
f 2438 2535 2439
f 2438 2534 2535
f 2439 2536 2440
f 2439 2535 2536
f 2440 2537 2441
f 2440 2536 2537
f 2441 2538 2442
f 2441 2537 2538
f 2442 2539 2443
f 2442 2538 2539
f 2443 2540 2444
f 2443 2539 2540
f 2444 2541 2445
f 2444 2540 2541
f 2445 2542 2446
f 2445 2541 2542
f 2446 2543 2447
f 2446 2542 2543
f 2447 2544 2448
f 2447 2543 2544
f 2448 2545 2449
f 2448 2544 2545
f 2449 2546 2450
f 2449 2545 2546
f 2450 2547 2451
f 2450 2546 2547
f 2451 2548 2452
f 2451 2547 2548
f 2452 2549 2453
f 2452 2548 2549
f 2453 2550 2454
f 2453 2549 2550
f 2454 2551 2455
f 2454 2550 2551
f 2455 2552 2456
f 2455 2551 2552
f 2456 2553 2457
f 2456 2552 2553
f 2457 2554 2458
f 2457 2553 2554
f 2458 2555 2459
f 2458 2554 2555
f 2459 2556 2460
f 2459 2555 2556
f 2460 2557 2461
f 2460 2556 2557
f 2461 2558 2462
f 2461 2557 2558
f 2462 2559 2463
f 2462 2558 2559
f 2463 2560 2464
f 2463 2559 2560
f 2464 2561 2465
f 2464 2560 2561
f 2465 2562 2466
f 2465 2561 2562
f 2466 2563 2467
f 2466 2562 2563
f 2467 2564 2468
f 2467 2563 2564
f 2468 2565 2469
f 2468 2564 2565
f 2469 2566 2470
f 2469 2565 2566
f 2470 2567 2471
f 2470 2566 2567
f 2471 2568 2472
f 2471 2567 2568
f 2472 2569 2473
f 2472 2568 2569
f 2473 2570 2474
f 2473 2569 2570
f 2474 2571 2475
f 2474 2570 2571
f 2475 2572 2476
f 2475 2571 2572
f 2476 2573 2477
f 2476 2572 2573
f 2477 2574 2478
f 2477 2573 2574
f 2478 2575 2479
f 2478 2574 2575
f 2479 2576 2480
f 2479 2575 2576
f 2480 2577 2481
f 2480 2576 2577
f 2481 2578 2482
f 2481 2577 2578
f 2482 2579 2483
f 2482 2578 2579
f 2483 2580 2484
f 2483 2579 2580
f 2484 2581 2485
f 2484 2580 2581
f 2485 2582 2486
f 2485 2581 2582
f 2486 2583 2487
f 2486 2582 2583
f 2487 2584 2488
f 2487 2583 2584
f 2488 2585 2489
f 2488 2584 2585
f 2489 2586 2490
f 2489 2585 2586
f 2490 2587 2491
f 2490 2586 2587
f 2491 2588 2492
f 2491 2587 2588
f 2492 2589 2493
f 2492 2588 2589
f 2493 2590 2494
f 2493 2589 2590
f 2494 2591 2495
f 2494 2590 2591
f 2495 2592 2496
f 2495 2591 2592
f 2496 2593 2497
f 2496 2592 2593
f 2497 2498 2402
f 2497 2593 2498
f 2498 2595 2499
f 2498 2594 2595
f 2499 2596 2500
f 2499 2595 2596
f 2500 2597 2501
f 2500 2596 2597
f 2501 2598 2502
f 2501 2597 2598
f 2502 2599 2503
f 2502 2598 2599
f 2503 2600 2504
f 2503 2599 2600
f 2504 2601 2505
f 2504 2600 2601
f 2505 2602 2506
f 2505 2601 2602
f 2506 2603 2507
f 2506 2602 2603
f 2507 2604 2508
f 2507 2603 2604
f 2508 2605 2509
f 2508 2604 2605
f 2509 2606 2510
f 2509 2605 2606
f 2510 2607 2511
f 2510 2606 2607
f 2511 2608 2512
f 2511 2607 2608
f 2512 2609 2513
f 2512 2608 2609
f 2513 2610 2514
f 2513 2609 2610
f 2514 2611 2515
f 2514 2610 2611
f 2515 2612 2516
f 2515 2611 2612
f 2516 2613 2517
f 2516 2612 2613
f 2517 2614 2518
f 2517 2613 2614
f 2518 2615 2519
f 2518 2614 2615
f 2519 2616 2520
f 2519 2615 2616
f 2520 2617 2521
f 2520 2616 2617
f 2521 2618 2522
f 2521 2617 2618
f 2522 2619 2523
f 2522 2618 2619
f 2523 2620 2524
f 2523 2619 2620
f 2524 2621 2525
f 2524 2620 2621
f 2525 2622 2526
f 2525 2621 2622
f 2526 2623 2527
f 2526 2622 2623
f 2527 2624 2528
f 2527 2623 2624
f 2528 2625 2529
f 2528 2624 2625
f 2529 2626 2530
f 2529 2625 2626
f 2530 2627 2531
f 2530 2626 2627
f 2531 2628 2532
f 2531 2627 2628
f 2532 2629 2533
f 2532 2628 2629
f 2533 2630 2534
f 2533 2629 2630
f 2534 2631 2535
f 2534 2630 2631
f 2535 2632 2536
f 2535 2631 2632
f 2536 2633 2537
f 2536 2632 2633
f 2537 2634 2538
f 2537 2633 2634
f 2538 2635 2539
f 2538 2634 2635
f 2539 2636 2540
f 2539 2635 2636
f 2540 2637 2541
f 2540 2636 2637
f 2541 2638 2542
f 2541 2637 2638
f 2542 2639 2543
f 2542 2638 2639
f 2543 2640 2544
f 2543 2639 2640
f 2544 2641 2545
f 2544 2640 2641
f 2545 2642 2546
f 2545 2641 2642
f 2546 2643 2547
f 2546 2642 2643
f 2547 2644 2548
f 2547 2643 2644
f 2548 2645 2549
f 2548 2644 2645
f 2549 2646 2550
f 2549 2645 2646
f 2550 2647 2551
f 2550 2646 2647
f 2551 2648 2552
f 2551 2647 2648
f 2552 2649 2553
f 2552 2648 2649
f 2553 2650 2554
f 2553 2649 2650
f 2554 2651 2555
f 2554 2650 2651
f 2555 2652 2556
f 2555 2651 2652
f 2556 2653 2557
f 2556 2652 2653
f 2557 2654 2558
f 2557 2653 2654
f 2558 2655 2559
f 2558 2654 2655
f 2559 2656 2560
f 2559 2655 2656
f 2560 2657 2561
f 2560 2656 2657
f 2561 2658 2562
f 2561 2657 2658
f 2562 2659 2563
f 2562 2658 2659
f 2563 2660 2564
f 2563 2659 2660
f 2564 2661 2565
f 2564 2660 2661
f 2565 2662 2566
f 2565 2661 2662
f 2566 2663 2567
f 2566 2662 2663
f 2567 2664 2568
f 2567 2663 2664
f 2568 2665 2569
f 2568 2664 2665
f 2569 2666 2570
f 2569 2665 2666
f 2570 2667 2571
f 2570 2666 2667
f 2571 2668 2572
f 2571 2667 2668
f 2572 2669 2573
f 2572 2668 2669
f 2573 2670 2574
f 2573 2669 2670
f 2574 2671 2575
f 2574 2670 2671
f 2575 2672 2576
f 2575 2671 2672
f 2576 2673 2577
f 2576 2672 2673
f 2577 2674 2578
f 2577 2673 2674
f 2578 2675 2579
f 2578 2674 2675
f 2579 2676 2580
f 2579 2675 2676
f 2580 2677 2581
f 2580 2676 2677
f 2581 2678 2582
f 2581 2677 2678
f 2582 2679 2583
f 2582 2678 2679
f 2583 2680 2584
f 2583 2679 2680
f 2584 2681 2585
f 2584 2680 2681
f 2585 2682 2586
f 2585 2681 2682
f 2586 2683 2587
f 2586 2682 2683
f 2587 2684 2588
f 2587 2683 2684
f 2588 2685 2589
f 2588 2684 2685
f 2589 2686 2590
f 2589 2685 2686
f 2590 2687 2591
f 2590 2686 2687
f 2591 2688 2592
f 2591 2687 2688
f 2592 2689 2593
f 2592 2688 2689
f 2593 2594 2498
f 2593 2689 2594
f 2594 2691 2595
f 2594 2690 2691
f 2595 2692 2596
f 2595 2691 2692
f 2596 2693 2597
f 2596 2692 2693
f 2597 2694 2598
f 2597 2693 2694
f 2598 2695 2599
f 2598 2694 2695
f 2599 2696 2600
f 2599 2695 2696
f 2600 2697 2601
f 2600 2696 2697
f 2601 2698 2602
f 2601 2697 2698
f 2602 2699 2603
f 2602 2698 2699
f 2603 2700 2604
f 2603 2699 2700
f 2604 2701 2605
f 2604 2700 2701
f 2605 2702 2606
f 2605 2701 2702
f 2606 2703 2607
f 2606 2702 2703
f 2607 2704 2608
f 2607 2703 2704
f 2608 2705 2609
f 2608 2704 2705
f 2609 2706 2610
f 2609 2705 2706
f 2610 2707 2611
f 2610 2706 2707
f 2611 2708 2612
f 2611 2707 2708
f 2612 2709 2613
f 2612 2708 2709
f 2613 2710 2614
f 2613 2709 2710
f 2614 2711 2615
f 2614 2710 2711
f 2615 2712 2616
f 2615 2711 2712
f 2616 2713 2617
f 2616 2712 2713
f 2617 2714 2618
f 2617 2713 2714
f 2618 2715 2619
f 2618 2714 2715
f 2619 2716 2620
f 2619 2715 2716
f 2620 2717 2621
f 2620 2716 2717
f 2621 2718 2622
f 2621 2717 2718
f 2622 2719 2623
f 2622 2718 2719
f 2623 2720 2624
f 2623 2719 2720
f 2624 2721 2625
f 2624 2720 2721
f 2625 2722 2626
f 2625 2721 2722
f 2626 2723 2627
f 2626 2722 2723
f 2627 2724 2628
f 2627 2723 2724
f 2628 2725 2629
f 2628 2724 2725
f 2629 2726 2630
f 2629 2725 2726
f 2630 2727 2631
f 2630 2726 2727
f 2631 2728 2632
f 2631 2727 2728
f 2632 2729 2633
f 2632 2728 2729
f 2633 2730 2634
f 2633 2729 2730
f 2634 2731 2635
f 2634 2730 2731
f 2635 2732 2636
f 2635 2731 2732
f 2636 2733 2637
f 2636 2732 2733
f 2637 2734 2638
f 2637 2733 2734
f 2638 2735 2639
f 2638 2734 2735
f 2639 2736 2640
f 2639 2735 2736
f 2640 2737 2641
f 2640 2736 2737
f 2641 2738 2642
f 2641 2737 2738
f 2642 2739 2643
f 2642 2738 2739
f 2643 2740 2644
f 2643 2739 2740
f 2644 2741 2645
f 2644 2740 2741
f 2645 2742 2646
f 2645 2741 2742
f 2646 2743 2647
f 2646 2742 2743
f 2647 2744 2648
f 2647 2743 2744
f 2648 2745 2649
f 2648 2744 2745
f 2649 2746 2650
f 2649 2745 2746
f 2650 2747 2651
f 2650 2746 2747
f 2651 2748 2652
f 2651 2747 2748
f 2652 2749 2653
f 2652 2748 2749
f 2653 2750 2654
f 2653 2749 2750
f 2654 2751 2655
f 2654 2750 2751
f 2655 2752 2656
f 2655 2751 2752
f 2656 2753 2657
f 2656 2752 2753
f 2657 2754 2658
f 2657 2753 2754
f 2658 2755 2659
f 2658 2754 2755
f 2659 2756 2660
f 2659 2755 2756
f 2660 2757 2661
f 2660 2756 2757
f 2661 2758 2662
f 2661 2757 2758
f 2662 2759 2663
f 2662 2758 2759
f 2663 2760 2664
f 2663 2759 2760
f 2664 2761 2665
f 2664 2760 2761
f 2665 2762 2666
f 2665 2761 2762
f 2666 2763 2667
f 2666 2762 2763
f 2667 2764 2668
f 2667 2763 2764
f 2668 2765 2669
f 2668 2764 2765
f 2669 2766 2670
f 2669 2765 2766
f 2670 2767 2671
f 2670 2766 2767
f 2671 2768 2672
f 2671 2767 2768
f 2672 2769 2673
f 2672 2768 2769
f 2673 2770 2674
f 2673 2769 2770
f 2674 2771 2675
f 2674 2770 2771
f 2675 2772 2676
f 2675 2771 2772
f 2676 2773 2677
f 2676 2772 2773
f 2677 2774 2678
f 2677 2773 2774
f 2678 2775 2679
f 2678 2774 2775
f 2679 2776 2680
f 2679 2775 2776
f 2680 2777 2681
f 2680 2776 2777
f 2681 2778 2682
f 2681 2777 2778
f 2682 2779 2683
f 2682 2778 2779
f 2683 2780 2684
f 2683 2779 2780
f 2684 2781 2685
f 2684 2780 2781
f 2685 2782 2686
f 2685 2781 2782
f 2686 2783 2687
f 2686 2782 2783
f 2687 2784 2688
f 2687 2783 2784
f 2688 2785 2689
f 2688 2784 2785
f 2689 2690 2594
f 2689 2785 2690
f 2690 2787 2691
f 2690 2786 2787
f 2691 2788 2692
f 2691 2787 2788
f 2692 2789 2693
f 2692 2788 2789
f 2693 2790 2694
f 2693 2789 2790
f 2694 2791 2695
f 2694 2790 2791
f 2695 2792 2696
f 2695 2791 2792
f 2696 2793 2697
f 2696 2792 2793
f 2697 2794 2698
f 2697 2793 2794
f 2698 2795 2699
f 2698 2794 2795
f 2699 2796 2700
f 2699 2795 2796
f 2700 2797 2701
f 2700 2796 2797
f 2701 2798 2702
f 2701 2797 2798
f 2702 2799 2703
f 2702 2798 2799
f 2703 2800 2704
f 2703 2799 2800
f 2704 2801 2705
f 2704 2800 2801
f 2705 2802 2706
f 2705 2801 2802
f 2706 2803 2707
f 2706 2802 2803
f 2707 2804 2708
f 2707 2803 2804
f 2708 2805 2709
f 2708 2804 2805
f 2709 2806 2710
f 2709 2805 2806
f 2710 2807 2711
f 2710 2806 2807
f 2711 2808 2712
f 2711 2807 2808
f 2712 2809 2713
f 2712 2808 2809
f 2713 2810 2714
f 2713 2809 2810
f 2714 2811 2715
f 2714 2810 2811
f 2715 2812 2716
f 2715 2811 2812
f 2716 2813 2717
f 2716 2812 2813
f 2717 2814 2718
f 2717 2813 2814
f 2718 2815 2719
f 2718 2814 2815
f 2719 2816 2720
f 2719 2815 2816
f 2720 2817 2721
f 2720 2816 2817
f 2721 2818 2722
f 2721 2817 2818
f 2722 2819 2723
f 2722 2818 2819
f 2723 2820 2724
f 2723 2819 2820
f 2724 2821 2725
f 2724 2820 2821
f 2725 2822 2726
f 2725 2821 2822
f 2726 2823 2727
f 2726 2822 2823
f 2727 2824 2728
f 2727 2823 2824
f 2728 2825 2729
f 2728 2824 2825
f 2729 2826 2730
f 2729 2825 2826
f 2730 2827 2731
f 2730 2826 2827
f 2731 2828 2732
f 2731 2827 2828
f 2732 2829 2733
f 2732 2828 2829
f 2733 2830 2734
f 2733 2829 2830
f 2734 2831 2735
f 2734 2830 2831
f 2735 2832 2736
f 2735 2831 2832
f 2736 2833 2737
f 2736 2832 2833
f 2737 2834 2738
f 2737 2833 2834
f 2738 2835 2739
f 2738 2834 2835
f 2739 2836 2740
f 2739 2835 2836
f 2740 2837 2741
f 2740 2836 2837
f 2741 2838 2742
f 2741 2837 2838
f 2742 2839 2743
f 2742 2838 2839
f 2743 2840 2744
f 2743 2839 2840
f 2744 2841 2745
f 2744 2840 2841
f 2745 2842 2746
f 2745 2841 2842
f 2746 2843 2747
f 2746 2842 2843
f 2747 2844 2748
f 2747 2843 2844
f 2748 2845 2749
f 2748 2844 2845
f 2749 2846 2750
f 2749 2845 2846
f 2750 2847 2751
f 2750 2846 2847
f 2751 2848 2752
f 2751 2847 2848
f 2752 2849 2753
f 2752 2848 2849
f 2753 2850 2754
f 2753 2849 2850
f 2754 2851 2755
f 2754 2850 2851
f 2755 2852 2756
f 2755 2851 2852
f 2756 2853 2757
f 2756 2852 2853
f 2757 2854 2758
f 2757 2853 2854
f 2758 2855 2759
f 2758 2854 2855
f 2759 2856 2760
f 2759 2855 2856
f 2760 2857 2761
f 2760 2856 2857
f 2761 2858 2762
f 2761 2857 2858
f 2762 2859 2763
f 2762 2858 2859
f 2763 2860 2764
f 2763 2859 2860
f 2764 2861 2765
f 2764 2860 2861
f 2765 2862 2766
f 2765 2861 2862
f 2766 2863 2767
f 2766 2862 2863
f 2767 2864 2768
f 2767 2863 2864
f 2768 2865 2769
f 2768 2864 2865
f 2769 2866 2770
f 2769 2865 2866
f 2770 2867 2771
f 2770 2866 2867
f 2771 2868 2772
f 2771 2867 2868
f 2772 2869 2773
f 2772 2868 2869
f 2773 2870 2774
f 2773 2869 2870
f 2774 2871 2775
f 2774 2870 2871
f 2775 2872 2776
f 2775 2871 2872
f 2776 2873 2777
f 2776 2872 2873
f 2777 2874 2778
f 2777 2873 2874
f 2778 2875 2779
f 2778 2874 2875
f 2779 2876 2780
f 2779 2875 2876
f 2780 2877 2781
f 2780 2876 2877
f 2781 2878 2782
f 2781 2877 2878
f 2782 2879 2783
f 2782 2878 2879
f 2783 2880 2784
f 2783 2879 2880
f 2784 2881 2785
f 2784 2880 2881
f 2785 2786 2690
f 2785 2881 2786
f 2786 2883 2787
f 2786 2882 2883
f 2787 2884 2788
f 2787 2883 2884
f 2788 2885 2789
f 2788 2884 2885
f 2789 2886 2790
f 2789 2885 2886
f 2790 2887 2791
f 2790 2886 2887
f 2791 2888 2792
f 2791 2887 2888
f 2792 2889 2793
f 2792 2888 2889
f 2793 2890 2794
f 2793 2889 2890
f 2794 2891 2795
f 2794 2890 2891
f 2795 2892 2796
f 2795 2891 2892
f 2796 2893 2797
f 2796 2892 2893
f 2797 2894 2798
f 2797 2893 2894
f 2798 2895 2799
f 2798 2894 2895
f 2799 2896 2800
f 2799 2895 2896
f 2800 2897 2801
f 2800 2896 2897
f 2801 2898 2802
f 2801 2897 2898
f 2802 2899 2803
f 2802 2898 2899
f 2803 2900 2804
f 2803 2899 2900
f 2804 2901 2805
f 2804 2900 2901
f 2805 2902 2806
f 2805 2901 2902
f 2806 2903 2807
f 2806 2902 2903
f 2807 2904 2808
f 2807 2903 2904
f 2808 2905 2809
f 2808 2904 2905
f 2809 2906 2810
f 2809 2905 2906
f 2810 2907 2811
f 2810 2906 2907
f 2811 2908 2812
f 2811 2907 2908
f 2812 2909 2813
f 2812 2908 2909
f 2813 2910 2814
f 2813 2909 2910
f 2814 2911 2815
f 2814 2910 2911
f 2815 2912 2816
f 2815 2911 2912
f 2816 2913 2817
f 2816 2912 2913
f 2817 2914 2818
f 2817 2913 2914
f 2818 2915 2819
f 2818 2914 2915
f 2819 2916 2820
f 2819 2915 2916
f 2820 2917 2821
f 2820 2916 2917
f 2821 2918 2822
f 2821 2917 2918
f 2822 2919 2823
f 2822 2918 2919
f 2823 2920 2824
f 2823 2919 2920
f 2824 2921 2825
f 2824 2920 2921
f 2825 2922 2826
f 2825 2921 2922
f 2826 2923 2827
f 2826 2922 2923
f 2827 2924 2828
f 2827 2923 2924
f 2828 2925 2829
f 2828 2924 2925
f 2829 2926 2830
f 2829 2925 2926
f 2830 2927 2831
f 2830 2926 2927
f 2831 2928 2832
f 2831 2927 2928
f 2832 2929 2833
f 2832 2928 2929
f 2833 2930 2834
f 2833 2929 2930
f 2834 2931 2835
f 2834 2930 2931
f 2835 2932 2836
f 2835 2931 2932
f 2836 2933 2837
f 2836 2932 2933
f 2837 2934 2838
f 2837 2933 2934
f 2838 2935 2839
f 2838 2934 2935
f 2839 2936 2840
f 2839 2935 2936
f 2840 2937 2841
f 2840 2936 2937
f 2841 2938 2842
f 2841 2937 2938
f 2842 2939 2843
f 2842 2938 2939
f 2843 2940 2844
f 2843 2939 2940
f 2844 2941 2845
f 2844 2940 2941
f 2845 2942 2846
f 2845 2941 2942
f 2846 2943 2847
f 2846 2942 2943
f 2847 2944 2848
f 2847 2943 2944
f 2848 2945 2849
f 2848 2944 2945
f 2849 2946 2850
f 2849 2945 2946
f 2850 2947 2851
f 2850 2946 2947
f 2851 2948 2852
f 2851 2947 2948
f 2852 2949 2853
f 2852 2948 2949
f 2853 2950 2854
f 2853 2949 2950
f 2854 2951 2855
f 2854 2950 2951
f 2855 2952 2856
f 2855 2951 2952
f 2856 2953 2857
f 2856 2952 2953
f 2857 2954 2858
f 2857 2953 2954
f 2858 2955 2859
f 2858 2954 2955
f 2859 2956 2860
f 2859 2955 2956
f 2860 2957 2861
f 2860 2956 2957
f 2861 2958 2862
f 2861 2957 2958
f 2862 2959 2863
f 2862 2958 2959
f 2863 2960 2864
f 2863 2959 2960
f 2864 2961 2865
f 2864 2960 2961
f 2865 2962 2866
f 2865 2961 2962
f 2866 2963 2867
f 2866 2962 2963
f 2867 2964 2868
f 2867 2963 2964
f 2868 2965 2869
f 2868 2964 2965
f 2869 2966 2870
f 2869 2965 2966
f 2870 2967 2871
f 2870 2966 2967
f 2871 2968 2872
f 2871 2967 2968
f 2872 2969 2873
f 2872 2968 2969
f 2873 2970 2874
f 2873 2969 2970
f 2874 2971 2875
f 2874 2970 2971
f 2875 2972 2876
f 2875 2971 2972
f 2876 2973 2877
f 2876 2972 2973
f 2877 2974 2878
f 2877 2973 2974
f 2878 2975 2879
f 2878 2974 2975
f 2879 2976 2880
f 2879 2975 2976
f 2880 2977 2881
f 2880 2976 2977
f 2881 2882 2786
f 2881 2977 2882
f 2882 2979 2883
f 2882 2978 2979
f 2883 2980 2884
f 2883 2979 2980
f 2884 2981 2885
f 2884 2980 2981
f 2885 2982 2886
f 2885 2981 2982
f 2886 2983 2887
f 2886 2982 2983
f 2887 2984 2888
f 2887 2983 2984
f 2888 2985 2889
f 2888 2984 2985
f 2889 2986 2890
f 2889 2985 2986
f 2890 2987 2891
f 2890 2986 2987
f 2891 2988 2892
f 2891 2987 2988
f 2892 2989 2893
f 2892 2988 2989
f 2893 2990 2894
f 2893 2989 2990
f 2894 2991 2895
f 2894 2990 2991
f 2895 2992 2896
f 2895 2991 2992
f 2896 2993 2897
f 2896 2992 2993
f 2897 2994 2898
f 2897 2993 2994
f 2898 2995 2899
f 2898 2994 2995
f 2899 2996 2900
f 2899 2995 2996
f 2900 2997 2901
f 2900 2996 2997
f 2901 2998 2902
f 2901 2997 2998
f 2902 2999 2903
f 2902 2998 2999
f 2903 3000 2904
f 2903 2999 3000
f 2904 3001 2905
f 2904 3000 3001
f 2905 3002 2906
f 2905 3001 3002
f 2906 3003 2907
f 2906 3002 3003
f 2907 3004 2908
f 2907 3003 3004
f 2908 3005 2909
f 2908 3004 3005
f 2909 3006 2910
f 2909 3005 3006
f 2910 3007 2911
f 2910 3006 3007
f 2911 3008 2912
f 2911 3007 3008
f 2912 3009 2913
f 2912 3008 3009
f 2913 3010 2914
f 2913 3009 3010
f 2914 3011 2915
f 2914 3010 3011
f 2915 3012 2916
f 2915 3011 3012
f 2916 3013 2917
f 2916 3012 3013
f 2917 3014 2918
f 2917 3013 3014
f 2918 3015 2919
f 2918 3014 3015
f 2919 3016 2920
f 2919 3015 3016
f 2920 3017 2921
f 2920 3016 3017
f 2921 3018 2922
f 2921 3017 3018
f 2922 3019 2923
f 2922 3018 3019
f 2923 3020 2924
f 2923 3019 3020
f 2924 3021 2925
f 2924 3020 3021
f 2925 3022 2926
f 2925 3021 3022
f 2926 3023 2927
f 2926 3022 3023
f 2927 3024 2928
f 2927 3023 3024
f 2928 3025 2929
f 2928 3024 3025
f 2929 3026 2930
f 2929 3025 3026
f 2930 3027 2931
f 2930 3026 3027
f 2931 3028 2932
f 2931 3027 3028
f 2932 3029 2933
f 2932 3028 3029
f 2933 3030 2934
f 2933 3029 3030
f 2934 3031 2935
f 2934 3030 3031
f 2935 3032 2936
f 2935 3031 3032
f 2936 3033 2937
f 2936 3032 3033
f 2937 3034 2938
f 2937 3033 3034
f 2938 3035 2939
f 2938 3034 3035
f 2939 3036 2940
f 2939 3035 3036
f 2940 3037 2941
f 2940 3036 3037
f 2941 3038 2942
f 2941 3037 3038
f 2942 3039 2943
f 2942 3038 3039
f 2943 3040 2944
f 2943 3039 3040
f 2944 3041 2945
f 2944 3040 3041
f 2945 3042 2946
f 2945 3041 3042
f 2946 3043 2947
f 2946 3042 3043
f 2947 3044 2948
f 2947 3043 3044
f 2948 3045 2949
f 2948 3044 3045
f 2949 3046 2950
f 2949 3045 3046
f 2950 3047 2951
f 2950 3046 3047
f 2951 3048 2952
f 2951 3047 3048
f 2952 3049 2953
f 2952 3048 3049
f 2953 3050 2954
f 2953 3049 3050
f 2954 3051 2955
f 2954 3050 3051
f 2955 3052 2956
f 2955 3051 3052
f 2956 3053 2957
f 2956 3052 3053
f 2957 3054 2958
f 2957 3053 3054
f 2958 3055 2959
f 2958 3054 3055
f 2959 3056 2960
f 2959 3055 3056
f 2960 3057 2961
f 2960 3056 3057
f 2961 3058 2962
f 2961 3057 3058
f 2962 3059 2963
f 2962 3058 3059
f 2963 3060 2964
f 2963 3059 3060
f 2964 3061 2965
f 2964 3060 3061
f 2965 3062 2966
f 2965 3061 3062
f 2966 3063 2967
f 2966 3062 3063
f 2967 3064 2968
f 2967 3063 3064
f 2968 3065 2969
f 2968 3064 3065
f 2969 3066 2970
f 2969 3065 3066
f 2970 3067 2971
f 2970 3066 3067
f 2971 3068 2972
f 2971 3067 3068
f 2972 3069 2973
f 2972 3068 3069
f 2973 3070 2974
f 2973 3069 3070
f 2974 3071 2975
f 2974 3070 3071
f 2975 3072 2976
f 2975 3071 3072
f 2976 3073 2977
f 2976 3072 3073
f 2977 2978 2882
f 2977 3073 2978
f 2978 3075 2979
f 2978 3074 3075
f 2979 3076 2980
f 2979 3075 3076
f 2980 3077 2981
f 2980 3076 3077
f 2981 3078 2982
f 2981 3077 3078
f 2982 3079 2983
f 2982 3078 3079
f 2983 3080 2984
f 2983 3079 3080
f 2984 3081 2985
f 2984 3080 3081
f 2985 3082 2986
f 2985 3081 3082
f 2986 3083 2987
f 2986 3082 3083
f 2987 3084 2988
f 2987 3083 3084
f 2988 3085 2989
f 2988 3084 3085
f 2989 3086 2990
f 2989 3085 3086
f 2990 3087 2991
f 2990 3086 3087
f 2991 3088 2992
f 2991 3087 3088
f 2992 3089 2993
f 2992 3088 3089
f 2993 3090 2994
f 2993 3089 3090
f 2994 3091 2995
f 2994 3090 3091
f 2995 3092 2996
f 2995 3091 3092
f 2996 3093 2997
f 2996 3092 3093
f 2997 3094 2998
f 2997 3093 3094
f 2998 3095 2999
f 2998 3094 3095
f 2999 3096 3000
f 2999 3095 3096
f 3000 3097 3001
f 3000 3096 3097
f 3001 3098 3002
f 3001 3097 3098
f 3002 3099 3003
f 3002 3098 3099
f 3003 3100 3004
f 3003 3099 3100
f 3004 3101 3005
f 3004 3100 3101
f 3005 3102 3006
f 3005 3101 3102
f 3006 3103 3007
f 3006 3102 3103
f 3007 3104 3008
f 3007 3103 3104
f 3008 3105 3009
f 3008 3104 3105
f 3009 3106 3010
f 3009 3105 3106
f 3010 3107 3011
f 3010 3106 3107
f 3011 3108 3012
f 3011 3107 3108
f 3012 3109 3013
f 3012 3108 3109
f 3013 3110 3014
f 3013 3109 3110
f 3014 3111 3015
f 3014 3110 3111
f 3015 3112 3016
f 3015 3111 3112
f 3016 3113 3017
f 3016 3112 3113
f 3017 3114 3018
f 3017 3113 3114
f 3018 3115 3019
f 3018 3114 3115
f 3019 3116 3020
f 3019 3115 3116
f 3020 3117 3021
f 3020 3116 3117
f 3021 3118 3022
f 3021 3117 3118
f 3022 3119 3023
f 3022 3118 3119
f 3023 3120 3024
f 3023 3119 3120
f 3024 3121 3025
f 3024 3120 3121
f 3025 3122 3026
f 3025 3121 3122
f 3026 3123 3027
f 3026 3122 3123
f 3027 3124 3028
f 3027 3123 3124
f 3028 3125 3029
f 3028 3124 3125
f 3029 3126 3030
f 3029 3125 3126
f 3030 3127 3031
f 3030 3126 3127
f 3031 3128 3032
f 3031 3127 3128
f 3032 3129 3033
f 3032 3128 3129
f 3033 3130 3034
f 3033 3129 3130
f 3034 3131 3035
f 3034 3130 3131
f 3035 3132 3036
f 3035 3131 3132
f 3036 3133 3037
f 3036 3132 3133
f 3037 3134 3038
f 3037 3133 3134
f 3038 3135 3039
f 3038 3134 3135
f 3039 3136 3040
f 3039 3135 3136
f 3040 3137 3041
f 3040 3136 3137
f 3041 3138 3042
f 3041 3137 3138
f 3042 3139 3043
f 3042 3138 3139
f 3043 3140 3044
f 3043 3139 3140
f 3044 3141 3045
f 3044 3140 3141
f 3045 3142 3046
f 3045 3141 3142
f 3046 3143 3047
f 3046 3142 3143
f 3047 3144 3048
f 3047 3143 3144
f 3048 3145 3049
f 3048 3144 3145
f 3049 3146 3050
f 3049 3145 3146
f 3050 3147 3051
f 3050 3146 3147
f 3051 3148 3052
f 3051 3147 3148
f 3052 3149 3053
f 3052 3148 3149
f 3053 3150 3054
f 3053 3149 3150
f 3054 3151 3055
f 3054 3150 3151
f 3055 3152 3056
f 3055 3151 3152
f 3056 3153 3057
f 3056 3152 3153
f 3057 3154 3058
f 3057 3153 3154
f 3058 3155 3059
f 3058 3154 3155
f 3059 3156 3060
f 3059 3155 3156
f 3060 3157 3061
f 3060 3156 3157
f 3061 3158 3062
f 3061 3157 3158
f 3062 3159 3063
f 3062 3158 3159
f 3063 3160 3064
f 3063 3159 3160
f 3064 3161 3065
f 3064 3160 3161
f 3065 3162 3066
f 3065 3161 3162
f 3066 3163 3067
f 3066 3162 3163
f 3067 3164 3068
f 3067 3163 3164
f 3068 3165 3069
f 3068 3164 3165
f 3069 3166 3070
f 3069 3165 3166
f 3070 3167 3071
f 3070 3166 3167
f 3071 3168 3072
f 3071 3167 3168
f 3072 3169 3073
f 3072 3168 3169
f 3073 3074 2978
f 3073 3169 3074
f 3074 3171 3075
f 3074 3170 3171
f 3075 3172 3076
f 3075 3171 3172
f 3076 3173 3077
f 3076 3172 3173
f 3077 3174 3078
f 3077 3173 3174
f 3078 3175 3079
f 3078 3174 3175
f 3079 3176 3080
f 3079 3175 3176
f 3080 3177 3081
f 3080 3176 3177
f 3081 3178 3082
f 3081 3177 3178
f 3082 3179 3083
f 3082 3178 3179
f 3083 3180 3084
f 3083 3179 3180
f 3084 3181 3085
f 3084 3180 3181
f 3085 3182 3086
f 3085 3181 3182
f 3086 3183 3087
f 3086 3182 3183
f 3087 3184 3088
f 3087 3183 3184
f 3088 3185 3089
f 3088 3184 3185
f 3089 3186 3090
f 3089 3185 3186
f 3090 3187 3091
f 3090 3186 3187
f 3091 3188 3092
f 3091 3187 3188
f 3092 3189 3093
f 3092 3188 3189
f 3093 3190 3094
f 3093 3189 3190
f 3094 3191 3095
f 3094 3190 3191
f 3095 3192 3096
f 3095 3191 3192
f 3096 3193 3097
f 3096 3192 3193
f 3097 3194 3098
f 3097 3193 3194
f 3098 3195 3099
f 3098 3194 3195
f 3099 3196 3100
f 3099 3195 3196
f 3100 3197 3101
f 3100 3196 3197
f 3101 3198 3102
f 3101 3197 3198
f 3102 3199 3103
f 3102 3198 3199
f 3103 3200 3104
f 3103 3199 3200
f 3104 3201 3105
f 3104 3200 3201
f 3105 3202 3106
f 3105 3201 3202
f 3106 3203 3107
f 3106 3202 3203
f 3107 3204 3108
f 3107 3203 3204
f 3108 3205 3109
f 3108 3204 3205
f 3109 3206 3110
f 3109 3205 3206
f 3110 3207 3111
f 3110 3206 3207
f 3111 3208 3112
f 3111 3207 3208
f 3112 3209 3113
f 3112 3208 3209
f 3113 3210 3114
f 3113 3209 3210
f 3114 3211 3115
f 3114 3210 3211
f 3115 3212 3116
f 3115 3211 3212
f 3116 3213 3117
f 3116 3212 3213
f 3117 3214 3118
f 3117 3213 3214
f 3118 3215 3119
f 3118 3214 3215
f 3119 3216 3120
f 3119 3215 3216
f 3120 3217 3121
f 3120 3216 3217
f 3121 3218 3122
f 3121 3217 3218
f 3122 3219 3123
f 3122 3218 3219
f 3123 3220 3124
f 3123 3219 3220
f 3124 3221 3125
f 3124 3220 3221
f 3125 3222 3126
f 3125 3221 3222
f 3126 3223 3127
f 3126 3222 3223
f 3127 3224 3128
f 3127 3223 3224
f 3128 3225 3129
f 3128 3224 3225
f 3129 3226 3130
f 3129 3225 3226
f 3130 3227 3131
f 3130 3226 3227
f 3131 3228 3132
f 3131 3227 3228
f 3132 3229 3133
f 3132 3228 3229
f 3133 3230 3134
f 3133 3229 3230
f 3134 3231 3135
f 3134 3230 3231
f 3135 3232 3136
f 3135 3231 3232
f 3136 3233 3137
f 3136 3232 3233
f 3137 3234 3138
f 3137 3233 3234
f 3138 3235 3139
f 3138 3234 3235
f 3139 3236 3140
f 3139 3235 3236
f 3140 3237 3141
f 3140 3236 3237
f 3141 3238 3142
f 3141 3237 3238
f 3142 3239 3143
f 3142 3238 3239
f 3143 3240 3144
f 3143 3239 3240
f 3144 3241 3145
f 3144 3240 3241
f 3145 3242 3146
f 3145 3241 3242
f 3146 3243 3147
f 3146 3242 3243
f 3147 3244 3148
f 3147 3243 3244
f 3148 3245 3149
f 3148 3244 3245
f 3149 3246 3150
f 3149 3245 3246
f 3150 3247 3151
f 3150 3246 3247
f 3151 3248 3152
f 3151 3247 3248
f 3152 3249 3153
f 3152 3248 3249
f 3153 3250 3154
f 3153 3249 3250
f 3154 3251 3155
f 3154 3250 3251
f 3155 3252 3156
f 3155 3251 3252
f 3156 3253 3157
f 3156 3252 3253
f 3157 3254 3158
f 3157 3253 3254
f 3158 3255 3159
f 3158 3254 3255
f 3159 3256 3160
f 3159 3255 3256
f 3160 3257 3161
f 3160 3256 3257
f 3161 3258 3162
f 3161 3257 3258
f 3162 3259 3163
f 3162 3258 3259
f 3163 3260 3164
f 3163 3259 3260
f 3164 3261 3165
f 3164 3260 3261
f 3165 3262 3166
f 3165 3261 3262
f 3166 3263 3167
f 3166 3262 3263
f 3167 3264 3168
f 3167 3263 3264
f 3168 3265 3169
f 3168 3264 3265
f 3169 3170 3074
f 3169 3265 3170
f 3170 3267 3171
f 3170 3266 3267
f 3171 3268 3172
f 3171 3267 3268
f 3172 3269 3173
f 3172 3268 3269
f 3173 3270 3174
f 3173 3269 3270
f 3174 3271 3175
f 3174 3270 3271
f 3175 3272 3176
f 3175 3271 3272
f 3176 3273 3177
f 3176 3272 3273
f 3177 3274 3178
f 3177 3273 3274
f 3178 3275 3179
f 3178 3274 3275
f 3179 3276 3180
f 3179 3275 3276
f 3180 3277 3181
f 3180 3276 3277
f 3181 3278 3182
f 3181 3277 3278
f 3182 3279 3183
f 3182 3278 3279
f 3183 3280 3184
f 3183 3279 3280
f 3184 3281 3185
f 3184 3280 3281
f 3185 3282 3186
f 3185 3281 3282
f 3186 3283 3187
f 3186 3282 3283
f 3187 3284 3188
f 3187 3283 3284
f 3188 3285 3189
f 3188 3284 3285
f 3189 3286 3190
f 3189 3285 3286
f 3190 3287 3191
f 3190 3286 3287
f 3191 3288 3192
f 3191 3287 3288
f 3192 3289 3193
f 3192 3288 3289
f 3193 3290 3194
f 3193 3289 3290
f 3194 3291 3195
f 3194 3290 3291
f 3195 3292 3196
f 3195 3291 3292
f 3196 3293 3197
f 3196 3292 3293
f 3197 3294 3198
f 3197 3293 3294
f 3198 3295 3199
f 3198 3294 3295
f 3199 3296 3200
f 3199 3295 3296
f 3200 3297 3201
f 3200 3296 3297
f 3201 3298 3202
f 3201 3297 3298
f 3202 3299 3203
f 3202 3298 3299
f 3203 3300 3204
f 3203 3299 3300
f 3204 3301 3205
f 3204 3300 3301
f 3205 3302 3206
f 3205 3301 3302
f 3206 3303 3207
f 3206 3302 3303
f 3207 3304 3208
f 3207 3303 3304
f 3208 3305 3209
f 3208 3304 3305
f 3209 3306 3210
f 3209 3305 3306
f 3210 3307 3211
f 3210 3306 3307
f 3211 3308 3212
f 3211 3307 3308
f 3212 3309 3213
f 3212 3308 3309
f 3213 3310 3214
f 3213 3309 3310
f 3214 3311 3215
f 3214 3310 3311
f 3215 3312 3216
f 3215 3311 3312
f 3216 3313 3217
f 3216 3312 3313
f 3217 3314 3218
f 3217 3313 3314
f 3218 3315 3219
f 3218 3314 3315
f 3219 3316 3220
f 3219 3315 3316
f 3220 3317 3221
f 3220 3316 3317
f 3221 3318 3222
f 3221 3317 3318
f 3222 3319 3223
f 3222 3318 3319
f 3223 3320 3224
f 3223 3319 3320
f 3224 3321 3225
f 3224 3320 3321
f 3225 3322 3226
f 3225 3321 3322
f 3226 3323 3227
f 3226 3322 3323
f 3227 3324 3228
f 3227 3323 3324
f 3228 3325 3229
f 3228 3324 3325
f 3229 3326 3230
f 3229 3325 3326
f 3230 3327 3231
f 3230 3326 3327
f 3231 3328 3232
f 3231 3327 3328
f 3232 3329 3233
f 3232 3328 3329
f 3233 3330 3234
f 3233 3329 3330
f 3234 3331 3235
f 3234 3330 3331
f 3235 3332 3236
f 3235 3331 3332
f 3236 3333 3237
f 3236 3332 3333
f 3237 3334 3238
f 3237 3333 3334
f 3238 3335 3239
f 3238 3334 3335
f 3239 3336 3240
f 3239 3335 3336
f 3240 3337 3241
f 3240 3336 3337
f 3241 3338 3242
f 3241 3337 3338
f 3242 3339 3243
f 3242 3338 3339
f 3243 3340 3244
f 3243 3339 3340
f 3244 3341 3245
f 3244 3340 3341
f 3245 3342 3246
f 3245 3341 3342
f 3246 3343 3247
f 3246 3342 3343
f 3247 3344 3248
f 3247 3343 3344
f 3248 3345 3249
f 3248 3344 3345
f 3249 3346 3250
f 3249 3345 3346
f 3250 3347 3251
f 3250 3346 3347
f 3251 3348 3252
f 3251 3347 3348
f 3252 3349 3253
f 3252 3348 3349
f 3253 3350 3254
f 3253 3349 3350
f 3254 3351 3255
f 3254 3350 3351
f 3255 3352 3256
f 3255 3351 3352
f 3256 3353 3257
f 3256 3352 3353
f 3257 3354 3258
f 3257 3353 3354
f 3258 3355 3259
f 3258 3354 3355
f 3259 3356 3260
f 3259 3355 3356
f 3260 3357 3261
f 3260 3356 3357
f 3261 3358 3262
f 3261 3357 3358
f 3262 3359 3263
f 3262 3358 3359
f 3263 3360 3264
f 3263 3359 3360
f 3264 3361 3265
f 3264 3360 3361
f 3265 3266 3170
f 3265 3361 3266
f 3266 3363 3267
f 3266 3362 3363
f 3267 3364 3268
f 3267 3363 3364
f 3268 3365 3269
f 3268 3364 3365
f 3269 3366 3270
f 3269 3365 3366
f 3270 3367 3271
f 3270 3366 3367
f 3271 3368 3272
f 3271 3367 3368
f 3272 3369 3273
f 3272 3368 3369
f 3273 3370 3274
f 3273 3369 3370
f 3274 3371 3275
f 3274 3370 3371
f 3275 3372 3276
f 3275 3371 3372
f 3276 3373 3277
f 3276 3372 3373
f 3277 3374 3278
f 3277 3373 3374
f 3278 3375 3279
f 3278 3374 3375
f 3279 3376 3280
f 3279 3375 3376
f 3280 3377 3281
f 3280 3376 3377
f 3281 3378 3282
f 3281 3377 3378
f 3282 3379 3283
f 3282 3378 3379
f 3283 3380 3284
f 3283 3379 3380
f 3284 3381 3285
f 3284 3380 3381
f 3285 3382 3286
f 3285 3381 3382
f 3286 3383 3287
f 3286 3382 3383
f 3287 3384 3288
f 3287 3383 3384
f 3288 3385 3289
f 3288 3384 3385
f 3289 3386 3290
f 3289 3385 3386
f 3290 3387 3291
f 3290 3386 3387
f 3291 3388 3292
f 3291 3387 3388
f 3292 3389 3293
f 3292 3388 3389
f 3293 3390 3294
f 3293 3389 3390
f 3294 3391 3295
f 3294 3390 3391
f 3295 3392 3296
f 3295 3391 3392
f 3296 3393 3297
f 3296 3392 3393
f 3297 3394 3298
f 3297 3393 3394
f 3298 3395 3299
f 3298 3394 3395
f 3299 3396 3300
f 3299 3395 3396
f 3300 3397 3301
f 3300 3396 3397
f 3301 3398 3302
f 3301 3397 3398
f 3302 3399 3303
f 3302 3398 3399
f 3303 3400 3304
f 3303 3399 3400
f 3304 3401 3305
f 3304 3400 3401
f 3305 3402 3306
f 3305 3401 3402
f 3306 3403 3307
f 3306 3402 3403
f 3307 3404 3308
f 3307 3403 3404
f 3308 3405 3309
f 3308 3404 3405
f 3309 3406 3310
f 3309 3405 3406
f 3310 3407 3311
f 3310 3406 3407
f 3311 3408 3312
f 3311 3407 3408
f 3312 3409 3313
f 3312 3408 3409
f 3313 3410 3314
f 3313 3409 3410
f 3314 3411 3315
f 3314 3410 3411
f 3315 3412 3316
f 3315 3411 3412
f 3316 3413 3317
f 3316 3412 3413
f 3317 3414 3318
f 3317 3413 3414
f 3318 3415 3319
f 3318 3414 3415
f 3319 3416 3320
f 3319 3415 3416
f 3320 3417 3321
f 3320 3416 3417
f 3321 3418 3322
f 3321 3417 3418
f 3322 3419 3323
f 3322 3418 3419
f 3323 3420 3324
f 3323 3419 3420
f 3324 3421 3325
f 3324 3420 3421
f 3325 3422 3326
f 3325 3421 3422
f 3326 3423 3327
f 3326 3422 3423
f 3327 3424 3328
f 3327 3423 3424
f 3328 3425 3329
f 3328 3424 3425
f 3329 3426 3330
f 3329 3425 3426
f 3330 3427 3331
f 3330 3426 3427
f 3331 3428 3332
f 3331 3427 3428
f 3332 3429 3333
f 3332 3428 3429
f 3333 3430 3334
f 3333 3429 3430
f 3334 3431 3335
f 3334 3430 3431
f 3335 3432 3336
f 3335 3431 3432
f 3336 3433 3337
f 3336 3432 3433
f 3337 3434 3338
f 3337 3433 3434
f 3338 3435 3339
f 3338 3434 3435
f 3339 3436 3340
f 3339 3435 3436
f 3340 3437 3341
f 3340 3436 3437
f 3341 3438 3342
f 3341 3437 3438
f 3342 3439 3343
f 3342 3438 3439
f 3343 3440 3344
f 3343 3439 3440
f 3344 3441 3345
f 3344 3440 3441
f 3345 3442 3346
f 3345 3441 3442
f 3346 3443 3347
f 3346 3442 3443
f 3347 3444 3348
f 3347 3443 3444
f 3348 3445 3349
f 3348 3444 3445
f 3349 3446 3350
f 3349 3445 3446
f 3350 3447 3351
f 3350 3446 3447
f 3351 3448 3352
f 3351 3447 3448
f 3352 3449 3353
f 3352 3448 3449
f 3353 3450 3354
f 3353 3449 3450
f 3354 3451 3355
f 3354 3450 3451
f 3355 3452 3356
f 3355 3451 3452
f 3356 3453 3357
f 3356 3452 3453
f 3357 3454 3358
f 3357 3453 3454
f 3358 3455 3359
f 3358 3454 3455
f 3359 3456 3360
f 3359 3455 3456
f 3360 3457 3361
f 3360 3456 3457
f 3361 3362 3266
f 3361 3457 3362
f 3362 3459 3363
f 3362 3458 3459
f 3363 3460 3364
f 3363 3459 3460
f 3364 3461 3365
f 3364 3460 3461
f 3365 3462 3366
f 3365 3461 3462
f 3366 3463 3367
f 3366 3462 3463
f 3367 3464 3368
f 3367 3463 3464
f 3368 3465 3369
f 3368 3464 3465
f 3369 3466 3370
f 3369 3465 3466
f 3370 3467 3371
f 3370 3466 3467
f 3371 3468 3372
f 3371 3467 3468
f 3372 3469 3373
f 3372 3468 3469
f 3373 3470 3374
f 3373 3469 3470
f 3374 3471 3375
f 3374 3470 3471
f 3375 3472 3376
f 3375 3471 3472
f 3376 3473 3377
f 3376 3472 3473
f 3377 3474 3378
f 3377 3473 3474
f 3378 3475 3379
f 3378 3474 3475
f 3379 3476 3380
f 3379 3475 3476
f 3380 3477 3381
f 3380 3476 3477
f 3381 3478 3382
f 3381 3477 3478
f 3382 3479 3383
f 3382 3478 3479
f 3383 3480 3384
f 3383 3479 3480
f 3384 3481 3385
f 3384 3480 3481
f 3385 3482 3386
f 3385 3481 3482
f 3386 3483 3387
f 3386 3482 3483
f 3387 3484 3388
f 3387 3483 3484
f 3388 3485 3389
f 3388 3484 3485
f 3389 3486 3390
f 3389 3485 3486
f 3390 3487 3391
f 3390 3486 3487
f 3391 3488 3392
f 3391 3487 3488
f 3392 3489 3393
f 3392 3488 3489
f 3393 3490 3394
f 3393 3489 3490
f 3394 3491 3395
f 3394 3490 3491
f 3395 3492 3396
f 3395 3491 3492
f 3396 3493 3397
f 3396 3492 3493
f 3397 3494 3398
f 3397 3493 3494
f 3398 3495 3399
f 3398 3494 3495
f 3399 3496 3400
f 3399 3495 3496
f 3400 3497 3401
f 3400 3496 3497
f 3401 3498 3402
f 3401 3497 3498
f 3402 3499 3403
f 3402 3498 3499
f 3403 3500 3404
f 3403 3499 3500
f 3404 3501 3405
f 3404 3500 3501
f 3405 3502 3406
f 3405 3501 3502
f 3406 3503 3407
f 3406 3502 3503
f 3407 3504 3408
f 3407 3503 3504
f 3408 3505 3409
f 3408 3504 3505
f 3409 3506 3410
f 3409 3505 3506
f 3410 3507 3411
f 3410 3506 3507
f 3411 3508 3412
f 3411 3507 3508
f 3412 3509 3413
f 3412 3508 3509
f 3413 3510 3414
f 3413 3509 3510
f 3414 3511 3415
f 3414 3510 3511
f 3415 3512 3416
f 3415 3511 3512
f 3416 3513 3417
f 3416 3512 3513
f 3417 3514 3418
f 3417 3513 3514
f 3418 3515 3419
f 3418 3514 3515
f 3419 3516 3420
f 3419 3515 3516
f 3420 3517 3421
f 3420 3516 3517
f 3421 3518 3422
f 3421 3517 3518
f 3422 3519 3423
f 3422 3518 3519
f 3423 3520 3424
f 3423 3519 3520
f 3424 3521 3425
f 3424 3520 3521
f 3425 3522 3426
f 3425 3521 3522
f 3426 3523 3427
f 3426 3522 3523
f 3427 3524 3428
f 3427 3523 3524
f 3428 3525 3429
f 3428 3524 3525
f 3429 3526 3430
f 3429 3525 3526
f 3430 3527 3431
f 3430 3526 3527
f 3431 3528 3432
f 3431 3527 3528
f 3432 3529 3433
f 3432 3528 3529
f 3433 3530 3434
f 3433 3529 3530
f 3434 3531 3435
f 3434 3530 3531
f 3435 3532 3436
f 3435 3531 3532
f 3436 3533 3437
f 3436 3532 3533
f 3437 3534 3438
f 3437 3533 3534
f 3438 3535 3439
f 3438 3534 3535
f 3439 3536 3440
f 3439 3535 3536
f 3440 3537 3441
f 3440 3536 3537
f 3441 3538 3442
f 3441 3537 3538
f 3442 3539 3443
f 3442 3538 3539
f 3443 3540 3444
f 3443 3539 3540
f 3444 3541 3445
f 3444 3540 3541
f 3445 3542 3446
f 3445 3541 3542
f 3446 3543 3447
f 3446 3542 3543
f 3447 3544 3448
f 3447 3543 3544
f 3448 3545 3449
f 3448 3544 3545
f 3449 3546 3450
f 3449 3545 3546
f 3450 3547 3451
f 3450 3546 3547
f 3451 3548 3452
f 3451 3547 3548
f 3452 3549 3453
f 3452 3548 3549
f 3453 3550 3454
f 3453 3549 3550
f 3454 3551 3455
f 3454 3550 3551
f 3455 3552 3456
f 3455 3551 3552
f 3456 3553 3457
f 3456 3552 3553
f 3457 3458 3362
f 3457 3553 3458
f 3458 3555 3459
f 3458 3554 3555
f 3459 3556 3460
f 3459 3555 3556
f 3460 3557 3461
f 3460 3556 3557
f 3461 3558 3462
f 3461 3557 3558
f 3462 3559 3463
f 3462 3558 3559
f 3463 3560 3464
f 3463 3559 3560
f 3464 3561 3465
f 3464 3560 3561
f 3465 3562 3466
f 3465 3561 3562
f 3466 3563 3467
f 3466 3562 3563
f 3467 3564 3468
f 3467 3563 3564
f 3468 3565 3469
f 3468 3564 3565
f 3469 3566 3470
f 3469 3565 3566
f 3470 3567 3471
f 3470 3566 3567
f 3471 3568 3472
f 3471 3567 3568
f 3472 3569 3473
f 3472 3568 3569
f 3473 3570 3474
f 3473 3569 3570
f 3474 3571 3475
f 3474 3570 3571
f 3475 3572 3476
f 3475 3571 3572
f 3476 3573 3477
f 3476 3572 3573
f 3477 3574 3478
f 3477 3573 3574
f 3478 3575 3479
f 3478 3574 3575
f 3479 3576 3480
f 3479 3575 3576
f 3480 3577 3481
f 3480 3576 3577
f 3481 3578 3482
f 3481 3577 3578
f 3482 3579 3483
f 3482 3578 3579
f 3483 3580 3484
f 3483 3579 3580
f 3484 3581 3485
f 3484 3580 3581
f 3485 3582 3486
f 3485 3581 3582
f 3486 3583 3487
f 3486 3582 3583
f 3487 3584 3488
f 3487 3583 3584
f 3488 3585 3489
f 3488 3584 3585
f 3489 3586 3490
f 3489 3585 3586
f 3490 3587 3491
f 3490 3586 3587
f 3491 3588 3492
f 3491 3587 3588
f 3492 3589 3493
f 3492 3588 3589
f 3493 3590 3494
f 3493 3589 3590
f 3494 3591 3495
f 3494 3590 3591
f 3495 3592 3496
f 3495 3591 3592
f 3496 3593 3497
f 3496 3592 3593
f 3497 3594 3498
f 3497 3593 3594
f 3498 3595 3499
f 3498 3594 3595
f 3499 3596 3500
f 3499 3595 3596
f 3500 3597 3501
f 3500 3596 3597
f 3501 3598 3502
f 3501 3597 3598
f 3502 3599 3503
f 3502 3598 3599
f 3503 3600 3504
f 3503 3599 3600
f 3504 3601 3505
f 3504 3600 3601
f 3505 3602 3506
f 3505 3601 3602
f 3506 3603 3507
f 3506 3602 3603
f 3507 3604 3508
f 3507 3603 3604
f 3508 3605 3509
f 3508 3604 3605
f 3509 3606 3510
f 3509 3605 3606
f 3510 3607 3511
f 3510 3606 3607
f 3511 3608 3512
f 3511 3607 3608
f 3512 3609 3513
f 3512 3608 3609
f 3513 3610 3514
f 3513 3609 3610
f 3514 3611 3515
f 3514 3610 3611
f 3515 3612 3516
f 3515 3611 3612
f 3516 3613 3517
f 3516 3612 3613
f 3517 3614 3518
f 3517 3613 3614
f 3518 3615 3519
f 3518 3614 3615
f 3519 3616 3520
f 3519 3615 3616
f 3520 3617 3521
f 3520 3616 3617
f 3521 3618 3522
f 3521 3617 3618
f 3522 3619 3523
f 3522 3618 3619
f 3523 3620 3524
f 3523 3619 3620
f 3524 3621 3525
f 3524 3620 3621
f 3525 3622 3526
f 3525 3621 3622
f 3526 3623 3527
f 3526 3622 3623
f 3527 3624 3528
f 3527 3623 3624
f 3528 3625 3529
f 3528 3624 3625
f 3529 3626 3530
f 3529 3625 3626
f 3530 3627 3531
f 3530 3626 3627
f 3531 3628 3532
f 3531 3627 3628
f 3532 3629 3533
f 3532 3628 3629
f 3533 3630 3534
f 3533 3629 3630
f 3534 3631 3535
f 3534 3630 3631
f 3535 3632 3536
f 3535 3631 3632
f 3536 3633 3537
f 3536 3632 3633
f 3537 3634 3538
f 3537 3633 3634
f 3538 3635 3539
f 3538 3634 3635
f 3539 3636 3540
f 3539 3635 3636
f 3540 3637 3541
f 3540 3636 3637
f 3541 3638 3542
f 3541 3637 3638
f 3542 3639 3543
f 3542 3638 3639
f 3543 3640 3544
f 3543 3639 3640
f 3544 3641 3545
f 3544 3640 3641
f 3545 3642 3546
f 3545 3641 3642
f 3546 3643 3547
f 3546 3642 3643
f 3547 3644 3548
f 3547 3643 3644
f 3548 3645 3549
f 3548 3644 3645
f 3549 3646 3550
f 3549 3645 3646
f 3550 3647 3551
f 3550 3646 3647
f 3551 3648 3552
f 3551 3647 3648
f 3552 3649 3553
f 3552 3648 3649
f 3553 3554 3458
f 3553 3649 3554
f 3554 3651 3555
f 3554 3650 3651
f 3555 3652 3556
f 3555 3651 3652
f 3556 3653 3557
f 3556 3652 3653
f 3557 3654 3558
f 3557 3653 3654
f 3558 3655 3559
f 3558 3654 3655
f 3559 3656 3560
f 3559 3655 3656
f 3560 3657 3561
f 3560 3656 3657
f 3561 3658 3562
f 3561 3657 3658
f 3562 3659 3563
f 3562 3658 3659
f 3563 3660 3564
f 3563 3659 3660
f 3564 3661 3565
f 3564 3660 3661
f 3565 3662 3566
f 3565 3661 3662
f 3566 3663 3567
f 3566 3662 3663
f 3567 3664 3568
f 3567 3663 3664
f 3568 3665 3569
f 3568 3664 3665
f 3569 3666 3570
f 3569 3665 3666
f 3570 3667 3571
f 3570 3666 3667
f 3571 3668 3572
f 3571 3667 3668
f 3572 3669 3573
f 3572 3668 3669
f 3573 3670 3574
f 3573 3669 3670
f 3574 3671 3575
f 3574 3670 3671
f 3575 3672 3576
f 3575 3671 3672
f 3576 3673 3577
f 3576 3672 3673
f 3577 3674 3578
f 3577 3673 3674
f 3578 3675 3579
f 3578 3674 3675
f 3579 3676 3580
f 3579 3675 3676
f 3580 3677 3581
f 3580 3676 3677
f 3581 3678 3582
f 3581 3677 3678
f 3582 3679 3583
f 3582 3678 3679
f 3583 3680 3584
f 3583 3679 3680
f 3584 3681 3585
f 3584 3680 3681
f 3585 3682 3586
f 3585 3681 3682
f 3586 3683 3587
f 3586 3682 3683
f 3587 3684 3588
f 3587 3683 3684
f 3588 3685 3589
f 3588 3684 3685
f 3589 3686 3590
f 3589 3685 3686
f 3590 3687 3591
f 3590 3686 3687
f 3591 3688 3592
f 3591 3687 3688
f 3592 3689 3593
f 3592 3688 3689
f 3593 3690 3594
f 3593 3689 3690
f 3594 3691 3595
f 3594 3690 3691
f 3595 3692 3596
f 3595 3691 3692
f 3596 3693 3597
f 3596 3692 3693
f 3597 3694 3598
f 3597 3693 3694
f 3598 3695 3599
f 3598 3694 3695
f 3599 3696 3600
f 3599 3695 3696
f 3600 3697 3601
f 3600 3696 3697
f 3601 3698 3602
f 3601 3697 3698
f 3602 3699 3603
f 3602 3698 3699
f 3603 3700 3604
f 3603 3699 3700
f 3604 3701 3605
f 3604 3700 3701
f 3605 3702 3606
f 3605 3701 3702
f 3606 3703 3607
f 3606 3702 3703
f 3607 3704 3608
f 3607 3703 3704
f 3608 3705 3609
f 3608 3704 3705
f 3609 3706 3610
f 3609 3705 3706
f 3610 3707 3611
f 3610 3706 3707
f 3611 3708 3612
f 3611 3707 3708
f 3612 3709 3613
f 3612 3708 3709
f 3613 3710 3614
f 3613 3709 3710
f 3614 3711 3615
f 3614 3710 3711
f 3615 3712 3616
f 3615 3711 3712
f 3616 3713 3617
f 3616 3712 3713
f 3617 3714 3618
f 3617 3713 3714
f 3618 3715 3619
f 3618 3714 3715
f 3619 3716 3620
f 3619 3715 3716
f 3620 3717 3621
f 3620 3716 3717
f 3621 3718 3622
f 3621 3717 3718
f 3622 3719 3623
f 3622 3718 3719
f 3623 3720 3624
f 3623 3719 3720
f 3624 3721 3625
f 3624 3720 3721
f 3625 3722 3626
f 3625 3721 3722
f 3626 3723 3627
f 3626 3722 3723
f 3627 3724 3628
f 3627 3723 3724
f 3628 3725 3629
f 3628 3724 3725
f 3629 3726 3630
f 3629 3725 3726
f 3630 3727 3631
f 3630 3726 3727
f 3631 3728 3632
f 3631 3727 3728
f 3632 3729 3633
f 3632 3728 3729
f 3633 3730 3634
f 3633 3729 3730
f 3634 3731 3635
f 3634 3730 3731
f 3635 3732 3636
f 3635 3731 3732
f 3636 3733 3637
f 3636 3732 3733
f 3637 3734 3638
f 3637 3733 3734
f 3638 3735 3639
f 3638 3734 3735
f 3639 3736 3640
f 3639 3735 3736
f 3640 3737 3641
f 3640 3736 3737
f 3641 3738 3642
f 3641 3737 3738
f 3642 3739 3643
f 3642 3738 3739
f 3643 3740 3644
f 3643 3739 3740
f 3644 3741 3645
f 3644 3740 3741
f 3645 3742 3646
f 3645 3741 3742
f 3646 3743 3647
f 3646 3742 3743
f 3647 3744 3648
f 3647 3743 3744
f 3648 3745 3649
f 3648 3744 3745
f 3649 3650 3554
f 3649 3745 3650
f 3650 3747 3651
f 3650 3746 3747
f 3651 3748 3652
f 3651 3747 3748
f 3652 3749 3653
f 3652 3748 3749
f 3653 3750 3654
f 3653 3749 3750
f 3654 3751 3655
f 3654 3750 3751
f 3655 3752 3656
f 3655 3751 3752
f 3656 3753 3657
f 3656 3752 3753
f 3657 3754 3658
f 3657 3753 3754
f 3658 3755 3659
f 3658 3754 3755
f 3659 3756 3660
f 3659 3755 3756
f 3660 3757 3661
f 3660 3756 3757
f 3661 3758 3662
f 3661 3757 3758
f 3662 3759 3663
f 3662 3758 3759
f 3663 3760 3664
f 3663 3759 3760
f 3664 3761 3665
f 3664 3760 3761
f 3665 3762 3666
f 3665 3761 3762
f 3666 3763 3667
f 3666 3762 3763
f 3667 3764 3668
f 3667 3763 3764
f 3668 3765 3669
f 3668 3764 3765
f 3669 3766 3670
f 3669 3765 3766
f 3670 3767 3671
f 3670 3766 3767
f 3671 3768 3672
f 3671 3767 3768
f 3672 3769 3673
f 3672 3768 3769
f 3673 3770 3674
f 3673 3769 3770
f 3674 3771 3675
f 3674 3770 3771
f 3675 3772 3676
f 3675 3771 3772
f 3676 3773 3677
f 3676 3772 3773
f 3677 3774 3678
f 3677 3773 3774
f 3678 3775 3679
f 3678 3774 3775
f 3679 3776 3680
f 3679 3775 3776
f 3680 3777 3681
f 3680 3776 3777
f 3681 3778 3682
f 3681 3777 3778
f 3682 3779 3683
f 3682 3778 3779
f 3683 3780 3684
f 3683 3779 3780
f 3684 3781 3685
f 3684 3780 3781
f 3685 3782 3686
f 3685 3781 3782
f 3686 3783 3687
f 3686 3782 3783
f 3687 3784 3688
f 3687 3783 3784
f 3688 3785 3689
f 3688 3784 3785
f 3689 3786 3690
f 3689 3785 3786
f 3690 3787 3691
f 3690 3786 3787
f 3691 3788 3692
f 3691 3787 3788
f 3692 3789 3693
f 3692 3788 3789
f 3693 3790 3694
f 3693 3789 3790
f 3694 3791 3695
f 3694 3790 3791
f 3695 3792 3696
f 3695 3791 3792
f 3696 3793 3697
f 3696 3792 3793
f 3697 3794 3698
f 3697 3793 3794
f 3698 3795 3699
f 3698 3794 3795
f 3699 3796 3700
f 3699 3795 3796
f 3700 3797 3701
f 3700 3796 3797
f 3701 3798 3702
f 3701 3797 3798
f 3702 3799 3703
f 3702 3798 3799
f 3703 3800 3704
f 3703 3799 3800
f 3704 3801 3705
f 3704 3800 3801
f 3705 3802 3706
f 3705 3801 3802
f 3706 3803 3707
f 3706 3802 3803
f 3707 3804 3708
f 3707 3803 3804
f 3708 3805 3709
f 3708 3804 3805
f 3709 3806 3710
f 3709 3805 3806
f 3710 3807 3711
f 3710 3806 3807
f 3711 3808 3712
f 3711 3807 3808
f 3712 3809 3713
f 3712 3808 3809
f 3713 3810 3714
f 3713 3809 3810
f 3714 3811 3715
f 3714 3810 3811
f 3715 3812 3716
f 3715 3811 3812
f 3716 3813 3717
f 3716 3812 3813
f 3717 3814 3718
f 3717 3813 3814
f 3718 3815 3719
f 3718 3814 3815
f 3719 3816 3720
f 3719 3815 3816
f 3720 3817 3721
f 3720 3816 3817
f 3721 3818 3722
f 3721 3817 3818
f 3722 3819 3723
f 3722 3818 3819
f 3723 3820 3724
f 3723 3819 3820
f 3724 3821 3725
f 3724 3820 3821
f 3725 3822 3726
f 3725 3821 3822
f 3726 3823 3727
f 3726 3822 3823
f 3727 3824 3728
f 3727 3823 3824
f 3728 3825 3729
f 3728 3824 3825
f 3729 3826 3730
f 3729 3825 3826
f 3730 3827 3731
f 3730 3826 3827
f 3731 3828 3732
f 3731 3827 3828
f 3732 3829 3733
f 3732 3828 3829
f 3733 3830 3734
f 3733 3829 3830
f 3734 3831 3735
f 3734 3830 3831
f 3735 3832 3736
f 3735 3831 3832
f 3736 3833 3737
f 3736 3832 3833
f 3737 3834 3738
f 3737 3833 3834
f 3738 3835 3739
f 3738 3834 3835
f 3739 3836 3740
f 3739 3835 3836
f 3740 3837 3741
f 3740 3836 3837
f 3741 3838 3742
f 3741 3837 3838
f 3742 3839 3743
f 3742 3838 3839
f 3743 3840 3744
f 3743 3839 3840
f 3744 3841 3745
f 3744 3840 3841
f 3745 3746 3650
f 3745 3841 3746
f 3746 3843 3747
f 3746 3842 3843
f 3747 3844 3748
f 3747 3843 3844
f 3748 3845 3749
f 3748 3844 3845
f 3749 3846 3750
f 3749 3845 3846
f 3750 3847 3751
f 3750 3846 3847
f 3751 3848 3752
f 3751 3847 3848
f 3752 3849 3753
f 3752 3848 3849
f 3753 3850 3754
f 3753 3849 3850
f 3754 3851 3755
f 3754 3850 3851
f 3755 3852 3756
f 3755 3851 3852
f 3756 3853 3757
f 3756 3852 3853
f 3757 3854 3758
f 3757 3853 3854
f 3758 3855 3759
f 3758 3854 3855
f 3759 3856 3760
f 3759 3855 3856
f 3760 3857 3761
f 3760 3856 3857
f 3761 3858 3762
f 3761 3857 3858
f 3762 3859 3763
f 3762 3858 3859
f 3763 3860 3764
f 3763 3859 3860
f 3764 3861 3765
f 3764 3860 3861
f 3765 3862 3766
f 3765 3861 3862
f 3766 3863 3767
f 3766 3862 3863
f 3767 3864 3768
f 3767 3863 3864
f 3768 3865 3769
f 3768 3864 3865
f 3769 3866 3770
f 3769 3865 3866
f 3770 3867 3771
f 3770 3866 3867
f 3771 3868 3772
f 3771 3867 3868
f 3772 3869 3773
f 3772 3868 3869
f 3773 3870 3774
f 3773 3869 3870
f 3774 3871 3775
f 3774 3870 3871
f 3775 3872 3776
f 3775 3871 3872
f 3776 3873 3777
f 3776 3872 3873
f 3777 3874 3778
f 3777 3873 3874
f 3778 3875 3779
f 3778 3874 3875
f 3779 3876 3780
f 3779 3875 3876
f 3780 3877 3781
f 3780 3876 3877
f 3781 3878 3782
f 3781 3877 3878
f 3782 3879 3783
f 3782 3878 3879
f 3783 3880 3784
f 3783 3879 3880
f 3784 3881 3785
f 3784 3880 3881
f 3785 3882 3786
f 3785 3881 3882
f 3786 3883 3787
f 3786 3882 3883
f 3787 3884 3788
f 3787 3883 3884
f 3788 3885 3789
f 3788 3884 3885
f 3789 3886 3790
f 3789 3885 3886
f 3790 3887 3791
f 3790 3886 3887
f 3791 3888 3792
f 3791 3887 3888
f 3792 3889 3793
f 3792 3888 3889
f 3793 3890 3794
f 3793 3889 3890
f 3794 3891 3795
f 3794 3890 3891
f 3795 3892 3796
f 3795 3891 3892
f 3796 3893 3797
f 3796 3892 3893
f 3797 3894 3798
f 3797 3893 3894
f 3798 3895 3799
f 3798 3894 3895
f 3799 3896 3800
f 3799 3895 3896
f 3800 3897 3801
f 3800 3896 3897
f 3801 3898 3802
f 3801 3897 3898
f 3802 3899 3803
f 3802 3898 3899
f 3803 3900 3804
f 3803 3899 3900
f 3804 3901 3805
f 3804 3900 3901
f 3805 3902 3806
f 3805 3901 3902
f 3806 3903 3807
f 3806 3902 3903
f 3807 3904 3808
f 3807 3903 3904
f 3808 3905 3809
f 3808 3904 3905
f 3809 3906 3810
f 3809 3905 3906
f 3810 3907 3811
f 3810 3906 3907
f 3811 3908 3812
f 3811 3907 3908
f 3812 3909 3813
f 3812 3908 3909
f 3813 3910 3814
f 3813 3909 3910
f 3814 3911 3815
f 3814 3910 3911
f 3815 3912 3816
f 3815 3911 3912
f 3816 3913 3817
f 3816 3912 3913
f 3817 3914 3818
f 3817 3913 3914
f 3818 3915 3819
f 3818 3914 3915
f 3819 3916 3820
f 3819 3915 3916
f 3820 3917 3821
f 3820 3916 3917
f 3821 3918 3822
f 3821 3917 3918
f 3822 3919 3823
f 3822 3918 3919
f 3823 3920 3824
f 3823 3919 3920
f 3824 3921 3825
f 3824 3920 3921
f 3825 3922 3826
f 3825 3921 3922
f 3826 3923 3827
f 3826 3922 3923
f 3827 3924 3828
f 3827 3923 3924
f 3828 3925 3829
f 3828 3924 3925
f 3829 3926 3830
f 3829 3925 3926
f 3830 3927 3831
f 3830 3926 3927
f 3831 3928 3832
f 3831 3927 3928
f 3832 3929 3833
f 3832 3928 3929
f 3833 3930 3834
f 3833 3929 3930
f 3834 3931 3835
f 3834 3930 3931
f 3835 3932 3836
f 3835 3931 3932
f 3836 3933 3837
f 3836 3932 3933
f 3837 3934 3838
f 3837 3933 3934
f 3838 3935 3839
f 3838 3934 3935
f 3839 3936 3840
f 3839 3935 3936
f 3840 3937 3841
f 3840 3936 3937
f 3841 3842 3746
f 3841 3937 3842
f 3842 3939 3843
f 3842 3938 3939
f 3843 3940 3844
f 3843 3939 3940
f 3844 3941 3845
f 3844 3940 3941
f 3845 3942 3846
f 3845 3941 3942
f 3846 3943 3847
f 3846 3942 3943
f 3847 3944 3848
f 3847 3943 3944
f 3848 3945 3849
f 3848 3944 3945
f 3849 3946 3850
f 3849 3945 3946
f 3850 3947 3851
f 3850 3946 3947
f 3851 3948 3852
f 3851 3947 3948
f 3852 3949 3853
f 3852 3948 3949
f 3853 3950 3854
f 3853 3949 3950
f 3854 3951 3855
f 3854 3950 3951
f 3855 3952 3856
f 3855 3951 3952
f 3856 3953 3857
f 3856 3952 3953
f 3857 3954 3858
f 3857 3953 3954
f 3858 3955 3859
f 3858 3954 3955
f 3859 3956 3860
f 3859 3955 3956
f 3860 3957 3861
f 3860 3956 3957
f 3861 3958 3862
f 3861 3957 3958
f 3862 3959 3863
f 3862 3958 3959
f 3863 3960 3864
f 3863 3959 3960
f 3864 3961 3865
f 3864 3960 3961
f 3865 3962 3866
f 3865 3961 3962
f 3866 3963 3867
f 3866 3962 3963
f 3867 3964 3868
f 3867 3963 3964
f 3868 3965 3869
f 3868 3964 3965
f 3869 3966 3870
f 3869 3965 3966
f 3870 3967 3871
f 3870 3966 3967
f 3871 3968 3872
f 3871 3967 3968
f 3872 3969 3873
f 3872 3968 3969
f 3873 3970 3874
f 3873 3969 3970
f 3874 3971 3875
f 3874 3970 3971
f 3875 3972 3876
f 3875 3971 3972
f 3876 3973 3877
f 3876 3972 3973
f 3877 3974 3878
f 3877 3973 3974
f 3878 3975 3879
f 3878 3974 3975
f 3879 3976 3880
f 3879 3975 3976
f 3880 3977 3881
f 3880 3976 3977
f 3881 3978 3882
f 3881 3977 3978
f 3882 3979 3883
f 3882 3978 3979
f 3883 3980 3884
f 3883 3979 3980
f 3884 3981 3885
f 3884 3980 3981
f 3885 3982 3886
f 3885 3981 3982
f 3886 3983 3887
f 3886 3982 3983
f 3887 3984 3888
f 3887 3983 3984
f 3888 3985 3889
f 3888 3984 3985
f 3889 3986 3890
f 3889 3985 3986
f 3890 3987 3891
f 3890 3986 3987
f 3891 3988 3892
f 3891 3987 3988
f 3892 3989 3893
f 3892 3988 3989
f 3893 3990 3894
f 3893 3989 3990
f 3894 3991 3895
f 3894 3990 3991
f 3895 3992 3896
f 3895 3991 3992
f 3896 3993 3897
f 3896 3992 3993
f 3897 3994 3898
f 3897 3993 3994
f 3898 3995 3899
f 3898 3994 3995
f 3899 3996 3900
f 3899 3995 3996
f 3900 3997 3901
f 3900 3996 3997
f 3901 3998 3902
f 3901 3997 3998
f 3902 3999 3903
f 3902 3998 3999
f 3903 4000 3904
f 3903 3999 4000
f 3904 4001 3905
f 3904 4000 4001
f 3905 4002 3906
f 3905 4001 4002
f 3906 4003 3907
f 3906 4002 4003
f 3907 4004 3908
f 3907 4003 4004
f 3908 4005 3909
f 3908 4004 4005
f 3909 4006 3910
f 3909 4005 4006
f 3910 4007 3911
f 3910 4006 4007
f 3911 4008 3912
f 3911 4007 4008
f 3912 4009 3913
f 3912 4008 4009
f 3913 4010 3914
f 3913 4009 4010
f 3914 4011 3915
f 3914 4010 4011
f 3915 4012 3916
f 3915 4011 4012
f 3916 4013 3917
f 3916 4012 4013
f 3917 4014 3918
f 3917 4013 4014
f 3918 4015 3919
f 3918 4014 4015
f 3919 4016 3920
f 3919 4015 4016
f 3920 4017 3921
f 3920 4016 4017
f 3921 4018 3922
f 3921 4017 4018
f 3922 4019 3923
f 3922 4018 4019
f 3923 4020 3924
f 3923 4019 4020
f 3924 4021 3925
f 3924 4020 4021
f 3925 4022 3926
f 3925 4021 4022
f 3926 4023 3927
f 3926 4022 4023
f 3927 4024 3928
f 3927 4023 4024
f 3928 4025 3929
f 3928 4024 4025
f 3929 4026 3930
f 3929 4025 4026
f 3930 4027 3931
f 3930 4026 4027
f 3931 4028 3932
f 3931 4027 4028
f 3932 4029 3933
f 3932 4028 4029
f 3933 4030 3934
f 3933 4029 4030
f 3934 4031 3935
f 3934 4030 4031
f 3935 4032 3936
f 3935 4031 4032
f 3936 4033 3937
f 3936 4032 4033
f 3937 3938 3842
f 3937 4033 3938
f 3938 4035 3939
f 3938 4034 4035
f 3939 4036 3940
f 3939 4035 4036
f 3940 4037 3941
f 3940 4036 4037
f 3941 4038 3942
f 3941 4037 4038
f 3942 4039 3943
f 3942 4038 4039
f 3943 4040 3944
f 3943 4039 4040
f 3944 4041 3945
f 3944 4040 4041
f 3945 4042 3946
f 3945 4041 4042
f 3946 4043 3947
f 3946 4042 4043
f 3947 4044 3948
f 3947 4043 4044
f 3948 4045 3949
f 3948 4044 4045
f 3949 4046 3950
f 3949 4045 4046
f 3950 4047 3951
f 3950 4046 4047
f 3951 4048 3952
f 3951 4047 4048
f 3952 4049 3953
f 3952 4048 4049
f 3953 4050 3954
f 3953 4049 4050
f 3954 4051 3955
f 3954 4050 4051
f 3955 4052 3956
f 3955 4051 4052
f 3956 4053 3957
f 3956 4052 4053
f 3957 4054 3958
f 3957 4053 4054
f 3958 4055 3959
f 3958 4054 4055
f 3959 4056 3960
f 3959 4055 4056
f 3960 4057 3961
f 3960 4056 4057
f 3961 4058 3962
f 3961 4057 4058
f 3962 4059 3963
f 3962 4058 4059
f 3963 4060 3964
f 3963 4059 4060
f 3964 4061 3965
f 3964 4060 4061
f 3965 4062 3966
f 3965 4061 4062
f 3966 4063 3967
f 3966 4062 4063
f 3967 4064 3968
f 3967 4063 4064
f 3968 4065 3969
f 3968 4064 4065
f 3969 4066 3970
f 3969 4065 4066
f 3970 4067 3971
f 3970 4066 4067
f 3971 4068 3972
f 3971 4067 4068
f 3972 4069 3973
f 3972 4068 4069
f 3973 4070 3974
f 3973 4069 4070
f 3974 4071 3975
f 3974 4070 4071
f 3975 4072 3976
f 3975 4071 4072
f 3976 4073 3977
f 3976 4072 4073
f 3977 4074 3978
f 3977 4073 4074
f 3978 4075 3979
f 3978 4074 4075
f 3979 4076 3980
f 3979 4075 4076
f 3980 4077 3981
f 3980 4076 4077
f 3981 4078 3982
f 3981 4077 4078
f 3982 4079 3983
f 3982 4078 4079
f 3983 4080 3984
f 3983 4079 4080
f 3984 4081 3985
f 3984 4080 4081
f 3985 4082 3986
f 3985 4081 4082
f 3986 4083 3987
f 3986 4082 4083
f 3987 4084 3988
f 3987 4083 4084
f 3988 4085 3989
f 3988 4084 4085
f 3989 4086 3990
f 3989 4085 4086
f 3990 4087 3991
f 3990 4086 4087
f 3991 4088 3992
f 3991 4087 4088
f 3992 4089 3993
f 3992 4088 4089
f 3993 4090 3994
f 3993 4089 4090
f 3994 4091 3995
f 3994 4090 4091
f 3995 4092 3996
f 3995 4091 4092
f 3996 4093 3997
f 3996 4092 4093
f 3997 4094 3998
f 3997 4093 4094
f 3998 4095 3999
f 3998 4094 4095
f 3999 4096 4000
f 3999 4095 4096
f 4000 4097 4001
f 4000 4096 4097
f 4001 4098 4002
f 4001 4097 4098
f 4002 4099 4003
f 4002 4098 4099
f 4003 4100 4004
f 4003 4099 4100
f 4004 4101 4005
f 4004 4100 4101
f 4005 4102 4006
f 4005 4101 4102
f 4006 4103 4007
f 4006 4102 4103
f 4007 4104 4008
f 4007 4103 4104
f 4008 4105 4009
f 4008 4104 4105
f 4009 4106 4010
f 4009 4105 4106
f 4010 4107 4011
f 4010 4106 4107
f 4011 4108 4012
f 4011 4107 4108
f 4012 4109 4013
f 4012 4108 4109
f 4013 4110 4014
f 4013 4109 4110
f 4014 4111 4015
f 4014 4110 4111
f 4015 4112 4016
f 4015 4111 4112
f 4016 4113 4017
f 4016 4112 4113
f 4017 4114 4018
f 4017 4113 4114
f 4018 4115 4019
f 4018 4114 4115
f 4019 4116 4020
f 4019 4115 4116
f 4020 4117 4021
f 4020 4116 4117
f 4021 4118 4022
f 4021 4117 4118
f 4022 4119 4023
f 4022 4118 4119
f 4023 4120 4024
f 4023 4119 4120
f 4024 4121 4025
f 4024 4120 4121
f 4025 4122 4026
f 4025 4121 4122
f 4026 4123 4027
f 4026 4122 4123
f 4027 4124 4028
f 4027 4123 4124
f 4028 4125 4029
f 4028 4124 4125
f 4029 4126 4030
f 4029 4125 4126
f 4030 4127 4031
f 4030 4126 4127
f 4031 4128 4032
f 4031 4127 4128
f 4032 4129 4033
f 4032 4128 4129
f 4033 4034 3938
f 4033 4129 4034
f 4034 4131 4035
f 4034 4130 4131
f 4035 4132 4036
f 4035 4131 4132
f 4036 4133 4037
f 4036 4132 4133
f 4037 4134 4038
f 4037 4133 4134
f 4038 4135 4039
f 4038 4134 4135
f 4039 4136 4040
f 4039 4135 4136
f 4040 4137 4041
f 4040 4136 4137
f 4041 4138 4042
f 4041 4137 4138
f 4042 4139 4043
f 4042 4138 4139
f 4043 4140 4044
f 4043 4139 4140
f 4044 4141 4045
f 4044 4140 4141
f 4045 4142 4046
f 4045 4141 4142
f 4046 4143 4047
f 4046 4142 4143
f 4047 4144 4048
f 4047 4143 4144
f 4048 4145 4049
f 4048 4144 4145
f 4049 4146 4050
f 4049 4145 4146
f 4050 4147 4051
f 4050 4146 4147
f 4051 4148 4052
f 4051 4147 4148
f 4052 4149 4053
f 4052 4148 4149
f 4053 4150 4054
f 4053 4149 4150
f 4054 4151 4055
f 4054 4150 4151
f 4055 4152 4056
f 4055 4151 4152
f 4056 4153 4057
f 4056 4152 4153
f 4057 4154 4058
f 4057 4153 4154
f 4058 4155 4059
f 4058 4154 4155
f 4059 4156 4060
f 4059 4155 4156
f 4060 4157 4061
f 4060 4156 4157
f 4061 4158 4062
f 4061 4157 4158
f 4062 4159 4063
f 4062 4158 4159
f 4063 4160 4064
f 4063 4159 4160
f 4064 4161 4065
f 4064 4160 4161
f 4065 4162 4066
f 4065 4161 4162
f 4066 4163 4067
f 4066 4162 4163
f 4067 4164 4068
f 4067 4163 4164
f 4068 4165 4069
f 4068 4164 4165
f 4069 4166 4070
f 4069 4165 4166
f 4070 4167 4071
f 4070 4166 4167
f 4071 4168 4072
f 4071 4167 4168
f 4072 4169 4073
f 4072 4168 4169
f 4073 4170 4074
f 4073 4169 4170
f 4074 4171 4075
f 4074 4170 4171
f 4075 4172 4076
f 4075 4171 4172
f 4076 4173 4077
f 4076 4172 4173
f 4077 4174 4078
f 4077 4173 4174
f 4078 4175 4079
f 4078 4174 4175
f 4079 4176 4080
f 4079 4175 4176
f 4080 4177 4081
f 4080 4176 4177
f 4081 4178 4082
f 4081 4177 4178
f 4082 4179 4083
f 4082 4178 4179
f 4083 4180 4084
f 4083 4179 4180
f 4084 4181 4085
f 4084 4180 4181
f 4085 4182 4086
f 4085 4181 4182
f 4086 4183 4087
f 4086 4182 4183
f 4087 4184 4088
f 4087 4183 4184
f 4088 4185 4089
f 4088 4184 4185
f 4089 4186 4090
f 4089 4185 4186
f 4090 4187 4091
f 4090 4186 4187
f 4091 4188 4092
f 4091 4187 4188
f 4092 4189 4093
f 4092 4188 4189
f 4093 4190 4094
f 4093 4189 4190
f 4094 4191 4095
f 4094 4190 4191
f 4095 4192 4096
f 4095 4191 4192
f 4096 4193 4097
f 4096 4192 4193
f 4097 4194 4098
f 4097 4193 4194
f 4098 4195 4099
f 4098 4194 4195
f 4099 4196 4100
f 4099 4195 4196
f 4100 4197 4101
f 4100 4196 4197
f 4101 4198 4102
f 4101 4197 4198
f 4102 4199 4103
f 4102 4198 4199
f 4103 4200 4104
f 4103 4199 4200
f 4104 4201 4105
f 4104 4200 4201
f 4105 4202 4106
f 4105 4201 4202
f 4106 4203 4107
f 4106 4202 4203
f 4107 4204 4108
f 4107 4203 4204
f 4108 4205 4109
f 4108 4204 4205
f 4109 4206 4110
f 4109 4205 4206
f 4110 4207 4111
f 4110 4206 4207
f 4111 4208 4112
f 4111 4207 4208
f 4112 4209 4113
f 4112 4208 4209
f 4113 4210 4114
f 4113 4209 4210
f 4114 4211 4115
f 4114 4210 4211
f 4115 4212 4116
f 4115 4211 4212
f 4116 4213 4117
f 4116 4212 4213
f 4117 4214 4118
f 4117 4213 4214
f 4118 4215 4119
f 4118 4214 4215
f 4119 4216 4120
f 4119 4215 4216
f 4120 4217 4121
f 4120 4216 4217
f 4121 4218 4122
f 4121 4217 4218
f 4122 4219 4123
f 4122 4218 4219
f 4123 4220 4124
f 4123 4219 4220
f 4124 4221 4125
f 4124 4220 4221
f 4125 4222 4126
f 4125 4221 4222
f 4126 4223 4127
f 4126 4222 4223
f 4127 4224 4128
f 4127 4223 4224
f 4128 4225 4129
f 4128 4224 4225
f 4129 4130 4034
f 4129 4225 4130
f 4130 4227 4131
f 4130 4226 4227
f 4131 4228 4132
f 4131 4227 4228
f 4132 4229 4133
f 4132 4228 4229
f 4133 4230 4134
f 4133 4229 4230
f 4134 4231 4135
f 4134 4230 4231
f 4135 4232 4136
f 4135 4231 4232
f 4136 4233 4137
f 4136 4232 4233
f 4137 4234 4138
f 4137 4233 4234
f 4138 4235 4139
f 4138 4234 4235
f 4139 4236 4140
f 4139 4235 4236
f 4140 4237 4141
f 4140 4236 4237
f 4141 4238 4142
f 4141 4237 4238
f 4142 4239 4143
f 4142 4238 4239
f 4143 4240 4144
f 4143 4239 4240
f 4144 4241 4145
f 4144 4240 4241
f 4145 4242 4146
f 4145 4241 4242
f 4146 4243 4147
f 4146 4242 4243
f 4147 4244 4148
f 4147 4243 4244
f 4148 4245 4149
f 4148 4244 4245
f 4149 4246 4150
f 4149 4245 4246
f 4150 4247 4151
f 4150 4246 4247
f 4151 4248 4152
f 4151 4247 4248
f 4152 4249 4153
f 4152 4248 4249
f 4153 4250 4154
f 4153 4249 4250
f 4154 4251 4155
f 4154 4250 4251
f 4155 4252 4156
f 4155 4251 4252
f 4156 4253 4157
f 4156 4252 4253
f 4157 4254 4158
f 4157 4253 4254
f 4158 4255 4159
f 4158 4254 4255
f 4159 4256 4160
f 4159 4255 4256
f 4160 4257 4161
f 4160 4256 4257
f 4161 4258 4162
f 4161 4257 4258
f 4162 4259 4163
f 4162 4258 4259
f 4163 4260 4164
f 4163 4259 4260
f 4164 4261 4165
f 4164 4260 4261
f 4165 4262 4166
f 4165 4261 4262
f 4166 4263 4167
f 4166 4262 4263
f 4167 4264 4168
f 4167 4263 4264
f 4168 4265 4169
f 4168 4264 4265
f 4169 4266 4170
f 4169 4265 4266
f 4170 4267 4171
f 4170 4266 4267
f 4171 4268 4172
f 4171 4267 4268
f 4172 4269 4173
f 4172 4268 4269
f 4173 4270 4174
f 4173 4269 4270
f 4174 4271 4175
f 4174 4270 4271
f 4175 4272 4176
f 4175 4271 4272
f 4176 4273 4177
f 4176 4272 4273
f 4177 4274 4178
f 4177 4273 4274
f 4178 4275 4179
f 4178 4274 4275
f 4179 4276 4180
f 4179 4275 4276
f 4180 4277 4181
f 4180 4276 4277
f 4181 4278 4182
f 4181 4277 4278
f 4182 4279 4183
f 4182 4278 4279
f 4183 4280 4184
f 4183 4279 4280
f 4184 4281 4185
f 4184 4280 4281
f 4185 4282 4186
f 4185 4281 4282
f 4186 4283 4187
f 4186 4282 4283
f 4187 4284 4188
f 4187 4283 4284
f 4188 4285 4189
f 4188 4284 4285
f 4189 4286 4190
f 4189 4285 4286
f 4190 4287 4191
f 4190 4286 4287
f 4191 4288 4192
f 4191 4287 4288
f 4192 4289 4193
f 4192 4288 4289
f 4193 4290 4194
f 4193 4289 4290
f 4194 4291 4195
f 4194 4290 4291
f 4195 4292 4196
f 4195 4291 4292
f 4196 4293 4197
f 4196 4292 4293
f 4197 4294 4198
f 4197 4293 4294
f 4198 4295 4199
f 4198 4294 4295
f 4199 4296 4200
f 4199 4295 4296
f 4200 4297 4201
f 4200 4296 4297
f 4201 4298 4202
f 4201 4297 4298
f 4202 4299 4203
f 4202 4298 4299
f 4203 4300 4204
f 4203 4299 4300
f 4204 4301 4205
f 4204 4300 4301
f 4205 4302 4206
f 4205 4301 4302
f 4206 4303 4207
f 4206 4302 4303
f 4207 4304 4208
f 4207 4303 4304
f 4208 4305 4209
f 4208 4304 4305
f 4209 4306 4210
f 4209 4305 4306
f 4210 4307 4211
f 4210 4306 4307
f 4211 4308 4212
f 4211 4307 4308
f 4212 4309 4213
f 4212 4308 4309
f 4213 4310 4214
f 4213 4309 4310
f 4214 4311 4215
f 4214 4310 4311
f 4215 4312 4216
f 4215 4311 4312
f 4216 4313 4217
f 4216 4312 4313
f 4217 4314 4218
f 4217 4313 4314
f 4218 4315 4219
f 4218 4314 4315
f 4219 4316 4220
f 4219 4315 4316
f 4220 4317 4221
f 4220 4316 4317
f 4221 4318 4222
f 4221 4317 4318
f 4222 4319 4223
f 4222 4318 4319
f 4223 4320 4224
f 4223 4319 4320
f 4224 4321 4225
f 4224 4320 4321
f 4225 4226 4130
f 4225 4321 4226
f 4226 4323 4227
f 4226 4322 4323
f 4227 4324 4228
f 4227 4323 4324
f 4228 4325 4229
f 4228 4324 4325
f 4229 4326 4230
f 4229 4325 4326
f 4230 4327 4231
f 4230 4326 4327
f 4231 4328 4232
f 4231 4327 4328
f 4232 4329 4233
f 4232 4328 4329
f 4233 4330 4234
f 4233 4329 4330
f 4234 4331 4235
f 4234 4330 4331
f 4235 4332 4236
f 4235 4331 4332
f 4236 4333 4237
f 4236 4332 4333
f 4237 4334 4238
f 4237 4333 4334
f 4238 4335 4239
f 4238 4334 4335
f 4239 4336 4240
f 4239 4335 4336
f 4240 4337 4241
f 4240 4336 4337
f 4241 4338 4242
f 4241 4337 4338
f 4242 4339 4243
f 4242 4338 4339
f 4243 4340 4244
f 4243 4339 4340
f 4244 4341 4245
f 4244 4340 4341
f 4245 4342 4246
f 4245 4341 4342
f 4246 4343 4247
f 4246 4342 4343
f 4247 4344 4248
f 4247 4343 4344
f 4248 4345 4249
f 4248 4344 4345
f 4249 4346 4250
f 4249 4345 4346
f 4250 4347 4251
f 4250 4346 4347
f 4251 4348 4252
f 4251 4347 4348
f 4252 4349 4253
f 4252 4348 4349
f 4253 4350 4254
f 4253 4349 4350
f 4254 4351 4255
f 4254 4350 4351
f 4255 4352 4256
f 4255 4351 4352
f 4256 4353 4257
f 4256 4352 4353
f 4257 4354 4258
f 4257 4353 4354
f 4258 4355 4259
f 4258 4354 4355
f 4259 4356 4260
f 4259 4355 4356
f 4260 4357 4261
f 4260 4356 4357
f 4261 4358 4262
f 4261 4357 4358
f 4262 4359 4263
f 4262 4358 4359
f 4263 4360 4264
f 4263 4359 4360
f 4264 4361 4265
f 4264 4360 4361
f 4265 4362 4266
f 4265 4361 4362
f 4266 4363 4267
f 4266 4362 4363
f 4267 4364 4268
f 4267 4363 4364
f 4268 4365 4269
f 4268 4364 4365
f 4269 4366 4270
f 4269 4365 4366
f 4270 4367 4271
f 4270 4366 4367
f 4271 4368 4272
f 4271 4367 4368
f 4272 4369 4273
f 4272 4368 4369
f 4273 4370 4274
f 4273 4369 4370
f 4274 4371 4275
f 4274 4370 4371
f 4275 4372 4276
f 4275 4371 4372
f 4276 4373 4277
f 4276 4372 4373
f 4277 4374 4278
f 4277 4373 4374
f 4278 4375 4279
f 4278 4374 4375
f 4279 4376 4280
f 4279 4375 4376
f 4280 4377 4281
f 4280 4376 4377
f 4281 4378 4282
f 4281 4377 4378
f 4282 4379 4283
f 4282 4378 4379
f 4283 4380 4284
f 4283 4379 4380
f 4284 4381 4285
f 4284 4380 4381
f 4285 4382 4286
f 4285 4381 4382
f 4286 4383 4287
f 4286 4382 4383
f 4287 4384 4288
f 4287 4383 4384
f 4288 4385 4289
f 4288 4384 4385
f 4289 4386 4290
f 4289 4385 4386
f 4290 4387 4291
f 4290 4386 4387
f 4291 4388 4292
f 4291 4387 4388
f 4292 4389 4293
f 4292 4388 4389
f 4293 4390 4294
f 4293 4389 4390
f 4294 4391 4295
f 4294 4390 4391
f 4295 4392 4296
f 4295 4391 4392
f 4296 4393 4297
f 4296 4392 4393
f 4297 4394 4298
f 4297 4393 4394
f 4298 4395 4299
f 4298 4394 4395
f 4299 4396 4300
f 4299 4395 4396
f 4300 4397 4301
f 4300 4396 4397
f 4301 4398 4302
f 4301 4397 4398
f 4302 4399 4303
f 4302 4398 4399
f 4303 4400 4304
f 4303 4399 4400
f 4304 4401 4305
f 4304 4400 4401
f 4305 4402 4306
f 4305 4401 4402
f 4306 4403 4307
f 4306 4402 4403
f 4307 4404 4308
f 4307 4403 4404
f 4308 4405 4309
f 4308 4404 4405
f 4309 4406 4310
f 4309 4405 4406
f 4310 4407 4311
f 4310 4406 4407
f 4311 4408 4312
f 4311 4407 4408
f 4312 4409 4313
f 4312 4408 4409
f 4313 4410 4314
f 4313 4409 4410
f 4314 4411 4315
f 4314 4410 4411
f 4315 4412 4316
f 4315 4411 4412
f 4316 4413 4317
f 4316 4412 4413
f 4317 4414 4318
f 4317 4413 4414
f 4318 4415 4319
f 4318 4414 4415
f 4319 4416 4320
f 4319 4415 4416
f 4320 4417 4321
f 4320 4416 4417
f 4321 4322 4226
f 4321 4417 4322
f 4322 4419 4323
f 4322 4418 4419
f 4323 4420 4324
f 4323 4419 4420
f 4324 4421 4325
f 4324 4420 4421
f 4325 4422 4326
f 4325 4421 4422
f 4326 4423 4327
f 4326 4422 4423
f 4327 4424 4328
f 4327 4423 4424
f 4328 4425 4329
f 4328 4424 4425
f 4329 4426 4330
f 4329 4425 4426
f 4330 4427 4331
f 4330 4426 4427
f 4331 4428 4332
f 4331 4427 4428
f 4332 4429 4333
f 4332 4428 4429
f 4333 4430 4334
f 4333 4429 4430
f 4334 4431 4335
f 4334 4430 4431
f 4335 4432 4336
f 4335 4431 4432
f 4336 4433 4337
f 4336 4432 4433
f 4337 4434 4338
f 4337 4433 4434
f 4338 4435 4339
f 4338 4434 4435
f 4339 4436 4340
f 4339 4435 4436
f 4340 4437 4341
f 4340 4436 4437
f 4341 4438 4342
f 4341 4437 4438
f 4342 4439 4343
f 4342 4438 4439
f 4343 4440 4344
f 4343 4439 4440
f 4344 4441 4345
f 4344 4440 4441
f 4345 4442 4346
f 4345 4441 4442
f 4346 4443 4347
f 4346 4442 4443
f 4347 4444 4348
f 4347 4443 4444
f 4348 4445 4349
f 4348 4444 4445
f 4349 4446 4350
f 4349 4445 4446
f 4350 4447 4351
f 4350 4446 4447
f 4351 4448 4352
f 4351 4447 4448
f 4352 4449 4353
f 4352 4448 4449
f 4353 4450 4354
f 4353 4449 4450
f 4354 4451 4355
f 4354 4450 4451
f 4355 4452 4356
f 4355 4451 4452
f 4356 4453 4357
f 4356 4452 4453
f 4357 4454 4358
f 4357 4453 4454
f 4358 4455 4359
f 4358 4454 4455
f 4359 4456 4360
f 4359 4455 4456
f 4360 4457 4361
f 4360 4456 4457
f 4361 4458 4362
f 4361 4457 4458
f 4362 4459 4363
f 4362 4458 4459
f 4363 4460 4364
f 4363 4459 4460
f 4364 4461 4365
f 4364 4460 4461
f 4365 4462 4366
f 4365 4461 4462
f 4366 4463 4367
f 4366 4462 4463
f 4367 4464 4368
f 4367 4463 4464
f 4368 4465 4369
f 4368 4464 4465
f 4369 4466 4370
f 4369 4465 4466
f 4370 4467 4371
f 4370 4466 4467
f 4371 4468 4372
f 4371 4467 4468
f 4372 4469 4373
f 4372 4468 4469
f 4373 4470 4374
f 4373 4469 4470
f 4374 4471 4375
f 4374 4470 4471
f 4375 4472 4376
f 4375 4471 4472
f 4376 4473 4377
f 4376 4472 4473
f 4377 4474 4378
f 4377 4473 4474
f 4378 4475 4379
f 4378 4474 4475
f 4379 4476 4380
f 4379 4475 4476
f 4380 4477 4381
f 4380 4476 4477
f 4381 4478 4382
f 4381 4477 4478
f 4382 4479 4383
f 4382 4478 4479
f 4383 4480 4384
f 4383 4479 4480
f 4384 4481 4385
f 4384 4480 4481
f 4385 4482 4386
f 4385 4481 4482
f 4386 4483 4387
f 4386 4482 4483
f 4387 4484 4388
f 4387 4483 4484
f 4388 4485 4389
f 4388 4484 4485
f 4389 4486 4390
f 4389 4485 4486
f 4390 4487 4391
f 4390 4486 4487
f 4391 4488 4392
f 4391 4487 4488
f 4392 4489 4393
f 4392 4488 4489
f 4393 4490 4394
f 4393 4489 4490
f 4394 4491 4395
f 4394 4490 4491
f 4395 4492 4396
f 4395 4491 4492
f 4396 4493 4397
f 4396 4492 4493
f 4397 4494 4398
f 4397 4493 4494
f 4398 4495 4399
f 4398 4494 4495
f 4399 4496 4400
f 4399 4495 4496
f 4400 4497 4401
f 4400 4496 4497
f 4401 4498 4402
f 4401 4497 4498
f 4402 4499 4403
f 4402 4498 4499
f 4403 4500 4404
f 4403 4499 4500
f 4404 4501 4405
f 4404 4500 4501
f 4405 4502 4406
f 4405 4501 4502
f 4406 4503 4407
f 4406 4502 4503
f 4407 4504 4408
f 4407 4503 4504
f 4408 4505 4409
f 4408 4504 4505
f 4409 4506 4410
f 4409 4505 4506
f 4410 4507 4411
f 4410 4506 4507
f 4411 4508 4412
f 4411 4507 4508
f 4412 4509 4413
f 4412 4508 4509
f 4413 4510 4414
f 4413 4509 4510
f 4414 4511 4415
f 4414 4510 4511
f 4415 4512 4416
f 4415 4511 4512
f 4416 4513 4417
f 4416 4512 4513
f 4417 4418 4322
f 4417 4513 4418
f 4418 4515 4419
f 4418 4514 4515
f 4419 4516 4420
f 4419 4515 4516
f 4420 4517 4421
f 4420 4516 4517
f 4421 4518 4422
f 4421 4517 4518
f 4422 4519 4423
f 4422 4518 4519
f 4423 4520 4424
f 4423 4519 4520
f 4424 4521 4425
f 4424 4520 4521
f 4425 4522 4426
f 4425 4521 4522
f 4426 4523 4427
f 4426 4522 4523
f 4427 4524 4428
f 4427 4523 4524
f 4428 4525 4429
f 4428 4524 4525
f 4429 4526 4430
f 4429 4525 4526
f 4430 4527 4431
f 4430 4526 4527
f 4431 4528 4432
f 4431 4527 4528
f 4432 4529 4433
f 4432 4528 4529
f 4433 4530 4434
f 4433 4529 4530
f 4434 4531 4435
f 4434 4530 4531
f 4435 4532 4436
f 4435 4531 4532
f 4436 4533 4437
f 4436 4532 4533
f 4437 4534 4438
f 4437 4533 4534
f 4438 4535 4439
f 4438 4534 4535
f 4439 4536 4440
f 4439 4535 4536
f 4440 4537 4441
f 4440 4536 4537
f 4441 4538 4442
f 4441 4537 4538
f 4442 4539 4443
f 4442 4538 4539
f 4443 4540 4444
f 4443 4539 4540
f 4444 4541 4445
f 4444 4540 4541
f 4445 4542 4446
f 4445 4541 4542
f 4446 4543 4447
f 4446 4542 4543
f 4447 4544 4448
f 4447 4543 4544
f 4448 4545 4449
f 4448 4544 4545
f 4449 4546 4450
f 4449 4545 4546
f 4450 4547 4451
f 4450 4546 4547
f 4451 4548 4452
f 4451 4547 4548
f 4452 4549 4453
f 4452 4548 4549
f 4453 4550 4454
f 4453 4549 4550
f 4454 4551 4455
f 4454 4550 4551
f 4455 4552 4456
f 4455 4551 4552
f 4456 4553 4457
f 4456 4552 4553
f 4457 4554 4458
f 4457 4553 4554
f 4458 4555 4459
f 4458 4554 4555
f 4459 4556 4460
f 4459 4555 4556
f 4460 4557 4461
f 4460 4556 4557
f 4461 4558 4462
f 4461 4557 4558
f 4462 4559 4463
f 4462 4558 4559
f 4463 4560 4464
f 4463 4559 4560
f 4464 4561 4465
f 4464 4560 4561
f 4465 4562 4466
f 4465 4561 4562
f 4466 4563 4467
f 4466 4562 4563
f 4467 4564 4468
f 4467 4563 4564
f 4468 4565 4469
f 4468 4564 4565
f 4469 4566 4470
f 4469 4565 4566
f 4470 4567 4471
f 4470 4566 4567
f 4471 4568 4472
f 4471 4567 4568
f 4472 4569 4473
f 4472 4568 4569
f 4473 4570 4474
f 4473 4569 4570
f 4474 4571 4475
f 4474 4570 4571
f 4475 4572 4476
f 4475 4571 4572
f 4476 4573 4477
f 4476 4572 4573
f 4477 4574 4478
f 4477 4573 4574
f 4478 4575 4479
f 4478 4574 4575
f 4479 4576 4480
f 4479 4575 4576
f 4480 4577 4481
f 4480 4576 4577
f 4481 4578 4482
f 4481 4577 4578
f 4482 4579 4483
f 4482 4578 4579
f 4483 4580 4484
f 4483 4579 4580
f 4484 4581 4485
f 4484 4580 4581
f 4485 4582 4486
f 4485 4581 4582
f 4486 4583 4487
f 4486 4582 4583
f 4487 4584 4488
f 4487 4583 4584
f 4488 4585 4489
f 4488 4584 4585
f 4489 4586 4490
f 4489 4585 4586
f 4490 4587 4491
f 4490 4586 4587
f 4491 4588 4492
f 4491 4587 4588
f 4492 4589 4493
f 4492 4588 4589
f 4493 4590 4494
f 4493 4589 4590
f 4494 4591 4495
f 4494 4590 4591
f 4495 4592 4496
f 4495 4591 4592
f 4496 4593 4497
f 4496 4592 4593
f 4497 4594 4498
f 4497 4593 4594
f 4498 4595 4499
f 4498 4594 4595
f 4499 4596 4500
f 4499 4595 4596
f 4500 4597 4501
f 4500 4596 4597
f 4501 4598 4502
f 4501 4597 4598
f 4502 4599 4503
f 4502 4598 4599
f 4503 4600 4504
f 4503 4599 4600
f 4504 4601 4505
f 4504 4600 4601
f 4505 4602 4506
f 4505 4601 4602
f 4506 4603 4507
f 4506 4602 4603
f 4507 4604 4508
f 4507 4603 4604
f 4508 4605 4509
f 4508 4604 4605
f 4509 4606 4510
f 4509 4605 4606
f 4510 4607 4511
f 4510 4606 4607
f 4511 4608 4512
f 4511 4607 4608
f 4512 4609 4513
f 4512 4608 4609
f 4513 4514 4418
f 4513 4609 4514
f 4514 4611 4515
f 4514 4610 4611
f 4515 4612 4516
f 4515 4611 4612
f 4516 4613 4517
f 4516 4612 4613
f 4517 4614 4518
f 4517 4613 4614
f 4518 4615 4519
f 4518 4614 4615
f 4519 4616 4520
f 4519 4615 4616
f 4520 4617 4521
f 4520 4616 4617
f 4521 4618 4522
f 4521 4617 4618
f 4522 4619 4523
f 4522 4618 4619
f 4523 4620 4524
f 4523 4619 4620
f 4524 4621 4525
f 4524 4620 4621
f 4525 4622 4526
f 4525 4621 4622
f 4526 4623 4527
f 4526 4622 4623
f 4527 4624 4528
f 4527 4623 4624
f 4528 4625 4529
f 4528 4624 4625
f 4529 4626 4530
f 4529 4625 4626
f 4530 4627 4531
f 4530 4626 4627
f 4531 4628 4532
f 4531 4627 4628
f 4532 4629 4533
f 4532 4628 4629
f 4533 4630 4534
f 4533 4629 4630
f 4534 4631 4535
f 4534 4630 4631
f 4535 4632 4536
f 4535 4631 4632
f 4536 4633 4537
f 4536 4632 4633
f 4537 4634 4538
f 4537 4633 4634
f 4538 4635 4539
f 4538 4634 4635
f 4539 4636 4540
f 4539 4635 4636
f 4540 4637 4541
f 4540 4636 4637
f 4541 4638 4542
f 4541 4637 4638
f 4542 4639 4543
f 4542 4638 4639
f 4543 4640 4544
f 4543 4639 4640
f 4544 4641 4545
f 4544 4640 4641
f 4545 4642 4546
f 4545 4641 4642
f 4546 4643 4547
f 4546 4642 4643
f 4547 4644 4548
f 4547 4643 4644
f 4548 4645 4549
f 4548 4644 4645
f 4549 4646 4550
f 4549 4645 4646
f 4550 4647 4551
f 4550 4646 4647
f 4551 4648 4552
f 4551 4647 4648
f 4552 4649 4553
f 4552 4648 4649
f 4553 4650 4554
f 4553 4649 4650
f 4554 4651 4555
f 4554 4650 4651
f 4555 4652 4556
f 4555 4651 4652
f 4556 4653 4557
f 4556 4652 4653
f 4557 4654 4558
f 4557 4653 4654
f 4558 4655 4559
f 4558 4654 4655
f 4559 4656 4560
f 4559 4655 4656
f 4560 4657 4561
f 4560 4656 4657
f 4561 4658 4562
f 4561 4657 4658
f 4562 4659 4563
f 4562 4658 4659
f 4563 4660 4564
f 4563 4659 4660
f 4564 4661 4565
f 4564 4660 4661
f 4565 4662 4566
f 4565 4661 4662
f 4566 4663 4567
f 4566 4662 4663
f 4567 4664 4568
f 4567 4663 4664
f 4568 4665 4569
f 4568 4664 4665
f 4569 4666 4570
f 4569 4665 4666
f 4570 4667 4571
f 4570 4666 4667
f 4571 4668 4572
f 4571 4667 4668
f 4572 4669 4573
f 4572 4668 4669
f 4573 4670 4574
f 4573 4669 4670
f 4574 4671 4575
f 4574 4670 4671
f 4575 4672 4576
f 4575 4671 4672
f 4576 4673 4577
f 4576 4672 4673
f 4577 4674 4578
f 4577 4673 4674
f 4578 4675 4579
f 4578 4674 4675
f 4579 4676 4580
f 4579 4675 4676
f 4580 4677 4581
f 4580 4676 4677
f 4581 4678 4582
f 4581 4677 4678
f 4582 4679 4583
f 4582 4678 4679
f 4583 4680 4584
f 4583 4679 4680
f 4584 4681 4585
f 4584 4680 4681
f 4585 4682 4586
f 4585 4681 4682
f 4586 4683 4587
f 4586 4682 4683
f 4587 4684 4588
f 4587 4683 4684
f 4588 4685 4589
f 4588 4684 4685
f 4589 4686 4590
f 4589 4685 4686
f 4590 4687 4591
f 4590 4686 4687
f 4591 4688 4592
f 4591 4687 4688
f 4592 4689 4593
f 4592 4688 4689
f 4593 4690 4594
f 4593 4689 4690
f 4594 4691 4595
f 4594 4690 4691
f 4595 4692 4596
f 4595 4691 4692
f 4596 4693 4597
f 4596 4692 4693
f 4597 4694 4598
f 4597 4693 4694
f 4598 4695 4599
f 4598 4694 4695
f 4599 4696 4600
f 4599 4695 4696
f 4600 4697 4601
f 4600 4696 4697
f 4601 4698 4602
f 4601 4697 4698
f 4602 4699 4603
f 4602 4698 4699
f 4603 4700 4604
f 4603 4699 4700
f 4604 4701 4605
f 4604 4700 4701
f 4605 4702 4606
f 4605 4701 4702
f 4606 4703 4607
f 4606 4702 4703
f 4607 4704 4608
f 4607 4703 4704
f 4608 4705 4609
f 4608 4704 4705
f 4609 4610 4514
f 4609 4705 4610
f 4610 4707 4611
f 4610 4706 4707
f 4611 4708 4612
f 4611 4707 4708
f 4612 4709 4613
f 4612 4708 4709
f 4613 4710 4614
f 4613 4709 4710
f 4614 4711 4615
f 4614 4710 4711
f 4615 4712 4616
f 4615 4711 4712
f 4616 4713 4617
f 4616 4712 4713
f 4617 4714 4618
f 4617 4713 4714
f 4618 4715 4619
f 4618 4714 4715
f 4619 4716 4620
f 4619 4715 4716
f 4620 4717 4621
f 4620 4716 4717
f 4621 4718 4622
f 4621 4717 4718
f 4622 4719 4623
f 4622 4718 4719
f 4623 4720 4624
f 4623 4719 4720
f 4624 4721 4625
f 4624 4720 4721
f 4625 4722 4626
f 4625 4721 4722
f 4626 4723 4627
f 4626 4722 4723
f 4627 4724 4628
f 4627 4723 4724
f 4628 4725 4629
f 4628 4724 4725
f 4629 4726 4630
f 4629 4725 4726
f 4630 4727 4631
f 4630 4726 4727
f 4631 4728 4632
f 4631 4727 4728
f 4632 4729 4633
f 4632 4728 4729
f 4633 4730 4634
f 4633 4729 4730
f 4634 4731 4635
f 4634 4730 4731
f 4635 4732 4636
f 4635 4731 4732
f 4636 4733 4637
f 4636 4732 4733
f 4637 4734 4638
f 4637 4733 4734
f 4638 4735 4639
f 4638 4734 4735
f 4639 4736 4640
f 4639 4735 4736
f 4640 4737 4641
f 4640 4736 4737
f 4641 4738 4642
f 4641 4737 4738
f 4642 4739 4643
f 4642 4738 4739
f 4643 4740 4644
f 4643 4739 4740
f 4644 4741 4645
f 4644 4740 4741
f 4645 4742 4646
f 4645 4741 4742
f 4646 4743 4647
f 4646 4742 4743
f 4647 4744 4648
f 4647 4743 4744
f 4648 4745 4649
f 4648 4744 4745
f 4649 4746 4650
f 4649 4745 4746
f 4650 4747 4651
f 4650 4746 4747
f 4651 4748 4652
f 4651 4747 4748
f 4652 4749 4653
f 4652 4748 4749
f 4653 4750 4654
f 4653 4749 4750
f 4654 4751 4655
f 4654 4750 4751
f 4655 4752 4656
f 4655 4751 4752
f 4656 4753 4657
f 4656 4752 4753
f 4657 4754 4658
f 4657 4753 4754
f 4658 4755 4659
f 4658 4754 4755
f 4659 4756 4660
f 4659 4755 4756
f 4660 4757 4661
f 4660 4756 4757
f 4661 4758 4662
f 4661 4757 4758
f 4662 4759 4663
f 4662 4758 4759
f 4663 4760 4664
f 4663 4759 4760
f 4664 4761 4665
f 4664 4760 4761
f 4665 4762 4666
f 4665 4761 4762
f 4666 4763 4667
f 4666 4762 4763
f 4667 4764 4668
f 4667 4763 4764
f 4668 4765 4669
f 4668 4764 4765
f 4669 4766 4670
f 4669 4765 4766
f 4670 4767 4671
f 4670 4766 4767
f 4671 4768 4672
f 4671 4767 4768
f 4672 4769 4673
f 4672 4768 4769
f 4673 4770 4674
f 4673 4769 4770
f 4674 4771 4675
f 4674 4770 4771
f 4675 4772 4676
f 4675 4771 4772
f 4676 4773 4677
f 4676 4772 4773
f 4677 4774 4678
f 4677 4773 4774
f 4678 4775 4679
f 4678 4774 4775
f 4679 4776 4680
f 4679 4775 4776
f 4680 4777 4681
f 4680 4776 4777
f 4681 4778 4682
f 4681 4777 4778
f 4682 4779 4683
f 4682 4778 4779
f 4683 4780 4684
f 4683 4779 4780
f 4684 4781 4685
f 4684 4780 4781
f 4685 4782 4686
f 4685 4781 4782
f 4686 4783 4687
f 4686 4782 4783
f 4687 4784 4688
f 4687 4783 4784
f 4688 4785 4689
f 4688 4784 4785
f 4689 4786 4690
f 4689 4785 4786
f 4690 4787 4691
f 4690 4786 4787
f 4691 4788 4692
f 4691 4787 4788
f 4692 4789 4693
f 4692 4788 4789
f 4693 4790 4694
f 4693 4789 4790
f 4694 4791 4695
f 4694 4790 4791
f 4695 4792 4696
f 4695 4791 4792
f 4696 4793 4697
f 4696 4792 4793
f 4697 4794 4698
f 4697 4793 4794
f 4698 4795 4699
f 4698 4794 4795
f 4699 4796 4700
f 4699 4795 4796
f 4700 4797 4701
f 4700 4796 4797
f 4701 4798 4702
f 4701 4797 4798
f 4702 4799 4703
f 4702 4798 4799
f 4703 4800 4704
f 4703 4799 4800
f 4704 4801 4705
f 4704 4800 4801
f 4705 4706 4610
f 4705 4801 4706
f 4706 4803 4707
f 4706 4802 4803
f 4707 4804 4708
f 4707 4803 4804
f 4708 4805 4709
f 4708 4804 4805
f 4709 4806 4710
f 4709 4805 4806
f 4710 4807 4711
f 4710 4806 4807
f 4711 4808 4712
f 4711 4807 4808
f 4712 4809 4713
f 4712 4808 4809
f 4713 4810 4714
f 4713 4809 4810
f 4714 4811 4715
f 4714 4810 4811
f 4715 4812 4716
f 4715 4811 4812
f 4716 4813 4717
f 4716 4812 4813
f 4717 4814 4718
f 4717 4813 4814
f 4718 4815 4719
f 4718 4814 4815
f 4719 4816 4720
f 4719 4815 4816
f 4720 4817 4721
f 4720 4816 4817
f 4721 4818 4722
f 4721 4817 4818
f 4722 4819 4723
f 4722 4818 4819
f 4723 4820 4724
f 4723 4819 4820
f 4724 4821 4725
f 4724 4820 4821
f 4725 4822 4726
f 4725 4821 4822
f 4726 4823 4727
f 4726 4822 4823
f 4727 4824 4728
f 4727 4823 4824
f 4728 4825 4729
f 4728 4824 4825
f 4729 4826 4730
f 4729 4825 4826
f 4730 4827 4731
f 4730 4826 4827
f 4731 4828 4732
f 4731 4827 4828
f 4732 4829 4733
f 4732 4828 4829
f 4733 4830 4734
f 4733 4829 4830
f 4734 4831 4735
f 4734 4830 4831
f 4735 4832 4736
f 4735 4831 4832
f 4736 4833 4737
f 4736 4832 4833
f 4737 4834 4738
f 4737 4833 4834
f 4738 4835 4739
f 4738 4834 4835
f 4739 4836 4740
f 4739 4835 4836
f 4740 4837 4741
f 4740 4836 4837
f 4741 4838 4742
f 4741 4837 4838
f 4742 4839 4743
f 4742 4838 4839
f 4743 4840 4744
f 4743 4839 4840
f 4744 4841 4745
f 4744 4840 4841
f 4745 4842 4746
f 4745 4841 4842
f 4746 4843 4747
f 4746 4842 4843
f 4747 4844 4748
f 4747 4843 4844
f 4748 4845 4749
f 4748 4844 4845
f 4749 4846 4750
f 4749 4845 4846
f 4750 4847 4751
f 4750 4846 4847
f 4751 4848 4752
f 4751 4847 4848
f 4752 4849 4753
f 4752 4848 4849
f 4753 4850 4754
f 4753 4849 4850
f 4754 4851 4755
f 4754 4850 4851
f 4755 4852 4756
f 4755 4851 4852
f 4756 4853 4757
f 4756 4852 4853
f 4757 4854 4758
f 4757 4853 4854
f 4758 4855 4759
f 4758 4854 4855
f 4759 4856 4760
f 4759 4855 4856
f 4760 4857 4761
f 4760 4856 4857
f 4761 4858 4762
f 4761 4857 4858
f 4762 4859 4763
f 4762 4858 4859
f 4763 4860 4764
f 4763 4859 4860
f 4764 4861 4765
f 4764 4860 4861
f 4765 4862 4766
f 4765 4861 4862
f 4766 4863 4767
f 4766 4862 4863
f 4767 4864 4768
f 4767 4863 4864
f 4768 4865 4769
f 4768 4864 4865
f 4769 4866 4770
f 4769 4865 4866
f 4770 4867 4771
f 4770 4866 4867
f 4771 4868 4772
f 4771 4867 4868
f 4772 4869 4773
f 4772 4868 4869
f 4773 4870 4774
f 4773 4869 4870
f 4774 4871 4775
f 4774 4870 4871
f 4775 4872 4776
f 4775 4871 4872
f 4776 4873 4777
f 4776 4872 4873
f 4777 4874 4778
f 4777 4873 4874
f 4778 4875 4779
f 4778 4874 4875
f 4779 4876 4780
f 4779 4875 4876
f 4780 4877 4781
f 4780 4876 4877
f 4781 4878 4782
f 4781 4877 4878
f 4782 4879 4783
f 4782 4878 4879
f 4783 4880 4784
f 4783 4879 4880
f 4784 4881 4785
f 4784 4880 4881
f 4785 4882 4786
f 4785 4881 4882
f 4786 4883 4787
f 4786 4882 4883
f 4787 4884 4788
f 4787 4883 4884
f 4788 4885 4789
f 4788 4884 4885
f 4789 4886 4790
f 4789 4885 4886
f 4790 4887 4791
f 4790 4886 4887
f 4791 4888 4792
f 4791 4887 4888
f 4792 4889 4793
f 4792 4888 4889
f 4793 4890 4794
f 4793 4889 4890
f 4794 4891 4795
f 4794 4890 4891
f 4795 4892 4796
f 4795 4891 4892
f 4796 4893 4797
f 4796 4892 4893
f 4797 4894 4798
f 4797 4893 4894
f 4798 4895 4799
f 4798 4894 4895
f 4799 4896 4800
f 4799 4895 4896
f 4800 4897 4801
f 4800 4896 4897
f 4801 4802 4706
f 4801 4897 4802
f 4802 4899 4803
f 4802 4898 4899
f 4803 4900 4804
f 4803 4899 4900
f 4804 4901 4805
f 4804 4900 4901
f 4805 4902 4806
f 4805 4901 4902
f 4806 4903 4807
f 4806 4902 4903
f 4807 4904 4808
f 4807 4903 4904
f 4808 4905 4809
f 4808 4904 4905
f 4809 4906 4810
f 4809 4905 4906
f 4810 4907 4811
f 4810 4906 4907
f 4811 4908 4812
f 4811 4907 4908
f 4812 4909 4813
f 4812 4908 4909
f 4813 4910 4814
f 4813 4909 4910
f 4814 4911 4815
f 4814 4910 4911
f 4815 4912 4816
f 4815 4911 4912
f 4816 4913 4817
f 4816 4912 4913
f 4817 4914 4818
f 4817 4913 4914
f 4818 4915 4819
f 4818 4914 4915
f 4819 4916 4820
f 4819 4915 4916
f 4820 4917 4821
f 4820 4916 4917
f 4821 4918 4822
f 4821 4917 4918
f 4822 4919 4823
f 4822 4918 4919
f 4823 4920 4824
f 4823 4919 4920
f 4824 4921 4825
f 4824 4920 4921
f 4825 4922 4826
f 4825 4921 4922
f 4826 4923 4827
f 4826 4922 4923
f 4827 4924 4828
f 4827 4923 4924
f 4828 4925 4829
f 4828 4924 4925
f 4829 4926 4830
f 4829 4925 4926
f 4830 4927 4831
f 4830 4926 4927
f 4831 4928 4832
f 4831 4927 4928
f 4832 4929 4833
f 4832 4928 4929
f 4833 4930 4834
f 4833 4929 4930
f 4834 4931 4835
f 4834 4930 4931
f 4835 4932 4836
f 4835 4931 4932
f 4836 4933 4837
f 4836 4932 4933
f 4837 4934 4838
f 4837 4933 4934
f 4838 4935 4839
f 4838 4934 4935
f 4839 4936 4840
f 4839 4935 4936
f 4840 4937 4841
f 4840 4936 4937
f 4841 4938 4842
f 4841 4937 4938
f 4842 4939 4843
f 4842 4938 4939
f 4843 4940 4844
f 4843 4939 4940
f 4844 4941 4845
f 4844 4940 4941
f 4845 4942 4846
f 4845 4941 4942
f 4846 4943 4847
f 4846 4942 4943
f 4847 4944 4848
f 4847 4943 4944
f 4848 4945 4849
f 4848 4944 4945
f 4849 4946 4850
f 4849 4945 4946
f 4850 4947 4851
f 4850 4946 4947
f 4851 4948 4852
f 4851 4947 4948
f 4852 4949 4853
f 4852 4948 4949
f 4853 4950 4854
f 4853 4949 4950
f 4854 4951 4855
f 4854 4950 4951
f 4855 4952 4856
f 4855 4951 4952
f 4856 4953 4857
f 4856 4952 4953
f 4857 4954 4858
f 4857 4953 4954
f 4858 4955 4859
f 4858 4954 4955
f 4859 4956 4860
f 4859 4955 4956
f 4860 4957 4861
f 4860 4956 4957
f 4861 4958 4862
f 4861 4957 4958
f 4862 4959 4863
f 4862 4958 4959
f 4863 4960 4864
f 4863 4959 4960
f 4864 4961 4865
f 4864 4960 4961
f 4865 4962 4866
f 4865 4961 4962
f 4866 4963 4867
f 4866 4962 4963
f 4867 4964 4868
f 4867 4963 4964
f 4868 4965 4869
f 4868 4964 4965
f 4869 4966 4870
f 4869 4965 4966
f 4870 4967 4871
f 4870 4966 4967
f 4871 4968 4872
f 4871 4967 4968
f 4872 4969 4873
f 4872 4968 4969
f 4873 4970 4874
f 4873 4969 4970
f 4874 4971 4875
f 4874 4970 4971
f 4875 4972 4876
f 4875 4971 4972
f 4876 4973 4877
f 4876 4972 4973
f 4877 4974 4878
f 4877 4973 4974
f 4878 4975 4879
f 4878 4974 4975
f 4879 4976 4880
f 4879 4975 4976
f 4880 4977 4881
f 4880 4976 4977
f 4881 4978 4882
f 4881 4977 4978
f 4882 4979 4883
f 4882 4978 4979
f 4883 4980 4884
f 4883 4979 4980
f 4884 4981 4885
f 4884 4980 4981
f 4885 4982 4886
f 4885 4981 4982
f 4886 4983 4887
f 4886 4982 4983
f 4887 4984 4888
f 4887 4983 4984
f 4888 4985 4889
f 4888 4984 4985
f 4889 4986 4890
f 4889 4985 4986
f 4890 4987 4891
f 4890 4986 4987
f 4891 4988 4892
f 4891 4987 4988
f 4892 4989 4893
f 4892 4988 4989
f 4893 4990 4894
f 4893 4989 4990
f 4894 4991 4895
f 4894 4990 4991
f 4895 4992 4896
f 4895 4991 4992
f 4896 4993 4897
f 4896 4992 4993
f 4897 4898 4802
f 4897 4993 4898
f 4898 4995 4899
f 4898 4994 4995
f 4899 4996 4900
f 4899 4995 4996
f 4900 4997 4901
f 4900 4996 4997
f 4901 4998 4902
f 4901 4997 4998
f 4902 4999 4903
f 4902 4998 4999
f 4903 5000 4904
f 4903 4999 5000
f 4904 5001 4905
f 4904 5000 5001
f 4905 5002 4906
f 4905 5001 5002
f 4906 5003 4907
f 4906 5002 5003
f 4907 5004 4908
f 4907 5003 5004
f 4908 5005 4909
f 4908 5004 5005
f 4909 5006 4910
f 4909 5005 5006
f 4910 5007 4911
f 4910 5006 5007
f 4911 5008 4912
f 4911 5007 5008
f 4912 5009 4913
f 4912 5008 5009
f 4913 5010 4914
f 4913 5009 5010
f 4914 5011 4915
f 4914 5010 5011
f 4915 5012 4916
f 4915 5011 5012
f 4916 5013 4917
f 4916 5012 5013
f 4917 5014 4918
f 4917 5013 5014
f 4918 5015 4919
f 4918 5014 5015
f 4919 5016 4920
f 4919 5015 5016
f 4920 5017 4921
f 4920 5016 5017
f 4921 5018 4922
f 4921 5017 5018
f 4922 5019 4923
f 4922 5018 5019
f 4923 5020 4924
f 4923 5019 5020
f 4924 5021 4925
f 4924 5020 5021
f 4925 5022 4926
f 4925 5021 5022
f 4926 5023 4927
f 4926 5022 5023
f 4927 5024 4928
f 4927 5023 5024
f 4928 5025 4929
f 4928 5024 5025
f 4929 5026 4930
f 4929 5025 5026
f 4930 5027 4931
f 4930 5026 5027
f 4931 5028 4932
f 4931 5027 5028
f 4932 5029 4933
f 4932 5028 5029
f 4933 5030 4934
f 4933 5029 5030
f 4934 5031 4935
f 4934 5030 5031
f 4935 5032 4936
f 4935 5031 5032
f 4936 5033 4937
f 4936 5032 5033
f 4937 5034 4938
f 4937 5033 5034
f 4938 5035 4939
f 4938 5034 5035
f 4939 5036 4940
f 4939 5035 5036
f 4940 5037 4941
f 4940 5036 5037
f 4941 5038 4942
f 4941 5037 5038
f 4942 5039 4943
f 4942 5038 5039
f 4943 5040 4944
f 4943 5039 5040
f 4944 5041 4945
f 4944 5040 5041
f 4945 5042 4946
f 4945 5041 5042
f 4946 5043 4947
f 4946 5042 5043
f 4947 5044 4948
f 4947 5043 5044
f 4948 5045 4949
f 4948 5044 5045
f 4949 5046 4950
f 4949 5045 5046
f 4950 5047 4951
f 4950 5046 5047
f 4951 5048 4952
f 4951 5047 5048
f 4952 5049 4953
f 4952 5048 5049
f 4953 5050 4954
f 4953 5049 5050
f 4954 5051 4955
f 4954 5050 5051
f 4955 5052 4956
f 4955 5051 5052
f 4956 5053 4957
f 4956 5052 5053
f 4957 5054 4958
f 4957 5053 5054
f 4958 5055 4959
f 4958 5054 5055
f 4959 5056 4960
f 4959 5055 5056
f 4960 5057 4961
f 4960 5056 5057
f 4961 5058 4962
f 4961 5057 5058
f 4962 5059 4963
f 4962 5058 5059
f 4963 5060 4964
f 4963 5059 5060
f 4964 5061 4965
f 4964 5060 5061
f 4965 5062 4966
f 4965 5061 5062
f 4966 5063 4967
f 4966 5062 5063
f 4967 5064 4968
f 4967 5063 5064
f 4968 5065 4969
f 4968 5064 5065
f 4969 5066 4970
f 4969 5065 5066
f 4970 5067 4971
f 4970 5066 5067
f 4971 5068 4972
f 4971 5067 5068
f 4972 5069 4973
f 4972 5068 5069
f 4973 5070 4974
f 4973 5069 5070
f 4974 5071 4975
f 4974 5070 5071
f 4975 5072 4976
f 4975 5071 5072
f 4976 5073 4977
f 4976 5072 5073
f 4977 5074 4978
f 4977 5073 5074
f 4978 5075 4979
f 4978 5074 5075
f 4979 5076 4980
f 4979 5075 5076
f 4980 5077 4981
f 4980 5076 5077
f 4981 5078 4982
f 4981 5077 5078
f 4982 5079 4983
f 4982 5078 5079
f 4983 5080 4984
f 4983 5079 5080
f 4984 5081 4985
f 4984 5080 5081
f 4985 5082 4986
f 4985 5081 5082
f 4986 5083 4987
f 4986 5082 5083
f 4987 5084 4988
f 4987 5083 5084
f 4988 5085 4989
f 4988 5084 5085
f 4989 5086 4990
f 4989 5085 5086
f 4990 5087 4991
f 4990 5086 5087
f 4991 5088 4992
f 4991 5087 5088
f 4992 5089 4993
f 4992 5088 5089
f 4993 4994 4898
f 4993 5089 4994
f 4994 5091 4995
f 4994 5090 5091
f 4995 5092 4996
f 4995 5091 5092
f 4996 5093 4997
f 4996 5092 5093
f 4997 5094 4998
f 4997 5093 5094
f 4998 5095 4999
f 4998 5094 5095
f 4999 5096 5000
f 4999 5095 5096
f 5000 5097 5001
f 5000 5096 5097
f 5001 5098 5002
f 5001 5097 5098
f 5002 5099 5003
f 5002 5098 5099
f 5003 5100 5004
f 5003 5099 5100
f 5004 5101 5005
f 5004 5100 5101
f 5005 5102 5006
f 5005 5101 5102
f 5006 5103 5007
f 5006 5102 5103
f 5007 5104 5008
f 5007 5103 5104
f 5008 5105 5009
f 5008 5104 5105
f 5009 5106 5010
f 5009 5105 5106
f 5010 5107 5011
f 5010 5106 5107
f 5011 5108 5012
f 5011 5107 5108
f 5012 5109 5013
f 5012 5108 5109
f 5013 5110 5014
f 5013 5109 5110
f 5014 5111 5015
f 5014 5110 5111
f 5015 5112 5016
f 5015 5111 5112
f 5016 5113 5017
f 5016 5112 5113
f 5017 5114 5018
f 5017 5113 5114
f 5018 5115 5019
f 5018 5114 5115
f 5019 5116 5020
f 5019 5115 5116
f 5020 5117 5021
f 5020 5116 5117
f 5021 5118 5022
f 5021 5117 5118
f 5022 5119 5023
f 5022 5118 5119
f 5023 5120 5024
f 5023 5119 5120
f 5024 5121 5025
f 5024 5120 5121
f 5025 5122 5026
f 5025 5121 5122
f 5026 5123 5027
f 5026 5122 5123
f 5027 5124 5028
f 5027 5123 5124
f 5028 5125 5029
f 5028 5124 5125
f 5029 5126 5030
f 5029 5125 5126
f 5030 5127 5031
f 5030 5126 5127
f 5031 5128 5032
f 5031 5127 5128
f 5032 5129 5033
f 5032 5128 5129
f 5033 5130 5034
f 5033 5129 5130
f 5034 5131 5035
f 5034 5130 5131
f 5035 5132 5036
f 5035 5131 5132
f 5036 5133 5037
f 5036 5132 5133
f 5037 5134 5038
f 5037 5133 5134
f 5038 5135 5039
f 5038 5134 5135
f 5039 5136 5040
f 5039 5135 5136
f 5040 5137 5041
f 5040 5136 5137
f 5041 5138 5042
f 5041 5137 5138
f 5042 5139 5043
f 5042 5138 5139
f 5043 5140 5044
f 5043 5139 5140
f 5044 5141 5045
f 5044 5140 5141
f 5045 5142 5046
f 5045 5141 5142
f 5046 5143 5047
f 5046 5142 5143
f 5047 5144 5048
f 5047 5143 5144
f 5048 5145 5049
f 5048 5144 5145
f 5049 5146 5050
f 5049 5145 5146
f 5050 5147 5051
f 5050 5146 5147
f 5051 5148 5052
f 5051 5147 5148
f 5052 5149 5053
f 5052 5148 5149
f 5053 5150 5054
f 5053 5149 5150
f 5054 5151 5055
f 5054 5150 5151
f 5055 5152 5056
f 5055 5151 5152
f 5056 5153 5057
f 5056 5152 5153
f 5057 5154 5058
f 5057 5153 5154
f 5058 5155 5059
f 5058 5154 5155
f 5059 5156 5060
f 5059 5155 5156
f 5060 5157 5061
f 5060 5156 5157
f 5061 5158 5062
f 5061 5157 5158
f 5062 5159 5063
f 5062 5158 5159
f 5063 5160 5064
f 5063 5159 5160
f 5064 5161 5065
f 5064 5160 5161
f 5065 5162 5066
f 5065 5161 5162
f 5066 5163 5067
f 5066 5162 5163
f 5067 5164 5068
f 5067 5163 5164
f 5068 5165 5069
f 5068 5164 5165
f 5069 5166 5070
f 5069 5165 5166
f 5070 5167 5071
f 5070 5166 5167
f 5071 5168 5072
f 5071 5167 5168
f 5072 5169 5073
f 5072 5168 5169
f 5073 5170 5074
f 5073 5169 5170
f 5074 5171 5075
f 5074 5170 5171
f 5075 5172 5076
f 5075 5171 5172
f 5076 5173 5077
f 5076 5172 5173
f 5077 5174 5078
f 5077 5173 5174
f 5078 5175 5079
f 5078 5174 5175
f 5079 5176 5080
f 5079 5175 5176
f 5080 5177 5081
f 5080 5176 5177
f 5081 5178 5082
f 5081 5177 5178
f 5082 5179 5083
f 5082 5178 5179
f 5083 5180 5084
f 5083 5179 5180
f 5084 5181 5085
f 5084 5180 5181
f 5085 5182 5086
f 5085 5181 5182
f 5086 5183 5087
f 5086 5182 5183
f 5087 5184 5088
f 5087 5183 5184
f 5088 5185 5089
f 5088 5184 5185
f 5089 5090 4994
f 5089 5185 5090
f 5090 5187 5091
f 5090 5186 5187
f 5091 5188 5092
f 5091 5187 5188
f 5092 5189 5093
f 5092 5188 5189
f 5093 5190 5094
f 5093 5189 5190
f 5094 5191 5095
f 5094 5190 5191
f 5095 5192 5096
f 5095 5191 5192
f 5096 5193 5097
f 5096 5192 5193
f 5097 5194 5098
f 5097 5193 5194
f 5098 5195 5099
f 5098 5194 5195
f 5099 5196 5100
f 5099 5195 5196
f 5100 5197 5101
f 5100 5196 5197
f 5101 5198 5102
f 5101 5197 5198
f 5102 5199 5103
f 5102 5198 5199
f 5103 5200 5104
f 5103 5199 5200
f 5104 5201 5105
f 5104 5200 5201
f 5105 5202 5106
f 5105 5201 5202
f 5106 5203 5107
f 5106 5202 5203
f 5107 5204 5108
f 5107 5203 5204
f 5108 5205 5109
f 5108 5204 5205
f 5109 5206 5110
f 5109 5205 5206
f 5110 5207 5111
f 5110 5206 5207
f 5111 5208 5112
f 5111 5207 5208
f 5112 5209 5113
f 5112 5208 5209
f 5113 5210 5114
f 5113 5209 5210
f 5114 5211 5115
f 5114 5210 5211
f 5115 5212 5116
f 5115 5211 5212
f 5116 5213 5117
f 5116 5212 5213
f 5117 5214 5118
f 5117 5213 5214
f 5118 5215 5119
f 5118 5214 5215
f 5119 5216 5120
f 5119 5215 5216
f 5120 5217 5121
f 5120 5216 5217
f 5121 5218 5122
f 5121 5217 5218
f 5122 5219 5123
f 5122 5218 5219
f 5123 5220 5124
f 5123 5219 5220
f 5124 5221 5125
f 5124 5220 5221
f 5125 5222 5126
f 5125 5221 5222
f 5126 5223 5127
f 5126 5222 5223
f 5127 5224 5128
f 5127 5223 5224
f 5128 5225 5129
f 5128 5224 5225
f 5129 5226 5130
f 5129 5225 5226
f 5130 5227 5131
f 5130 5226 5227
f 5131 5228 5132
f 5131 5227 5228
f 5132 5229 5133
f 5132 5228 5229
f 5133 5230 5134
f 5133 5229 5230
f 5134 5231 5135
f 5134 5230 5231
f 5135 5232 5136
f 5135 5231 5232
f 5136 5233 5137
f 5136 5232 5233
f 5137 5234 5138
f 5137 5233 5234
f 5138 5235 5139
f 5138 5234 5235
f 5139 5236 5140
f 5139 5235 5236
f 5140 5237 5141
f 5140 5236 5237
f 5141 5238 5142
f 5141 5237 5238
f 5142 5239 5143
f 5142 5238 5239
f 5143 5240 5144
f 5143 5239 5240
f 5144 5241 5145
f 5144 5240 5241
f 5145 5242 5146
f 5145 5241 5242
f 5146 5243 5147
f 5146 5242 5243
f 5147 5244 5148
f 5147 5243 5244
f 5148 5245 5149
f 5148 5244 5245
f 5149 5246 5150
f 5149 5245 5246
f 5150 5247 5151
f 5150 5246 5247
f 5151 5248 5152
f 5151 5247 5248
f 5152 5249 5153
f 5152 5248 5249
f 5153 5250 5154
f 5153 5249 5250
f 5154 5251 5155
f 5154 5250 5251
f 5155 5252 5156
f 5155 5251 5252
f 5156 5253 5157
f 5156 5252 5253
f 5157 5254 5158
f 5157 5253 5254
f 5158 5255 5159
f 5158 5254 5255
f 5159 5256 5160
f 5159 5255 5256
f 5160 5257 5161
f 5160 5256 5257
f 5161 5258 5162
f 5161 5257 5258
f 5162 5259 5163
f 5162 5258 5259
f 5163 5260 5164
f 5163 5259 5260
f 5164 5261 5165
f 5164 5260 5261
f 5165 5262 5166
f 5165 5261 5262
f 5166 5263 5167
f 5166 5262 5263
f 5167 5264 5168
f 5167 5263 5264
f 5168 5265 5169
f 5168 5264 5265
f 5169 5266 5170
f 5169 5265 5266
f 5170 5267 5171
f 5170 5266 5267
f 5171 5268 5172
f 5171 5267 5268
f 5172 5269 5173
f 5172 5268 5269
f 5173 5270 5174
f 5173 5269 5270
f 5174 5271 5175
f 5174 5270 5271
f 5175 5272 5176
f 5175 5271 5272
f 5176 5273 5177
f 5176 5272 5273
f 5177 5274 5178
f 5177 5273 5274
f 5178 5275 5179
f 5178 5274 5275
f 5179 5276 5180
f 5179 5275 5276
f 5180 5277 5181
f 5180 5276 5277
f 5181 5278 5182
f 5181 5277 5278
f 5182 5279 5183
f 5182 5278 5279
f 5183 5280 5184
f 5183 5279 5280
f 5184 5281 5185
f 5184 5280 5281
f 5185 5186 5090
f 5185 5281 5186
f 5186 5283 5187
f 5186 5282 5283
f 5187 5284 5188
f 5187 5283 5284
f 5188 5285 5189
f 5188 5284 5285
f 5189 5286 5190
f 5189 5285 5286
f 5190 5287 5191
f 5190 5286 5287
f 5191 5288 5192
f 5191 5287 5288
f 5192 5289 5193
f 5192 5288 5289
f 5193 5290 5194
f 5193 5289 5290
f 5194 5291 5195
f 5194 5290 5291
f 5195 5292 5196
f 5195 5291 5292
f 5196 5293 5197
f 5196 5292 5293
f 5197 5294 5198
f 5197 5293 5294
f 5198 5295 5199
f 5198 5294 5295
f 5199 5296 5200
f 5199 5295 5296
f 5200 5297 5201
f 5200 5296 5297
f 5201 5298 5202
f 5201 5297 5298
f 5202 5299 5203
f 5202 5298 5299
f 5203 5300 5204
f 5203 5299 5300
f 5204 5301 5205
f 5204 5300 5301
f 5205 5302 5206
f 5205 5301 5302
f 5206 5303 5207
f 5206 5302 5303
f 5207 5304 5208
f 5207 5303 5304
f 5208 5305 5209
f 5208 5304 5305
f 5209 5306 5210
f 5209 5305 5306
f 5210 5307 5211
f 5210 5306 5307
f 5211 5308 5212
f 5211 5307 5308
f 5212 5309 5213
f 5212 5308 5309
f 5213 5310 5214
f 5213 5309 5310
f 5214 5311 5215
f 5214 5310 5311
f 5215 5312 5216
f 5215 5311 5312
f 5216 5313 5217
f 5216 5312 5313
f 5217 5314 5218
f 5217 5313 5314
f 5218 5315 5219
f 5218 5314 5315
f 5219 5316 5220
f 5219 5315 5316
f 5220 5317 5221
f 5220 5316 5317
f 5221 5318 5222
f 5221 5317 5318
f 5222 5319 5223
f 5222 5318 5319
f 5223 5320 5224
f 5223 5319 5320
f 5224 5321 5225
f 5224 5320 5321
f 5225 5322 5226
f 5225 5321 5322
f 5226 5323 5227
f 5226 5322 5323
f 5227 5324 5228
f 5227 5323 5324
f 5228 5325 5229
f 5228 5324 5325
f 5229 5326 5230
f 5229 5325 5326
f 5230 5327 5231
f 5230 5326 5327
f 5231 5328 5232
f 5231 5327 5328
f 5232 5329 5233
f 5232 5328 5329
f 5233 5330 5234
f 5233 5329 5330
f 5234 5331 5235
f 5234 5330 5331
f 5235 5332 5236
f 5235 5331 5332
f 5236 5333 5237
f 5236 5332 5333
f 5237 5334 5238
f 5237 5333 5334
f 5238 5335 5239
f 5238 5334 5335
f 5239 5336 5240
f 5239 5335 5336
f 5240 5337 5241
f 5240 5336 5337
f 5241 5338 5242
f 5241 5337 5338
f 5242 5339 5243
f 5242 5338 5339
f 5243 5340 5244
f 5243 5339 5340
f 5244 5341 5245
f 5244 5340 5341
f 5245 5342 5246
f 5245 5341 5342
f 5246 5343 5247
f 5246 5342 5343
f 5247 5344 5248
f 5247 5343 5344
f 5248 5345 5249
f 5248 5344 5345
f 5249 5346 5250
f 5249 5345 5346
f 5250 5347 5251
f 5250 5346 5347
f 5251 5348 5252
f 5251 5347 5348
f 5252 5349 5253
f 5252 5348 5349
f 5253 5350 5254
f 5253 5349 5350
f 5254 5351 5255
f 5254 5350 5351
f 5255 5352 5256
f 5255 5351 5352
f 5256 5353 5257
f 5256 5352 5353
f 5257 5354 5258
f 5257 5353 5354
f 5258 5355 5259
f 5258 5354 5355
f 5259 5356 5260
f 5259 5355 5356
f 5260 5357 5261
f 5260 5356 5357
f 5261 5358 5262
f 5261 5357 5358
f 5262 5359 5263
f 5262 5358 5359
f 5263 5360 5264
f 5263 5359 5360
f 5264 5361 5265
f 5264 5360 5361
f 5265 5362 5266
f 5265 5361 5362
f 5266 5363 5267
f 5266 5362 5363
f 5267 5364 5268
f 5267 5363 5364
f 5268 5365 5269
f 5268 5364 5365
f 5269 5366 5270
f 5269 5365 5366
f 5270 5367 5271
f 5270 5366 5367
f 5271 5368 5272
f 5271 5367 5368
f 5272 5369 5273
f 5272 5368 5369
f 5273 5370 5274
f 5273 5369 5370
f 5274 5371 5275
f 5274 5370 5371
f 5275 5372 5276
f 5275 5371 5372
f 5276 5373 5277
f 5276 5372 5373
f 5277 5374 5278
f 5277 5373 5374
f 5278 5375 5279
f 5278 5374 5375
f 5279 5376 5280
f 5279 5375 5376
f 5280 5377 5281
f 5280 5376 5377
f 5281 5282 5186
f 5281 5377 5282
f 5282 5379 5283
f 5282 5378 5379
f 5283 5380 5284
f 5283 5379 5380
f 5284 5381 5285
f 5284 5380 5381
f 5285 5382 5286
f 5285 5381 5382
f 5286 5383 5287
f 5286 5382 5383
f 5287 5384 5288
f 5287 5383 5384
f 5288 5385 5289
f 5288 5384 5385
f 5289 5386 5290
f 5289 5385 5386
f 5290 5387 5291
f 5290 5386 5387
f 5291 5388 5292
f 5291 5387 5388
f 5292 5389 5293
f 5292 5388 5389
f 5293 5390 5294
f 5293 5389 5390
f 5294 5391 5295
f 5294 5390 5391
f 5295 5392 5296
f 5295 5391 5392
f 5296 5393 5297
f 5296 5392 5393
f 5297 5394 5298
f 5297 5393 5394
f 5298 5395 5299
f 5298 5394 5395
f 5299 5396 5300
f 5299 5395 5396
f 5300 5397 5301
f 5300 5396 5397
f 5301 5398 5302
f 5301 5397 5398
f 5302 5399 5303
f 5302 5398 5399
f 5303 5400 5304
f 5303 5399 5400
f 5304 5401 5305
f 5304 5400 5401
f 5305 5402 5306
f 5305 5401 5402
f 5306 5403 5307
f 5306 5402 5403
f 5307 5404 5308
f 5307 5403 5404
f 5308 5405 5309
f 5308 5404 5405
f 5309 5406 5310
f 5309 5405 5406
f 5310 5407 5311
f 5310 5406 5407
f 5311 5408 5312
f 5311 5407 5408
f 5312 5409 5313
f 5312 5408 5409
f 5313 5410 5314
f 5313 5409 5410
f 5314 5411 5315
f 5314 5410 5411
f 5315 5412 5316
f 5315 5411 5412
f 5316 5413 5317
f 5316 5412 5413
f 5317 5414 5318
f 5317 5413 5414
f 5318 5415 5319
f 5318 5414 5415
f 5319 5416 5320
f 5319 5415 5416
f 5320 5417 5321
f 5320 5416 5417
f 5321 5418 5322
f 5321 5417 5418
f 5322 5419 5323
f 5322 5418 5419
f 5323 5420 5324
f 5323 5419 5420
f 5324 5421 5325
f 5324 5420 5421
f 5325 5422 5326
f 5325 5421 5422
f 5326 5423 5327
f 5326 5422 5423
f 5327 5424 5328
f 5327 5423 5424
f 5328 5425 5329
f 5328 5424 5425
f 5329 5426 5330
f 5329 5425 5426
f 5330 5427 5331
f 5330 5426 5427
f 5331 5428 5332
f 5331 5427 5428
f 5332 5429 5333
f 5332 5428 5429
f 5333 5430 5334
f 5333 5429 5430
f 5334 5431 5335
f 5334 5430 5431
f 5335 5432 5336
f 5335 5431 5432
f 5336 5433 5337
f 5336 5432 5433
f 5337 5434 5338
f 5337 5433 5434
f 5338 5435 5339
f 5338 5434 5435
f 5339 5436 5340
f 5339 5435 5436
f 5340 5437 5341
f 5340 5436 5437
f 5341 5438 5342
f 5341 5437 5438
f 5342 5439 5343
f 5342 5438 5439
f 5343 5440 5344
f 5343 5439 5440
f 5344 5441 5345
f 5344 5440 5441
f 5345 5442 5346
f 5345 5441 5442
f 5346 5443 5347
f 5346 5442 5443
f 5347 5444 5348
f 5347 5443 5444
f 5348 5445 5349
f 5348 5444 5445
f 5349 5446 5350
f 5349 5445 5446
f 5350 5447 5351
f 5350 5446 5447
f 5351 5448 5352
f 5351 5447 5448
f 5352 5449 5353
f 5352 5448 5449
f 5353 5450 5354
f 5353 5449 5450
f 5354 5451 5355
f 5354 5450 5451
f 5355 5452 5356
f 5355 5451 5452
f 5356 5453 5357
f 5356 5452 5453
f 5357 5454 5358
f 5357 5453 5454
f 5358 5455 5359
f 5358 5454 5455
f 5359 5456 5360
f 5359 5455 5456
f 5360 5457 5361
f 5360 5456 5457
f 5361 5458 5362
f 5361 5457 5458
f 5362 5459 5363
f 5362 5458 5459
f 5363 5460 5364
f 5363 5459 5460
f 5364 5461 5365
f 5364 5460 5461
f 5365 5462 5366
f 5365 5461 5462
f 5366 5463 5367
f 5366 5462 5463
f 5367 5464 5368
f 5367 5463 5464
f 5368 5465 5369
f 5368 5464 5465
f 5369 5466 5370
f 5369 5465 5466
f 5370 5467 5371
f 5370 5466 5467
f 5371 5468 5372
f 5371 5467 5468
f 5372 5469 5373
f 5372 5468 5469
f 5373 5470 5374
f 5373 5469 5470
f 5374 5471 5375
f 5374 5470 5471
f 5375 5472 5376
f 5375 5471 5472
f 5376 5473 5377
f 5376 5472 5473
f 5377 5378 5282
f 5377 5473 5378
f 5378 5475 5379
f 5378 5474 5475
f 5379 5476 5380
f 5379 5475 5476
f 5380 5477 5381
f 5380 5476 5477
f 5381 5478 5382
f 5381 5477 5478
f 5382 5479 5383
f 5382 5478 5479
f 5383 5480 5384
f 5383 5479 5480
f 5384 5481 5385
f 5384 5480 5481
f 5385 5482 5386
f 5385 5481 5482
f 5386 5483 5387
f 5386 5482 5483
f 5387 5484 5388
f 5387 5483 5484
f 5388 5485 5389
f 5388 5484 5485
f 5389 5486 5390
f 5389 5485 5486
f 5390 5487 5391
f 5390 5486 5487
f 5391 5488 5392
f 5391 5487 5488
f 5392 5489 5393
f 5392 5488 5489
f 5393 5490 5394
f 5393 5489 5490
f 5394 5491 5395
f 5394 5490 5491
f 5395 5492 5396
f 5395 5491 5492
f 5396 5493 5397
f 5396 5492 5493
f 5397 5494 5398
f 5397 5493 5494
f 5398 5495 5399
f 5398 5494 5495
f 5399 5496 5400
f 5399 5495 5496
f 5400 5497 5401
f 5400 5496 5497
f 5401 5498 5402
f 5401 5497 5498
f 5402 5499 5403
f 5402 5498 5499
f 5403 5500 5404
f 5403 5499 5500
f 5404 5501 5405
f 5404 5500 5501
f 5405 5502 5406
f 5405 5501 5502
f 5406 5503 5407
f 5406 5502 5503
f 5407 5504 5408
f 5407 5503 5504
f 5408 5505 5409
f 5408 5504 5505
f 5409 5506 5410
f 5409 5505 5506
f 5410 5507 5411
f 5410 5506 5507
f 5411 5508 5412
f 5411 5507 5508
f 5412 5509 5413
f 5412 5508 5509
f 5413 5510 5414
f 5413 5509 5510
f 5414 5511 5415
f 5414 5510 5511
f 5415 5512 5416
f 5415 5511 5512
f 5416 5513 5417
f 5416 5512 5513
f 5417 5514 5418
f 5417 5513 5514
f 5418 5515 5419
f 5418 5514 5515
f 5419 5516 5420
f 5419 5515 5516
f 5420 5517 5421
f 5420 5516 5517
f 5421 5518 5422
f 5421 5517 5518
f 5422 5519 5423
f 5422 5518 5519
f 5423 5520 5424
f 5423 5519 5520
f 5424 5521 5425
f 5424 5520 5521
f 5425 5522 5426
f 5425 5521 5522
f 5426 5523 5427
f 5426 5522 5523
f 5427 5524 5428
f 5427 5523 5524
f 5428 5525 5429
f 5428 5524 5525
f 5429 5526 5430
f 5429 5525 5526
f 5430 5527 5431
f 5430 5526 5527
f 5431 5528 5432
f 5431 5527 5528
f 5432 5529 5433
f 5432 5528 5529
f 5433 5530 5434
f 5433 5529 5530
f 5434 5531 5435
f 5434 5530 5531
f 5435 5532 5436
f 5435 5531 5532
f 5436 5533 5437
f 5436 5532 5533
f 5437 5534 5438
f 5437 5533 5534
f 5438 5535 5439
f 5438 5534 5535
f 5439 5536 5440
f 5439 5535 5536
f 5440 5537 5441
f 5440 5536 5537
f 5441 5538 5442
f 5441 5537 5538
f 5442 5539 5443
f 5442 5538 5539
f 5443 5540 5444
f 5443 5539 5540
f 5444 5541 5445
f 5444 5540 5541
f 5445 5542 5446
f 5445 5541 5542
f 5446 5543 5447
f 5446 5542 5543
f 5447 5544 5448
f 5447 5543 5544
f 5448 5545 5449
f 5448 5544 5545
f 5449 5546 5450
f 5449 5545 5546
f 5450 5547 5451
f 5450 5546 5547
f 5451 5548 5452
f 5451 5547 5548
f 5452 5549 5453
f 5452 5548 5549
f 5453 5550 5454
f 5453 5549 5550
f 5454 5551 5455
f 5454 5550 5551
f 5455 5552 5456
f 5455 5551 5552
f 5456 5553 5457
f 5456 5552 5553
f 5457 5554 5458
f 5457 5553 5554
f 5458 5555 5459
f 5458 5554 5555
f 5459 5556 5460
f 5459 5555 5556
f 5460 5557 5461
f 5460 5556 5557
f 5461 5558 5462
f 5461 5557 5558
f 5462 5559 5463
f 5462 5558 5559
f 5463 5560 5464
f 5463 5559 5560
f 5464 5561 5465
f 5464 5560 5561
f 5465 5562 5466
f 5465 5561 5562
f 5466 5563 5467
f 5466 5562 5563
f 5467 5564 5468
f 5467 5563 5564
f 5468 5565 5469
f 5468 5564 5565
f 5469 5566 5470
f 5469 5565 5566
f 5470 5567 5471
f 5470 5566 5567
f 5471 5568 5472
f 5471 5567 5568
f 5472 5569 5473
f 5472 5568 5569
f 5473 5474 5378
f 5473 5569 5474
f 5474 5571 5475
f 5474 5570 5571
f 5475 5572 5476
f 5475 5571 5572
f 5476 5573 5477
f 5476 5572 5573
f 5477 5574 5478
f 5477 5573 5574
f 5478 5575 5479
f 5478 5574 5575
f 5479 5576 5480
f 5479 5575 5576
f 5480 5577 5481
f 5480 5576 5577
f 5481 5578 5482
f 5481 5577 5578
f 5482 5579 5483
f 5482 5578 5579
f 5483 5580 5484
f 5483 5579 5580
f 5484 5581 5485
f 5484 5580 5581
f 5485 5582 5486
f 5485 5581 5582
f 5486 5583 5487
f 5486 5582 5583
f 5487 5584 5488
f 5487 5583 5584
f 5488 5585 5489
f 5488 5584 5585
f 5489 5586 5490
f 5489 5585 5586
f 5490 5587 5491
f 5490 5586 5587
f 5491 5588 5492
f 5491 5587 5588
f 5492 5589 5493
f 5492 5588 5589
f 5493 5590 5494
f 5493 5589 5590
f 5494 5591 5495
f 5494 5590 5591
f 5495 5592 5496
f 5495 5591 5592
f 5496 5593 5497
f 5496 5592 5593
f 5497 5594 5498
f 5497 5593 5594
f 5498 5595 5499
f 5498 5594 5595
f 5499 5596 5500
f 5499 5595 5596
f 5500 5597 5501
f 5500 5596 5597
f 5501 5598 5502
f 5501 5597 5598
f 5502 5599 5503
f 5502 5598 5599
f 5503 5600 5504
f 5503 5599 5600
f 5504 5601 5505
f 5504 5600 5601
f 5505 5602 5506
f 5505 5601 5602
f 5506 5603 5507
f 5506 5602 5603
f 5507 5604 5508
f 5507 5603 5604
f 5508 5605 5509
f 5508 5604 5605
f 5509 5606 5510
f 5509 5605 5606
f 5510 5607 5511
f 5510 5606 5607
f 5511 5608 5512
f 5511 5607 5608
f 5512 5609 5513
f 5512 5608 5609
f 5513 5610 5514
f 5513 5609 5610
f 5514 5611 5515
f 5514 5610 5611
f 5515 5612 5516
f 5515 5611 5612
f 5516 5613 5517
f 5516 5612 5613
f 5517 5614 5518
f 5517 5613 5614
f 5518 5615 5519
f 5518 5614 5615
f 5519 5616 5520
f 5519 5615 5616
f 5520 5617 5521
f 5520 5616 5617
f 5521 5618 5522
f 5521 5617 5618
f 5522 5619 5523
f 5522 5618 5619
f 5523 5620 5524
f 5523 5619 5620
f 5524 5621 5525
f 5524 5620 5621
f 5525 5622 5526
f 5525 5621 5622
f 5526 5623 5527
f 5526 5622 5623
f 5527 5624 5528
f 5527 5623 5624
f 5528 5625 5529
f 5528 5624 5625
f 5529 5626 5530
f 5529 5625 5626
f 5530 5627 5531
f 5530 5626 5627
f 5531 5628 5532
f 5531 5627 5628
f 5532 5629 5533
f 5532 5628 5629
f 5533 5630 5534
f 5533 5629 5630
f 5534 5631 5535
f 5534 5630 5631
f 5535 5632 5536
f 5535 5631 5632
f 5536 5633 5537
f 5536 5632 5633
f 5537 5634 5538
f 5537 5633 5634
f 5538 5635 5539
f 5538 5634 5635
f 5539 5636 5540
f 5539 5635 5636
f 5540 5637 5541
f 5540 5636 5637
f 5541 5638 5542
f 5541 5637 5638
f 5542 5639 5543
f 5542 5638 5639
f 5543 5640 5544
f 5543 5639 5640
f 5544 5641 5545
f 5544 5640 5641
f 5545 5642 5546
f 5545 5641 5642
f 5546 5643 5547
f 5546 5642 5643
f 5547 5644 5548
f 5547 5643 5644
f 5548 5645 5549
f 5548 5644 5645
f 5549 5646 5550
f 5549 5645 5646
f 5550 5647 5551
f 5550 5646 5647
f 5551 5648 5552
f 5551 5647 5648
f 5552 5649 5553
f 5552 5648 5649
f 5553 5650 5554
f 5553 5649 5650
f 5554 5651 5555
f 5554 5650 5651
f 5555 5652 5556
f 5555 5651 5652
f 5556 5653 5557
f 5556 5652 5653
f 5557 5654 5558
f 5557 5653 5654
f 5558 5655 5559
f 5558 5654 5655
f 5559 5656 5560
f 5559 5655 5656
f 5560 5657 5561
f 5560 5656 5657
f 5561 5658 5562
f 5561 5657 5658
f 5562 5659 5563
f 5562 5658 5659
f 5563 5660 5564
f 5563 5659 5660
f 5564 5661 5565
f 5564 5660 5661
f 5565 5662 5566
f 5565 5661 5662
f 5566 5663 5567
f 5566 5662 5663
f 5567 5664 5568
f 5567 5663 5664
f 5568 5665 5569
f 5568 5664 5665
f 5569 5570 5474
f 5569 5665 5570
f 5570 5667 5571
f 5570 5666 5667
f 5571 5668 5572
f 5571 5667 5668
f 5572 5669 5573
f 5572 5668 5669
f 5573 5670 5574
f 5573 5669 5670
f 5574 5671 5575
f 5574 5670 5671
f 5575 5672 5576
f 5575 5671 5672
f 5576 5673 5577
f 5576 5672 5673
f 5577 5674 5578
f 5577 5673 5674
f 5578 5675 5579
f 5578 5674 5675
f 5579 5676 5580
f 5579 5675 5676
f 5580 5677 5581
f 5580 5676 5677
f 5581 5678 5582
f 5581 5677 5678
f 5582 5679 5583
f 5582 5678 5679
f 5583 5680 5584
f 5583 5679 5680
f 5584 5681 5585
f 5584 5680 5681
f 5585 5682 5586
f 5585 5681 5682
f 5586 5683 5587
f 5586 5682 5683
f 5587 5684 5588
f 5587 5683 5684
f 5588 5685 5589
f 5588 5684 5685
f 5589 5686 5590
f 5589 5685 5686
f 5590 5687 5591
f 5590 5686 5687
f 5591 5688 5592
f 5591 5687 5688
f 5592 5689 5593
f 5592 5688 5689
f 5593 5690 5594
f 5593 5689 5690
f 5594 5691 5595
f 5594 5690 5691
f 5595 5692 5596
f 5595 5691 5692
f 5596 5693 5597
f 5596 5692 5693
f 5597 5694 5598
f 5597 5693 5694
f 5598 5695 5599
f 5598 5694 5695
f 5599 5696 5600
f 5599 5695 5696
f 5600 5697 5601
f 5600 5696 5697
f 5601 5698 5602
f 5601 5697 5698
f 5602 5699 5603
f 5602 5698 5699
f 5603 5700 5604
f 5603 5699 5700
f 5604 5701 5605
f 5604 5700 5701
f 5605 5702 5606
f 5605 5701 5702
f 5606 5703 5607
f 5606 5702 5703
f 5607 5704 5608
f 5607 5703 5704
f 5608 5705 5609
f 5608 5704 5705
f 5609 5706 5610
f 5609 5705 5706
f 5610 5707 5611
f 5610 5706 5707
f 5611 5708 5612
f 5611 5707 5708
f 5612 5709 5613
f 5612 5708 5709
f 5613 5710 5614
f 5613 5709 5710
f 5614 5711 5615
f 5614 5710 5711
f 5615 5712 5616
f 5615 5711 5712
f 5616 5713 5617
f 5616 5712 5713
f 5617 5714 5618
f 5617 5713 5714
f 5618 5715 5619
f 5618 5714 5715
f 5619 5716 5620
f 5619 5715 5716
f 5620 5717 5621
f 5620 5716 5717
f 5621 5718 5622
f 5621 5717 5718
f 5622 5719 5623
f 5622 5718 5719
f 5623 5720 5624
f 5623 5719 5720
f 5624 5721 5625
f 5624 5720 5721
f 5625 5722 5626
f 5625 5721 5722
f 5626 5723 5627
f 5626 5722 5723
f 5627 5724 5628
f 5627 5723 5724
f 5628 5725 5629
f 5628 5724 5725
f 5629 5726 5630
f 5629 5725 5726
f 5630 5727 5631
f 5630 5726 5727
f 5631 5728 5632
f 5631 5727 5728
f 5632 5729 5633
f 5632 5728 5729
f 5633 5730 5634
f 5633 5729 5730
f 5634 5731 5635
f 5634 5730 5731
f 5635 5732 5636
f 5635 5731 5732
f 5636 5733 5637
f 5636 5732 5733
f 5637 5734 5638
f 5637 5733 5734
f 5638 5735 5639
f 5638 5734 5735
f 5639 5736 5640
f 5639 5735 5736
f 5640 5737 5641
f 5640 5736 5737
f 5641 5738 5642
f 5641 5737 5738
f 5642 5739 5643
f 5642 5738 5739
f 5643 5740 5644
f 5643 5739 5740
f 5644 5741 5645
f 5644 5740 5741
f 5645 5742 5646
f 5645 5741 5742
f 5646 5743 5647
f 5646 5742 5743
f 5647 5744 5648
f 5647 5743 5744
f 5648 5745 5649
f 5648 5744 5745
f 5649 5746 5650
f 5649 5745 5746
f 5650 5747 5651
f 5650 5746 5747
f 5651 5748 5652
f 5651 5747 5748
f 5652 5749 5653
f 5652 5748 5749
f 5653 5750 5654
f 5653 5749 5750
f 5654 5751 5655
f 5654 5750 5751
f 5655 5752 5656
f 5655 5751 5752
f 5656 5753 5657
f 5656 5752 5753
f 5657 5754 5658
f 5657 5753 5754
f 5658 5755 5659
f 5658 5754 5755
f 5659 5756 5660
f 5659 5755 5756
f 5660 5757 5661
f 5660 5756 5757
f 5661 5758 5662
f 5661 5757 5758
f 5662 5759 5663
f 5662 5758 5759
f 5663 5760 5664
f 5663 5759 5760
f 5664 5761 5665
f 5664 5760 5761
f 5665 5666 5570
f 5665 5761 5666
f 5666 5763 5667
f 5666 5762 5763
f 5667 5764 5668
f 5667 5763 5764
f 5668 5765 5669
f 5668 5764 5765
f 5669 5766 5670
f 5669 5765 5766
f 5670 5767 5671
f 5670 5766 5767
f 5671 5768 5672
f 5671 5767 5768
f 5672 5769 5673
f 5672 5768 5769
f 5673 5770 5674
f 5673 5769 5770
f 5674 5771 5675
f 5674 5770 5771
f 5675 5772 5676
f 5675 5771 5772
f 5676 5773 5677
f 5676 5772 5773
f 5677 5774 5678
f 5677 5773 5774
f 5678 5775 5679
f 5678 5774 5775
f 5679 5776 5680
f 5679 5775 5776
f 5680 5777 5681
f 5680 5776 5777
f 5681 5778 5682
f 5681 5777 5778
f 5682 5779 5683
f 5682 5778 5779
f 5683 5780 5684
f 5683 5779 5780
f 5684 5781 5685
f 5684 5780 5781
f 5685 5782 5686
f 5685 5781 5782
f 5686 5783 5687
f 5686 5782 5783
f 5687 5784 5688
f 5687 5783 5784
f 5688 5785 5689
f 5688 5784 5785
f 5689 5786 5690
f 5689 5785 5786
f 5690 5787 5691
f 5690 5786 5787
f 5691 5788 5692
f 5691 5787 5788
f 5692 5789 5693
f 5692 5788 5789
f 5693 5790 5694
f 5693 5789 5790
f 5694 5791 5695
f 5694 5790 5791
f 5695 5792 5696
f 5695 5791 5792
f 5696 5793 5697
f 5696 5792 5793
f 5697 5794 5698
f 5697 5793 5794
f 5698 5795 5699
f 5698 5794 5795
f 5699 5796 5700
f 5699 5795 5796
f 5700 5797 5701
f 5700 5796 5797
f 5701 5798 5702
f 5701 5797 5798
f 5702 5799 5703
f 5702 5798 5799
f 5703 5800 5704
f 5703 5799 5800
f 5704 5801 5705
f 5704 5800 5801
f 5705 5802 5706
f 5705 5801 5802
f 5706 5803 5707
f 5706 5802 5803
f 5707 5804 5708
f 5707 5803 5804
f 5708 5805 5709
f 5708 5804 5805
f 5709 5806 5710
f 5709 5805 5806
f 5710 5807 5711
f 5710 5806 5807
f 5711 5808 5712
f 5711 5807 5808
f 5712 5809 5713
f 5712 5808 5809
f 5713 5810 5714
f 5713 5809 5810
f 5714 5811 5715
f 5714 5810 5811
f 5715 5812 5716
f 5715 5811 5812
f 5716 5813 5717
f 5716 5812 5813
f 5717 5814 5718
f 5717 5813 5814
f 5718 5815 5719
f 5718 5814 5815
f 5719 5816 5720
f 5719 5815 5816
f 5720 5817 5721
f 5720 5816 5817
f 5721 5818 5722
f 5721 5817 5818
f 5722 5819 5723
f 5722 5818 5819
f 5723 5820 5724
f 5723 5819 5820
f 5724 5821 5725
f 5724 5820 5821
f 5725 5822 5726
f 5725 5821 5822
f 5726 5823 5727
f 5726 5822 5823
f 5727 5824 5728
f 5727 5823 5824
f 5728 5825 5729
f 5728 5824 5825
f 5729 5826 5730
f 5729 5825 5826
f 5730 5827 5731
f 5730 5826 5827
f 5731 5828 5732
f 5731 5827 5828
f 5732 5829 5733
f 5732 5828 5829
f 5733 5830 5734
f 5733 5829 5830
f 5734 5831 5735
f 5734 5830 5831
f 5735 5832 5736
f 5735 5831 5832
f 5736 5833 5737
f 5736 5832 5833
f 5737 5834 5738
f 5737 5833 5834
f 5738 5835 5739
f 5738 5834 5835
f 5739 5836 5740
f 5739 5835 5836
f 5740 5837 5741
f 5740 5836 5837
f 5741 5838 5742
f 5741 5837 5838
f 5742 5839 5743
f 5742 5838 5839
f 5743 5840 5744
f 5743 5839 5840
f 5744 5841 5745
f 5744 5840 5841
f 5745 5842 5746
f 5745 5841 5842
f 5746 5843 5747
f 5746 5842 5843
f 5747 5844 5748
f 5747 5843 5844
f 5748 5845 5749
f 5748 5844 5845
f 5749 5846 5750
f 5749 5845 5846
f 5750 5847 5751
f 5750 5846 5847
f 5751 5848 5752
f 5751 5847 5848
f 5752 5849 5753
f 5752 5848 5849
f 5753 5850 5754
f 5753 5849 5850
f 5754 5851 5755
f 5754 5850 5851
f 5755 5852 5756
f 5755 5851 5852
f 5756 5853 5757
f 5756 5852 5853
f 5757 5854 5758
f 5757 5853 5854
f 5758 5855 5759
f 5758 5854 5855
f 5759 5856 5760
f 5759 5855 5856
f 5760 5857 5761
f 5760 5856 5857
f 5761 5762 5666
f 5761 5857 5762
f 5762 5859 5763
f 5762 5858 5859
f 5763 5860 5764
f 5763 5859 5860
f 5764 5861 5765
f 5764 5860 5861
f 5765 5862 5766
f 5765 5861 5862
f 5766 5863 5767
f 5766 5862 5863
f 5767 5864 5768
f 5767 5863 5864
f 5768 5865 5769
f 5768 5864 5865
f 5769 5866 5770
f 5769 5865 5866
f 5770 5867 5771
f 5770 5866 5867
f 5771 5868 5772
f 5771 5867 5868
f 5772 5869 5773
f 5772 5868 5869
f 5773 5870 5774
f 5773 5869 5870
f 5774 5871 5775
f 5774 5870 5871
f 5775 5872 5776
f 5775 5871 5872
f 5776 5873 5777
f 5776 5872 5873
f 5777 5874 5778
f 5777 5873 5874
f 5778 5875 5779
f 5778 5874 5875
f 5779 5876 5780
f 5779 5875 5876
f 5780 5877 5781
f 5780 5876 5877
f 5781 5878 5782
f 5781 5877 5878
f 5782 5879 5783
f 5782 5878 5879
f 5783 5880 5784
f 5783 5879 5880
f 5784 5881 5785
f 5784 5880 5881
f 5785 5882 5786
f 5785 5881 5882
f 5786 5883 5787
f 5786 5882 5883
f 5787 5884 5788
f 5787 5883 5884
f 5788 5885 5789
f 5788 5884 5885
f 5789 5886 5790
f 5789 5885 5886
f 5790 5887 5791
f 5790 5886 5887
f 5791 5888 5792
f 5791 5887 5888
f 5792 5889 5793
f 5792 5888 5889
f 5793 5890 5794
f 5793 5889 5890
f 5794 5891 5795
f 5794 5890 5891
f 5795 5892 5796
f 5795 5891 5892
f 5796 5893 5797
f 5796 5892 5893
f 5797 5894 5798
f 5797 5893 5894
f 5798 5895 5799
f 5798 5894 5895
f 5799 5896 5800
f 5799 5895 5896
f 5800 5897 5801
f 5800 5896 5897
f 5801 5898 5802
f 5801 5897 5898
f 5802 5899 5803
f 5802 5898 5899
f 5803 5900 5804
f 5803 5899 5900
f 5804 5901 5805
f 5804 5900 5901
f 5805 5902 5806
f 5805 5901 5902
f 5806 5903 5807
f 5806 5902 5903
f 5807 5904 5808
f 5807 5903 5904
f 5808 5905 5809
f 5808 5904 5905
f 5809 5906 5810
f 5809 5905 5906
f 5810 5907 5811
f 5810 5906 5907
f 5811 5908 5812
f 5811 5907 5908
f 5812 5909 5813
f 5812 5908 5909
f 5813 5910 5814
f 5813 5909 5910
f 5814 5911 5815
f 5814 5910 5911
f 5815 5912 5816
f 5815 5911 5912
f 5816 5913 5817
f 5816 5912 5913
f 5817 5914 5818
f 5817 5913 5914
f 5818 5915 5819
f 5818 5914 5915
f 5819 5916 5820
f 5819 5915 5916
f 5820 5917 5821
f 5820 5916 5917
f 5821 5918 5822
f 5821 5917 5918
f 5822 5919 5823
f 5822 5918 5919
f 5823 5920 5824
f 5823 5919 5920
f 5824 5921 5825
f 5824 5920 5921
f 5825 5922 5826
f 5825 5921 5922
f 5826 5923 5827
f 5826 5922 5923
f 5827 5924 5828
f 5827 5923 5924
f 5828 5925 5829
f 5828 5924 5925
f 5829 5926 5830
f 5829 5925 5926
f 5830 5927 5831
f 5830 5926 5927
f 5831 5928 5832
f 5831 5927 5928
f 5832 5929 5833
f 5832 5928 5929
f 5833 5930 5834
f 5833 5929 5930
f 5834 5931 5835
f 5834 5930 5931
f 5835 5932 5836
f 5835 5931 5932
f 5836 5933 5837
f 5836 5932 5933
f 5837 5934 5838
f 5837 5933 5934
f 5838 5935 5839
f 5838 5934 5935
f 5839 5936 5840
f 5839 5935 5936
f 5840 5937 5841
f 5840 5936 5937
f 5841 5938 5842
f 5841 5937 5938
f 5842 5939 5843
f 5842 5938 5939
f 5843 5940 5844
f 5843 5939 5940
f 5844 5941 5845
f 5844 5940 5941
f 5845 5942 5846
f 5845 5941 5942
f 5846 5943 5847
f 5846 5942 5943
f 5847 5944 5848
f 5847 5943 5944
f 5848 5945 5849
f 5848 5944 5945
f 5849 5946 5850
f 5849 5945 5946
f 5850 5947 5851
f 5850 5946 5947
f 5851 5948 5852
f 5851 5947 5948
f 5852 5949 5853
f 5852 5948 5949
f 5853 5950 5854
f 5853 5949 5950
f 5854 5951 5855
f 5854 5950 5951
f 5855 5952 5856
f 5855 5951 5952
f 5856 5953 5857
f 5856 5952 5953
f 5857 5858 5762
f 5857 5953 5858
f 5858 5955 5859
f 5858 5954 5955
f 5859 5956 5860
f 5859 5955 5956
f 5860 5957 5861
f 5860 5956 5957
f 5861 5958 5862
f 5861 5957 5958
f 5862 5959 5863
f 5862 5958 5959
f 5863 5960 5864
f 5863 5959 5960
f 5864 5961 5865
f 5864 5960 5961
f 5865 5962 5866
f 5865 5961 5962
f 5866 5963 5867
f 5866 5962 5963
f 5867 5964 5868
f 5867 5963 5964
f 5868 5965 5869
f 5868 5964 5965
f 5869 5966 5870
f 5869 5965 5966
f 5870 5967 5871
f 5870 5966 5967
f 5871 5968 5872
f 5871 5967 5968
f 5872 5969 5873
f 5872 5968 5969
f 5873 5970 5874
f 5873 5969 5970
f 5874 5971 5875
f 5874 5970 5971
f 5875 5972 5876
f 5875 5971 5972
f 5876 5973 5877
f 5876 5972 5973
f 5877 5974 5878
f 5877 5973 5974
f 5878 5975 5879
f 5878 5974 5975
f 5879 5976 5880
f 5879 5975 5976
f 5880 5977 5881
f 5880 5976 5977
f 5881 5978 5882
f 5881 5977 5978
f 5882 5979 5883
f 5882 5978 5979
f 5883 5980 5884
f 5883 5979 5980
f 5884 5981 5885
f 5884 5980 5981
f 5885 5982 5886
f 5885 5981 5982
f 5886 5983 5887
f 5886 5982 5983
f 5887 5984 5888
f 5887 5983 5984
f 5888 5985 5889
f 5888 5984 5985
f 5889 5986 5890
f 5889 5985 5986
f 5890 5987 5891
f 5890 5986 5987
f 5891 5988 5892
f 5891 5987 5988
f 5892 5989 5893
f 5892 5988 5989
f 5893 5990 5894
f 5893 5989 5990
f 5894 5991 5895
f 5894 5990 5991
f 5895 5992 5896
f 5895 5991 5992
f 5896 5993 5897
f 5896 5992 5993
f 5897 5994 5898
f 5897 5993 5994
f 5898 5995 5899
f 5898 5994 5995
f 5899 5996 5900
f 5899 5995 5996
f 5900 5997 5901
f 5900 5996 5997
f 5901 5998 5902
f 5901 5997 5998
f 5902 5999 5903
f 5902 5998 5999
f 5903 6000 5904
f 5903 5999 6000
f 5904 6001 5905
f 5904 6000 6001
f 5905 6002 5906
f 5905 6001 6002
f 5906 6003 5907
f 5906 6002 6003
f 5907 6004 5908
f 5907 6003 6004
f 5908 6005 5909
f 5908 6004 6005
f 5909 6006 5910
f 5909 6005 6006
f 5910 6007 5911
f 5910 6006 6007
f 5911 6008 5912
f 5911 6007 6008
f 5912 6009 5913
f 5912 6008 6009
f 5913 6010 5914
f 5913 6009 6010
f 5914 6011 5915
f 5914 6010 6011
f 5915 6012 5916
f 5915 6011 6012
f 5916 6013 5917
f 5916 6012 6013
f 5917 6014 5918
f 5917 6013 6014
f 5918 6015 5919
f 5918 6014 6015
f 5919 6016 5920
f 5919 6015 6016
f 5920 6017 5921
f 5920 6016 6017
f 5921 6018 5922
f 5921 6017 6018
f 5922 6019 5923
f 5922 6018 6019
f 5923 6020 5924
f 5923 6019 6020
f 5924 6021 5925
f 5924 6020 6021
f 5925 6022 5926
f 5925 6021 6022
f 5926 6023 5927
f 5926 6022 6023
f 5927 6024 5928
f 5927 6023 6024
f 5928 6025 5929
f 5928 6024 6025
f 5929 6026 5930
f 5929 6025 6026
f 5930 6027 5931
f 5930 6026 6027
f 5931 6028 5932
f 5931 6027 6028
f 5932 6029 5933
f 5932 6028 6029
f 5933 6030 5934
f 5933 6029 6030
f 5934 6031 5935
f 5934 6030 6031
f 5935 6032 5936
f 5935 6031 6032
f 5936 6033 5937
f 5936 6032 6033
f 5937 6034 5938
f 5937 6033 6034
f 5938 6035 5939
f 5938 6034 6035
f 5939 6036 5940
f 5939 6035 6036
f 5940 6037 5941
f 5940 6036 6037
f 5941 6038 5942
f 5941 6037 6038
f 5942 6039 5943
f 5942 6038 6039
f 5943 6040 5944
f 5943 6039 6040
f 5944 6041 5945
f 5944 6040 6041
f 5945 6042 5946
f 5945 6041 6042
f 5946 6043 5947
f 5946 6042 6043
f 5947 6044 5948
f 5947 6043 6044
f 5948 6045 5949
f 5948 6044 6045
f 5949 6046 5950
f 5949 6045 6046
f 5950 6047 5951
f 5950 6046 6047
f 5951 6048 5952
f 5951 6047 6048
f 5952 6049 5953
f 5952 6048 6049
f 5953 5954 5858
f 5953 6049 5954
f 5954 6051 5955
f 5954 6050 6051
f 5955 6052 5956
f 5955 6051 6052
f 5956 6053 5957
f 5956 6052 6053
f 5957 6054 5958
f 5957 6053 6054
f 5958 6055 5959
f 5958 6054 6055
f 5959 6056 5960
f 5959 6055 6056
f 5960 6057 5961
f 5960 6056 6057
f 5961 6058 5962
f 5961 6057 6058
f 5962 6059 5963
f 5962 6058 6059
f 5963 6060 5964
f 5963 6059 6060
f 5964 6061 5965
f 5964 6060 6061
f 5965 6062 5966
f 5965 6061 6062
f 5966 6063 5967
f 5966 6062 6063
f 5967 6064 5968
f 5967 6063 6064
f 5968 6065 5969
f 5968 6064 6065
f 5969 6066 5970
f 5969 6065 6066
f 5970 6067 5971
f 5970 6066 6067
f 5971 6068 5972
f 5971 6067 6068
f 5972 6069 5973
f 5972 6068 6069
f 5973 6070 5974
f 5973 6069 6070
f 5974 6071 5975
f 5974 6070 6071
f 5975 6072 5976
f 5975 6071 6072
f 5976 6073 5977
f 5976 6072 6073
f 5977 6074 5978
f 5977 6073 6074
f 5978 6075 5979
f 5978 6074 6075
f 5979 6076 5980
f 5979 6075 6076
f 5980 6077 5981
f 5980 6076 6077
f 5981 6078 5982
f 5981 6077 6078
f 5982 6079 5983
f 5982 6078 6079
f 5983 6080 5984
f 5983 6079 6080
f 5984 6081 5985
f 5984 6080 6081
f 5985 6082 5986
f 5985 6081 6082
f 5986 6083 5987
f 5986 6082 6083
f 5987 6084 5988
f 5987 6083 6084
f 5988 6085 5989
f 5988 6084 6085
f 5989 6086 5990
f 5989 6085 6086
f 5990 6087 5991
f 5990 6086 6087
f 5991 6088 5992
f 5991 6087 6088
f 5992 6089 5993
f 5992 6088 6089
f 5993 6090 5994
f 5993 6089 6090
f 5994 6091 5995
f 5994 6090 6091
f 5995 6092 5996
f 5995 6091 6092
f 5996 6093 5997
f 5996 6092 6093
f 5997 6094 5998
f 5997 6093 6094
f 5998 6095 5999
f 5998 6094 6095
f 5999 6096 6000
f 5999 6095 6096
f 6000 6097 6001
f 6000 6096 6097
f 6001 6098 6002
f 6001 6097 6098
f 6002 6099 6003
f 6002 6098 6099
f 6003 6100 6004
f 6003 6099 6100
f 6004 6101 6005
f 6004 6100 6101
f 6005 6102 6006
f 6005 6101 6102
f 6006 6103 6007
f 6006 6102 6103
f 6007 6104 6008
f 6007 6103 6104
f 6008 6105 6009
f 6008 6104 6105
f 6009 6106 6010
f 6009 6105 6106
f 6010 6107 6011
f 6010 6106 6107
f 6011 6108 6012
f 6011 6107 6108
f 6012 6109 6013
f 6012 6108 6109
f 6013 6110 6014
f 6013 6109 6110
f 6014 6111 6015
f 6014 6110 6111
f 6015 6112 6016
f 6015 6111 6112
f 6016 6113 6017
f 6016 6112 6113
f 6017 6114 6018
f 6017 6113 6114
f 6018 6115 6019
f 6018 6114 6115
f 6019 6116 6020
f 6019 6115 6116
f 6020 6117 6021
f 6020 6116 6117
f 6021 6118 6022
f 6021 6117 6118
f 6022 6119 6023
f 6022 6118 6119
f 6023 6120 6024
f 6023 6119 6120
f 6024 6121 6025
f 6024 6120 6121
f 6025 6122 6026
f 6025 6121 6122
f 6026 6123 6027
f 6026 6122 6123
f 6027 6124 6028
f 6027 6123 6124
f 6028 6125 6029
f 6028 6124 6125
f 6029 6126 6030
f 6029 6125 6126
f 6030 6127 6031
f 6030 6126 6127
f 6031 6128 6032
f 6031 6127 6128
f 6032 6129 6033
f 6032 6128 6129
f 6033 6130 6034
f 6033 6129 6130
f 6034 6131 6035
f 6034 6130 6131
f 6035 6132 6036
f 6035 6131 6132
f 6036 6133 6037
f 6036 6132 6133
f 6037 6134 6038
f 6037 6133 6134
f 6038 6135 6039
f 6038 6134 6135
f 6039 6136 6040
f 6039 6135 6136
f 6040 6137 6041
f 6040 6136 6137
f 6041 6138 6042
f 6041 6137 6138
f 6042 6139 6043
f 6042 6138 6139
f 6043 6140 6044
f 6043 6139 6140
f 6044 6141 6045
f 6044 6140 6141
f 6045 6142 6046
f 6045 6141 6142
f 6046 6143 6047
f 6046 6142 6143
f 6047 6144 6048
f 6047 6143 6144
f 6048 6145 6049
f 6048 6144 6145
f 6049 6050 5954
f 6049 6145 6050
f 6050 6147 6051
f 6050 6146 6147
f 6051 6148 6052
f 6051 6147 6148
f 6052 6149 6053
f 6052 6148 6149
f 6053 6150 6054
f 6053 6149 6150
f 6054 6151 6055
f 6054 6150 6151
f 6055 6152 6056
f 6055 6151 6152
f 6056 6153 6057
f 6056 6152 6153
f 6057 6154 6058
f 6057 6153 6154
f 6058 6155 6059
f 6058 6154 6155
f 6059 6156 6060
f 6059 6155 6156
f 6060 6157 6061
f 6060 6156 6157
f 6061 6158 6062
f 6061 6157 6158
f 6062 6159 6063
f 6062 6158 6159
f 6063 6160 6064
f 6063 6159 6160
f 6064 6161 6065
f 6064 6160 6161
f 6065 6162 6066
f 6065 6161 6162
f 6066 6163 6067
f 6066 6162 6163
f 6067 6164 6068
f 6067 6163 6164
f 6068 6165 6069
f 6068 6164 6165
f 6069 6166 6070
f 6069 6165 6166
f 6070 6167 6071
f 6070 6166 6167
f 6071 6168 6072
f 6071 6167 6168
f 6072 6169 6073
f 6072 6168 6169
f 6073 6170 6074
f 6073 6169 6170
f 6074 6171 6075
f 6074 6170 6171
f 6075 6172 6076
f 6075 6171 6172
f 6076 6173 6077
f 6076 6172 6173
f 6077 6174 6078
f 6077 6173 6174
f 6078 6175 6079
f 6078 6174 6175
f 6079 6176 6080
f 6079 6175 6176
f 6080 6177 6081
f 6080 6176 6177
f 6081 6178 6082
f 6081 6177 6178
f 6082 6179 6083
f 6082 6178 6179
f 6083 6180 6084
f 6083 6179 6180
f 6084 6181 6085
f 6084 6180 6181
f 6085 6182 6086
f 6085 6181 6182
f 6086 6183 6087
f 6086 6182 6183
f 6087 6184 6088
f 6087 6183 6184
f 6088 6185 6089
f 6088 6184 6185
f 6089 6186 6090
f 6089 6185 6186
f 6090 6187 6091
f 6090 6186 6187
f 6091 6188 6092
f 6091 6187 6188
f 6092 6189 6093
f 6092 6188 6189
f 6093 6190 6094
f 6093 6189 6190
f 6094 6191 6095
f 6094 6190 6191
f 6095 6192 6096
f 6095 6191 6192
f 6096 6193 6097
f 6096 6192 6193
f 6097 6194 6098
f 6097 6193 6194
f 6098 6195 6099
f 6098 6194 6195
f 6099 6196 6100
f 6099 6195 6196
f 6100 6197 6101
f 6100 6196 6197
f 6101 6198 6102
f 6101 6197 6198
f 6102 6199 6103
f 6102 6198 6199
f 6103 6200 6104
f 6103 6199 6200
f 6104 6201 6105
f 6104 6200 6201
f 6105 6202 6106
f 6105 6201 6202
f 6106 6203 6107
f 6106 6202 6203
f 6107 6204 6108
f 6107 6203 6204
f 6108 6205 6109
f 6108 6204 6205
f 6109 6206 6110
f 6109 6205 6206
f 6110 6207 6111
f 6110 6206 6207
f 6111 6208 6112
f 6111 6207 6208
f 6112 6209 6113
f 6112 6208 6209
f 6113 6210 6114
f 6113 6209 6210
f 6114 6211 6115
f 6114 6210 6211
f 6115 6212 6116
f 6115 6211 6212
f 6116 6213 6117
f 6116 6212 6213
f 6117 6214 6118
f 6117 6213 6214
f 6118 6215 6119
f 6118 6214 6215
f 6119 6216 6120
f 6119 6215 6216
f 6120 6217 6121
f 6120 6216 6217
f 6121 6218 6122
f 6121 6217 6218
f 6122 6219 6123
f 6122 6218 6219
f 6123 6220 6124
f 6123 6219 6220
f 6124 6221 6125
f 6124 6220 6221
f 6125 6222 6126
f 6125 6221 6222
f 6126 6223 6127
f 6126 6222 6223
f 6127 6224 6128
f 6127 6223 6224
f 6128 6225 6129
f 6128 6224 6225
f 6129 6226 6130
f 6129 6225 6226
f 6130 6227 6131
f 6130 6226 6227
f 6131 6228 6132
f 6131 6227 6228
f 6132 6229 6133
f 6132 6228 6229
f 6133 6230 6134
f 6133 6229 6230
f 6134 6231 6135
f 6134 6230 6231
f 6135 6232 6136
f 6135 6231 6232
f 6136 6233 6137
f 6136 6232 6233
f 6137 6234 6138
f 6137 6233 6234
f 6138 6235 6139
f 6138 6234 6235
f 6139 6236 6140
f 6139 6235 6236
f 6140 6237 6141
f 6140 6236 6237
f 6141 6238 6142
f 6141 6237 6238
f 6142 6239 6143
f 6142 6238 6239
f 6143 6240 6144
f 6143 6239 6240
f 6144 6241 6145
f 6144 6240 6241
f 6145 6146 6050
f 6145 6241 6146
f 6146 6243 6147
f 6146 6242 6243
f 6147 6244 6148
f 6147 6243 6244
f 6148 6245 6149
f 6148 6244 6245
f 6149 6246 6150
f 6149 6245 6246
f 6150 6247 6151
f 6150 6246 6247
f 6151 6248 6152
f 6151 6247 6248
f 6152 6249 6153
f 6152 6248 6249
f 6153 6250 6154
f 6153 6249 6250
f 6154 6251 6155
f 6154 6250 6251
f 6155 6252 6156
f 6155 6251 6252
f 6156 6253 6157
f 6156 6252 6253
f 6157 6254 6158
f 6157 6253 6254
f 6158 6255 6159
f 6158 6254 6255
f 6159 6256 6160
f 6159 6255 6256
f 6160 6257 6161
f 6160 6256 6257
f 6161 6258 6162
f 6161 6257 6258
f 6162 6259 6163
f 6162 6258 6259
f 6163 6260 6164
f 6163 6259 6260
f 6164 6261 6165
f 6164 6260 6261
f 6165 6262 6166
f 6165 6261 6262
f 6166 6263 6167
f 6166 6262 6263
f 6167 6264 6168
f 6167 6263 6264
f 6168 6265 6169
f 6168 6264 6265
f 6169 6266 6170
f 6169 6265 6266
f 6170 6267 6171
f 6170 6266 6267
f 6171 6268 6172
f 6171 6267 6268
f 6172 6269 6173
f 6172 6268 6269
f 6173 6270 6174
f 6173 6269 6270
f 6174 6271 6175
f 6174 6270 6271
f 6175 6272 6176
f 6175 6271 6272
f 6176 6273 6177
f 6176 6272 6273
f 6177 6274 6178
f 6177 6273 6274
f 6178 6275 6179
f 6178 6274 6275
f 6179 6276 6180
f 6179 6275 6276
f 6180 6277 6181
f 6180 6276 6277
f 6181 6278 6182
f 6181 6277 6278
f 6182 6279 6183
f 6182 6278 6279
f 6183 6280 6184
f 6183 6279 6280
f 6184 6281 6185
f 6184 6280 6281
f 6185 6282 6186
f 6185 6281 6282
f 6186 6283 6187
f 6186 6282 6283
f 6187 6284 6188
f 6187 6283 6284
f 6188 6285 6189
f 6188 6284 6285
f 6189 6286 6190
f 6189 6285 6286
f 6190 6287 6191
f 6190 6286 6287
f 6191 6288 6192
f 6191 6287 6288
f 6192 6289 6193
f 6192 6288 6289
f 6193 6290 6194
f 6193 6289 6290
f 6194 6291 6195
f 6194 6290 6291
f 6195 6292 6196
f 6195 6291 6292
f 6196 6293 6197
f 6196 6292 6293
f 6197 6294 6198
f 6197 6293 6294
f 6198 6295 6199
f 6198 6294 6295
f 6199 6296 6200
f 6199 6295 6296
f 6200 6297 6201
f 6200 6296 6297
f 6201 6298 6202
f 6201 6297 6298
f 6202 6299 6203
f 6202 6298 6299
f 6203 6300 6204
f 6203 6299 6300
f 6204 6301 6205
f 6204 6300 6301
f 6205 6302 6206
f 6205 6301 6302
f 6206 6303 6207
f 6206 6302 6303
f 6207 6304 6208
f 6207 6303 6304
f 6208 6305 6209
f 6208 6304 6305
f 6209 6306 6210
f 6209 6305 6306
f 6210 6307 6211
f 6210 6306 6307
f 6211 6308 6212
f 6211 6307 6308
f 6212 6309 6213
f 6212 6308 6309
f 6213 6310 6214
f 6213 6309 6310
f 6214 6311 6215
f 6214 6310 6311
f 6215 6312 6216
f 6215 6311 6312
f 6216 6313 6217
f 6216 6312 6313
f 6217 6314 6218
f 6217 6313 6314
f 6218 6315 6219
f 6218 6314 6315
f 6219 6316 6220
f 6219 6315 6316
f 6220 6317 6221
f 6220 6316 6317
f 6221 6318 6222
f 6221 6317 6318
f 6222 6319 6223
f 6222 6318 6319
f 6223 6320 6224
f 6223 6319 6320
f 6224 6321 6225
f 6224 6320 6321
f 6225 6322 6226
f 6225 6321 6322
f 6226 6323 6227
f 6226 6322 6323
f 6227 6324 6228
f 6227 6323 6324
f 6228 6325 6229
f 6228 6324 6325
f 6229 6326 6230
f 6229 6325 6326
f 6230 6327 6231
f 6230 6326 6327
f 6231 6328 6232
f 6231 6327 6328
f 6232 6329 6233
f 6232 6328 6329
f 6233 6330 6234
f 6233 6329 6330
f 6234 6331 6235
f 6234 6330 6331
f 6235 6332 6236
f 6235 6331 6332
f 6236 6333 6237
f 6236 6332 6333
f 6237 6334 6238
f 6237 6333 6334
f 6238 6335 6239
f 6238 6334 6335
f 6239 6336 6240
f 6239 6335 6336
f 6240 6337 6241
f 6240 6336 6337
f 6241 6242 6146
f 6241 6337 6242
f 6242 6339 6243
f 6242 6338 6339
f 6243 6340 6244
f 6243 6339 6340
f 6244 6341 6245
f 6244 6340 6341
f 6245 6342 6246
f 6245 6341 6342
f 6246 6343 6247
f 6246 6342 6343
f 6247 6344 6248
f 6247 6343 6344
f 6248 6345 6249
f 6248 6344 6345
f 6249 6346 6250
f 6249 6345 6346
f 6250 6347 6251
f 6250 6346 6347
f 6251 6348 6252
f 6251 6347 6348
f 6252 6349 6253
f 6252 6348 6349
f 6253 6350 6254
f 6253 6349 6350
f 6254 6351 6255
f 6254 6350 6351
f 6255 6352 6256
f 6255 6351 6352
f 6256 6353 6257
f 6256 6352 6353
f 6257 6354 6258
f 6257 6353 6354
f 6258 6355 6259
f 6258 6354 6355
f 6259 6356 6260
f 6259 6355 6356
f 6260 6357 6261
f 6260 6356 6357
f 6261 6358 6262
f 6261 6357 6358
f 6262 6359 6263
f 6262 6358 6359
f 6263 6360 6264
f 6263 6359 6360
f 6264 6361 6265
f 6264 6360 6361
f 6265 6362 6266
f 6265 6361 6362
f 6266 6363 6267
f 6266 6362 6363
f 6267 6364 6268
f 6267 6363 6364
f 6268 6365 6269
f 6268 6364 6365
f 6269 6366 6270
f 6269 6365 6366
f 6270 6367 6271
f 6270 6366 6367
f 6271 6368 6272
f 6271 6367 6368
f 6272 6369 6273
f 6272 6368 6369
f 6273 6370 6274
f 6273 6369 6370
f 6274 6371 6275
f 6274 6370 6371
f 6275 6372 6276
f 6275 6371 6372
f 6276 6373 6277
f 6276 6372 6373
f 6277 6374 6278
f 6277 6373 6374
f 6278 6375 6279
f 6278 6374 6375
f 6279 6376 6280
f 6279 6375 6376
f 6280 6377 6281
f 6280 6376 6377
f 6281 6378 6282
f 6281 6377 6378
f 6282 6379 6283
f 6282 6378 6379
f 6283 6380 6284
f 6283 6379 6380
f 6284 6381 6285
f 6284 6380 6381
f 6285 6382 6286
f 6285 6381 6382
f 6286 6383 6287
f 6286 6382 6383
f 6287 6384 6288
f 6287 6383 6384
f 6288 6385 6289
f 6288 6384 6385
f 6289 6386 6290
f 6289 6385 6386
f 6290 6387 6291
f 6290 6386 6387
f 6291 6388 6292
f 6291 6387 6388
f 6292 6389 6293
f 6292 6388 6389
f 6293 6390 6294
f 6293 6389 6390
f 6294 6391 6295
f 6294 6390 6391
f 6295 6392 6296
f 6295 6391 6392
f 6296 6393 6297
f 6296 6392 6393
f 6297 6394 6298
f 6297 6393 6394
f 6298 6395 6299
f 6298 6394 6395
f 6299 6396 6300
f 6299 6395 6396
f 6300 6397 6301
f 6300 6396 6397
f 6301 6398 6302
f 6301 6397 6398
f 6302 6399 6303
f 6302 6398 6399
f 6303 6400 6304
f 6303 6399 6400
f 6304 6401 6305
f 6304 6400 6401
f 6305 6402 6306
f 6305 6401 6402
f 6306 6403 6307
f 6306 6402 6403
f 6307 6404 6308
f 6307 6403 6404
f 6308 6405 6309
f 6308 6404 6405
f 6309 6406 6310
f 6309 6405 6406
f 6310 6407 6311
f 6310 6406 6407
f 6311 6408 6312
f 6311 6407 6408
f 6312 6409 6313
f 6312 6408 6409
f 6313 6410 6314
f 6313 6409 6410
f 6314 6411 6315
f 6314 6410 6411
f 6315 6412 6316
f 6315 6411 6412
f 6316 6413 6317
f 6316 6412 6413
f 6317 6414 6318
f 6317 6413 6414
f 6318 6415 6319
f 6318 6414 6415
f 6319 6416 6320
f 6319 6415 6416
f 6320 6417 6321
f 6320 6416 6417
f 6321 6418 6322
f 6321 6417 6418
f 6322 6419 6323
f 6322 6418 6419
f 6323 6420 6324
f 6323 6419 6420
f 6324 6421 6325
f 6324 6420 6421
f 6325 6422 6326
f 6325 6421 6422
f 6326 6423 6327
f 6326 6422 6423
f 6327 6424 6328
f 6327 6423 6424
f 6328 6425 6329
f 6328 6424 6425
f 6329 6426 6330
f 6329 6425 6426
f 6330 6427 6331
f 6330 6426 6427
f 6331 6428 6332
f 6331 6427 6428
f 6332 6429 6333
f 6332 6428 6429
f 6333 6430 6334
f 6333 6429 6430
f 6334 6431 6335
f 6334 6430 6431
f 6335 6432 6336
f 6335 6431 6432
f 6336 6433 6337
f 6336 6432 6433
f 6337 6338 6242
f 6337 6433 6338
f 6338 6435 6339
f 6338 6434 6435
f 6339 6436 6340
f 6339 6435 6436
f 6340 6437 6341
f 6340 6436 6437
f 6341 6438 6342
f 6341 6437 6438
f 6342 6439 6343
f 6342 6438 6439
f 6343 6440 6344
f 6343 6439 6440
f 6344 6441 6345
f 6344 6440 6441
f 6345 6442 6346
f 6345 6441 6442
f 6346 6443 6347
f 6346 6442 6443
f 6347 6444 6348
f 6347 6443 6444
f 6348 6445 6349
f 6348 6444 6445
f 6349 6446 6350
f 6349 6445 6446
f 6350 6447 6351
f 6350 6446 6447
f 6351 6448 6352
f 6351 6447 6448
f 6352 6449 6353
f 6352 6448 6449
f 6353 6450 6354
f 6353 6449 6450
f 6354 6451 6355
f 6354 6450 6451
f 6355 6452 6356
f 6355 6451 6452
f 6356 6453 6357
f 6356 6452 6453
f 6357 6454 6358
f 6357 6453 6454
f 6358 6455 6359
f 6358 6454 6455
f 6359 6456 6360
f 6359 6455 6456
f 6360 6457 6361
f 6360 6456 6457
f 6361 6458 6362
f 6361 6457 6458
f 6362 6459 6363
f 6362 6458 6459
f 6363 6460 6364
f 6363 6459 6460
f 6364 6461 6365
f 6364 6460 6461
f 6365 6462 6366
f 6365 6461 6462
f 6366 6463 6367
f 6366 6462 6463
f 6367 6464 6368
f 6367 6463 6464
f 6368 6465 6369
f 6368 6464 6465
f 6369 6466 6370
f 6369 6465 6466
f 6370 6467 6371
f 6370 6466 6467
f 6371 6468 6372
f 6371 6467 6468
f 6372 6469 6373
f 6372 6468 6469
f 6373 6470 6374
f 6373 6469 6470
f 6374 6471 6375
f 6374 6470 6471
f 6375 6472 6376
f 6375 6471 6472
f 6376 6473 6377
f 6376 6472 6473
f 6377 6474 6378
f 6377 6473 6474
f 6378 6475 6379
f 6378 6474 6475
f 6379 6476 6380
f 6379 6475 6476
f 6380 6477 6381
f 6380 6476 6477
f 6381 6478 6382
f 6381 6477 6478
f 6382 6479 6383
f 6382 6478 6479
f 6383 6480 6384
f 6383 6479 6480
f 6384 6481 6385
f 6384 6480 6481
f 6385 6482 6386
f 6385 6481 6482
f 6386 6483 6387
f 6386 6482 6483
f 6387 6484 6388
f 6387 6483 6484
f 6388 6485 6389
f 6388 6484 6485
f 6389 6486 6390
f 6389 6485 6486
f 6390 6487 6391
f 6390 6486 6487
f 6391 6488 6392
f 6391 6487 6488
f 6392 6489 6393
f 6392 6488 6489
f 6393 6490 6394
f 6393 6489 6490
f 6394 6491 6395
f 6394 6490 6491
f 6395 6492 6396
f 6395 6491 6492
f 6396 6493 6397
f 6396 6492 6493
f 6397 6494 6398
f 6397 6493 6494
f 6398 6495 6399
f 6398 6494 6495
f 6399 6496 6400
f 6399 6495 6496
f 6400 6497 6401
f 6400 6496 6497
f 6401 6498 6402
f 6401 6497 6498
f 6402 6499 6403
f 6402 6498 6499
f 6403 6500 6404
f 6403 6499 6500
f 6404 6501 6405
f 6404 6500 6501
f 6405 6502 6406
f 6405 6501 6502
f 6406 6503 6407
f 6406 6502 6503
f 6407 6504 6408
f 6407 6503 6504
f 6408 6505 6409
f 6408 6504 6505
f 6409 6506 6410
f 6409 6505 6506
f 6410 6507 6411
f 6410 6506 6507
f 6411 6508 6412
f 6411 6507 6508
f 6412 6509 6413
f 6412 6508 6509
f 6413 6510 6414
f 6413 6509 6510
f 6414 6511 6415
f 6414 6510 6511
f 6415 6512 6416
f 6415 6511 6512
f 6416 6513 6417
f 6416 6512 6513
f 6417 6514 6418
f 6417 6513 6514
f 6418 6515 6419
f 6418 6514 6515
f 6419 6516 6420
f 6419 6515 6516
f 6420 6517 6421
f 6420 6516 6517
f 6421 6518 6422
f 6421 6517 6518
f 6422 6519 6423
f 6422 6518 6519
f 6423 6520 6424
f 6423 6519 6520
f 6424 6521 6425
f 6424 6520 6521
f 6425 6522 6426
f 6425 6521 6522
f 6426 6523 6427
f 6426 6522 6523
f 6427 6524 6428
f 6427 6523 6524
f 6428 6525 6429
f 6428 6524 6525
f 6429 6526 6430
f 6429 6525 6526
f 6430 6527 6431
f 6430 6526 6527
f 6431 6528 6432
f 6431 6527 6528
f 6432 6529 6433
f 6432 6528 6529
f 6433 6434 6338
f 6433 6529 6434
f 6434 6531 6435
f 6434 6530 6531
f 6435 6532 6436
f 6435 6531 6532
f 6436 6533 6437
f 6436 6532 6533
f 6437 6534 6438
f 6437 6533 6534
f 6438 6535 6439
f 6438 6534 6535
f 6439 6536 6440
f 6439 6535 6536
f 6440 6537 6441
f 6440 6536 6537
f 6441 6538 6442
f 6441 6537 6538
f 6442 6539 6443
f 6442 6538 6539
f 6443 6540 6444
f 6443 6539 6540
f 6444 6541 6445
f 6444 6540 6541
f 6445 6542 6446
f 6445 6541 6542
f 6446 6543 6447
f 6446 6542 6543
f 6447 6544 6448
f 6447 6543 6544
f 6448 6545 6449
f 6448 6544 6545
f 6449 6546 6450
f 6449 6545 6546
f 6450 6547 6451
f 6450 6546 6547
f 6451 6548 6452
f 6451 6547 6548
f 6452 6549 6453
f 6452 6548 6549
f 6453 6550 6454
f 6453 6549 6550
f 6454 6551 6455
f 6454 6550 6551
f 6455 6552 6456
f 6455 6551 6552
f 6456 6553 6457
f 6456 6552 6553
f 6457 6554 6458
f 6457 6553 6554
f 6458 6555 6459
f 6458 6554 6555
f 6459 6556 6460
f 6459 6555 6556
f 6460 6557 6461
f 6460 6556 6557
f 6461 6558 6462
f 6461 6557 6558
f 6462 6559 6463
f 6462 6558 6559
f 6463 6560 6464
f 6463 6559 6560
f 6464 6561 6465
f 6464 6560 6561
f 6465 6562 6466
f 6465 6561 6562
f 6466 6563 6467
f 6466 6562 6563
f 6467 6564 6468
f 6467 6563 6564
f 6468 6565 6469
f 6468 6564 6565
f 6469 6566 6470
f 6469 6565 6566
f 6470 6567 6471
f 6470 6566 6567
f 6471 6568 6472
f 6471 6567 6568
f 6472 6569 6473
f 6472 6568 6569
f 6473 6570 6474
f 6473 6569 6570
f 6474 6571 6475
f 6474 6570 6571
f 6475 6572 6476
f 6475 6571 6572
f 6476 6573 6477
f 6476 6572 6573
f 6477 6574 6478
f 6477 6573 6574
f 6478 6575 6479
f 6478 6574 6575
f 6479 6576 6480
f 6479 6575 6576
f 6480 6577 6481
f 6480 6576 6577
f 6481 6578 6482
f 6481 6577 6578
f 6482 6579 6483
f 6482 6578 6579
f 6483 6580 6484
f 6483 6579 6580
f 6484 6581 6485
f 6484 6580 6581
f 6485 6582 6486
f 6485 6581 6582
f 6486 6583 6487
f 6486 6582 6583
f 6487 6584 6488
f 6487 6583 6584
f 6488 6585 6489
f 6488 6584 6585
f 6489 6586 6490
f 6489 6585 6586
f 6490 6587 6491
f 6490 6586 6587
f 6491 6588 6492
f 6491 6587 6588
f 6492 6589 6493
f 6492 6588 6589
f 6493 6590 6494
f 6493 6589 6590
f 6494 6591 6495
f 6494 6590 6591
f 6495 6592 6496
f 6495 6591 6592
f 6496 6593 6497
f 6496 6592 6593
f 6497 6594 6498
f 6497 6593 6594
f 6498 6595 6499
f 6498 6594 6595
f 6499 6596 6500
f 6499 6595 6596
f 6500 6597 6501
f 6500 6596 6597
f 6501 6598 6502
f 6501 6597 6598
f 6502 6599 6503
f 6502 6598 6599
f 6503 6600 6504
f 6503 6599 6600
f 6504 6601 6505
f 6504 6600 6601
f 6505 6602 6506
f 6505 6601 6602
f 6506 6603 6507
f 6506 6602 6603
f 6507 6604 6508
f 6507 6603 6604
f 6508 6605 6509
f 6508 6604 6605
f 6509 6606 6510
f 6509 6605 6606
f 6510 6607 6511
f 6510 6606 6607
f 6511 6608 6512
f 6511 6607 6608
f 6512 6609 6513
f 6512 6608 6609
f 6513 6610 6514
f 6513 6609 6610
f 6514 6611 6515
f 6514 6610 6611
f 6515 6612 6516
f 6515 6611 6612
f 6516 6613 6517
f 6516 6612 6613
f 6517 6614 6518
f 6517 6613 6614
f 6518 6615 6519
f 6518 6614 6615
f 6519 6616 6520
f 6519 6615 6616
f 6520 6617 6521
f 6520 6616 6617
f 6521 6618 6522
f 6521 6617 6618
f 6522 6619 6523
f 6522 6618 6619
f 6523 6620 6524
f 6523 6619 6620
f 6524 6621 6525
f 6524 6620 6621
f 6525 6622 6526
f 6525 6621 6622
f 6526 6623 6527
f 6526 6622 6623
f 6527 6624 6528
f 6527 6623 6624
f 6528 6625 6529
f 6528 6624 6625
f 6529 6530 6434
f 6529 6625 6530
f 6530 6627 6531
f 6530 6626 6627
f 6531 6628 6532
f 6531 6627 6628
f 6532 6629 6533
f 6532 6628 6629
f 6533 6630 6534
f 6533 6629 6630
f 6534 6631 6535
f 6534 6630 6631
f 6535 6632 6536
f 6535 6631 6632
f 6536 6633 6537
f 6536 6632 6633
f 6537 6634 6538
f 6537 6633 6634
f 6538 6635 6539
f 6538 6634 6635
f 6539 6636 6540
f 6539 6635 6636
f 6540 6637 6541
f 6540 6636 6637
f 6541 6638 6542
f 6541 6637 6638
f 6542 6639 6543
f 6542 6638 6639
f 6543 6640 6544
f 6543 6639 6640
f 6544 6641 6545
f 6544 6640 6641
f 6545 6642 6546
f 6545 6641 6642
f 6546 6643 6547
f 6546 6642 6643
f 6547 6644 6548
f 6547 6643 6644
f 6548 6645 6549
f 6548 6644 6645
f 6549 6646 6550
f 6549 6645 6646
f 6550 6647 6551
f 6550 6646 6647
f 6551 6648 6552
f 6551 6647 6648
f 6552 6649 6553
f 6552 6648 6649
f 6553 6650 6554
f 6553 6649 6650
f 6554 6651 6555
f 6554 6650 6651
f 6555 6652 6556
f 6555 6651 6652
f 6556 6653 6557
f 6556 6652 6653
f 6557 6654 6558
f 6557 6653 6654
f 6558 6655 6559
f 6558 6654 6655
f 6559 6656 6560
f 6559 6655 6656
f 6560 6657 6561
f 6560 6656 6657
f 6561 6658 6562
f 6561 6657 6658
f 6562 6659 6563
f 6562 6658 6659
f 6563 6660 6564
f 6563 6659 6660
f 6564 6661 6565
f 6564 6660 6661
f 6565 6662 6566
f 6565 6661 6662
f 6566 6663 6567
f 6566 6662 6663
f 6567 6664 6568
f 6567 6663 6664
f 6568 6665 6569
f 6568 6664 6665
f 6569 6666 6570
f 6569 6665 6666
f 6570 6667 6571
f 6570 6666 6667
f 6571 6668 6572
f 6571 6667 6668
f 6572 6669 6573
f 6572 6668 6669
f 6573 6670 6574
f 6573 6669 6670
f 6574 6671 6575
f 6574 6670 6671
f 6575 6672 6576
f 6575 6671 6672
f 6576 6673 6577
f 6576 6672 6673
f 6577 6674 6578
f 6577 6673 6674
f 6578 6675 6579
f 6578 6674 6675
f 6579 6676 6580
f 6579 6675 6676
f 6580 6677 6581
f 6580 6676 6677
f 6581 6678 6582
f 6581 6677 6678
f 6582 6679 6583
f 6582 6678 6679
f 6583 6680 6584
f 6583 6679 6680
f 6584 6681 6585
f 6584 6680 6681
f 6585 6682 6586
f 6585 6681 6682
f 6586 6683 6587
f 6586 6682 6683
f 6587 6684 6588
f 6587 6683 6684
f 6588 6685 6589
f 6588 6684 6685
f 6589 6686 6590
f 6589 6685 6686
f 6590 6687 6591
f 6590 6686 6687
f 6591 6688 6592
f 6591 6687 6688
f 6592 6689 6593
f 6592 6688 6689
f 6593 6690 6594
f 6593 6689 6690
f 6594 6691 6595
f 6594 6690 6691
f 6595 6692 6596
f 6595 6691 6692
f 6596 6693 6597
f 6596 6692 6693
f 6597 6694 6598
f 6597 6693 6694
f 6598 6695 6599
f 6598 6694 6695
f 6599 6696 6600
f 6599 6695 6696
f 6600 6697 6601
f 6600 6696 6697
f 6601 6698 6602
f 6601 6697 6698
f 6602 6699 6603
f 6602 6698 6699
f 6603 6700 6604
f 6603 6699 6700
f 6604 6701 6605
f 6604 6700 6701
f 6605 6702 6606
f 6605 6701 6702
f 6606 6703 6607
f 6606 6702 6703
f 6607 6704 6608
f 6607 6703 6704
f 6608 6705 6609
f 6608 6704 6705
f 6609 6706 6610
f 6609 6705 6706
f 6610 6707 6611
f 6610 6706 6707
f 6611 6708 6612
f 6611 6707 6708
f 6612 6709 6613
f 6612 6708 6709
f 6613 6710 6614
f 6613 6709 6710
f 6614 6711 6615
f 6614 6710 6711
f 6615 6712 6616
f 6615 6711 6712
f 6616 6713 6617
f 6616 6712 6713
f 6617 6714 6618
f 6617 6713 6714
f 6618 6715 6619
f 6618 6714 6715
f 6619 6716 6620
f 6619 6715 6716
f 6620 6717 6621
f 6620 6716 6717
f 6621 6718 6622
f 6621 6717 6718
f 6622 6719 6623
f 6622 6718 6719
f 6623 6720 6624
f 6623 6719 6720
f 6624 6721 6625
f 6624 6720 6721
f 6625 6626 6530
f 6625 6721 6626
f 6626 6723 6627
f 6626 6722 6723
f 6627 6724 6628
f 6627 6723 6724
f 6628 6725 6629
f 6628 6724 6725
f 6629 6726 6630
f 6629 6725 6726
f 6630 6727 6631
f 6630 6726 6727
f 6631 6728 6632
f 6631 6727 6728
f 6632 6729 6633
f 6632 6728 6729
f 6633 6730 6634
f 6633 6729 6730
f 6634 6731 6635
f 6634 6730 6731
f 6635 6732 6636
f 6635 6731 6732
f 6636 6733 6637
f 6636 6732 6733
f 6637 6734 6638
f 6637 6733 6734
f 6638 6735 6639
f 6638 6734 6735
f 6639 6736 6640
f 6639 6735 6736
f 6640 6737 6641
f 6640 6736 6737
f 6641 6738 6642
f 6641 6737 6738
f 6642 6739 6643
f 6642 6738 6739
f 6643 6740 6644
f 6643 6739 6740
f 6644 6741 6645
f 6644 6740 6741
f 6645 6742 6646
f 6645 6741 6742
f 6646 6743 6647
f 6646 6742 6743
f 6647 6744 6648
f 6647 6743 6744
f 6648 6745 6649
f 6648 6744 6745
f 6649 6746 6650
f 6649 6745 6746
f 6650 6747 6651
f 6650 6746 6747
f 6651 6748 6652
f 6651 6747 6748
f 6652 6749 6653
f 6652 6748 6749
f 6653 6750 6654
f 6653 6749 6750
f 6654 6751 6655
f 6654 6750 6751
f 6655 6752 6656
f 6655 6751 6752
f 6656 6753 6657
f 6656 6752 6753
f 6657 6754 6658
f 6657 6753 6754
f 6658 6755 6659
f 6658 6754 6755
f 6659 6756 6660
f 6659 6755 6756
f 6660 6757 6661
f 6660 6756 6757
f 6661 6758 6662
f 6661 6757 6758
f 6662 6759 6663
f 6662 6758 6759
f 6663 6760 6664
f 6663 6759 6760
f 6664 6761 6665
f 6664 6760 6761
f 6665 6762 6666
f 6665 6761 6762
f 6666 6763 6667
f 6666 6762 6763
f 6667 6764 6668
f 6667 6763 6764
f 6668 6765 6669
f 6668 6764 6765
f 6669 6766 6670
f 6669 6765 6766
f 6670 6767 6671
f 6670 6766 6767
f 6671 6768 6672
f 6671 6767 6768
f 6672 6769 6673
f 6672 6768 6769
f 6673 6770 6674
f 6673 6769 6770
f 6674 6771 6675
f 6674 6770 6771
f 6675 6772 6676
f 6675 6771 6772
f 6676 6773 6677
f 6676 6772 6773
f 6677 6774 6678
f 6677 6773 6774
f 6678 6775 6679
f 6678 6774 6775
f 6679 6776 6680
f 6679 6775 6776
f 6680 6777 6681
f 6680 6776 6777
f 6681 6778 6682
f 6681 6777 6778
f 6682 6779 6683
f 6682 6778 6779
f 6683 6780 6684
f 6683 6779 6780
f 6684 6781 6685
f 6684 6780 6781
f 6685 6782 6686
f 6685 6781 6782
f 6686 6783 6687
f 6686 6782 6783
f 6687 6784 6688
f 6687 6783 6784
f 6688 6785 6689
f 6688 6784 6785
f 6689 6786 6690
f 6689 6785 6786
f 6690 6787 6691
f 6690 6786 6787
f 6691 6788 6692
f 6691 6787 6788
f 6692 6789 6693
f 6692 6788 6789
f 6693 6790 6694
f 6693 6789 6790
f 6694 6791 6695
f 6694 6790 6791
f 6695 6792 6696
f 6695 6791 6792
f 6696 6793 6697
f 6696 6792 6793
f 6697 6794 6698
f 6697 6793 6794
f 6698 6795 6699
f 6698 6794 6795
f 6699 6796 6700
f 6699 6795 6796
f 6700 6797 6701
f 6700 6796 6797
f 6701 6798 6702
f 6701 6797 6798
f 6702 6799 6703
f 6702 6798 6799
f 6703 6800 6704
f 6703 6799 6800
f 6704 6801 6705
f 6704 6800 6801
f 6705 6802 6706
f 6705 6801 6802
f 6706 6803 6707
f 6706 6802 6803
f 6707 6804 6708
f 6707 6803 6804
f 6708 6805 6709
f 6708 6804 6805
f 6709 6806 6710
f 6709 6805 6806
f 6710 6807 6711
f 6710 6806 6807
f 6711 6808 6712
f 6711 6807 6808
f 6712 6809 6713
f 6712 6808 6809
f 6713 6810 6714
f 6713 6809 6810
f 6714 6811 6715
f 6714 6810 6811
f 6715 6812 6716
f 6715 6811 6812
f 6716 6813 6717
f 6716 6812 6813
f 6717 6814 6718
f 6717 6813 6814
f 6718 6815 6719
f 6718 6814 6815
f 6719 6816 6720
f 6719 6815 6816
f 6720 6817 6721
f 6720 6816 6817
f 6721 6722 6626
f 6721 6817 6722
f 6722 6819 6723
f 6722 6818 6819
f 6723 6820 6724
f 6723 6819 6820
f 6724 6821 6725
f 6724 6820 6821
f 6725 6822 6726
f 6725 6821 6822
f 6726 6823 6727
f 6726 6822 6823
f 6727 6824 6728
f 6727 6823 6824
f 6728 6825 6729
f 6728 6824 6825
f 6729 6826 6730
f 6729 6825 6826
f 6730 6827 6731
f 6730 6826 6827
f 6731 6828 6732
f 6731 6827 6828
f 6732 6829 6733
f 6732 6828 6829
f 6733 6830 6734
f 6733 6829 6830
f 6734 6831 6735
f 6734 6830 6831
f 6735 6832 6736
f 6735 6831 6832
f 6736 6833 6737
f 6736 6832 6833
f 6737 6834 6738
f 6737 6833 6834
f 6738 6835 6739
f 6738 6834 6835
f 6739 6836 6740
f 6739 6835 6836
f 6740 6837 6741
f 6740 6836 6837
f 6741 6838 6742
f 6741 6837 6838
f 6742 6839 6743
f 6742 6838 6839
f 6743 6840 6744
f 6743 6839 6840
f 6744 6841 6745
f 6744 6840 6841
f 6745 6842 6746
f 6745 6841 6842
f 6746 6843 6747
f 6746 6842 6843
f 6747 6844 6748
f 6747 6843 6844
f 6748 6845 6749
f 6748 6844 6845
f 6749 6846 6750
f 6749 6845 6846
f 6750 6847 6751
f 6750 6846 6847
f 6751 6848 6752
f 6751 6847 6848
f 6752 6849 6753
f 6752 6848 6849
f 6753 6850 6754
f 6753 6849 6850
f 6754 6851 6755
f 6754 6850 6851
f 6755 6852 6756
f 6755 6851 6852
f 6756 6853 6757
f 6756 6852 6853
f 6757 6854 6758
f 6757 6853 6854
f 6758 6855 6759
f 6758 6854 6855
f 6759 6856 6760
f 6759 6855 6856
f 6760 6857 6761
f 6760 6856 6857
f 6761 6858 6762
f 6761 6857 6858
f 6762 6859 6763
f 6762 6858 6859
f 6763 6860 6764
f 6763 6859 6860
f 6764 6861 6765
f 6764 6860 6861
f 6765 6862 6766
f 6765 6861 6862
f 6766 6863 6767
f 6766 6862 6863
f 6767 6864 6768
f 6767 6863 6864
f 6768 6865 6769
f 6768 6864 6865
f 6769 6866 6770
f 6769 6865 6866
f 6770 6867 6771
f 6770 6866 6867
f 6771 6868 6772
f 6771 6867 6868
f 6772 6869 6773
f 6772 6868 6869
f 6773 6870 6774
f 6773 6869 6870
f 6774 6871 6775
f 6774 6870 6871
f 6775 6872 6776
f 6775 6871 6872
f 6776 6873 6777
f 6776 6872 6873
f 6777 6874 6778
f 6777 6873 6874
f 6778 6875 6779
f 6778 6874 6875
f 6779 6876 6780
f 6779 6875 6876
f 6780 6877 6781
f 6780 6876 6877
f 6781 6878 6782
f 6781 6877 6878
f 6782 6879 6783
f 6782 6878 6879
f 6783 6880 6784
f 6783 6879 6880
f 6784 6881 6785
f 6784 6880 6881
f 6785 6882 6786
f 6785 6881 6882
f 6786 6883 6787
f 6786 6882 6883
f 6787 6884 6788
f 6787 6883 6884
f 6788 6885 6789
f 6788 6884 6885
f 6789 6886 6790
f 6789 6885 6886
f 6790 6887 6791
f 6790 6886 6887
f 6791 6888 6792
f 6791 6887 6888
f 6792 6889 6793
f 6792 6888 6889
f 6793 6890 6794
f 6793 6889 6890
f 6794 6891 6795
f 6794 6890 6891
f 6795 6892 6796
f 6795 6891 6892
f 6796 6893 6797
f 6796 6892 6893
f 6797 6894 6798
f 6797 6893 6894
f 6798 6895 6799
f 6798 6894 6895
f 6799 6896 6800
f 6799 6895 6896
f 6800 6897 6801
f 6800 6896 6897
f 6801 6898 6802
f 6801 6897 6898
f 6802 6899 6803
f 6802 6898 6899
f 6803 6900 6804
f 6803 6899 6900
f 6804 6901 6805
f 6804 6900 6901
f 6805 6902 6806
f 6805 6901 6902
f 6806 6903 6807
f 6806 6902 6903
f 6807 6904 6808
f 6807 6903 6904
f 6808 6905 6809
f 6808 6904 6905
f 6809 6906 6810
f 6809 6905 6906
f 6810 6907 6811
f 6810 6906 6907
f 6811 6908 6812
f 6811 6907 6908
f 6812 6909 6813
f 6812 6908 6909
f 6813 6910 6814
f 6813 6909 6910
f 6814 6911 6815
f 6814 6910 6911
f 6815 6912 6816
f 6815 6911 6912
f 6816 6913 6817
f 6816 6912 6913
f 6817 6818 6722
f 6817 6913 6818
f 6914 7011 6915
f 6914 7010 7011
f 6915 7012 6916
f 6915 7011 7012
f 6916 7013 6917
f 6916 7012 7013
f 6917 7014 6918
f 6917 7013 7014
f 6918 7015 6919
f 6918 7014 7015
f 6919 7016 6920
f 6919 7015 7016
f 6920 7017 6921
f 6920 7016 7017
f 6921 7018 6922
f 6921 7017 7018
f 6922 7019 6923
f 6922 7018 7019
f 6923 7020 6924
f 6923 7019 7020
f 6924 7021 6925
f 6924 7020 7021
f 6925 7022 6926
f 6925 7021 7022
f 6926 7023 6927
f 6926 7022 7023
f 6927 7024 6928
f 6927 7023 7024
f 6928 7025 6929
f 6928 7024 7025
f 6929 7026 6930
f 6929 7025 7026
f 6930 7027 6931
f 6930 7026 7027
f 6931 7028 6932
f 6931 7027 7028
f 6932 7029 6933
f 6932 7028 7029
f 6933 7030 6934
f 6933 7029 7030
f 6934 7031 6935
f 6934 7030 7031
f 6935 7032 6936
f 6935 7031 7032
f 6936 7033 6937
f 6936 7032 7033
f 6937 7034 6938
f 6937 7033 7034
f 6938 7035 6939
f 6938 7034 7035
f 6939 7036 6940
f 6939 7035 7036
f 6940 7037 6941
f 6940 7036 7037
f 6941 7038 6942
f 6941 7037 7038
f 6942 7039 6943
f 6942 7038 7039
f 6943 7040 6944
f 6943 7039 7040
f 6944 7041 6945
f 6944 7040 7041
f 6945 7042 6946
f 6945 7041 7042
f 6946 7043 6947
f 6946 7042 7043
f 6947 7044 6948
f 6947 7043 7044
f 6948 7045 6949
f 6948 7044 7045
f 6949 7046 6950
f 6949 7045 7046
f 6950 7047 6951
f 6950 7046 7047
f 6951 7048 6952
f 6951 7047 7048
f 6952 7049 6953
f 6952 7048 7049
f 6953 7050 6954
f 6953 7049 7050
f 6954 7051 6955
f 6954 7050 7051
f 6955 7052 6956
f 6955 7051 7052
f 6956 7053 6957
f 6956 7052 7053
f 6957 7054 6958
f 6957 7053 7054
f 6958 7055 6959
f 6958 7054 7055
f 6959 7056 6960
f 6959 7055 7056
f 6960 7057 6961
f 6960 7056 7057
f 6961 7058 6962
f 6961 7057 7058
f 6962 7059 6963
f 6962 7058 7059
f 6963 7060 6964
f 6963 7059 7060
f 6964 7061 6965
f 6964 7060 7061
f 6965 7062 6966
f 6965 7061 7062
f 6966 7063 6967
f 6966 7062 7063
f 6967 7064 6968
f 6967 7063 7064
f 6968 7065 6969
f 6968 7064 7065
f 6969 7066 6970
f 6969 7065 7066
f 6970 7067 6971
f 6970 7066 7067
f 6971 7068 6972
f 6971 7067 7068
f 6972 7069 6973
f 6972 7068 7069
f 6973 7070 6974
f 6973 7069 7070
f 6974 7071 6975
f 6974 7070 7071
f 6975 7072 6976
f 6975 7071 7072
f 6976 7073 6977
f 6976 7072 7073
f 6977 7074 6978
f 6977 7073 7074
f 6978 7075 6979
f 6978 7074 7075
f 6979 7076 6980
f 6979 7075 7076
f 6980 7077 6981
f 6980 7076 7077
f 6981 7078 6982
f 6981 7077 7078
f 6982 7079 6983
f 6982 7078 7079
f 6983 7080 6984
f 6983 7079 7080
f 6984 7081 6985
f 6984 7080 7081
f 6985 7082 6986
f 6985 7081 7082
f 6986 7083 6987
f 6986 7082 7083
f 6987 7084 6988
f 6987 7083 7084
f 6988 7085 6989
f 6988 7084 7085
f 6989 7086 6990
f 6989 7085 7086
f 6990 7087 6991
f 6990 7086 7087
f 6991 7088 6992
f 6991 7087 7088
f 6992 7089 6993
f 6992 7088 7089
f 6993 7090 6994
f 6993 7089 7090
f 6994 7091 6995
f 6994 7090 7091
f 6995 7092 6996
f 6995 7091 7092
f 6996 7093 6997
f 6996 7092 7093
f 6997 7094 6998
f 6997 7093 7094
f 6998 7095 6999
f 6998 7094 7095
f 6999 7096 7000
f 6999 7095 7096
f 7000 7097 7001
f 7000 7096 7097
f 7001 7098 7002
f 7001 7097 7098
f 7002 7099 7003
f 7002 7098 7099
f 7003 7100 7004
f 7003 7099 7100
f 7004 7101 7005
f 7004 7100 7101
f 7005 7102 7006
f 7005 7101 7102
f 7006 7103 7007
f 7006 7102 7103
f 7007 7104 7008
f 7007 7103 7104
f 7008 7105 7009
f 7008 7104 7105
f 7009 7010 6914
f 7009 7105 7010
f 7106 7203 7107
f 7106 7202 7203
f 7107 7204 7108
f 7107 7203 7204
f 7108 7205 7109
f 7108 7204 7205
f 7109 7206 7110
f 7109 7205 7206
f 7110 7207 7111
f 7110 7206 7207
f 7111 7208 7112
f 7111 7207 7208
f 7112 7209 7113
f 7112 7208 7209
f 7113 7210 7114
f 7113 7209 7210
f 7114 7211 7115
f 7114 7210 7211
f 7115 7212 7116
f 7115 7211 7212
f 7116 7213 7117
f 7116 7212 7213
f 7117 7214 7118
f 7117 7213 7214
f 7118 7215 7119
f 7118 7214 7215
f 7119 7216 7120
f 7119 7215 7216
f 7120 7217 7121
f 7120 7216 7217
f 7121 7218 7122
f 7121 7217 7218
f 7122 7219 7123
f 7122 7218 7219
f 7123 7220 7124
f 7123 7219 7220
f 7124 7221 7125
f 7124 7220 7221
f 7125 7222 7126
f 7125 7221 7222
f 7126 7223 7127
f 7126 7222 7223
f 7127 7224 7128
f 7127 7223 7224
f 7128 7225 7129
f 7128 7224 7225
f 7129 7226 7130
f 7129 7225 7226
f 7130 7227 7131
f 7130 7226 7227
f 7131 7228 7132
f 7131 7227 7228
f 7132 7229 7133
f 7132 7228 7229
f 7133 7230 7134
f 7133 7229 7230
f 7134 7231 7135
f 7134 7230 7231
f 7135 7232 7136
f 7135 7231 7232
f 7136 7233 7137
f 7136 7232 7233
f 7137 7234 7138
f 7137 7233 7234
f 7138 7235 7139
f 7138 7234 7235
f 7139 7236 7140
f 7139 7235 7236
f 7140 7237 7141
f 7140 7236 7237
f 7141 7238 7142
f 7141 7237 7238
f 7142 7239 7143
f 7142 7238 7239
f 7143 7240 7144
f 7143 7239 7240
f 7144 7241 7145
f 7144 7240 7241
f 7145 7242 7146
f 7145 7241 7242
f 7146 7243 7147
f 7146 7242 7243
f 7147 7244 7148
f 7147 7243 7244
f 7148 7245 7149
f 7148 7244 7245
f 7149 7246 7150
f 7149 7245 7246
f 7150 7247 7151
f 7150 7246 7247
f 7151 7248 7152
f 7151 7247 7248
f 7152 7249 7153
f 7152 7248 7249
f 7153 7250 7154
f 7153 7249 7250
f 7154 7251 7155
f 7154 7250 7251
f 7155 7252 7156
f 7155 7251 7252
f 7156 7253 7157
f 7156 7252 7253
f 7157 7254 7158
f 7157 7253 7254
f 7158 7255 7159
f 7158 7254 7255
f 7159 7256 7160
f 7159 7255 7256
f 7160 7257 7161
f 7160 7256 7257
f 7161 7258 7162
f 7161 7257 7258
f 7162 7259 7163
f 7162 7258 7259
f 7163 7260 7164
f 7163 7259 7260
f 7164 7261 7165
f 7164 7260 7261
f 7165 7262 7166
f 7165 7261 7262
f 7166 7263 7167
f 7166 7262 7263
f 7167 7264 7168
f 7167 7263 7264
f 7168 7265 7169
f 7168 7264 7265
f 7169 7266 7170
f 7169 7265 7266
f 7170 7267 7171
f 7170 7266 7267
f 7171 7268 7172
f 7171 7267 7268
f 7172 7269 7173
f 7172 7268 7269
f 7173 7270 7174
f 7173 7269 7270
f 7174 7271 7175
f 7174 7270 7271
f 7175 7272 7176
f 7175 7271 7272
f 7176 7273 7177
f 7176 7272 7273
f 7177 7274 7178
f 7177 7273 7274
f 7178 7275 7179
f 7178 7274 7275
f 7179 7276 7180
f 7179 7275 7276
f 7180 7277 7181
f 7180 7276 7277
f 7181 7278 7182
f 7181 7277 7278
f 7182 7279 7183
f 7182 7278 7279
f 7183 7280 7184
f 7183 7279 7280
f 7184 7281 7185
f 7184 7280 7281
f 7185 7282 7186
f 7185 7281 7282
f 7186 7283 7187
f 7186 7282 7283
f 7187 7284 7188
f 7187 7283 7284
f 7188 7285 7189
f 7188 7284 7285
f 7189 7286 7190
f 7189 7285 7286
f 7190 7287 7191
f 7190 7286 7287
f 7191 7288 7192
f 7191 7287 7288
f 7192 7289 7193
f 7192 7288 7289
f 7193 7290 7194
f 7193 7289 7290
f 7194 7291 7195
f 7194 7290 7291
f 7195 7292 7196
f 7195 7291 7292
f 7196 7293 7197
f 7196 7292 7293
f 7197 7294 7198
f 7197 7293 7294
f 7198 7295 7199
f 7198 7294 7295
f 7199 7296 7200
f 7199 7295 7296
f 7200 7297 7201
f 7200 7296 7297
f 7201 7202 7106
f 7201 7297 7202
f 7202 7299 7203
f 7202 7298 7299
f 7203 7300 7204
f 7203 7299 7300
f 7204 7301 7205
f 7204 7300 7301
f 7205 7302 7206
f 7205 7301 7302
f 7206 7303 7207
f 7206 7302 7303
f 7207 7304 7208
f 7207 7303 7304
f 7208 7305 7209
f 7208 7304 7305
f 7209 7306 7210
f 7209 7305 7306
f 7210 7307 7211
f 7210 7306 7307
f 7211 7308 7212
f 7211 7307 7308
f 7212 7309 7213
f 7212 7308 7309
f 7213 7310 7214
f 7213 7309 7310
f 7214 7311 7215
f 7214 7310 7311
f 7215 7312 7216
f 7215 7311 7312
f 7216 7313 7217
f 7216 7312 7313
f 7217 7314 7218
f 7217 7313 7314
f 7218 7315 7219
f 7218 7314 7315
f 7219 7316 7220
f 7219 7315 7316
f 7220 7317 7221
f 7220 7316 7317
f 7221 7318 7222
f 7221 7317 7318
f 7222 7319 7223
f 7222 7318 7319
f 7223 7320 7224
f 7223 7319 7320
f 7224 7321 7225
f 7224 7320 7321
f 7225 7322 7226
f 7225 7321 7322
f 7226 7323 7227
f 7226 7322 7323
f 7227 7324 7228
f 7227 7323 7324
f 7228 7325 7229
f 7228 7324 7325
f 7229 7326 7230
f 7229 7325 7326
f 7230 7327 7231
f 7230 7326 7327
f 7231 7328 7232
f 7231 7327 7328
f 7232 7329 7233
f 7232 7328 7329
f 7233 7330 7234
f 7233 7329 7330
f 7234 7331 7235
f 7234 7330 7331
f 7235 7332 7236
f 7235 7331 7332
f 7236 7333 7237
f 7236 7332 7333
f 7237 7334 7238
f 7237 7333 7334
f 7238 7335 7239
f 7238 7334 7335
f 7239 7336 7240
f 7239 7335 7336
f 7240 7337 7241
f 7240 7336 7337
f 7241 7338 7242
f 7241 7337 7338
f 7242 7339 7243
f 7242 7338 7339
f 7243 7340 7244
f 7243 7339 7340
f 7244 7341 7245
f 7244 7340 7341
f 7245 7342 7246
f 7245 7341 7342
f 7246 7343 7247
f 7246 7342 7343
f 7247 7344 7248
f 7247 7343 7344
f 7248 7345 7249
f 7248 7344 7345
f 7249 7346 7250
f 7249 7345 7346
f 7250 7347 7251
f 7250 7346 7347
f 7251 7348 7252
f 7251 7347 7348
f 7252 7349 7253
f 7252 7348 7349
f 7253 7350 7254
f 7253 7349 7350
f 7254 7351 7255
f 7254 7350 7351
f 7255 7352 7256
f 7255 7351 7352
f 7256 7353 7257
f 7256 7352 7353
f 7257 7354 7258
f 7257 7353 7354
f 7258 7355 7259
f 7258 7354 7355
f 7259 7356 7260
f 7259 7355 7356
f 7260 7357 7261
f 7260 7356 7357
f 7261 7358 7262
f 7261 7357 7358
f 7262 7359 7263
f 7262 7358 7359
f 7263 7360 7264
f 7263 7359 7360
f 7264 7361 7265
f 7264 7360 7361
f 7265 7362 7266
f 7265 7361 7362
f 7266 7363 7267
f 7266 7362 7363
f 7267 7364 7268
f 7267 7363 7364
f 7268 7365 7269
f 7268 7364 7365
f 7269 7366 7270
f 7269 7365 7366
f 7270 7367 7271
f 7270 7366 7367
f 7271 7368 7272
f 7271 7367 7368
f 7272 7369 7273
f 7272 7368 7369
f 7273 7370 7274
f 7273 7369 7370
f 7274 7371 7275
f 7274 7370 7371
f 7275 7372 7276
f 7275 7371 7372
f 7276 7373 7277
f 7276 7372 7373
f 7277 7374 7278
f 7277 7373 7374
f 7278 7375 7279
f 7278 7374 7375
f 7279 7376 7280
f 7279 7375 7376
f 7280 7377 7281
f 7280 7376 7377
f 7281 7378 7282
f 7281 7377 7378
f 7282 7379 7283
f 7282 7378 7379
f 7283 7380 7284
f 7283 7379 7380
f 7284 7381 7285
f 7284 7380 7381
f 7285 7382 7286
f 7285 7381 7382
f 7286 7383 7287
f 7286 7382 7383
f 7287 7384 7288
f 7287 7383 7384
f 7288 7385 7289
f 7288 7384 7385
f 7289 7386 7290
f 7289 7385 7386
f 7290 7387 7291
f 7290 7386 7387
f 7291 7388 7292
f 7291 7387 7388
f 7292 7389 7293
f 7292 7388 7389
f 7293 7390 7294
f 7293 7389 7390
f 7294 7391 7295
f 7294 7390 7391
f 7295 7392 7296
f 7295 7391 7392
f 7296 7393 7297
f 7296 7392 7393
f 7297 7298 7202
f 7297 7393 7298
f 7298 7395 7299
f 7298 7394 7395
f 7299 7396 7300
f 7299 7395 7396
f 7300 7397 7301
f 7300 7396 7397
f 7301 7398 7302
f 7301 7397 7398
f 7302 7399 7303
f 7302 7398 7399
f 7303 7400 7304
f 7303 7399 7400
f 7304 7401 7305
f 7304 7400 7401
f 7305 7402 7306
f 7305 7401 7402
f 7306 7403 7307
f 7306 7402 7403
f 7307 7404 7308
f 7307 7403 7404
f 7308 7405 7309
f 7308 7404 7405
f 7309 7406 7310
f 7309 7405 7406
f 7310 7407 7311
f 7310 7406 7407
f 7311 7408 7312
f 7311 7407 7408
f 7312 7409 7313
f 7312 7408 7409
f 7313 7410 7314
f 7313 7409 7410
f 7314 7411 7315
f 7314 7410 7411
f 7315 7412 7316
f 7315 7411 7412
f 7316 7413 7317
f 7316 7412 7413
f 7317 7414 7318
f 7317 7413 7414
f 7318 7415 7319
f 7318 7414 7415
f 7319 7416 7320
f 7319 7415 7416
f 7320 7417 7321
f 7320 7416 7417
f 7321 7418 7322
f 7321 7417 7418
f 7322 7419 7323
f 7322 7418 7419
f 7323 7420 7324
f 7323 7419 7420
f 7324 7421 7325
f 7324 7420 7421
f 7325 7422 7326
f 7325 7421 7422
f 7326 7423 7327
f 7326 7422 7423
f 7327 7424 7328
f 7327 7423 7424
f 7328 7425 7329
f 7328 7424 7425
f 7329 7426 7330
f 7329 7425 7426
f 7330 7427 7331
f 7330 7426 7427
f 7331 7428 7332
f 7331 7427 7428
f 7332 7429 7333
f 7332 7428 7429
f 7333 7430 7334
f 7333 7429 7430
f 7334 7431 7335
f 7334 7430 7431
f 7335 7432 7336
f 7335 7431 7432
f 7336 7433 7337
f 7336 7432 7433
f 7337 7434 7338
f 7337 7433 7434
f 7338 7435 7339
f 7338 7434 7435
f 7339 7436 7340
f 7339 7435 7436
f 7340 7437 7341
f 7340 7436 7437
f 7341 7438 7342
f 7341 7437 7438
f 7342 7439 7343
f 7342 7438 7439
f 7343 7440 7344
f 7343 7439 7440
f 7344 7441 7345
f 7344 7440 7441
f 7345 7442 7346
f 7345 7441 7442
f 7346 7443 7347
f 7346 7442 7443
f 7347 7444 7348
f 7347 7443 7444
f 7348 7445 7349
f 7348 7444 7445
f 7349 7446 7350
f 7349 7445 7446
f 7350 7447 7351
f 7350 7446 7447
f 7351 7448 7352
f 7351 7447 7448
f 7352 7449 7353
f 7352 7448 7449
f 7353 7450 7354
f 7353 7449 7450
f 7354 7451 7355
f 7354 7450 7451
f 7355 7452 7356
f 7355 7451 7452
f 7356 7453 7357
f 7356 7452 7453
f 7357 7454 7358
f 7357 7453 7454
f 7358 7455 7359
f 7358 7454 7455
f 7359 7456 7360
f 7359 7455 7456
f 7360 7457 7361
f 7360 7456 7457
f 7361 7458 7362
f 7361 7457 7458
f 7362 7459 7363
f 7362 7458 7459
f 7363 7460 7364
f 7363 7459 7460
f 7364 7461 7365
f 7364 7460 7461
f 7365 7462 7366
f 7365 7461 7462
f 7366 7463 7367
f 7366 7462 7463
f 7367 7464 7368
f 7367 7463 7464
f 7368 7465 7369
f 7368 7464 7465
f 7369 7466 7370
f 7369 7465 7466
f 7370 7467 7371
f 7370 7466 7467
f 7371 7468 7372
f 7371 7467 7468
f 7372 7469 7373
f 7372 7468 7469
f 7373 7470 7374
f 7373 7469 7470
f 7374 7471 7375
f 7374 7470 7471
f 7375 7472 7376
f 7375 7471 7472
f 7376 7473 7377
f 7376 7472 7473
f 7377 7474 7378
f 7377 7473 7474
f 7378 7475 7379
f 7378 7474 7475
f 7379 7476 7380
f 7379 7475 7476
f 7380 7477 7381
f 7380 7476 7477
f 7381 7478 7382
f 7381 7477 7478
f 7382 7479 7383
f 7382 7478 7479
f 7383 7480 7384
f 7383 7479 7480
f 7384 7481 7385
f 7384 7480 7481
f 7385 7482 7386
f 7385 7481 7482
f 7386 7483 7387
f 7386 7482 7483
f 7387 7484 7388
f 7387 7483 7484
f 7388 7485 7389
f 7388 7484 7485
f 7389 7486 7390
f 7389 7485 7486
f 7390 7487 7391
f 7390 7486 7487
f 7391 7488 7392
f 7391 7487 7488
f 7392 7489 7393
f 7392 7488 7489
f 7393 7394 7298
f 7393 7489 7394
f 7394 7491 7395
f 7394 7490 7491
f 7395 7492 7396
f 7395 7491 7492
f 7396 7493 7397
f 7396 7492 7493
f 7397 7494 7398
f 7397 7493 7494
f 7398 7495 7399
f 7398 7494 7495
f 7399 7496 7400
f 7399 7495 7496
f 7400 7497 7401
f 7400 7496 7497
f 7401 7498 7402
f 7401 7497 7498
f 7402 7499 7403
f 7402 7498 7499
f 7403 7500 7404
f 7403 7499 7500
f 7404 7501 7405
f 7404 7500 7501
f 7405 7502 7406
f 7405 7501 7502
f 7406 7503 7407
f 7406 7502 7503
f 7407 7504 7408
f 7407 7503 7504
f 7408 7505 7409
f 7408 7504 7505
f 7409 7506 7410
f 7409 7505 7506
f 7410 7507 7411
f 7410 7506 7507
f 7411 7508 7412
f 7411 7507 7508
f 7412 7509 7413
f 7412 7508 7509
f 7413 7510 7414
f 7413 7509 7510
f 7414 7511 7415
f 7414 7510 7511
f 7415 7512 7416
f 7415 7511 7512
f 7416 7513 7417
f 7416 7512 7513
f 7417 7514 7418
f 7417 7513 7514
f 7418 7515 7419
f 7418 7514 7515
f 7419 7516 7420
f 7419 7515 7516
f 7420 7517 7421
f 7420 7516 7517
f 7421 7518 7422
f 7421 7517 7518
f 7422 7519 7423
f 7422 7518 7519
f 7423 7520 7424
f 7423 7519 7520
f 7424 7521 7425
f 7424 7520 7521
f 7425 7522 7426
f 7425 7521 7522
f 7426 7523 7427
f 7426 7522 7523
f 7427 7524 7428
f 7427 7523 7524
f 7428 7525 7429
f 7428 7524 7525
f 7429 7526 7430
f 7429 7525 7526
f 7430 7527 7431
f 7430 7526 7527
f 7431 7528 7432
f 7431 7527 7528
f 7432 7529 7433
f 7432 7528 7529
f 7433 7530 7434
f 7433 7529 7530
f 7434 7531 7435
f 7434 7530 7531
f 7435 7532 7436
f 7435 7531 7532
f 7436 7533 7437
f 7436 7532 7533
f 7437 7534 7438
f 7437 7533 7534
f 7438 7535 7439
f 7438 7534 7535
f 7439 7536 7440
f 7439 7535 7536
f 7440 7537 7441
f 7440 7536 7537
f 7441 7538 7442
f 7441 7537 7538
f 7442 7539 7443
f 7442 7538 7539
f 7443 7540 7444
f 7443 7539 7540
f 7444 7541 7445
f 7444 7540 7541
f 7445 7542 7446
f 7445 7541 7542
f 7446 7543 7447
f 7446 7542 7543
f 7447 7544 7448
f 7447 7543 7544
f 7448 7545 7449
f 7448 7544 7545
f 7449 7546 7450
f 7449 7545 7546
f 7450 7547 7451
f 7450 7546 7547
f 7451 7548 7452
f 7451 7547 7548
f 7452 7549 7453
f 7452 7548 7549
f 7453 7550 7454
f 7453 7549 7550
f 7454 7551 7455
f 7454 7550 7551
f 7455 7552 7456
f 7455 7551 7552
f 7456 7553 7457
f 7456 7552 7553
f 7457 7554 7458
f 7457 7553 7554
f 7458 7555 7459
f 7458 7554 7555
f 7459 7556 7460
f 7459 7555 7556
f 7460 7557 7461
f 7460 7556 7557
f 7461 7558 7462
f 7461 7557 7558
f 7462 7559 7463
f 7462 7558 7559
f 7463 7560 7464
f 7463 7559 7560
f 7464 7561 7465
f 7464 7560 7561
f 7465 7562 7466
f 7465 7561 7562
f 7466 7563 7467
f 7466 7562 7563
f 7467 7564 7468
f 7467 7563 7564
f 7468 7565 7469
f 7468 7564 7565
f 7469 7566 7470
f 7469 7565 7566
f 7470 7567 7471
f 7470 7566 7567
f 7471 7568 7472
f 7471 7567 7568
f 7472 7569 7473
f 7472 7568 7569
f 7473 7570 7474
f 7473 7569 7570
f 7474 7571 7475
f 7474 7570 7571
f 7475 7572 7476
f 7475 7571 7572
f 7476 7573 7477
f 7476 7572 7573
f 7477 7574 7478
f 7477 7573 7574
f 7478 7575 7479
f 7478 7574 7575
f 7479 7576 7480
f 7479 7575 7576
f 7480 7577 7481
f 7480 7576 7577
f 7481 7578 7482
f 7481 7577 7578
f 7482 7579 7483
f 7482 7578 7579
f 7483 7580 7484
f 7483 7579 7580
f 7484 7581 7485
f 7484 7580 7581
f 7485 7582 7486
f 7485 7581 7582
f 7486 7583 7487
f 7486 7582 7583
f 7487 7584 7488
f 7487 7583 7584
f 7488 7585 7489
f 7488 7584 7585
f 7489 7490 7394
f 7489 7585 7490
f 7490 7587 7491
f 7490 7586 7587
f 7491 7588 7492
f 7491 7587 7588
f 7492 7589 7493
f 7492 7588 7589
f 7493 7590 7494
f 7493 7589 7590
f 7494 7591 7495
f 7494 7590 7591
f 7495 7592 7496
f 7495 7591 7592
f 7496 7593 7497
f 7496 7592 7593
f 7497 7594 7498
f 7497 7593 7594
f 7498 7595 7499
f 7498 7594 7595
f 7499 7596 7500
f 7499 7595 7596
f 7500 7597 7501
f 7500 7596 7597
f 7501 7598 7502
f 7501 7597 7598
f 7502 7599 7503
f 7502 7598 7599
f 7503 7600 7504
f 7503 7599 7600
f 7504 7601 7505
f 7504 7600 7601
f 7505 7602 7506
f 7505 7601 7602
f 7506 7603 7507
f 7506 7602 7603
f 7507 7604 7508
f 7507 7603 7604
f 7508 7605 7509
f 7508 7604 7605
f 7509 7606 7510
f 7509 7605 7606
f 7510 7607 7511
f 7510 7606 7607
f 7511 7608 7512
f 7511 7607 7608
f 7512 7609 7513
f 7512 7608 7609
f 7513 7610 7514
f 7513 7609 7610
f 7514 7611 7515
f 7514 7610 7611
f 7515 7612 7516
f 7515 7611 7612
f 7516 7613 7517
f 7516 7612 7613
f 7517 7614 7518
f 7517 7613 7614
f 7518 7615 7519
f 7518 7614 7615
f 7519 7616 7520
f 7519 7615 7616
f 7520 7617 7521
f 7520 7616 7617
f 7521 7618 7522
f 7521 7617 7618
f 7522 7619 7523
f 7522 7618 7619
f 7523 7620 7524
f 7523 7619 7620
f 7524 7621 7525
f 7524 7620 7621
f 7525 7622 7526
f 7525 7621 7622
f 7526 7623 7527
f 7526 7622 7623
f 7527 7624 7528
f 7527 7623 7624
f 7528 7625 7529
f 7528 7624 7625
f 7529 7626 7530
f 7529 7625 7626
f 7530 7627 7531
f 7530 7626 7627
f 7531 7628 7532
f 7531 7627 7628
f 7532 7629 7533
f 7532 7628 7629
f 7533 7630 7534
f 7533 7629 7630
f 7534 7631 7535
f 7534 7630 7631
f 7535 7632 7536
f 7535 7631 7632
f 7536 7633 7537
f 7536 7632 7633
f 7537 7634 7538
f 7537 7633 7634
f 7538 7635 7539
f 7538 7634 7635
f 7539 7636 7540
f 7539 7635 7636
f 7540 7637 7541
f 7540 7636 7637
f 7541 7638 7542
f 7541 7637 7638
f 7542 7639 7543
f 7542 7638 7639
f 7543 7640 7544
f 7543 7639 7640
f 7544 7641 7545
f 7544 7640 7641
f 7545 7642 7546
f 7545 7641 7642
f 7546 7643 7547
f 7546 7642 7643
f 7547 7644 7548
f 7547 7643 7644
f 7548 7645 7549
f 7548 7644 7645
f 7549 7646 7550
f 7549 7645 7646
f 7550 7647 7551
f 7550 7646 7647
f 7551 7648 7552
f 7551 7647 7648
f 7552 7649 7553
f 7552 7648 7649
f 7553 7650 7554
f 7553 7649 7650
f 7554 7651 7555
f 7554 7650 7651
f 7555 7652 7556
f 7555 7651 7652
f 7556 7653 7557
f 7556 7652 7653
f 7557 7654 7558
f 7557 7653 7654
f 7558 7655 7559
f 7558 7654 7655
f 7559 7656 7560
f 7559 7655 7656
f 7560 7657 7561
f 7560 7656 7657
f 7561 7658 7562
f 7561 7657 7658
f 7562 7659 7563
f 7562 7658 7659
f 7563 7660 7564
f 7563 7659 7660
f 7564 7661 7565
f 7564 7660 7661
f 7565 7662 7566
f 7565 7661 7662
f 7566 7663 7567
f 7566 7662 7663
f 7567 7664 7568
f 7567 7663 7664
f 7568 7665 7569
f 7568 7664 7665
f 7569 7666 7570
f 7569 7665 7666
f 7570 7667 7571
f 7570 7666 7667
f 7571 7668 7572
f 7571 7667 7668
f 7572 7669 7573
f 7572 7668 7669
f 7573 7670 7574
f 7573 7669 7670
f 7574 7671 7575
f 7574 7670 7671
f 7575 7672 7576
f 7575 7671 7672
f 7576 7673 7577
f 7576 7672 7673
f 7577 7674 7578
f 7577 7673 7674
f 7578 7675 7579
f 7578 7674 7675
f 7579 7676 7580
f 7579 7675 7676
f 7580 7677 7581
f 7580 7676 7677
f 7581 7678 7582
f 7581 7677 7678
f 7582 7679 7583
f 7582 7678 7679
f 7583 7680 7584
f 7583 7679 7680
f 7584 7681 7585
f 7584 7680 7681
f 7585 7586 7490
f 7585 7681 7586
f 7586 7683 7587
f 7586 7682 7683
f 7587 7684 7588
f 7587 7683 7684
f 7588 7685 7589
f 7588 7684 7685
f 7589 7686 7590
f 7589 7685 7686
f 7590 7687 7591
f 7590 7686 7687
f 7591 7688 7592
f 7591 7687 7688
f 7592 7689 7593
f 7592 7688 7689
f 7593 7690 7594
f 7593 7689 7690
f 7594 7691 7595
f 7594 7690 7691
f 7595 7692 7596
f 7595 7691 7692
f 7596 7693 7597
f 7596 7692 7693
f 7597 7694 7598
f 7597 7693 7694
f 7598 7695 7599
f 7598 7694 7695
f 7599 7696 7600
f 7599 7695 7696
f 7600 7697 7601
f 7600 7696 7697
f 7601 7698 7602
f 7601 7697 7698
f 7602 7699 7603
f 7602 7698 7699
f 7603 7700 7604
f 7603 7699 7700
f 7604 7701 7605
f 7604 7700 7701
f 7605 7702 7606
f 7605 7701 7702
f 7606 7703 7607
f 7606 7702 7703
f 7607 7704 7608
f 7607 7703 7704
f 7608 7705 7609
f 7608 7704 7705
f 7609 7706 7610
f 7609 7705 7706
f 7610 7707 7611
f 7610 7706 7707
f 7611 7708 7612
f 7611 7707 7708
f 7612 7709 7613
f 7612 7708 7709
f 7613 7710 7614
f 7613 7709 7710
f 7614 7711 7615
f 7614 7710 7711
f 7615 7712 7616
f 7615 7711 7712
f 7616 7713 7617
f 7616 7712 7713
f 7617 7714 7618
f 7617 7713 7714
f 7618 7715 7619
f 7618 7714 7715
f 7619 7716 7620
f 7619 7715 7716
f 7620 7717 7621
f 7620 7716 7717
f 7621 7718 7622
f 7621 7717 7718
f 7622 7719 7623
f 7622 7718 7719
f 7623 7720 7624
f 7623 7719 7720
f 7624 7721 7625
f 7624 7720 7721
f 7625 7722 7626
f 7625 7721 7722
f 7626 7723 7627
f 7626 7722 7723
f 7627 7724 7628
f 7627 7723 7724
f 7628 7725 7629
f 7628 7724 7725
f 7629 7726 7630
f 7629 7725 7726
f 7630 7727 7631
f 7630 7726 7727
f 7631 7728 7632
f 7631 7727 7728
f 7632 7729 7633
f 7632 7728 7729
f 7633 7730 7634
f 7633 7729 7730
f 7634 7731 7635
f 7634 7730 7731
f 7635 7732 7636
f 7635 7731 7732
f 7636 7733 7637
f 7636 7732 7733
f 7637 7734 7638
f 7637 7733 7734
f 7638 7735 7639
f 7638 7734 7735
f 7639 7736 7640
f 7639 7735 7736
f 7640 7737 7641
f 7640 7736 7737
f 7641 7738 7642
f 7641 7737 7738
f 7642 7739 7643
f 7642 7738 7739
f 7643 7740 7644
f 7643 7739 7740
f 7644 7741 7645
f 7644 7740 7741
f 7645 7742 7646
f 7645 7741 7742
f 7646 7743 7647
f 7646 7742 7743
f 7647 7744 7648
f 7647 7743 7744
f 7648 7745 7649
f 7648 7744 7745
f 7649 7746 7650
f 7649 7745 7746
f 7650 7747 7651
f 7650 7746 7747
f 7651 7748 7652
f 7651 7747 7748
f 7652 7749 7653
f 7652 7748 7749
f 7653 7750 7654
f 7653 7749 7750
f 7654 7751 7655
f 7654 7750 7751
f 7655 7752 7656
f 7655 7751 7752
f 7656 7753 7657
f 7656 7752 7753
f 7657 7754 7658
f 7657 7753 7754
f 7658 7755 7659
f 7658 7754 7755
f 7659 7756 7660
f 7659 7755 7756
f 7660 7757 7661
f 7660 7756 7757
f 7661 7758 7662
f 7661 7757 7758
f 7662 7759 7663
f 7662 7758 7759
f 7663 7760 7664
f 7663 7759 7760
f 7664 7761 7665
f 7664 7760 7761
f 7665 7762 7666
f 7665 7761 7762
f 7666 7763 7667
f 7666 7762 7763
f 7667 7764 7668
f 7667 7763 7764
f 7668 7765 7669
f 7668 7764 7765
f 7669 7766 7670
f 7669 7765 7766
f 7670 7767 7671
f 7670 7766 7767
f 7671 7768 7672
f 7671 7767 7768
f 7672 7769 7673
f 7672 7768 7769
f 7673 7770 7674
f 7673 7769 7770
f 7674 7771 7675
f 7674 7770 7771
f 7675 7772 7676
f 7675 7771 7772
f 7676 7773 7677
f 7676 7772 7773
f 7677 7774 7678
f 7677 7773 7774
f 7678 7775 7679
f 7678 7774 7775
f 7679 7776 7680
f 7679 7775 7776
f 7680 7777 7681
f 7680 7776 7777
f 7681 7682 7586
f 7681 7777 7682
f 7682 7779 7683
f 7682 7778 7779
f 7683 7780 7684
f 7683 7779 7780
f 7684 7781 7685
f 7684 7780 7781
f 7685 7782 7686
f 7685 7781 7782
f 7686 7783 7687
f 7686 7782 7783
f 7687 7784 7688
f 7687 7783 7784
f 7688 7785 7689
f 7688 7784 7785
f 7689 7786 7690
f 7689 7785 7786
f 7690 7787 7691
f 7690 7786 7787
f 7691 7788 7692
f 7691 7787 7788
f 7692 7789 7693
f 7692 7788 7789
f 7693 7790 7694
f 7693 7789 7790
f 7694 7791 7695
f 7694 7790 7791
f 7695 7792 7696
f 7695 7791 7792
f 7696 7793 7697
f 7696 7792 7793
f 7697 7794 7698
f 7697 7793 7794
f 7698 7795 7699
f 7698 7794 7795
f 7699 7796 7700
f 7699 7795 7796
f 7700 7797 7701
f 7700 7796 7797
f 7701 7798 7702
f 7701 7797 7798
f 7702 7799 7703
f 7702 7798 7799
f 7703 7800 7704
f 7703 7799 7800
f 7704 7801 7705
f 7704 7800 7801
f 7705 7802 7706
f 7705 7801 7802
f 7706 7803 7707
f 7706 7802 7803
f 7707 7804 7708
f 7707 7803 7804
f 7708 7805 7709
f 7708 7804 7805
f 7709 7806 7710
f 7709 7805 7806
f 7710 7807 7711
f 7710 7806 7807
f 7711 7808 7712
f 7711 7807 7808
f 7712 7809 7713
f 7712 7808 7809
f 7713 7810 7714
f 7713 7809 7810
f 7714 7811 7715
f 7714 7810 7811
f 7715 7812 7716
f 7715 7811 7812
f 7716 7813 7717
f 7716 7812 7813
f 7717 7814 7718
f 7717 7813 7814
f 7718 7815 7719
f 7718 7814 7815
f 7719 7816 7720
f 7719 7815 7816
f 7720 7817 7721
f 7720 7816 7817
f 7721 7818 7722
f 7721 7817 7818
f 7722 7819 7723
f 7722 7818 7819
f 7723 7820 7724
f 7723 7819 7820
f 7724 7821 7725
f 7724 7820 7821
f 7725 7822 7726
f 7725 7821 7822
f 7726 7823 7727
f 7726 7822 7823
f 7727 7824 7728
f 7727 7823 7824
f 7728 7825 7729
f 7728 7824 7825
f 7729 7826 7730
f 7729 7825 7826
f 7730 7827 7731
f 7730 7826 7827
f 7731 7828 7732
f 7731 7827 7828
f 7732 7829 7733
f 7732 7828 7829
f 7733 7830 7734
f 7733 7829 7830
f 7734 7831 7735
f 7734 7830 7831
f 7735 7832 7736
f 7735 7831 7832
f 7736 7833 7737
f 7736 7832 7833
f 7737 7834 7738
f 7737 7833 7834
f 7738 7835 7739
f 7738 7834 7835
f 7739 7836 7740
f 7739 7835 7836
f 7740 7837 7741
f 7740 7836 7837
f 7741 7838 7742
f 7741 7837 7838
f 7742 7839 7743
f 7742 7838 7839
f 7743 7840 7744
f 7743 7839 7840
f 7744 7841 7745
f 7744 7840 7841
f 7745 7842 7746
f 7745 7841 7842
f 7746 7843 7747
f 7746 7842 7843
f 7747 7844 7748
f 7747 7843 7844
f 7748 7845 7749
f 7748 7844 7845
f 7749 7846 7750
f 7749 7845 7846
f 7750 7847 7751
f 7750 7846 7847
f 7751 7848 7752
f 7751 7847 7848
f 7752 7849 7753
f 7752 7848 7849
f 7753 7850 7754
f 7753 7849 7850
f 7754 7851 7755
f 7754 7850 7851
f 7755 7852 7756
f 7755 7851 7852
f 7756 7853 7757
f 7756 7852 7853
f 7757 7854 7758
f 7757 7853 7854
f 7758 7855 7759
f 7758 7854 7855
f 7759 7856 7760
f 7759 7855 7856
f 7760 7857 7761
f 7760 7856 7857
f 7761 7858 7762
f 7761 7857 7858
f 7762 7859 7763
f 7762 7858 7859
f 7763 7860 7764
f 7763 7859 7860
f 7764 7861 7765
f 7764 7860 7861
f 7765 7862 7766
f 7765 7861 7862
f 7766 7863 7767
f 7766 7862 7863
f 7767 7864 7768
f 7767 7863 7864
f 7768 7865 7769
f 7768 7864 7865
f 7769 7866 7770
f 7769 7865 7866
f 7770 7867 7771
f 7770 7866 7867
f 7771 7868 7772
f 7771 7867 7868
f 7772 7869 7773
f 7772 7868 7869
f 7773 7870 7774
f 7773 7869 7870
f 7774 7871 7775
f 7774 7870 7871
f 7775 7872 7776
f 7775 7871 7872
f 7776 7873 7777
f 7776 7872 7873
f 7777 7778 7682
f 7777 7873 7778
f 7778 7875 7779
f 7778 7874 7875
f 7779 7876 7780
f 7779 7875 7876
f 7780 7877 7781
f 7780 7876 7877
f 7781 7878 7782
f 7781 7877 7878
f 7782 7879 7783
f 7782 7878 7879
f 7783 7880 7784
f 7783 7879 7880
f 7784 7881 7785
f 7784 7880 7881
f 7785 7882 7786
f 7785 7881 7882
f 7786 7883 7787
f 7786 7882 7883
f 7787 7884 7788
f 7787 7883 7884
f 7788 7885 7789
f 7788 7884 7885
f 7789 7886 7790
f 7789 7885 7886
f 7790 7887 7791
f 7790 7886 7887
f 7791 7888 7792
f 7791 7887 7888
f 7792 7889 7793
f 7792 7888 7889
f 7793 7890 7794
f 7793 7889 7890
f 7794 7891 7795
f 7794 7890 7891
f 7795 7892 7796
f 7795 7891 7892
f 7796 7893 7797
f 7796 7892 7893
f 7797 7894 7798
f 7797 7893 7894
f 7798 7895 7799
f 7798 7894 7895
f 7799 7896 7800
f 7799 7895 7896
f 7800 7897 7801
f 7800 7896 7897
f 7801 7898 7802
f 7801 7897 7898
f 7802 7899 7803
f 7802 7898 7899
f 7803 7900 7804
f 7803 7899 7900
f 7804 7901 7805
f 7804 7900 7901
f 7805 7902 7806
f 7805 7901 7902
f 7806 7903 7807
f 7806 7902 7903
f 7807 7904 7808
f 7807 7903 7904
f 7808 7905 7809
f 7808 7904 7905
f 7809 7906 7810
f 7809 7905 7906
f 7810 7907 7811
f 7810 7906 7907
f 7811 7908 7812
f 7811 7907 7908
f 7812 7909 7813
f 7812 7908 7909
f 7813 7910 7814
f 7813 7909 7910
f 7814 7911 7815
f 7814 7910 7911
f 7815 7912 7816
f 7815 7911 7912
f 7816 7913 7817
f 7816 7912 7913
f 7817 7914 7818
f 7817 7913 7914
f 7818 7915 7819
f 7818 7914 7915
f 7819 7916 7820
f 7819 7915 7916
f 7820 7917 7821
f 7820 7916 7917
f 7821 7918 7822
f 7821 7917 7918
f 7822 7919 7823
f 7822 7918 7919
f 7823 7920 7824
f 7823 7919 7920
f 7824 7921 7825
f 7824 7920 7921
f 7825 7922 7826
f 7825 7921 7922
f 7826 7923 7827
f 7826 7922 7923
f 7827 7924 7828
f 7827 7923 7924
f 7828 7925 7829
f 7828 7924 7925
f 7829 7926 7830
f 7829 7925 7926
f 7830 7927 7831
f 7830 7926 7927
f 7831 7928 7832
f 7831 7927 7928
f 7832 7929 7833
f 7832 7928 7929
f 7833 7930 7834
f 7833 7929 7930
f 7834 7931 7835
f 7834 7930 7931
f 7835 7932 7836
f 7835 7931 7932
f 7836 7933 7837
f 7836 7932 7933
f 7837 7934 7838
f 7837 7933 7934
f 7838 7935 7839
f 7838 7934 7935
f 7839 7936 7840
f 7839 7935 7936
f 7840 7937 7841
f 7840 7936 7937
f 7841 7938 7842
f 7841 7937 7938
f 7842 7939 7843
f 7842 7938 7939
f 7843 7940 7844
f 7843 7939 7940
f 7844 7941 7845
f 7844 7940 7941
f 7845 7942 7846
f 7845 7941 7942
f 7846 7943 7847
f 7846 7942 7943
f 7847 7944 7848
f 7847 7943 7944
f 7848 7945 7849
f 7848 7944 7945
f 7849 7946 7850
f 7849 7945 7946
f 7850 7947 7851
f 7850 7946 7947
f 7851 7948 7852
f 7851 7947 7948
f 7852 7949 7853
f 7852 7948 7949
f 7853 7950 7854
f 7853 7949 7950
f 7854 7951 7855
f 7854 7950 7951
f 7855 7952 7856
f 7855 7951 7952
f 7856 7953 7857
f 7856 7952 7953
f 7857 7954 7858
f 7857 7953 7954
f 7858 7955 7859
f 7858 7954 7955
f 7859 7956 7860
f 7859 7955 7956
f 7860 7957 7861
f 7860 7956 7957
f 7861 7958 7862
f 7861 7957 7958
f 7862 7959 7863
f 7862 7958 7959
f 7863 7960 7864
f 7863 7959 7960
f 7864 7961 7865
f 7864 7960 7961
f 7865 7962 7866
f 7865 7961 7962
f 7866 7963 7867
f 7866 7962 7963
f 7867 7964 7868
f 7867 7963 7964
f 7868 7965 7869
f 7868 7964 7965
f 7869 7966 7870
f 7869 7965 7966
f 7870 7967 7871
f 7870 7966 7967
f 7871 7968 7872
f 7871 7967 7968
f 7872 7969 7873
f 7872 7968 7969
f 7873 7874 7778
f 7873 7969 7874
f 7874 7971 7875
f 7874 7970 7971
f 7875 7972 7876
f 7875 7971 7972
f 7876 7973 7877
f 7876 7972 7973
f 7877 7974 7878
f 7877 7973 7974
f 7878 7975 7879
f 7878 7974 7975
f 7879 7976 7880
f 7879 7975 7976
f 7880 7977 7881
f 7880 7976 7977
f 7881 7978 7882
f 7881 7977 7978
f 7882 7979 7883
f 7882 7978 7979
f 7883 7980 7884
f 7883 7979 7980
f 7884 7981 7885
f 7884 7980 7981
f 7885 7982 7886
f 7885 7981 7982
f 7886 7983 7887
f 7886 7982 7983
f 7887 7984 7888
f 7887 7983 7984
f 7888 7985 7889
f 7888 7984 7985
f 7889 7986 7890
f 7889 7985 7986
f 7890 7987 7891
f 7890 7986 7987
f 7891 7988 7892
f 7891 7987 7988
f 7892 7989 7893
f 7892 7988 7989
f 7893 7990 7894
f 7893 7989 7990
f 7894 7991 7895
f 7894 7990 7991
f 7895 7992 7896
f 7895 7991 7992
f 7896 7993 7897
f 7896 7992 7993
f 7897 7994 7898
f 7897 7993 7994
f 7898 7995 7899
f 7898 7994 7995
f 7899 7996 7900
f 7899 7995 7996
f 7900 7997 7901
f 7900 7996 7997
f 7901 7998 7902
f 7901 7997 7998
f 7902 7999 7903
f 7902 7998 7999
f 7903 8000 7904
f 7903 7999 8000
f 7904 8001 7905
f 7904 8000 8001
f 7905 8002 7906
f 7905 8001 8002
f 7906 8003 7907
f 7906 8002 8003
f 7907 8004 7908
f 7907 8003 8004
f 7908 8005 7909
f 7908 8004 8005
f 7909 8006 7910
f 7909 8005 8006
f 7910 8007 7911
f 7910 8006 8007
f 7911 8008 7912
f 7911 8007 8008
f 7912 8009 7913
f 7912 8008 8009
f 7913 8010 7914
f 7913 8009 8010
f 7914 8011 7915
f 7914 8010 8011
f 7915 8012 7916
f 7915 8011 8012
f 7916 8013 7917
f 7916 8012 8013
f 7917 8014 7918
f 7917 8013 8014
f 7918 8015 7919
f 7918 8014 8015
f 7919 8016 7920
f 7919 8015 8016
f 7920 8017 7921
f 7920 8016 8017
f 7921 8018 7922
f 7921 8017 8018
f 7922 8019 7923
f 7922 8018 8019
f 7923 8020 7924
f 7923 8019 8020
f 7924 8021 7925
f 7924 8020 8021
f 7925 8022 7926
f 7925 8021 8022
f 7926 8023 7927
f 7926 8022 8023
f 7927 8024 7928
f 7927 8023 8024
f 7928 8025 7929
f 7928 8024 8025
f 7929 8026 7930
f 7929 8025 8026
f 7930 8027 7931
f 7930 8026 8027
f 7931 8028 7932
f 7931 8027 8028
f 7932 8029 7933
f 7932 8028 8029
f 7933 8030 7934
f 7933 8029 8030
f 7934 8031 7935
f 7934 8030 8031
f 7935 8032 7936
f 7935 8031 8032
f 7936 8033 7937
f 7936 8032 8033
f 7937 8034 7938
f 7937 8033 8034
f 7938 8035 7939
f 7938 8034 8035
f 7939 8036 7940
f 7939 8035 8036
f 7940 8037 7941
f 7940 8036 8037
f 7941 8038 7942
f 7941 8037 8038
f 7942 8039 7943
f 7942 8038 8039
f 7943 8040 7944
f 7943 8039 8040
f 7944 8041 7945
f 7944 8040 8041
f 7945 8042 7946
f 7945 8041 8042
f 7946 8043 7947
f 7946 8042 8043
f 7947 8044 7948
f 7947 8043 8044
f 7948 8045 7949
f 7948 8044 8045
f 7949 8046 7950
f 7949 8045 8046
f 7950 8047 7951
f 7950 8046 8047
f 7951 8048 7952
f 7951 8047 8048
f 7952 8049 7953
f 7952 8048 8049
f 7953 8050 7954
f 7953 8049 8050
f 7954 8051 7955
f 7954 8050 8051
f 7955 8052 7956
f 7955 8051 8052
f 7956 8053 7957
f 7956 8052 8053
f 7957 8054 7958
f 7957 8053 8054
f 7958 8055 7959
f 7958 8054 8055
f 7959 8056 7960
f 7959 8055 8056
f 7960 8057 7961
f 7960 8056 8057
f 7961 8058 7962
f 7961 8057 8058
f 7962 8059 7963
f 7962 8058 8059
f 7963 8060 7964
f 7963 8059 8060
f 7964 8061 7965
f 7964 8060 8061
f 7965 8062 7966
f 7965 8061 8062
f 7966 8063 7967
f 7966 8062 8063
f 7967 8064 7968
f 7967 8063 8064
f 7968 8065 7969
f 7968 8064 8065
f 7969 7970 7874
f 7969 8065 7970
f 7970 8067 7971
f 7970 8066 8067
f 7971 8068 7972
f 7971 8067 8068
f 7972 8069 7973
f 7972 8068 8069
f 7973 8070 7974
f 7973 8069 8070
f 7974 8071 7975
f 7974 8070 8071
f 7975 8072 7976
f 7975 8071 8072
f 7976 8073 7977
f 7976 8072 8073
f 7977 8074 7978
f 7977 8073 8074
f 7978 8075 7979
f 7978 8074 8075
f 7979 8076 7980
f 7979 8075 8076
f 7980 8077 7981
f 7980 8076 8077
f 7981 8078 7982
f 7981 8077 8078
f 7982 8079 7983
f 7982 8078 8079
f 7983 8080 7984
f 7983 8079 8080
f 7984 8081 7985
f 7984 8080 8081
f 7985 8082 7986
f 7985 8081 8082
f 7986 8083 7987
f 7986 8082 8083
f 7987 8084 7988
f 7987 8083 8084
f 7988 8085 7989
f 7988 8084 8085
f 7989 8086 7990
f 7989 8085 8086
f 7990 8087 7991
f 7990 8086 8087
f 7991 8088 7992
f 7991 8087 8088
f 7992 8089 7993
f 7992 8088 8089
f 7993 8090 7994
f 7993 8089 8090
f 7994 8091 7995
f 7994 8090 8091
f 7995 8092 7996
f 7995 8091 8092
f 7996 8093 7997
f 7996 8092 8093
f 7997 8094 7998
f 7997 8093 8094
f 7998 8095 7999
f 7998 8094 8095
f 7999 8096 8000
f 7999 8095 8096
f 8000 8097 8001
f 8000 8096 8097
f 8001 8098 8002
f 8001 8097 8098
f 8002 8099 8003
f 8002 8098 8099
f 8003 8100 8004
f 8003 8099 8100
f 8004 8101 8005
f 8004 8100 8101
f 8005 8102 8006
f 8005 8101 8102
f 8006 8103 8007
f 8006 8102 8103
f 8007 8104 8008
f 8007 8103 8104
f 8008 8105 8009
f 8008 8104 8105
f 8009 8106 8010
f 8009 8105 8106
f 8010 8107 8011
f 8010 8106 8107
f 8011 8108 8012
f 8011 8107 8108
f 8012 8109 8013
f 8012 8108 8109
f 8013 8110 8014
f 8013 8109 8110
f 8014 8111 8015
f 8014 8110 8111
f 8015 8112 8016
f 8015 8111 8112
f 8016 8113 8017
f 8016 8112 8113
f 8017 8114 8018
f 8017 8113 8114
f 8018 8115 8019
f 8018 8114 8115
f 8019 8116 8020
f 8019 8115 8116
f 8020 8117 8021
f 8020 8116 8117
f 8021 8118 8022
f 8021 8117 8118
f 8022 8119 8023
f 8022 8118 8119
f 8023 8120 8024
f 8023 8119 8120
f 8024 8121 8025
f 8024 8120 8121
f 8025 8122 8026
f 8025 8121 8122
f 8026 8123 8027
f 8026 8122 8123
f 8027 8124 8028
f 8027 8123 8124
f 8028 8125 8029
f 8028 8124 8125
f 8029 8126 8030
f 8029 8125 8126
f 8030 8127 8031
f 8030 8126 8127
f 8031 8128 8032
f 8031 8127 8128
f 8032 8129 8033
f 8032 8128 8129
f 8033 8130 8034
f 8033 8129 8130
f 8034 8131 8035
f 8034 8130 8131
f 8035 8132 8036
f 8035 8131 8132
f 8036 8133 8037
f 8036 8132 8133
f 8037 8134 8038
f 8037 8133 8134
f 8038 8135 8039
f 8038 8134 8135
f 8039 8136 8040
f 8039 8135 8136
f 8040 8137 8041
f 8040 8136 8137
f 8041 8138 8042
f 8041 8137 8138
f 8042 8139 8043
f 8042 8138 8139
f 8043 8140 8044
f 8043 8139 8140
f 8044 8141 8045
f 8044 8140 8141
f 8045 8142 8046
f 8045 8141 8142
f 8046 8143 8047
f 8046 8142 8143
f 8047 8144 8048
f 8047 8143 8144
f 8048 8145 8049
f 8048 8144 8145
f 8049 8146 8050
f 8049 8145 8146
f 8050 8147 8051
f 8050 8146 8147
f 8051 8148 8052
f 8051 8147 8148
f 8052 8149 8053
f 8052 8148 8149
f 8053 8150 8054
f 8053 8149 8150
f 8054 8151 8055
f 8054 8150 8151
f 8055 8152 8056
f 8055 8151 8152
f 8056 8153 8057
f 8056 8152 8153
f 8057 8154 8058
f 8057 8153 8154
f 8058 8155 8059
f 8058 8154 8155
f 8059 8156 8060
f 8059 8155 8156
f 8060 8157 8061
f 8060 8156 8157
f 8061 8158 8062
f 8061 8157 8158
f 8062 8159 8063
f 8062 8158 8159
f 8063 8160 8064
f 8063 8159 8160
f 8064 8161 8065
f 8064 8160 8161
f 8065 8066 7970
f 8065 8161 8066
f 8066 8163 8067
f 8066 8162 8163
f 8067 8164 8068
f 8067 8163 8164
f 8068 8165 8069
f 8068 8164 8165
f 8069 8166 8070
f 8069 8165 8166
f 8070 8167 8071
f 8070 8166 8167
f 8071 8168 8072
f 8071 8167 8168
f 8072 8169 8073
f 8072 8168 8169
f 8073 8170 8074
f 8073 8169 8170
f 8074 8171 8075
f 8074 8170 8171
f 8075 8172 8076
f 8075 8171 8172
f 8076 8173 8077
f 8076 8172 8173
f 8077 8174 8078
f 8077 8173 8174
f 8078 8175 8079
f 8078 8174 8175
f 8079 8176 8080
f 8079 8175 8176
f 8080 8177 8081
f 8080 8176 8177
f 8081 8178 8082
f 8081 8177 8178
f 8082 8179 8083
f 8082 8178 8179
f 8083 8180 8084
f 8083 8179 8180
f 8084 8181 8085
f 8084 8180 8181
f 8085 8182 8086
f 8085 8181 8182
f 8086 8183 8087
f 8086 8182 8183
f 8087 8184 8088
f 8087 8183 8184
f 8088 8185 8089
f 8088 8184 8185
f 8089 8186 8090
f 8089 8185 8186
f 8090 8187 8091
f 8090 8186 8187
f 8091 8188 8092
f 8091 8187 8188
f 8092 8189 8093
f 8092 8188 8189
f 8093 8190 8094
f 8093 8189 8190
f 8094 8191 8095
f 8094 8190 8191
f 8095 8192 8096
f 8095 8191 8192
f 8096 8193 8097
f 8096 8192 8193
f 8097 8194 8098
f 8097 8193 8194
f 8098 8195 8099
f 8098 8194 8195
f 8099 8196 8100
f 8099 8195 8196
f 8100 8197 8101
f 8100 8196 8197
f 8101 8198 8102
f 8101 8197 8198
f 8102 8199 8103
f 8102 8198 8199
f 8103 8200 8104
f 8103 8199 8200
f 8104 8201 8105
f 8104 8200 8201
f 8105 8202 8106
f 8105 8201 8202
f 8106 8203 8107
f 8106 8202 8203
f 8107 8204 8108
f 8107 8203 8204
f 8108 8205 8109
f 8108 8204 8205
f 8109 8206 8110
f 8109 8205 8206
f 8110 8207 8111
f 8110 8206 8207
f 8111 8208 8112
f 8111 8207 8208
f 8112 8209 8113
f 8112 8208 8209
f 8113 8210 8114
f 8113 8209 8210
f 8114 8211 8115
f 8114 8210 8211
f 8115 8212 8116
f 8115 8211 8212
f 8116 8213 8117
f 8116 8212 8213
f 8117 8214 8118
f 8117 8213 8214
f 8118 8215 8119
f 8118 8214 8215
f 8119 8216 8120
f 8119 8215 8216
f 8120 8217 8121
f 8120 8216 8217
f 8121 8218 8122
f 8121 8217 8218
f 8122 8219 8123
f 8122 8218 8219
f 8123 8220 8124
f 8123 8219 8220
f 8124 8221 8125
f 8124 8220 8221
f 8125 8222 8126
f 8125 8221 8222
f 8126 8223 8127
f 8126 8222 8223
f 8127 8224 8128
f 8127 8223 8224
f 8128 8225 8129
f 8128 8224 8225
f 8129 8226 8130
f 8129 8225 8226
f 8130 8227 8131
f 8130 8226 8227
f 8131 8228 8132
f 8131 8227 8228
f 8132 8229 8133
f 8132 8228 8229
f 8133 8230 8134
f 8133 8229 8230
f 8134 8231 8135
f 8134 8230 8231
f 8135 8232 8136
f 8135 8231 8232
f 8136 8233 8137
f 8136 8232 8233
f 8137 8234 8138
f 8137 8233 8234
f 8138 8235 8139
f 8138 8234 8235
f 8139 8236 8140
f 8139 8235 8236
f 8140 8237 8141
f 8140 8236 8237
f 8141 8238 8142
f 8141 8237 8238
f 8142 8239 8143
f 8142 8238 8239
f 8143 8240 8144
f 8143 8239 8240
f 8144 8241 8145
f 8144 8240 8241
f 8145 8242 8146
f 8145 8241 8242
f 8146 8243 8147
f 8146 8242 8243
f 8147 8244 8148
f 8147 8243 8244
f 8148 8245 8149
f 8148 8244 8245
f 8149 8246 8150
f 8149 8245 8246
f 8150 8247 8151
f 8150 8246 8247
f 8151 8248 8152
f 8151 8247 8248
f 8152 8249 8153
f 8152 8248 8249
f 8153 8250 8154
f 8153 8249 8250
f 8154 8251 8155
f 8154 8250 8251
f 8155 8252 8156
f 8155 8251 8252
f 8156 8253 8157
f 8156 8252 8253
f 8157 8254 8158
f 8157 8253 8254
f 8158 8255 8159
f 8158 8254 8255
f 8159 8256 8160
f 8159 8255 8256
f 8160 8257 8161
f 8160 8256 8257
f 8161 8162 8066
f 8161 8257 8162
f 8162 8259 8163
f 8162 8258 8259
f 8163 8260 8164
f 8163 8259 8260
f 8164 8261 8165
f 8164 8260 8261
f 8165 8262 8166
f 8165 8261 8262
f 8166 8263 8167
f 8166 8262 8263
f 8167 8264 8168
f 8167 8263 8264
f 8168 8265 8169
f 8168 8264 8265
f 8169 8266 8170
f 8169 8265 8266
f 8170 8267 8171
f 8170 8266 8267
f 8171 8268 8172
f 8171 8267 8268
f 8172 8269 8173
f 8172 8268 8269
f 8173 8270 8174
f 8173 8269 8270
f 8174 8271 8175
f 8174 8270 8271
f 8175 8272 8176
f 8175 8271 8272
f 8176 8273 8177
f 8176 8272 8273
f 8177 8274 8178
f 8177 8273 8274
f 8178 8275 8179
f 8178 8274 8275
f 8179 8276 8180
f 8179 8275 8276
f 8180 8277 8181
f 8180 8276 8277
f 8181 8278 8182
f 8181 8277 8278
f 8182 8279 8183
f 8182 8278 8279
f 8183 8280 8184
f 8183 8279 8280
f 8184 8281 8185
f 8184 8280 8281
f 8185 8282 8186
f 8185 8281 8282
f 8186 8283 8187
f 8186 8282 8283
f 8187 8284 8188
f 8187 8283 8284
f 8188 8285 8189
f 8188 8284 8285
f 8189 8286 8190
f 8189 8285 8286
f 8190 8287 8191
f 8190 8286 8287
f 8191 8288 8192
f 8191 8287 8288
f 8192 8289 8193
f 8192 8288 8289
f 8193 8290 8194
f 8193 8289 8290
f 8194 8291 8195
f 8194 8290 8291
f 8195 8292 8196
f 8195 8291 8292
f 8196 8293 8197
f 8196 8292 8293
f 8197 8294 8198
f 8197 8293 8294
f 8198 8295 8199
f 8198 8294 8295
f 8199 8296 8200
f 8199 8295 8296
f 8200 8297 8201
f 8200 8296 8297
f 8201 8298 8202
f 8201 8297 8298
f 8202 8299 8203
f 8202 8298 8299
f 8203 8300 8204
f 8203 8299 8300
f 8204 8301 8205
f 8204 8300 8301
f 8205 8302 8206
f 8205 8301 8302
f 8206 8303 8207
f 8206 8302 8303
f 8207 8304 8208
f 8207 8303 8304
f 8208 8305 8209
f 8208 8304 8305
f 8209 8306 8210
f 8209 8305 8306
f 8210 8307 8211
f 8210 8306 8307
f 8211 8308 8212
f 8211 8307 8308
f 8212 8309 8213
f 8212 8308 8309
f 8213 8310 8214
f 8213 8309 8310
f 8214 8311 8215
f 8214 8310 8311
f 8215 8312 8216
f 8215 8311 8312
f 8216 8313 8217
f 8216 8312 8313
f 8217 8314 8218
f 8217 8313 8314
f 8218 8315 8219
f 8218 8314 8315
f 8219 8316 8220
f 8219 8315 8316
f 8220 8317 8221
f 8220 8316 8317
f 8221 8318 8222
f 8221 8317 8318
f 8222 8319 8223
f 8222 8318 8319
f 8223 8320 8224
f 8223 8319 8320
f 8224 8321 8225
f 8224 8320 8321
f 8225 8322 8226
f 8225 8321 8322
f 8226 8323 8227
f 8226 8322 8323
f 8227 8324 8228
f 8227 8323 8324
f 8228 8325 8229
f 8228 8324 8325
f 8229 8326 8230
f 8229 8325 8326
f 8230 8327 8231
f 8230 8326 8327
f 8231 8328 8232
f 8231 8327 8328
f 8232 8329 8233
f 8232 8328 8329
f 8233 8330 8234
f 8233 8329 8330
f 8234 8331 8235
f 8234 8330 8331
f 8235 8332 8236
f 8235 8331 8332
f 8236 8333 8237
f 8236 8332 8333
f 8237 8334 8238
f 8237 8333 8334
f 8238 8335 8239
f 8238 8334 8335
f 8239 8336 8240
f 8239 8335 8336
f 8240 8337 8241
f 8240 8336 8337
f 8241 8338 8242
f 8241 8337 8338
f 8242 8339 8243
f 8242 8338 8339
f 8243 8340 8244
f 8243 8339 8340
f 8244 8341 8245
f 8244 8340 8341
f 8245 8342 8246
f 8245 8341 8342
f 8246 8343 8247
f 8246 8342 8343
f 8247 8344 8248
f 8247 8343 8344
f 8248 8345 8249
f 8248 8344 8345
f 8249 8346 8250
f 8249 8345 8346
f 8250 8347 8251
f 8250 8346 8347
f 8251 8348 8252
f 8251 8347 8348
f 8252 8349 8253
f 8252 8348 8349
f 8253 8350 8254
f 8253 8349 8350
f 8254 8351 8255
f 8254 8350 8351
f 8255 8352 8256
f 8255 8351 8352
f 8256 8353 8257
f 8256 8352 8353
f 8257 8258 8162
f 8257 8353 8258
f 8258 8355 8259
f 8258 8354 8355
f 8259 8356 8260
f 8259 8355 8356
f 8260 8357 8261
f 8260 8356 8357
f 8261 8358 8262
f 8261 8357 8358
f 8262 8359 8263
f 8262 8358 8359
f 8263 8360 8264
f 8263 8359 8360
f 8264 8361 8265
f 8264 8360 8361
f 8265 8362 8266
f 8265 8361 8362
f 8266 8363 8267
f 8266 8362 8363
f 8267 8364 8268
f 8267 8363 8364
f 8268 8365 8269
f 8268 8364 8365
f 8269 8366 8270
f 8269 8365 8366
f 8270 8367 8271
f 8270 8366 8367
f 8271 8368 8272
f 8271 8367 8368
f 8272 8369 8273
f 8272 8368 8369
f 8273 8370 8274
f 8273 8369 8370
f 8274 8371 8275
f 8274 8370 8371
f 8275 8372 8276
f 8275 8371 8372
f 8276 8373 8277
f 8276 8372 8373
f 8277 8374 8278
f 8277 8373 8374
f 8278 8375 8279
f 8278 8374 8375
f 8279 8376 8280
f 8279 8375 8376
f 8280 8377 8281
f 8280 8376 8377
f 8281 8378 8282
f 8281 8377 8378
f 8282 8379 8283
f 8282 8378 8379
f 8283 8380 8284
f 8283 8379 8380
f 8284 8381 8285
f 8284 8380 8381
f 8285 8382 8286
f 8285 8381 8382
f 8286 8383 8287
f 8286 8382 8383
f 8287 8384 8288
f 8287 8383 8384
f 8288 8385 8289
f 8288 8384 8385
f 8289 8386 8290
f 8289 8385 8386
f 8290 8387 8291
f 8290 8386 8387
f 8291 8388 8292
f 8291 8387 8388
f 8292 8389 8293
f 8292 8388 8389
f 8293 8390 8294
f 8293 8389 8390
f 8294 8391 8295
f 8294 8390 8391
f 8295 8392 8296
f 8295 8391 8392
f 8296 8393 8297
f 8296 8392 8393
f 8297 8394 8298
f 8297 8393 8394
f 8298 8395 8299
f 8298 8394 8395
f 8299 8396 8300
f 8299 8395 8396
f 8300 8397 8301
f 8300 8396 8397
f 8301 8398 8302
f 8301 8397 8398
f 8302 8399 8303
f 8302 8398 8399
f 8303 8400 8304
f 8303 8399 8400
f 8304 8401 8305
f 8304 8400 8401
f 8305 8402 8306
f 8305 8401 8402
f 8306 8403 8307
f 8306 8402 8403
f 8307 8404 8308
f 8307 8403 8404
f 8308 8405 8309
f 8308 8404 8405
f 8309 8406 8310
f 8309 8405 8406
f 8310 8407 8311
f 8310 8406 8407
f 8311 8408 8312
f 8311 8407 8408
f 8312 8409 8313
f 8312 8408 8409
f 8313 8410 8314
f 8313 8409 8410
f 8314 8411 8315
f 8314 8410 8411
f 8315 8412 8316
f 8315 8411 8412
f 8316 8413 8317
f 8316 8412 8413
f 8317 8414 8318
f 8317 8413 8414
f 8318 8415 8319
f 8318 8414 8415
f 8319 8416 8320
f 8319 8415 8416
f 8320 8417 8321
f 8320 8416 8417
f 8321 8418 8322
f 8321 8417 8418
f 8322 8419 8323
f 8322 8418 8419
f 8323 8420 8324
f 8323 8419 8420
f 8324 8421 8325
f 8324 8420 8421
f 8325 8422 8326
f 8325 8421 8422
f 8326 8423 8327
f 8326 8422 8423
f 8327 8424 8328
f 8327 8423 8424
f 8328 8425 8329
f 8328 8424 8425
f 8329 8426 8330
f 8329 8425 8426
f 8330 8427 8331
f 8330 8426 8427
f 8331 8428 8332
f 8331 8427 8428
f 8332 8429 8333
f 8332 8428 8429
f 8333 8430 8334
f 8333 8429 8430
f 8334 8431 8335
f 8334 8430 8431
f 8335 8432 8336
f 8335 8431 8432
f 8336 8433 8337
f 8336 8432 8433
f 8337 8434 8338
f 8337 8433 8434
f 8338 8435 8339
f 8338 8434 8435
f 8339 8436 8340
f 8339 8435 8436
f 8340 8437 8341
f 8340 8436 8437
f 8341 8438 8342
f 8341 8437 8438
f 8342 8439 8343
f 8342 8438 8439
f 8343 8440 8344
f 8343 8439 8440
f 8344 8441 8345
f 8344 8440 8441
f 8345 8442 8346
f 8345 8441 8442
f 8346 8443 8347
f 8346 8442 8443
f 8347 8444 8348
f 8347 8443 8444
f 8348 8445 8349
f 8348 8444 8445
f 8349 8446 8350
f 8349 8445 8446
f 8350 8447 8351
f 8350 8446 8447
f 8351 8448 8352
f 8351 8447 8448
f 8352 8449 8353
f 8352 8448 8449
f 8353 8354 8258
f 8353 8449 8354
f 8354 8451 8355
f 8354 8450 8451
f 8355 8452 8356
f 8355 8451 8452
f 8356 8453 8357
f 8356 8452 8453
f 8357 8454 8358
f 8357 8453 8454
f 8358 8455 8359
f 8358 8454 8455
f 8359 8456 8360
f 8359 8455 8456
f 8360 8457 8361
f 8360 8456 8457
f 8361 8458 8362
f 8361 8457 8458
f 8362 8459 8363
f 8362 8458 8459
f 8363 8460 8364
f 8363 8459 8460
f 8364 8461 8365
f 8364 8460 8461
f 8365 8462 8366
f 8365 8461 8462
f 8366 8463 8367
f 8366 8462 8463
f 8367 8464 8368
f 8367 8463 8464
f 8368 8465 8369
f 8368 8464 8465
f 8369 8466 8370
f 8369 8465 8466
f 8370 8467 8371
f 8370 8466 8467
f 8371 8468 8372
f 8371 8467 8468
f 8372 8469 8373
f 8372 8468 8469
f 8373 8470 8374
f 8373 8469 8470
f 8374 8471 8375
f 8374 8470 8471
f 8375 8472 8376
f 8375 8471 8472
f 8376 8473 8377
f 8376 8472 8473
f 8377 8474 8378
f 8377 8473 8474
f 8378 8475 8379
f 8378 8474 8475
f 8379 8476 8380
f 8379 8475 8476
f 8380 8477 8381
f 8380 8476 8477
f 8381 8478 8382
f 8381 8477 8478
f 8382 8479 8383
f 8382 8478 8479
f 8383 8480 8384
f 8383 8479 8480
f 8384 8481 8385
f 8384 8480 8481
f 8385 8482 8386
f 8385 8481 8482
f 8386 8483 8387
f 8386 8482 8483
f 8387 8484 8388
f 8387 8483 8484
f 8388 8485 8389
f 8388 8484 8485
f 8389 8486 8390
f 8389 8485 8486
f 8390 8487 8391
f 8390 8486 8487
f 8391 8488 8392
f 8391 8487 8488
f 8392 8489 8393
f 8392 8488 8489
f 8393 8490 8394
f 8393 8489 8490
f 8394 8491 8395
f 8394 8490 8491
f 8395 8492 8396
f 8395 8491 8492
f 8396 8493 8397
f 8396 8492 8493
f 8397 8494 8398
f 8397 8493 8494
f 8398 8495 8399
f 8398 8494 8495
f 8399 8496 8400
f 8399 8495 8496
f 8400 8497 8401
f 8400 8496 8497
f 8401 8498 8402
f 8401 8497 8498
f 8402 8499 8403
f 8402 8498 8499
f 8403 8500 8404
f 8403 8499 8500
f 8404 8501 8405
f 8404 8500 8501
f 8405 8502 8406
f 8405 8501 8502
f 8406 8503 8407
f 8406 8502 8503
f 8407 8504 8408
f 8407 8503 8504
f 8408 8505 8409
f 8408 8504 8505
f 8409 8506 8410
f 8409 8505 8506
f 8410 8507 8411
f 8410 8506 8507
f 8411 8508 8412
f 8411 8507 8508
f 8412 8509 8413
f 8412 8508 8509
f 8413 8510 8414
f 8413 8509 8510
f 8414 8511 8415
f 8414 8510 8511
f 8415 8512 8416
f 8415 8511 8512
f 8416 8513 8417
f 8416 8512 8513
f 8417 8514 8418
f 8417 8513 8514
f 8418 8515 8419
f 8418 8514 8515
f 8419 8516 8420
f 8419 8515 8516
f 8420 8517 8421
f 8420 8516 8517
f 8421 8518 8422
f 8421 8517 8518
f 8422 8519 8423
f 8422 8518 8519
f 8423 8520 8424
f 8423 8519 8520
f 8424 8521 8425
f 8424 8520 8521
f 8425 8522 8426
f 8425 8521 8522
f 8426 8523 8427
f 8426 8522 8523
f 8427 8524 8428
f 8427 8523 8524
f 8428 8525 8429
f 8428 8524 8525
f 8429 8526 8430
f 8429 8525 8526
f 8430 8527 8431
f 8430 8526 8527
f 8431 8528 8432
f 8431 8527 8528
f 8432 8529 8433
f 8432 8528 8529
f 8433 8530 8434
f 8433 8529 8530
f 8434 8531 8435
f 8434 8530 8531
f 8435 8532 8436
f 8435 8531 8532
f 8436 8533 8437
f 8436 8532 8533
f 8437 8534 8438
f 8437 8533 8534
f 8438 8535 8439
f 8438 8534 8535
f 8439 8536 8440
f 8439 8535 8536
f 8440 8537 8441
f 8440 8536 8537
f 8441 8538 8442
f 8441 8537 8538
f 8442 8539 8443
f 8442 8538 8539
f 8443 8540 8444
f 8443 8539 8540
f 8444 8541 8445
f 8444 8540 8541
f 8445 8542 8446
f 8445 8541 8542
f 8446 8543 8447
f 8446 8542 8543
f 8447 8544 8448
f 8447 8543 8544
f 8448 8545 8449
f 8448 8544 8545
f 8449 8450 8354
f 8449 8545 8450
f 8450 8547 8451
f 8450 8546 8547
f 8451 8548 8452
f 8451 8547 8548
f 8452 8549 8453
f 8452 8548 8549
f 8453 8550 8454
f 8453 8549 8550
f 8454 8551 8455
f 8454 8550 8551
f 8455 8552 8456
f 8455 8551 8552
f 8456 8553 8457
f 8456 8552 8553
f 8457 8554 8458
f 8457 8553 8554
f 8458 8555 8459
f 8458 8554 8555
f 8459 8556 8460
f 8459 8555 8556
f 8460 8557 8461
f 8460 8556 8557
f 8461 8558 8462
f 8461 8557 8558
f 8462 8559 8463
f 8462 8558 8559
f 8463 8560 8464
f 8463 8559 8560
f 8464 8561 8465
f 8464 8560 8561
f 8465 8562 8466
f 8465 8561 8562
f 8466 8563 8467
f 8466 8562 8563
f 8467 8564 8468
f 8467 8563 8564
f 8468 8565 8469
f 8468 8564 8565
f 8469 8566 8470
f 8469 8565 8566
f 8470 8567 8471
f 8470 8566 8567
f 8471 8568 8472
f 8471 8567 8568
f 8472 8569 8473
f 8472 8568 8569
f 8473 8570 8474
f 8473 8569 8570
f 8474 8571 8475
f 8474 8570 8571
f 8475 8572 8476
f 8475 8571 8572
f 8476 8573 8477
f 8476 8572 8573
f 8477 8574 8478
f 8477 8573 8574
f 8478 8575 8479
f 8478 8574 8575
f 8479 8576 8480
f 8479 8575 8576
f 8480 8577 8481
f 8480 8576 8577
f 8481 8578 8482
f 8481 8577 8578
f 8482 8579 8483
f 8482 8578 8579
f 8483 8580 8484
f 8483 8579 8580
f 8484 8581 8485
f 8484 8580 8581
f 8485 8582 8486
f 8485 8581 8582
f 8486 8583 8487
f 8486 8582 8583
f 8487 8584 8488
f 8487 8583 8584
f 8488 8585 8489
f 8488 8584 8585
f 8489 8586 8490
f 8489 8585 8586
f 8490 8587 8491
f 8490 8586 8587
f 8491 8588 8492
f 8491 8587 8588
f 8492 8589 8493
f 8492 8588 8589
f 8493 8590 8494
f 8493 8589 8590
f 8494 8591 8495
f 8494 8590 8591
f 8495 8592 8496
f 8495 8591 8592
f 8496 8593 8497
f 8496 8592 8593
f 8497 8594 8498
f 8497 8593 8594
f 8498 8595 8499
f 8498 8594 8595
f 8499 8596 8500
f 8499 8595 8596
f 8500 8597 8501
f 8500 8596 8597
f 8501 8598 8502
f 8501 8597 8598
f 8502 8599 8503
f 8502 8598 8599
f 8503 8600 8504
f 8503 8599 8600
f 8504 8601 8505
f 8504 8600 8601
f 8505 8602 8506
f 8505 8601 8602
f 8506 8603 8507
f 8506 8602 8603
f 8507 8604 8508
f 8507 8603 8604
f 8508 8605 8509
f 8508 8604 8605
f 8509 8606 8510
f 8509 8605 8606
f 8510 8607 8511
f 8510 8606 8607
f 8511 8608 8512
f 8511 8607 8608
f 8512 8609 8513
f 8512 8608 8609
f 8513 8610 8514
f 8513 8609 8610
f 8514 8611 8515
f 8514 8610 8611
f 8515 8612 8516
f 8515 8611 8612
f 8516 8613 8517
f 8516 8612 8613
f 8517 8614 8518
f 8517 8613 8614
f 8518 8615 8519
f 8518 8614 8615
f 8519 8616 8520
f 8519 8615 8616
f 8520 8617 8521
f 8520 8616 8617
f 8521 8618 8522
f 8521 8617 8618
f 8522 8619 8523
f 8522 8618 8619
f 8523 8620 8524
f 8523 8619 8620
f 8524 8621 8525
f 8524 8620 8621
f 8525 8622 8526
f 8525 8621 8622
f 8526 8623 8527
f 8526 8622 8623
f 8527 8624 8528
f 8527 8623 8624
f 8528 8625 8529
f 8528 8624 8625
f 8529 8626 8530
f 8529 8625 8626
f 8530 8627 8531
f 8530 8626 8627
f 8531 8628 8532
f 8531 8627 8628
f 8532 8629 8533
f 8532 8628 8629
f 8533 8630 8534
f 8533 8629 8630
f 8534 8631 8535
f 8534 8630 8631
f 8535 8632 8536
f 8535 8631 8632
f 8536 8633 8537
f 8536 8632 8633
f 8537 8634 8538
f 8537 8633 8634
f 8538 8635 8539
f 8538 8634 8635
f 8539 8636 8540
f 8539 8635 8636
f 8540 8637 8541
f 8540 8636 8637
f 8541 8638 8542
f 8541 8637 8638
f 8542 8639 8543
f 8542 8638 8639
f 8543 8640 8544
f 8543 8639 8640
f 8544 8641 8545
f 8544 8640 8641
f 8545 8546 8450
f 8545 8641 8546
f 8546 8643 8547
f 8546 8642 8643
f 8547 8644 8548
f 8547 8643 8644
f 8548 8645 8549
f 8548 8644 8645
f 8549 8646 8550
f 8549 8645 8646
f 8550 8647 8551
f 8550 8646 8647
f 8551 8648 8552
f 8551 8647 8648
f 8552 8649 8553
f 8552 8648 8649
f 8553 8650 8554
f 8553 8649 8650
f 8554 8651 8555
f 8554 8650 8651
f 8555 8652 8556
f 8555 8651 8652
f 8556 8653 8557
f 8556 8652 8653
f 8557 8654 8558
f 8557 8653 8654
f 8558 8655 8559
f 8558 8654 8655
f 8559 8656 8560
f 8559 8655 8656
f 8560 8657 8561
f 8560 8656 8657
f 8561 8658 8562
f 8561 8657 8658
f 8562 8659 8563
f 8562 8658 8659
f 8563 8660 8564
f 8563 8659 8660
f 8564 8661 8565
f 8564 8660 8661
f 8565 8662 8566
f 8565 8661 8662
f 8566 8663 8567
f 8566 8662 8663
f 8567 8664 8568
f 8567 8663 8664
f 8568 8665 8569
f 8568 8664 8665
f 8569 8666 8570
f 8569 8665 8666
f 8570 8667 8571
f 8570 8666 8667
f 8571 8668 8572
f 8571 8667 8668
f 8572 8669 8573
f 8572 8668 8669
f 8573 8670 8574
f 8573 8669 8670
f 8574 8671 8575
f 8574 8670 8671
f 8575 8672 8576
f 8575 8671 8672
f 8576 8673 8577
f 8576 8672 8673
f 8577 8674 8578
f 8577 8673 8674
f 8578 8675 8579
f 8578 8674 8675
f 8579 8676 8580
f 8579 8675 8676
f 8580 8677 8581
f 8580 8676 8677
f 8581 8678 8582
f 8581 8677 8678
f 8582 8679 8583
f 8582 8678 8679
f 8583 8680 8584
f 8583 8679 8680
f 8584 8681 8585
f 8584 8680 8681
f 8585 8682 8586
f 8585 8681 8682
f 8586 8683 8587
f 8586 8682 8683
f 8587 8684 8588
f 8587 8683 8684
f 8588 8685 8589
f 8588 8684 8685
f 8589 8686 8590
f 8589 8685 8686
f 8590 8687 8591
f 8590 8686 8687
f 8591 8688 8592
f 8591 8687 8688
f 8592 8689 8593
f 8592 8688 8689
f 8593 8690 8594
f 8593 8689 8690
f 8594 8691 8595
f 8594 8690 8691
f 8595 8692 8596
f 8595 8691 8692
f 8596 8693 8597
f 8596 8692 8693
f 8597 8694 8598
f 8597 8693 8694
f 8598 8695 8599
f 8598 8694 8695
f 8599 8696 8600
f 8599 8695 8696
f 8600 8697 8601
f 8600 8696 8697
f 8601 8698 8602
f 8601 8697 8698
f 8602 8699 8603
f 8602 8698 8699
f 8603 8700 8604
f 8603 8699 8700
f 8604 8701 8605
f 8604 8700 8701
f 8605 8702 8606
f 8605 8701 8702
f 8606 8703 8607
f 8606 8702 8703
f 8607 8704 8608
f 8607 8703 8704
f 8608 8705 8609
f 8608 8704 8705
f 8609 8706 8610
f 8609 8705 8706
f 8610 8707 8611
f 8610 8706 8707
f 8611 8708 8612
f 8611 8707 8708
f 8612 8709 8613
f 8612 8708 8709
f 8613 8710 8614
f 8613 8709 8710
f 8614 8711 8615
f 8614 8710 8711
f 8615 8712 8616
f 8615 8711 8712
f 8616 8713 8617
f 8616 8712 8713
f 8617 8714 8618
f 8617 8713 8714
f 8618 8715 8619
f 8618 8714 8715
f 8619 8716 8620
f 8619 8715 8716
f 8620 8717 8621
f 8620 8716 8717
f 8621 8718 8622
f 8621 8717 8718
f 8622 8719 8623
f 8622 8718 8719
f 8623 8720 8624
f 8623 8719 8720
f 8624 8721 8625
f 8624 8720 8721
f 8625 8722 8626
f 8625 8721 8722
f 8626 8723 8627
f 8626 8722 8723
f 8627 8724 8628
f 8627 8723 8724
f 8628 8725 8629
f 8628 8724 8725
f 8629 8726 8630
f 8629 8725 8726
f 8630 8727 8631
f 8630 8726 8727
f 8631 8728 8632
f 8631 8727 8728
f 8632 8729 8633
f 8632 8728 8729
f 8633 8730 8634
f 8633 8729 8730
f 8634 8731 8635
f 8634 8730 8731
f 8635 8732 8636
f 8635 8731 8732
f 8636 8733 8637
f 8636 8732 8733
f 8637 8734 8638
f 8637 8733 8734
f 8638 8735 8639
f 8638 8734 8735
f 8639 8736 8640
f 8639 8735 8736
f 8640 8737 8641
f 8640 8736 8737
f 8641 8642 8546
f 8641 8737 8642
f 8642 8739 8643
f 8642 8738 8739
f 8643 8740 8644
f 8643 8739 8740
f 8644 8741 8645
f 8644 8740 8741
f 8645 8742 8646
f 8645 8741 8742
f 8646 8743 8647
f 8646 8742 8743
f 8647 8744 8648
f 8647 8743 8744
f 8648 8745 8649
f 8648 8744 8745
f 8649 8746 8650
f 8649 8745 8746
f 8650 8747 8651
f 8650 8746 8747
f 8651 8748 8652
f 8651 8747 8748
f 8652 8749 8653
f 8652 8748 8749
f 8653 8750 8654
f 8653 8749 8750
f 8654 8751 8655
f 8654 8750 8751
f 8655 8752 8656
f 8655 8751 8752
f 8656 8753 8657
f 8656 8752 8753
f 8657 8754 8658
f 8657 8753 8754
f 8658 8755 8659
f 8658 8754 8755
f 8659 8756 8660
f 8659 8755 8756
f 8660 8757 8661
f 8660 8756 8757
f 8661 8758 8662
f 8661 8757 8758
f 8662 8759 8663
f 8662 8758 8759
f 8663 8760 8664
f 8663 8759 8760
f 8664 8761 8665
f 8664 8760 8761
f 8665 8762 8666
f 8665 8761 8762
f 8666 8763 8667
f 8666 8762 8763
f 8667 8764 8668
f 8667 8763 8764
f 8668 8765 8669
f 8668 8764 8765
f 8669 8766 8670
f 8669 8765 8766
f 8670 8767 8671
f 8670 8766 8767
f 8671 8768 8672
f 8671 8767 8768
f 8672 8769 8673
f 8672 8768 8769
f 8673 8770 8674
f 8673 8769 8770
f 8674 8771 8675
f 8674 8770 8771
f 8675 8772 8676
f 8675 8771 8772
f 8676 8773 8677
f 8676 8772 8773
f 8677 8774 8678
f 8677 8773 8774
f 8678 8775 8679
f 8678 8774 8775
f 8679 8776 8680
f 8679 8775 8776
f 8680 8777 8681
f 8680 8776 8777
f 8681 8778 8682
f 8681 8777 8778
f 8682 8779 8683
f 8682 8778 8779
f 8683 8780 8684
f 8683 8779 8780
f 8684 8781 8685
f 8684 8780 8781
f 8685 8782 8686
f 8685 8781 8782
f 8686 8783 8687
f 8686 8782 8783
f 8687 8784 8688
f 8687 8783 8784
f 8688 8785 8689
f 8688 8784 8785
f 8689 8786 8690
f 8689 8785 8786
f 8690 8787 8691
f 8690 8786 8787
f 8691 8788 8692
f 8691 8787 8788
f 8692 8789 8693
f 8692 8788 8789
f 8693 8790 8694
f 8693 8789 8790
f 8694 8791 8695
f 8694 8790 8791
f 8695 8792 8696
f 8695 8791 8792
f 8696 8793 8697
f 8696 8792 8793
f 8697 8794 8698
f 8697 8793 8794
f 8698 8795 8699
f 8698 8794 8795
f 8699 8796 8700
f 8699 8795 8796
f 8700 8797 8701
f 8700 8796 8797
f 8701 8798 8702
f 8701 8797 8798
f 8702 8799 8703
f 8702 8798 8799
f 8703 8800 8704
f 8703 8799 8800
f 8704 8801 8705
f 8704 8800 8801
f 8705 8802 8706
f 8705 8801 8802
f 8706 8803 8707
f 8706 8802 8803
f 8707 8804 8708
f 8707 8803 8804
f 8708 8805 8709
f 8708 8804 8805
f 8709 8806 8710
f 8709 8805 8806
f 8710 8807 8711
f 8710 8806 8807
f 8711 8808 8712
f 8711 8807 8808
f 8712 8809 8713
f 8712 8808 8809
f 8713 8810 8714
f 8713 8809 8810
f 8714 8811 8715
f 8714 8810 8811
f 8715 8812 8716
f 8715 8811 8812
f 8716 8813 8717
f 8716 8812 8813
f 8717 8814 8718
f 8717 8813 8814
f 8718 8815 8719
f 8718 8814 8815
f 8719 8816 8720
f 8719 8815 8816
f 8720 8817 8721
f 8720 8816 8817
f 8721 8818 8722
f 8721 8817 8818
f 8722 8819 8723
f 8722 8818 8819
f 8723 8820 8724
f 8723 8819 8820
f 8724 8821 8725
f 8724 8820 8821
f 8725 8822 8726
f 8725 8821 8822
f 8726 8823 8727
f 8726 8822 8823
f 8727 8824 8728
f 8727 8823 8824
f 8728 8825 8729
f 8728 8824 8825
f 8729 8826 8730
f 8729 8825 8826
f 8730 8827 8731
f 8730 8826 8827
f 8731 8828 8732
f 8731 8827 8828
f 8732 8829 8733
f 8732 8828 8829
f 8733 8830 8734
f 8733 8829 8830
f 8734 8831 8735
f 8734 8830 8831
f 8735 8832 8736
f 8735 8831 8832
f 8736 8833 8737
f 8736 8832 8833
f 8737 8738 8642
f 8737 8833 8738
f 8738 8835 8739
f 8738 8834 8835
f 8739 8836 8740
f 8739 8835 8836
f 8740 8837 8741
f 8740 8836 8837
f 8741 8838 8742
f 8741 8837 8838
f 8742 8839 8743
f 8742 8838 8839
f 8743 8840 8744
f 8743 8839 8840
f 8744 8841 8745
f 8744 8840 8841
f 8745 8842 8746
f 8745 8841 8842
f 8746 8843 8747
f 8746 8842 8843
f 8747 8844 8748
f 8747 8843 8844
f 8748 8845 8749
f 8748 8844 8845
f 8749 8846 8750
f 8749 8845 8846
f 8750 8847 8751
f 8750 8846 8847
f 8751 8848 8752
f 8751 8847 8848
f 8752 8849 8753
f 8752 8848 8849
f 8753 8850 8754
f 8753 8849 8850
f 8754 8851 8755
f 8754 8850 8851
f 8755 8852 8756
f 8755 8851 8852
f 8756 8853 8757
f 8756 8852 8853
f 8757 8854 8758
f 8757 8853 8854
f 8758 8855 8759
f 8758 8854 8855
f 8759 8856 8760
f 8759 8855 8856
f 8760 8857 8761
f 8760 8856 8857
f 8761 8858 8762
f 8761 8857 8858
f 8762 8859 8763
f 8762 8858 8859
f 8763 8860 8764
f 8763 8859 8860
f 8764 8861 8765
f 8764 8860 8861
f 8765 8862 8766
f 8765 8861 8862
f 8766 8863 8767
f 8766 8862 8863
f 8767 8864 8768
f 8767 8863 8864
f 8768 8865 8769
f 8768 8864 8865
f 8769 8866 8770
f 8769 8865 8866
f 8770 8867 8771
f 8770 8866 8867
f 8771 8868 8772
f 8771 8867 8868
f 8772 8869 8773
f 8772 8868 8869
f 8773 8870 8774
f 8773 8869 8870
f 8774 8871 8775
f 8774 8870 8871
f 8775 8872 8776
f 8775 8871 8872
f 8776 8873 8777
f 8776 8872 8873
f 8777 8874 8778
f 8777 8873 8874
f 8778 8875 8779
f 8778 8874 8875
f 8779 8876 8780
f 8779 8875 8876
f 8780 8877 8781
f 8780 8876 8877
f 8781 8878 8782
f 8781 8877 8878
f 8782 8879 8783
f 8782 8878 8879
f 8783 8880 8784
f 8783 8879 8880
f 8784 8881 8785
f 8784 8880 8881
f 8785 8882 8786
f 8785 8881 8882
f 8786 8883 8787
f 8786 8882 8883
f 8787 8884 8788
f 8787 8883 8884
f 8788 8885 8789
f 8788 8884 8885
f 8789 8886 8790
f 8789 8885 8886
f 8790 8887 8791
f 8790 8886 8887
f 8791 8888 8792
f 8791 8887 8888
f 8792 8889 8793
f 8792 8888 8889
f 8793 8890 8794
f 8793 8889 8890
f 8794 8891 8795
f 8794 8890 8891
f 8795 8892 8796
f 8795 8891 8892
f 8796 8893 8797
f 8796 8892 8893
f 8797 8894 8798
f 8797 8893 8894
f 8798 8895 8799
f 8798 8894 8895
f 8799 8896 8800
f 8799 8895 8896
f 8800 8897 8801
f 8800 8896 8897
f 8801 8898 8802
f 8801 8897 8898
f 8802 8899 8803
f 8802 8898 8899
f 8803 8900 8804
f 8803 8899 8900
f 8804 8901 8805
f 8804 8900 8901
f 8805 8902 8806
f 8805 8901 8902
f 8806 8903 8807
f 8806 8902 8903
f 8807 8904 8808
f 8807 8903 8904
f 8808 8905 8809
f 8808 8904 8905
f 8809 8906 8810
f 8809 8905 8906
f 8810 8907 8811
f 8810 8906 8907
f 8811 8908 8812
f 8811 8907 8908
f 8812 8909 8813
f 8812 8908 8909
f 8813 8910 8814
f 8813 8909 8910
f 8814 8911 8815
f 8814 8910 8911
f 8815 8912 8816
f 8815 8911 8912
f 8816 8913 8817
f 8816 8912 8913
f 8817 8914 8818
f 8817 8913 8914
f 8818 8915 8819
f 8818 8914 8915
f 8819 8916 8820
f 8819 8915 8916
f 8820 8917 8821
f 8820 8916 8917
f 8821 8918 8822
f 8821 8917 8918
f 8822 8919 8823
f 8822 8918 8919
f 8823 8920 8824
f 8823 8919 8920
f 8824 8921 8825
f 8824 8920 8921
f 8825 8922 8826
f 8825 8921 8922
f 8826 8923 8827
f 8826 8922 8923
f 8827 8924 8828
f 8827 8923 8924
f 8828 8925 8829
f 8828 8924 8925
f 8829 8926 8830
f 8829 8925 8926
f 8830 8927 8831
f 8830 8926 8927
f 8831 8928 8832
f 8831 8927 8928
f 8832 8929 8833
f 8832 8928 8929
f 8833 8834 8738
f 8833 8929 8834
f 8834 8931 8835
f 8834 8930 8931
f 8835 8932 8836
f 8835 8931 8932
f 8836 8933 8837
f 8836 8932 8933
f 8837 8934 8838
f 8837 8933 8934
f 8838 8935 8839
f 8838 8934 8935
f 8839 8936 8840
f 8839 8935 8936
f 8840 8937 8841
f 8840 8936 8937
f 8841 8938 8842
f 8841 8937 8938
f 8842 8939 8843
f 8842 8938 8939
f 8843 8940 8844
f 8843 8939 8940
f 8844 8941 8845
f 8844 8940 8941
f 8845 8942 8846
f 8845 8941 8942
f 8846 8943 8847
f 8846 8942 8943
f 8847 8944 8848
f 8847 8943 8944
f 8848 8945 8849
f 8848 8944 8945
f 8849 8946 8850
f 8849 8945 8946
f 8850 8947 8851
f 8850 8946 8947
f 8851 8948 8852
f 8851 8947 8948
f 8852 8949 8853
f 8852 8948 8949
f 8853 8950 8854
f 8853 8949 8950
f 8854 8951 8855
f 8854 8950 8951
f 8855 8952 8856
f 8855 8951 8952
f 8856 8953 8857
f 8856 8952 8953
f 8857 8954 8858
f 8857 8953 8954
f 8858 8955 8859
f 8858 8954 8955
f 8859 8956 8860
f 8859 8955 8956
f 8860 8957 8861
f 8860 8956 8957
f 8861 8958 8862
f 8861 8957 8958
f 8862 8959 8863
f 8862 8958 8959
f 8863 8960 8864
f 8863 8959 8960
f 8864 8961 8865
f 8864 8960 8961
f 8865 8962 8866
f 8865 8961 8962
f 8866 8963 8867
f 8866 8962 8963
f 8867 8964 8868
f 8867 8963 8964
f 8868 8965 8869
f 8868 8964 8965
f 8869 8966 8870
f 8869 8965 8966
f 8870 8967 8871
f 8870 8966 8967
f 8871 8968 8872
f 8871 8967 8968
f 8872 8969 8873
f 8872 8968 8969
f 8873 8970 8874
f 8873 8969 8970
f 8874 8971 8875
f 8874 8970 8971
f 8875 8972 8876
f 8875 8971 8972
f 8876 8973 8877
f 8876 8972 8973
f 8877 8974 8878
f 8877 8973 8974
f 8878 8975 8879
f 8878 8974 8975
f 8879 8976 8880
f 8879 8975 8976
f 8880 8977 8881
f 8880 8976 8977
f 8881 8978 8882
f 8881 8977 8978
f 8882 8979 8883
f 8882 8978 8979
f 8883 8980 8884
f 8883 8979 8980
f 8884 8981 8885
f 8884 8980 8981
f 8885 8982 8886
f 8885 8981 8982
f 8886 8983 8887
f 8886 8982 8983
f 8887 8984 8888
f 8887 8983 8984
f 8888 8985 8889
f 8888 8984 8985
f 8889 8986 8890
f 8889 8985 8986
f 8890 8987 8891
f 8890 8986 8987
f 8891 8988 8892
f 8891 8987 8988
f 8892 8989 8893
f 8892 8988 8989
f 8893 8990 8894
f 8893 8989 8990
f 8894 8991 8895
f 8894 8990 8991
f 8895 8992 8896
f 8895 8991 8992
f 8896 8993 8897
f 8896 8992 8993
f 8897 8994 8898
f 8897 8993 8994
f 8898 8995 8899
f 8898 8994 8995
f 8899 8996 8900
f 8899 8995 8996
f 8900 8997 8901
f 8900 8996 8997
f 8901 8998 8902
f 8901 8997 8998
f 8902 8999 8903
f 8902 8998 8999
f 8903 9000 8904
f 8903 8999 9000
f 8904 9001 8905
f 8904 9000 9001
f 8905 9002 8906
f 8905 9001 9002
f 8906 9003 8907
f 8906 9002 9003
f 8907 9004 8908
f 8907 9003 9004
f 8908 9005 8909
f 8908 9004 9005
f 8909 9006 8910
f 8909 9005 9006
f 8910 9007 8911
f 8910 9006 9007
f 8911 9008 8912
f 8911 9007 9008
f 8912 9009 8913
f 8912 9008 9009
f 8913 9010 8914
f 8913 9009 9010
f 8914 9011 8915
f 8914 9010 9011
f 8915 9012 8916
f 8915 9011 9012
f 8916 9013 8917
f 8916 9012 9013
f 8917 9014 8918
f 8917 9013 9014
f 8918 9015 8919
f 8918 9014 9015
f 8919 9016 8920
f 8919 9015 9016
f 8920 9017 8921
f 8920 9016 9017
f 8921 9018 8922
f 8921 9017 9018
f 8922 9019 8923
f 8922 9018 9019
f 8923 9020 8924
f 8923 9019 9020
f 8924 9021 8925
f 8924 9020 9021
f 8925 9022 8926
f 8925 9021 9022
f 8926 9023 8927
f 8926 9022 9023
f 8927 9024 8928
f 8927 9023 9024
f 8928 9025 8929
f 8928 9024 9025
f 8929 8930 8834
f 8929 9025 8930
f 8930 9027 8931
f 8930 9026 9027
f 8931 9028 8932
f 8931 9027 9028
f 8932 9029 8933
f 8932 9028 9029
f 8933 9030 8934
f 8933 9029 9030
f 8934 9031 8935
f 8934 9030 9031
f 8935 9032 8936
f 8935 9031 9032
f 8936 9033 8937
f 8936 9032 9033
f 8937 9034 8938
f 8937 9033 9034
f 8938 9035 8939
f 8938 9034 9035
f 8939 9036 8940
f 8939 9035 9036
f 8940 9037 8941
f 8940 9036 9037
f 8941 9038 8942
f 8941 9037 9038
f 8942 9039 8943
f 8942 9038 9039
f 8943 9040 8944
f 8943 9039 9040
f 8944 9041 8945
f 8944 9040 9041
f 8945 9042 8946
f 8945 9041 9042
f 8946 9043 8947
f 8946 9042 9043
f 8947 9044 8948
f 8947 9043 9044
f 8948 9045 8949
f 8948 9044 9045
f 8949 9046 8950
f 8949 9045 9046
f 8950 9047 8951
f 8950 9046 9047
f 8951 9048 8952
f 8951 9047 9048
f 8952 9049 8953
f 8952 9048 9049
f 8953 9050 8954
f 8953 9049 9050
f 8954 9051 8955
f 8954 9050 9051
f 8955 9052 8956
f 8955 9051 9052
f 8956 9053 8957
f 8956 9052 9053
f 8957 9054 8958
f 8957 9053 9054
f 8958 9055 8959
f 8958 9054 9055
f 8959 9056 8960
f 8959 9055 9056
f 8960 9057 8961
f 8960 9056 9057
f 8961 9058 8962
f 8961 9057 9058
f 8962 9059 8963
f 8962 9058 9059
f 8963 9060 8964
f 8963 9059 9060
f 8964 9061 8965
f 8964 9060 9061
f 8965 9062 8966
f 8965 9061 9062
f 8966 9063 8967
f 8966 9062 9063
f 8967 9064 8968
f 8967 9063 9064
f 8968 9065 8969
f 8968 9064 9065
f 8969 9066 8970
f 8969 9065 9066
f 8970 9067 8971
f 8970 9066 9067
f 8971 9068 8972
f 8971 9067 9068
f 8972 9069 8973
f 8972 9068 9069
f 8973 9070 8974
f 8973 9069 9070
f 8974 9071 8975
f 8974 9070 9071
f 8975 9072 8976
f 8975 9071 9072
f 8976 9073 8977
f 8976 9072 9073
f 8977 9074 8978
f 8977 9073 9074
f 8978 9075 8979
f 8978 9074 9075
f 8979 9076 8980
f 8979 9075 9076
f 8980 9077 8981
f 8980 9076 9077
f 8981 9078 8982
f 8981 9077 9078
f 8982 9079 8983
f 8982 9078 9079
f 8983 9080 8984
f 8983 9079 9080
f 8984 9081 8985
f 8984 9080 9081
f 8985 9082 8986
f 8985 9081 9082
f 8986 9083 8987
f 8986 9082 9083
f 8987 9084 8988
f 8987 9083 9084
f 8988 9085 8989
f 8988 9084 9085
f 8989 9086 8990
f 8989 9085 9086
f 8990 9087 8991
f 8990 9086 9087
f 8991 9088 8992
f 8991 9087 9088
f 8992 9089 8993
f 8992 9088 9089
f 8993 9090 8994
f 8993 9089 9090
f 8994 9091 8995
f 8994 9090 9091
f 8995 9092 8996
f 8995 9091 9092
f 8996 9093 8997
f 8996 9092 9093
f 8997 9094 8998
f 8997 9093 9094
f 8998 9095 8999
f 8998 9094 9095
f 8999 9096 9000
f 8999 9095 9096
f 9000 9097 9001
f 9000 9096 9097
f 9001 9098 9002
f 9001 9097 9098
f 9002 9099 9003
f 9002 9098 9099
f 9003 9100 9004
f 9003 9099 9100
f 9004 9101 9005
f 9004 9100 9101
f 9005 9102 9006
f 9005 9101 9102
f 9006 9103 9007
f 9006 9102 9103
f 9007 9104 9008
f 9007 9103 9104
f 9008 9105 9009
f 9008 9104 9105
f 9009 9106 9010
f 9009 9105 9106
f 9010 9107 9011
f 9010 9106 9107
f 9011 9108 9012
f 9011 9107 9108
f 9012 9109 9013
f 9012 9108 9109
f 9013 9110 9014
f 9013 9109 9110
f 9014 9111 9015
f 9014 9110 9111
f 9015 9112 9016
f 9015 9111 9112
f 9016 9113 9017
f 9016 9112 9113
f 9017 9114 9018
f 9017 9113 9114
f 9018 9115 9019
f 9018 9114 9115
f 9019 9116 9020
f 9019 9115 9116
f 9020 9117 9021
f 9020 9116 9117
f 9021 9118 9022
f 9021 9117 9118
f 9022 9119 9023
f 9022 9118 9119
f 9023 9120 9024
f 9023 9119 9120
f 9024 9121 9025
f 9024 9120 9121
f 9025 9026 8930
f 9025 9121 9026
f 9026 9123 9027
f 9026 9122 9123
f 9027 9124 9028
f 9027 9123 9124
f 9028 9125 9029
f 9028 9124 9125
f 9029 9126 9030
f 9029 9125 9126
f 9030 9127 9031
f 9030 9126 9127
f 9031 9128 9032
f 9031 9127 9128
f 9032 9129 9033
f 9032 9128 9129
f 9033 9130 9034
f 9033 9129 9130
f 9034 9131 9035
f 9034 9130 9131
f 9035 9132 9036
f 9035 9131 9132
f 9036 9133 9037
f 9036 9132 9133
f 9037 9134 9038
f 9037 9133 9134
f 9038 9135 9039
f 9038 9134 9135
f 9039 9136 9040
f 9039 9135 9136
f 9040 9137 9041
f 9040 9136 9137
f 9041 9138 9042
f 9041 9137 9138
f 9042 9139 9043
f 9042 9138 9139
f 9043 9140 9044
f 9043 9139 9140
f 9044 9141 9045
f 9044 9140 9141
f 9045 9142 9046
f 9045 9141 9142
f 9046 9143 9047
f 9046 9142 9143
f 9047 9144 9048
f 9047 9143 9144
f 9048 9145 9049
f 9048 9144 9145
f 9049 9146 9050
f 9049 9145 9146
f 9050 9147 9051
f 9050 9146 9147
f 9051 9148 9052
f 9051 9147 9148
f 9052 9149 9053
f 9052 9148 9149
f 9053 9150 9054
f 9053 9149 9150
f 9054 9151 9055
f 9054 9150 9151
f 9055 9152 9056
f 9055 9151 9152
f 9056 9153 9057
f 9056 9152 9153
f 9057 9154 9058
f 9057 9153 9154
f 9058 9155 9059
f 9058 9154 9155
f 9059 9156 9060
f 9059 9155 9156
f 9060 9157 9061
f 9060 9156 9157
f 9061 9158 9062
f 9061 9157 9158
f 9062 9159 9063
f 9062 9158 9159
f 9063 9160 9064
f 9063 9159 9160
f 9064 9161 9065
f 9064 9160 9161
f 9065 9162 9066
f 9065 9161 9162
f 9066 9163 9067
f 9066 9162 9163
f 9067 9164 9068
f 9067 9163 9164
f 9068 9165 9069
f 9068 9164 9165
f 9069 9166 9070
f 9069 9165 9166
f 9070 9167 9071
f 9070 9166 9167
f 9071 9168 9072
f 9071 9167 9168
f 9072 9169 9073
f 9072 9168 9169
f 9073 9170 9074
f 9073 9169 9170
f 9074 9171 9075
f 9074 9170 9171
f 9075 9172 9076
f 9075 9171 9172
f 9076 9173 9077
f 9076 9172 9173
f 9077 9174 9078
f 9077 9173 9174
f 9078 9175 9079
f 9078 9174 9175
f 9079 9176 9080
f 9079 9175 9176
f 9080 9177 9081
f 9080 9176 9177
f 9081 9178 9082
f 9081 9177 9178
f 9082 9179 9083
f 9082 9178 9179
f 9083 9180 9084
f 9083 9179 9180
f 9084 9181 9085
f 9084 9180 9181
f 9085 9182 9086
f 9085 9181 9182
f 9086 9183 9087
f 9086 9182 9183
f 9087 9184 9088
f 9087 9183 9184
f 9088 9185 9089
f 9088 9184 9185
f 9089 9186 9090
f 9089 9185 9186
f 9090 9187 9091
f 9090 9186 9187
f 9091 9188 9092
f 9091 9187 9188
f 9092 9189 9093
f 9092 9188 9189
f 9093 9190 9094
f 9093 9189 9190
f 9094 9191 9095
f 9094 9190 9191
f 9095 9192 9096
f 9095 9191 9192
f 9096 9193 9097
f 9096 9192 9193
f 9097 9194 9098
f 9097 9193 9194
f 9098 9195 9099
f 9098 9194 9195
f 9099 9196 9100
f 9099 9195 9196
f 9100 9197 9101
f 9100 9196 9197
f 9101 9198 9102
f 9101 9197 9198
f 9102 9199 9103
f 9102 9198 9199
f 9103 9200 9104
f 9103 9199 9200
f 9104 9201 9105
f 9104 9200 9201
f 9105 9202 9106
f 9105 9201 9202
f 9106 9203 9107
f 9106 9202 9203
f 9107 9204 9108
f 9107 9203 9204
f 9108 9205 9109
f 9108 9204 9205
f 9109 9206 9110
f 9109 9205 9206
f 9110 9207 9111
f 9110 9206 9207
f 9111 9208 9112
f 9111 9207 9208
f 9112 9209 9113
f 9112 9208 9209
f 9113 9210 9114
f 9113 9209 9210
f 9114 9211 9115
f 9114 9210 9211
f 9115 9212 9116
f 9115 9211 9212
f 9116 9213 9117
f 9116 9212 9213
f 9117 9214 9118
f 9117 9213 9214
f 9118 9215 9119
f 9118 9214 9215
f 9119 9216 9120
f 9119 9215 9216
f 9120 9217 9121
f 9120 9216 9217
f 9121 9122 9026
f 9121 9217 9122
f 9122 9219 9123
f 9122 9218 9219
f 9123 9220 9124
f 9123 9219 9220
f 9124 9221 9125
f 9124 9220 9221
f 9125 9222 9126
f 9125 9221 9222
f 9126 9223 9127
f 9126 9222 9223
f 9127 9224 9128
f 9127 9223 9224
f 9128 9225 9129
f 9128 9224 9225
f 9129 9226 9130
f 9129 9225 9226
f 9130 9227 9131
f 9130 9226 9227
f 9131 9228 9132
f 9131 9227 9228
f 9132 9229 9133
f 9132 9228 9229
f 9133 9230 9134
f 9133 9229 9230
f 9134 9231 9135
f 9134 9230 9231
f 9135 9232 9136
f 9135 9231 9232
f 9136 9233 9137
f 9136 9232 9233
f 9137 9234 9138
f 9137 9233 9234
f 9138 9235 9139
f 9138 9234 9235
f 9139 9236 9140
f 9139 9235 9236
f 9140 9237 9141
f 9140 9236 9237
f 9141 9238 9142
f 9141 9237 9238
f 9142 9239 9143
f 9142 9238 9239
f 9143 9240 9144
f 9143 9239 9240
f 9144 9241 9145
f 9144 9240 9241
f 9145 9242 9146
f 9145 9241 9242
f 9146 9243 9147
f 9146 9242 9243
f 9147 9244 9148
f 9147 9243 9244
f 9148 9245 9149
f 9148 9244 9245
f 9149 9246 9150
f 9149 9245 9246
f 9150 9247 9151
f 9150 9246 9247
f 9151 9248 9152
f 9151 9247 9248
f 9152 9249 9153
f 9152 9248 9249
f 9153 9250 9154
f 9153 9249 9250
f 9154 9251 9155
f 9154 9250 9251
f 9155 9252 9156
f 9155 9251 9252
f 9156 9253 9157
f 9156 9252 9253
f 9157 9254 9158
f 9157 9253 9254
f 9158 9255 9159
f 9158 9254 9255
f 9159 9256 9160
f 9159 9255 9256
f 9160 9257 9161
f 9160 9256 9257
f 9161 9258 9162
f 9161 9257 9258
f 9162 9259 9163
f 9162 9258 9259
f 9163 9260 9164
f 9163 9259 9260
f 9164 9261 9165
f 9164 9260 9261
f 9165 9262 9166
f 9165 9261 9262
f 9166 9263 9167
f 9166 9262 9263
f 9167 9264 9168
f 9167 9263 9264
f 9168 9265 9169
f 9168 9264 9265
f 9169 9266 9170
f 9169 9265 9266
f 9170 9267 9171
f 9170 9266 9267
f 9171 9268 9172
f 9171 9267 9268
f 9172 9269 9173
f 9172 9268 9269
f 9173 9270 9174
f 9173 9269 9270
f 9174 9271 9175
f 9174 9270 9271
f 9175 9272 9176
f 9175 9271 9272
f 9176 9273 9177
f 9176 9272 9273
f 9177 9274 9178
f 9177 9273 9274
f 9178 9275 9179
f 9178 9274 9275
f 9179 9276 9180
f 9179 9275 9276
f 9180 9277 9181
f 9180 9276 9277
f 9181 9278 9182
f 9181 9277 9278
f 9182 9279 9183
f 9182 9278 9279
f 9183 9280 9184
f 9183 9279 9280
f 9184 9281 9185
f 9184 9280 9281
f 9185 9282 9186
f 9185 9281 9282
f 9186 9283 9187
f 9186 9282 9283
f 9187 9284 9188
f 9187 9283 9284
f 9188 9285 9189
f 9188 9284 9285
f 9189 9286 9190
f 9189 9285 9286
f 9190 9287 9191
f 9190 9286 9287
f 9191 9288 9192
f 9191 9287 9288
f 9192 9289 9193
f 9192 9288 9289
f 9193 9290 9194
f 9193 9289 9290
f 9194 9291 9195
f 9194 9290 9291
f 9195 9292 9196
f 9195 9291 9292
f 9196 9293 9197
f 9196 9292 9293
f 9197 9294 9198
f 9197 9293 9294
f 9198 9295 9199
f 9198 9294 9295
f 9199 9296 9200
f 9199 9295 9296
f 9200 9297 9201
f 9200 9296 9297
f 9201 9298 9202
f 9201 9297 9298
f 9202 9299 9203
f 9202 9298 9299
f 9203 9300 9204
f 9203 9299 9300
f 9204 9301 9205
f 9204 9300 9301
f 9205 9302 9206
f 9205 9301 9302
f 9206 9303 9207
f 9206 9302 9303
f 9207 9304 9208
f 9207 9303 9304
f 9208 9305 9209
f 9208 9304 9305
f 9209 9306 9210
f 9209 9305 9306
f 9210 9307 9211
f 9210 9306 9307
f 9211 9308 9212
f 9211 9307 9308
f 9212 9309 9213
f 9212 9308 9309
f 9213 9310 9214
f 9213 9309 9310
f 9214 9311 9215
f 9214 9310 9311
f 9215 9312 9216
f 9215 9311 9312
f 9216 9313 9217
f 9216 9312 9313
f 9217 9218 9122
f 9217 9313 9218
f 9218 9315 9219
f 9218 9314 9315
f 9219 9316 9220
f 9219 9315 9316
f 9220 9317 9221
f 9220 9316 9317
f 9221 9318 9222
f 9221 9317 9318
f 9222 9319 9223
f 9222 9318 9319
f 9223 9320 9224
f 9223 9319 9320
f 9224 9321 9225
f 9224 9320 9321
f 9225 9322 9226
f 9225 9321 9322
f 9226 9323 9227
f 9226 9322 9323
f 9227 9324 9228
f 9227 9323 9324
f 9228 9325 9229
f 9228 9324 9325
f 9229 9326 9230
f 9229 9325 9326
f 9230 9327 9231
f 9230 9326 9327
f 9231 9328 9232
f 9231 9327 9328
f 9232 9329 9233
f 9232 9328 9329
f 9233 9330 9234
f 9233 9329 9330
f 9234 9331 9235
f 9234 9330 9331
f 9235 9332 9236
f 9235 9331 9332
f 9236 9333 9237
f 9236 9332 9333
f 9237 9334 9238
f 9237 9333 9334
f 9238 9335 9239
f 9238 9334 9335
f 9239 9336 9240
f 9239 9335 9336
f 9240 9337 9241
f 9240 9336 9337
f 9241 9338 9242
f 9241 9337 9338
f 9242 9339 9243
f 9242 9338 9339
f 9243 9340 9244
f 9243 9339 9340
f 9244 9341 9245
f 9244 9340 9341
f 9245 9342 9246
f 9245 9341 9342
f 9246 9343 9247
f 9246 9342 9343
f 9247 9344 9248
f 9247 9343 9344
f 9248 9345 9249
f 9248 9344 9345
f 9249 9346 9250
f 9249 9345 9346
f 9250 9347 9251
f 9250 9346 9347
f 9251 9348 9252
f 9251 9347 9348
f 9252 9349 9253
f 9252 9348 9349
f 9253 9350 9254
f 9253 9349 9350
f 9254 9351 9255
f 9254 9350 9351
f 9255 9352 9256
f 9255 9351 9352
f 9256 9353 9257
f 9256 9352 9353
f 9257 9354 9258
f 9257 9353 9354
f 9258 9355 9259
f 9258 9354 9355
f 9259 9356 9260
f 9259 9355 9356
f 9260 9357 9261
f 9260 9356 9357
f 9261 9358 9262
f 9261 9357 9358
f 9262 9359 9263
f 9262 9358 9359
f 9263 9360 9264
f 9263 9359 9360
f 9264 9361 9265
f 9264 9360 9361
f 9265 9362 9266
f 9265 9361 9362
f 9266 9363 9267
f 9266 9362 9363
f 9267 9364 9268
f 9267 9363 9364
f 9268 9365 9269
f 9268 9364 9365
f 9269 9366 9270
f 9269 9365 9366
f 9270 9367 9271
f 9270 9366 9367
f 9271 9368 9272
f 9271 9367 9368
f 9272 9369 9273
f 9272 9368 9369
f 9273 9370 9274
f 9273 9369 9370
f 9274 9371 9275
f 9274 9370 9371
f 9275 9372 9276
f 9275 9371 9372
f 9276 9373 9277
f 9276 9372 9373
f 9277 9374 9278
f 9277 9373 9374
f 9278 9375 9279
f 9278 9374 9375
f 9279 9376 9280
f 9279 9375 9376
f 9280 9377 9281
f 9280 9376 9377
f 9281 9378 9282
f 9281 9377 9378
f 9282 9379 9283
f 9282 9378 9379
f 9283 9380 9284
f 9283 9379 9380
f 9284 9381 9285
f 9284 9380 9381
f 9285 9382 9286
f 9285 9381 9382
f 9286 9383 9287
f 9286 9382 9383
f 9287 9384 9288
f 9287 9383 9384
f 9288 9385 9289
f 9288 9384 9385
f 9289 9386 9290
f 9289 9385 9386
f 9290 9387 9291
f 9290 9386 9387
f 9291 9388 9292
f 9291 9387 9388
f 9292 9389 9293
f 9292 9388 9389
f 9293 9390 9294
f 9293 9389 9390
f 9294 9391 9295
f 9294 9390 9391
f 9295 9392 9296
f 9295 9391 9392
f 9296 9393 9297
f 9296 9392 9393
f 9297 9394 9298
f 9297 9393 9394
f 9298 9395 9299
f 9298 9394 9395
f 9299 9396 9300
f 9299 9395 9396
f 9300 9397 9301
f 9300 9396 9397
f 9301 9398 9302
f 9301 9397 9398
f 9302 9399 9303
f 9302 9398 9399
f 9303 9400 9304
f 9303 9399 9400
f 9304 9401 9305
f 9304 9400 9401
f 9305 9402 9306
f 9305 9401 9402
f 9306 9403 9307
f 9306 9402 9403
f 9307 9404 9308
f 9307 9403 9404
f 9308 9405 9309
f 9308 9404 9405
f 9309 9406 9310
f 9309 9405 9406
f 9310 9407 9311
f 9310 9406 9407
f 9311 9408 9312
f 9311 9407 9408
f 9312 9409 9313
f 9312 9408 9409
f 9313 9314 9218
f 9313 9409 9314
f 9314 9411 9315
f 9314 9410 9411
f 9315 9412 9316
f 9315 9411 9412
f 9316 9413 9317
f 9316 9412 9413
f 9317 9414 9318
f 9317 9413 9414
f 9318 9415 9319
f 9318 9414 9415
f 9319 9416 9320
f 9319 9415 9416
f 9320 9417 9321
f 9320 9416 9417
f 9321 9418 9322
f 9321 9417 9418
f 9322 9419 9323
f 9322 9418 9419
f 9323 9420 9324
f 9323 9419 9420
f 9324 9421 9325
f 9324 9420 9421
f 9325 9422 9326
f 9325 9421 9422
f 9326 9423 9327
f 9326 9422 9423
f 9327 9424 9328
f 9327 9423 9424
f 9328 9425 9329
f 9328 9424 9425
f 9329 9426 9330
f 9329 9425 9426
f 9330 9427 9331
f 9330 9426 9427
f 9331 9428 9332
f 9331 9427 9428
f 9332 9429 9333
f 9332 9428 9429
f 9333 9430 9334
f 9333 9429 9430
f 9334 9431 9335
f 9334 9430 9431
f 9335 9432 9336
f 9335 9431 9432
f 9336 9433 9337
f 9336 9432 9433
f 9337 9434 9338
f 9337 9433 9434
f 9338 9435 9339
f 9338 9434 9435
f 9339 9436 9340
f 9339 9435 9436
f 9340 9437 9341
f 9340 9436 9437
f 9341 9438 9342
f 9341 9437 9438
f 9342 9439 9343
f 9342 9438 9439
f 9343 9440 9344
f 9343 9439 9440
f 9344 9441 9345
f 9344 9440 9441
f 9345 9442 9346
f 9345 9441 9442
f 9346 9443 9347
f 9346 9442 9443
f 9347 9444 9348
f 9347 9443 9444
f 9348 9445 9349
f 9348 9444 9445
f 9349 9446 9350
f 9349 9445 9446
f 9350 9447 9351
f 9350 9446 9447
f 9351 9448 9352
f 9351 9447 9448
f 9352 9449 9353
f 9352 9448 9449
f 9353 9450 9354
f 9353 9449 9450
f 9354 9451 9355
f 9354 9450 9451
f 9355 9452 9356
f 9355 9451 9452
f 9356 9453 9357
f 9356 9452 9453
f 9357 9454 9358
f 9357 9453 9454
f 9358 9455 9359
f 9358 9454 9455
f 9359 9456 9360
f 9359 9455 9456
f 9360 9457 9361
f 9360 9456 9457
f 9361 9458 9362
f 9361 9457 9458
f 9362 9459 9363
f 9362 9458 9459
f 9363 9460 9364
f 9363 9459 9460
f 9364 9461 9365
f 9364 9460 9461
f 9365 9462 9366
f 9365 9461 9462
f 9366 9463 9367
f 9366 9462 9463
f 9367 9464 9368
f 9367 9463 9464
f 9368 9465 9369
f 9368 9464 9465
f 9369 9466 9370
f 9369 9465 9466
f 9370 9467 9371
f 9370 9466 9467
f 9371 9468 9372
f 9371 9467 9468
f 9372 9469 9373
f 9372 9468 9469
f 9373 9470 9374
f 9373 9469 9470
f 9374 9471 9375
f 9374 9470 9471
f 9375 9472 9376
f 9375 9471 9472
f 9376 9473 9377
f 9376 9472 9473
f 9377 9474 9378
f 9377 9473 9474
f 9378 9475 9379
f 9378 9474 9475
f 9379 9476 9380
f 9379 9475 9476
f 9380 9477 9381
f 9380 9476 9477
f 9381 9478 9382
f 9381 9477 9478
f 9382 9479 9383
f 9382 9478 9479
f 9383 9480 9384
f 9383 9479 9480
f 9384 9481 9385
f 9384 9480 9481
f 9385 9482 9386
f 9385 9481 9482
f 9386 9483 9387
f 9386 9482 9483
f 9387 9484 9388
f 9387 9483 9484
f 9388 9485 9389
f 9388 9484 9485
f 9389 9486 9390
f 9389 9485 9486
f 9390 9487 9391
f 9390 9486 9487
f 9391 9488 9392
f 9391 9487 9488
f 9392 9489 9393
f 9392 9488 9489
f 9393 9490 9394
f 9393 9489 9490
f 9394 9491 9395
f 9394 9490 9491
f 9395 9492 9396
f 9395 9491 9492
f 9396 9493 9397
f 9396 9492 9493
f 9397 9494 9398
f 9397 9493 9494
f 9398 9495 9399
f 9398 9494 9495
f 9399 9496 9400
f 9399 9495 9496
f 9400 9497 9401
f 9400 9496 9497
f 9401 9498 9402
f 9401 9497 9498
f 9402 9499 9403
f 9402 9498 9499
f 9403 9500 9404
f 9403 9499 9500
f 9404 9501 9405
f 9404 9500 9501
f 9405 9502 9406
f 9405 9501 9502
f 9406 9503 9407
f 9406 9502 9503
f 9407 9504 9408
f 9407 9503 9504
f 9408 9505 9409
f 9408 9504 9505
f 9409 9410 9314
f 9409 9505 9410
f 9410 9507 9411
f 9410 9506 9507
f 9411 9508 9412
f 9411 9507 9508
f 9412 9509 9413
f 9412 9508 9509
f 9413 9510 9414
f 9413 9509 9510
f 9414 9511 9415
f 9414 9510 9511
f 9415 9512 9416
f 9415 9511 9512
f 9416 9513 9417
f 9416 9512 9513
f 9417 9514 9418
f 9417 9513 9514
f 9418 9515 9419
f 9418 9514 9515
f 9419 9516 9420
f 9419 9515 9516
f 9420 9517 9421
f 9420 9516 9517
f 9421 9518 9422
f 9421 9517 9518
f 9422 9519 9423
f 9422 9518 9519
f 9423 9520 9424
f 9423 9519 9520
f 9424 9521 9425
f 9424 9520 9521
f 9425 9522 9426
f 9425 9521 9522
f 9426 9523 9427
f 9426 9522 9523
f 9427 9524 9428
f 9427 9523 9524
f 9428 9525 9429
f 9428 9524 9525
f 9429 9526 9430
f 9429 9525 9526
f 9430 9527 9431
f 9430 9526 9527
f 9431 9528 9432
f 9431 9527 9528
f 9432 9529 9433
f 9432 9528 9529
f 9433 9530 9434
f 9433 9529 9530
f 9434 9531 9435
f 9434 9530 9531
f 9435 9532 9436
f 9435 9531 9532
f 9436 9533 9437
f 9436 9532 9533
f 9437 9534 9438
f 9437 9533 9534
f 9438 9535 9439
f 9438 9534 9535
f 9439 9536 9440
f 9439 9535 9536
f 9440 9537 9441
f 9440 9536 9537
f 9441 9538 9442
f 9441 9537 9538
f 9442 9539 9443
f 9442 9538 9539
f 9443 9540 9444
f 9443 9539 9540
f 9444 9541 9445
f 9444 9540 9541
f 9445 9542 9446
f 9445 9541 9542
f 9446 9543 9447
f 9446 9542 9543
f 9447 9544 9448
f 9447 9543 9544
f 9448 9545 9449
f 9448 9544 9545
f 9449 9546 9450
f 9449 9545 9546
f 9450 9547 9451
f 9450 9546 9547
f 9451 9548 9452
f 9451 9547 9548
f 9452 9549 9453
f 9452 9548 9549
f 9453 9550 9454
f 9453 9549 9550
f 9454 9551 9455
f 9454 9550 9551
f 9455 9552 9456
f 9455 9551 9552
f 9456 9553 9457
f 9456 9552 9553
f 9457 9554 9458
f 9457 9553 9554
f 9458 9555 9459
f 9458 9554 9555
f 9459 9556 9460
f 9459 9555 9556
f 9460 9557 9461
f 9460 9556 9557
f 9461 9558 9462
f 9461 9557 9558
f 9462 9559 9463
f 9462 9558 9559
f 9463 9560 9464
f 9463 9559 9560
f 9464 9561 9465
f 9464 9560 9561
f 9465 9562 9466
f 9465 9561 9562
f 9466 9563 9467
f 9466 9562 9563
f 9467 9564 9468
f 9467 9563 9564
f 9468 9565 9469
f 9468 9564 9565
f 9469 9566 9470
f 9469 9565 9566
f 9470 9567 9471
f 9470 9566 9567
f 9471 9568 9472
f 9471 9567 9568
f 9472 9569 9473
f 9472 9568 9569
f 9473 9570 9474
f 9473 9569 9570
f 9474 9571 9475
f 9474 9570 9571
f 9475 9572 9476
f 9475 9571 9572
f 9476 9573 9477
f 9476 9572 9573
f 9477 9574 9478
f 9477 9573 9574
f 9478 9575 9479
f 9478 9574 9575
f 9479 9576 9480
f 9479 9575 9576
f 9480 9577 9481
f 9480 9576 9577
f 9481 9578 9482
f 9481 9577 9578
f 9482 9579 9483
f 9482 9578 9579
f 9483 9580 9484
f 9483 9579 9580
f 9484 9581 9485
f 9484 9580 9581
f 9485 9582 9486
f 9485 9581 9582
f 9486 9583 9487
f 9486 9582 9583
f 9487 9584 9488
f 9487 9583 9584
f 9488 9585 9489
f 9488 9584 9585
f 9489 9586 9490
f 9489 9585 9586
f 9490 9587 9491
f 9490 9586 9587
f 9491 9588 9492
f 9491 9587 9588
f 9492 9589 9493
f 9492 9588 9589
f 9493 9590 9494
f 9493 9589 9590
f 9494 9591 9495
f 9494 9590 9591
f 9495 9592 9496
f 9495 9591 9592
f 9496 9593 9497
f 9496 9592 9593
f 9497 9594 9498
f 9497 9593 9594
f 9498 9595 9499
f 9498 9594 9595
f 9499 9596 9500
f 9499 9595 9596
f 9500 9597 9501
f 9500 9596 9597
f 9501 9598 9502
f 9501 9597 9598
f 9502 9599 9503
f 9502 9598 9599
f 9503 9600 9504
f 9503 9599 9600
f 9504 9601 9505
f 9504 9600 9601
f 9505 9506 9410
f 9505 9601 9506
f 9506 9603 9507
f 9506 9602 9603
f 9507 9604 9508
f 9507 9603 9604
f 9508 9605 9509
f 9508 9604 9605
f 9509 9606 9510
f 9509 9605 9606
f 9510 9607 9511
f 9510 9606 9607
f 9511 9608 9512
f 9511 9607 9608
f 9512 9609 9513
f 9512 9608 9609
f 9513 9610 9514
f 9513 9609 9610
f 9514 9611 9515
f 9514 9610 9611
f 9515 9612 9516
f 9515 9611 9612
f 9516 9613 9517
f 9516 9612 9613
f 9517 9614 9518
f 9517 9613 9614
f 9518 9615 9519
f 9518 9614 9615
f 9519 9616 9520
f 9519 9615 9616
f 9520 9617 9521
f 9520 9616 9617
f 9521 9618 9522
f 9521 9617 9618
f 9522 9619 9523
f 9522 9618 9619
f 9523 9620 9524
f 9523 9619 9620
f 9524 9621 9525
f 9524 9620 9621
f 9525 9622 9526
f 9525 9621 9622
f 9526 9623 9527
f 9526 9622 9623
f 9527 9624 9528
f 9527 9623 9624
f 9528 9625 9529
f 9528 9624 9625
f 9529 9626 9530
f 9529 9625 9626
f 9530 9627 9531
f 9530 9626 9627
f 9531 9628 9532
f 9531 9627 9628
f 9532 9629 9533
f 9532 9628 9629
f 9533 9630 9534
f 9533 9629 9630
f 9534 9631 9535
f 9534 9630 9631
f 9535 9632 9536
f 9535 9631 9632
f 9536 9633 9537
f 9536 9632 9633
f 9537 9634 9538
f 9537 9633 9634
f 9538 9635 9539
f 9538 9634 9635
f 9539 9636 9540
f 9539 9635 9636
f 9540 9637 9541
f 9540 9636 9637
f 9541 9638 9542
f 9541 9637 9638
f 9542 9639 9543
f 9542 9638 9639
f 9543 9640 9544
f 9543 9639 9640
f 9544 9641 9545
f 9544 9640 9641
f 9545 9642 9546
f 9545 9641 9642
f 9546 9643 9547
f 9546 9642 9643
f 9547 9644 9548
f 9547 9643 9644
f 9548 9645 9549
f 9548 9644 9645
f 9549 9646 9550
f 9549 9645 9646
f 9550 9647 9551
f 9550 9646 9647
f 9551 9648 9552
f 9551 9647 9648
f 9552 9649 9553
f 9552 9648 9649
f 9553 9650 9554
f 9553 9649 9650
f 9554 9651 9555
f 9554 9650 9651
f 9555 9652 9556
f 9555 9651 9652
f 9556 9653 9557
f 9556 9652 9653
f 9557 9654 9558
f 9557 9653 9654
f 9558 9655 9559
f 9558 9654 9655
f 9559 9656 9560
f 9559 9655 9656
f 9560 9657 9561
f 9560 9656 9657
f 9561 9658 9562
f 9561 9657 9658
f 9562 9659 9563
f 9562 9658 9659
f 9563 9660 9564
f 9563 9659 9660
f 9564 9661 9565
f 9564 9660 9661
f 9565 9662 9566
f 9565 9661 9662
f 9566 9663 9567
f 9566 9662 9663
f 9567 9664 9568
f 9567 9663 9664
f 9568 9665 9569
f 9568 9664 9665
f 9569 9666 9570
f 9569 9665 9666
f 9570 9667 9571
f 9570 9666 9667
f 9571 9668 9572
f 9571 9667 9668
f 9572 9669 9573
f 9572 9668 9669
f 9573 9670 9574
f 9573 9669 9670
f 9574 9671 9575
f 9574 9670 9671
f 9575 9672 9576
f 9575 9671 9672
f 9576 9673 9577
f 9576 9672 9673
f 9577 9674 9578
f 9577 9673 9674
f 9578 9675 9579
f 9578 9674 9675
f 9579 9676 9580
f 9579 9675 9676
f 9580 9677 9581
f 9580 9676 9677
f 9581 9678 9582
f 9581 9677 9678
f 9582 9679 9583
f 9582 9678 9679
f 9583 9680 9584
f 9583 9679 9680
f 9584 9681 9585
f 9584 9680 9681
f 9585 9682 9586
f 9585 9681 9682
f 9586 9683 9587
f 9586 9682 9683
f 9587 9684 9588
f 9587 9683 9684
f 9588 9685 9589
f 9588 9684 9685
f 9589 9686 9590
f 9589 9685 9686
f 9590 9687 9591
f 9590 9686 9687
f 9591 9688 9592
f 9591 9687 9688
f 9592 9689 9593
f 9592 9688 9689
f 9593 9690 9594
f 9593 9689 9690
f 9594 9691 9595
f 9594 9690 9691
f 9595 9692 9596
f 9595 9691 9692
f 9596 9693 9597
f 9596 9692 9693
f 9597 9694 9598
f 9597 9693 9694
f 9598 9695 9599
f 9598 9694 9695
f 9599 9696 9600
f 9599 9695 9696
f 9600 9697 9601
f 9600 9696 9697
f 9601 9602 9506
f 9601 9697 9602
f 9602 9699 9603
f 9602 9698 9699
f 9603 9700 9604
f 9603 9699 9700
f 9604 9701 9605
f 9604 9700 9701
f 9605 9702 9606
f 9605 9701 9702
f 9606 9703 9607
f 9606 9702 9703
f 9607 9704 9608
f 9607 9703 9704
f 9608 9705 9609
f 9608 9704 9705
f 9609 9706 9610
f 9609 9705 9706
f 9610 9707 9611
f 9610 9706 9707
f 9611 9708 9612
f 9611 9707 9708
f 9612 9709 9613
f 9612 9708 9709
f 9613 9710 9614
f 9613 9709 9710
f 9614 9711 9615
f 9614 9710 9711
f 9615 9712 9616
f 9615 9711 9712
f 9616 9713 9617
f 9616 9712 9713
f 9617 9714 9618
f 9617 9713 9714
f 9618 9715 9619
f 9618 9714 9715
f 9619 9716 9620
f 9619 9715 9716
f 9620 9717 9621
f 9620 9716 9717
f 9621 9718 9622
f 9621 9717 9718
f 9622 9719 9623
f 9622 9718 9719
f 9623 9720 9624
f 9623 9719 9720
f 9624 9721 9625
f 9624 9720 9721
f 9625 9722 9626
f 9625 9721 9722
f 9626 9723 9627
f 9626 9722 9723
f 9627 9724 9628
f 9627 9723 9724
f 9628 9725 9629
f 9628 9724 9725
f 9629 9726 9630
f 9629 9725 9726
f 9630 9727 9631
f 9630 9726 9727
f 9631 9728 9632
f 9631 9727 9728
f 9632 9729 9633
f 9632 9728 9729
f 9633 9730 9634
f 9633 9729 9730
f 9634 9731 9635
f 9634 9730 9731
f 9635 9732 9636
f 9635 9731 9732
f 9636 9733 9637
f 9636 9732 9733
f 9637 9734 9638
f 9637 9733 9734
f 9638 9735 9639
f 9638 9734 9735
f 9639 9736 9640
f 9639 9735 9736
f 9640 9737 9641
f 9640 9736 9737
f 9641 9738 9642
f 9641 9737 9738
f 9642 9739 9643
f 9642 9738 9739
f 9643 9740 9644
f 9643 9739 9740
f 9644 9741 9645
f 9644 9740 9741
f 9645 9742 9646
f 9645 9741 9742
f 9646 9743 9647
f 9646 9742 9743
f 9647 9744 9648
f 9647 9743 9744
f 9648 9745 9649
f 9648 9744 9745
f 9649 9746 9650
f 9649 9745 9746
f 9650 9747 9651
f 9650 9746 9747
f 9651 9748 9652
f 9651 9747 9748
f 9652 9749 9653
f 9652 9748 9749
f 9653 9750 9654
f 9653 9749 9750
f 9654 9751 9655
f 9654 9750 9751
f 9655 9752 9656
f 9655 9751 9752
f 9656 9753 9657
f 9656 9752 9753
f 9657 9754 9658
f 9657 9753 9754
f 9658 9755 9659
f 9658 9754 9755
f 9659 9756 9660
f 9659 9755 9756
f 9660 9757 9661
f 9660 9756 9757
f 9661 9758 9662
f 9661 9757 9758
f 9662 9759 9663
f 9662 9758 9759
f 9663 9760 9664
f 9663 9759 9760
f 9664 9761 9665
f 9664 9760 9761
f 9665 9762 9666
f 9665 9761 9762
f 9666 9763 9667
f 9666 9762 9763
f 9667 9764 9668
f 9667 9763 9764
f 9668 9765 9669
f 9668 9764 9765
f 9669 9766 9670
f 9669 9765 9766
f 9670 9767 9671
f 9670 9766 9767
f 9671 9768 9672
f 9671 9767 9768
f 9672 9769 9673
f 9672 9768 9769
f 9673 9770 9674
f 9673 9769 9770
f 9674 9771 9675
f 9674 9770 9771
f 9675 9772 9676
f 9675 9771 9772
f 9676 9773 9677
f 9676 9772 9773
f 9677 9774 9678
f 9677 9773 9774
f 9678 9775 9679
f 9678 9774 9775
f 9679 9776 9680
f 9679 9775 9776
f 9680 9777 9681
f 9680 9776 9777
f 9681 9778 9682
f 9681 9777 9778
f 9682 9779 9683
f 9682 9778 9779
f 9683 9780 9684
f 9683 9779 9780
f 9684 9781 9685
f 9684 9780 9781
f 9685 9782 9686
f 9685 9781 9782
f 9686 9783 9687
f 9686 9782 9783
f 9687 9784 9688
f 9687 9783 9784
f 9688 9785 9689
f 9688 9784 9785
f 9689 9786 9690
f 9689 9785 9786
f 9690 9787 9691
f 9690 9786 9787
f 9691 9788 9692
f 9691 9787 9788
f 9692 9789 9693
f 9692 9788 9789
f 9693 9790 9694
f 9693 9789 9790
f 9694 9791 9695
f 9694 9790 9791
f 9695 9792 9696
f 9695 9791 9792
f 9696 9793 9697
f 9696 9792 9793
f 9697 9698 9602
f 9697 9793 9698
f 9698 9795 9699
f 9698 9794 9795
f 9699 9796 9700
f 9699 9795 9796
f 9700 9797 9701
f 9700 9796 9797
f 9701 9798 9702
f 9701 9797 9798
f 9702 9799 9703
f 9702 9798 9799
f 9703 9800 9704
f 9703 9799 9800
f 9704 9801 9705
f 9704 9800 9801
f 9705 9802 9706
f 9705 9801 9802
f 9706 9803 9707
f 9706 9802 9803
f 9707 9804 9708
f 9707 9803 9804
f 9708 9805 9709
f 9708 9804 9805
f 9709 9806 9710
f 9709 9805 9806
f 9710 9807 9711
f 9710 9806 9807
f 9711 9808 9712
f 9711 9807 9808
f 9712 9809 9713
f 9712 9808 9809
f 9713 9810 9714
f 9713 9809 9810
f 9714 9811 9715
f 9714 9810 9811
f 9715 9812 9716
f 9715 9811 9812
f 9716 9813 9717
f 9716 9812 9813
f 9717 9814 9718
f 9717 9813 9814
f 9718 9815 9719
f 9718 9814 9815
f 9719 9816 9720
f 9719 9815 9816
f 9720 9817 9721
f 9720 9816 9817
f 9721 9818 9722
f 9721 9817 9818
f 9722 9819 9723
f 9722 9818 9819
f 9723 9820 9724
f 9723 9819 9820
f 9724 9821 9725
f 9724 9820 9821
f 9725 9822 9726
f 9725 9821 9822
f 9726 9823 9727
f 9726 9822 9823
f 9727 9824 9728
f 9727 9823 9824
f 9728 9825 9729
f 9728 9824 9825
f 9729 9826 9730
f 9729 9825 9826
f 9730 9827 9731
f 9730 9826 9827
f 9731 9828 9732
f 9731 9827 9828
f 9732 9829 9733
f 9732 9828 9829
f 9733 9830 9734
f 9733 9829 9830
f 9734 9831 9735
f 9734 9830 9831
f 9735 9832 9736
f 9735 9831 9832
f 9736 9833 9737
f 9736 9832 9833
f 9737 9834 9738
f 9737 9833 9834
f 9738 9835 9739
f 9738 9834 9835
f 9739 9836 9740
f 9739 9835 9836
f 9740 9837 9741
f 9740 9836 9837
f 9741 9838 9742
f 9741 9837 9838
f 9742 9839 9743
f 9742 9838 9839
f 9743 9840 9744
f 9743 9839 9840
f 9744 9841 9745
f 9744 9840 9841
f 9745 9842 9746
f 9745 9841 9842
f 9746 9843 9747
f 9746 9842 9843
f 9747 9844 9748
f 9747 9843 9844
f 9748 9845 9749
f 9748 9844 9845
f 9749 9846 9750
f 9749 9845 9846
f 9750 9847 9751
f 9750 9846 9847
f 9751 9848 9752
f 9751 9847 9848
f 9752 9849 9753
f 9752 9848 9849
f 9753 9850 9754
f 9753 9849 9850
f 9754 9851 9755
f 9754 9850 9851
f 9755 9852 9756
f 9755 9851 9852
f 9756 9853 9757
f 9756 9852 9853
f 9757 9854 9758
f 9757 9853 9854
f 9758 9855 9759
f 9758 9854 9855
f 9759 9856 9760
f 9759 9855 9856
f 9760 9857 9761
f 9760 9856 9857
f 9761 9858 9762
f 9761 9857 9858
f 9762 9859 9763
f 9762 9858 9859
f 9763 9860 9764
f 9763 9859 9860
f 9764 9861 9765
f 9764 9860 9861
f 9765 9862 9766
f 9765 9861 9862
f 9766 9863 9767
f 9766 9862 9863
f 9767 9864 9768
f 9767 9863 9864
f 9768 9865 9769
f 9768 9864 9865
f 9769 9866 9770
f 9769 9865 9866
f 9770 9867 9771
f 9770 9866 9867
f 9771 9868 9772
f 9771 9867 9868
f 9772 9869 9773
f 9772 9868 9869
f 9773 9870 9774
f 9773 9869 9870
f 9774 9871 9775
f 9774 9870 9871
f 9775 9872 9776
f 9775 9871 9872
f 9776 9873 9777
f 9776 9872 9873
f 9777 9874 9778
f 9777 9873 9874
f 9778 9875 9779
f 9778 9874 9875
f 9779 9876 9780
f 9779 9875 9876
f 9780 9877 9781
f 9780 9876 9877
f 9781 9878 9782
f 9781 9877 9878
f 9782 9879 9783
f 9782 9878 9879
f 9783 9880 9784
f 9783 9879 9880
f 9784 9881 9785
f 9784 9880 9881
f 9785 9882 9786
f 9785 9881 9882
f 9786 9883 9787
f 9786 9882 9883
f 9787 9884 9788
f 9787 9883 9884
f 9788 9885 9789
f 9788 9884 9885
f 9789 9886 9790
f 9789 9885 9886
f 9790 9887 9791
f 9790 9886 9887
f 9791 9888 9792
f 9791 9887 9888
f 9792 9889 9793
f 9792 9888 9889
f 9793 9794 9698
f 9793 9889 9794
f 9794 9891 9795
f 9794 9890 9891
f 9795 9892 9796
f 9795 9891 9892
f 9796 9893 9797
f 9796 9892 9893
f 9797 9894 9798
f 9797 9893 9894
f 9798 9895 9799
f 9798 9894 9895
f 9799 9896 9800
f 9799 9895 9896
f 9800 9897 9801
f 9800 9896 9897
f 9801 9898 9802
f 9801 9897 9898
f 9802 9899 9803
f 9802 9898 9899
f 9803 9900 9804
f 9803 9899 9900
f 9804 9901 9805
f 9804 9900 9901
f 9805 9902 9806
f 9805 9901 9902
f 9806 9903 9807
f 9806 9902 9903
f 9807 9904 9808
f 9807 9903 9904
f 9808 9905 9809
f 9808 9904 9905
f 9809 9906 9810
f 9809 9905 9906
f 9810 9907 9811
f 9810 9906 9907
f 9811 9908 9812
f 9811 9907 9908
f 9812 9909 9813
f 9812 9908 9909
f 9813 9910 9814
f 9813 9909 9910
f 9814 9911 9815
f 9814 9910 9911
f 9815 9912 9816
f 9815 9911 9912
f 9816 9913 9817
f 9816 9912 9913
f 9817 9914 9818
f 9817 9913 9914
f 9818 9915 9819
f 9818 9914 9915
f 9819 9916 9820
f 9819 9915 9916
f 9820 9917 9821
f 9820 9916 9917
f 9821 9918 9822
f 9821 9917 9918
f 9822 9919 9823
f 9822 9918 9919
f 9823 9920 9824
f 9823 9919 9920
f 9824 9921 9825
f 9824 9920 9921
f 9825 9922 9826
f 9825 9921 9922
f 9826 9923 9827
f 9826 9922 9923
f 9827 9924 9828
f 9827 9923 9924
f 9828 9925 9829
f 9828 9924 9925
f 9829 9926 9830
f 9829 9925 9926
f 9830 9927 9831
f 9830 9926 9927
f 9831 9928 9832
f 9831 9927 9928
f 9832 9929 9833
f 9832 9928 9929
f 9833 9930 9834
f 9833 9929 9930
f 9834 9931 9835
f 9834 9930 9931
f 9835 9932 9836
f 9835 9931 9932
f 9836 9933 9837
f 9836 9932 9933
f 9837 9934 9838
f 9837 9933 9934
f 9838 9935 9839
f 9838 9934 9935
f 9839 9936 9840
f 9839 9935 9936
f 9840 9937 9841
f 9840 9936 9937
f 9841 9938 9842
f 9841 9937 9938
f 9842 9939 9843
f 9842 9938 9939
f 9843 9940 9844
f 9843 9939 9940
f 9844 9941 9845
f 9844 9940 9941
f 9845 9942 9846
f 9845 9941 9942
f 9846 9943 9847
f 9846 9942 9943
f 9847 9944 9848
f 9847 9943 9944
f 9848 9945 9849
f 9848 9944 9945
f 9849 9946 9850
f 9849 9945 9946
f 9850 9947 9851
f 9850 9946 9947
f 9851 9948 9852
f 9851 9947 9948
f 9852 9949 9853
f 9852 9948 9949
f 9853 9950 9854
f 9853 9949 9950
f 9854 9951 9855
f 9854 9950 9951
f 9855 9952 9856
f 9855 9951 9952
f 9856 9953 9857
f 9856 9952 9953
f 9857 9954 9858
f 9857 9953 9954
f 9858 9955 9859
f 9858 9954 9955
f 9859 9956 9860
f 9859 9955 9956
f 9860 9957 9861
f 9860 9956 9957
f 9861 9958 9862
f 9861 9957 9958
f 9862 9959 9863
f 9862 9958 9959
f 9863 9960 9864
f 9863 9959 9960
f 9864 9961 9865
f 9864 9960 9961
f 9865 9962 9866
f 9865 9961 9962
f 9866 9963 9867
f 9866 9962 9963
f 9867 9964 9868
f 9867 9963 9964
f 9868 9965 9869
f 9868 9964 9965
f 9869 9966 9870
f 9869 9965 9966
f 9870 9967 9871
f 9870 9966 9967
f 9871 9968 9872
f 9871 9967 9968
f 9872 9969 9873
f 9872 9968 9969
f 9873 9970 9874
f 9873 9969 9970
f 9874 9971 9875
f 9874 9970 9971
f 9875 9972 9876
f 9875 9971 9972
f 9876 9973 9877
f 9876 9972 9973
f 9877 9974 9878
f 9877 9973 9974
f 9878 9975 9879
f 9878 9974 9975
f 9879 9976 9880
f 9879 9975 9976
f 9880 9977 9881
f 9880 9976 9977
f 9881 9978 9882
f 9881 9977 9978
f 9882 9979 9883
f 9882 9978 9979
f 9883 9980 9884
f 9883 9979 9980
f 9884 9981 9885
f 9884 9980 9981
f 9885 9982 9886
f 9885 9981 9982
f 9886 9983 9887
f 9886 9982 9983
f 9887 9984 9888
f 9887 9983 9984
f 9888 9985 9889
f 9888 9984 9985
f 9889 9890 9794
f 9889 9985 9890
f 9890 9987 9891
f 9890 9986 9987
f 9891 9988 9892
f 9891 9987 9988
f 9892 9989 9893
f 9892 9988 9989
f 9893 9990 9894
f 9893 9989 9990
f 9894 9991 9895
f 9894 9990 9991
f 9895 9992 9896
f 9895 9991 9992
f 9896 9993 9897
f 9896 9992 9993
f 9897 9994 9898
f 9897 9993 9994
f 9898 9995 9899
f 9898 9994 9995
f 9899 9996 9900
f 9899 9995 9996
f 9900 9997 9901
f 9900 9996 9997
f 9901 9998 9902
f 9901 9997 9998
f 9902 9999 9903
f 9902 9998 9999
f 9903 10000 9904
f 9903 9999 10000
f 9904 10001 9905
f 9904 10000 10001
f 9905 10002 9906
f 9905 10001 10002
f 9906 10003 9907
f 9906 10002 10003
f 9907 10004 9908
f 9907 10003 10004
f 9908 10005 9909
f 9908 10004 10005
f 9909 10006 9910
f 9909 10005 10006
f 9910 10007 9911
f 9910 10006 10007
f 9911 10008 9912
f 9911 10007 10008
f 9912 10009 9913
f 9912 10008 10009
f 9913 10010 9914
f 9913 10009 10010
f 9914 10011 9915
f 9914 10010 10011
f 9915 10012 9916
f 9915 10011 10012
f 9916 10013 9917
f 9916 10012 10013
f 9917 10014 9918
f 9917 10013 10014
f 9918 10015 9919
f 9918 10014 10015
f 9919 10016 9920
f 9919 10015 10016
f 9920 10017 9921
f 9920 10016 10017
f 9921 10018 9922
f 9921 10017 10018
f 9922 10019 9923
f 9922 10018 10019
f 9923 10020 9924
f 9923 10019 10020
f 9924 10021 9925
f 9924 10020 10021
f 9925 10022 9926
f 9925 10021 10022
f 9926 10023 9927
f 9926 10022 10023
f 9927 10024 9928
f 9927 10023 10024
f 9928 10025 9929
f 9928 10024 10025
f 9929 10026 9930
f 9929 10025 10026
f 9930 10027 9931
f 9930 10026 10027
f 9931 10028 9932
f 9931 10027 10028
f 9932 10029 9933
f 9932 10028 10029
f 9933 10030 9934
f 9933 10029 10030
f 9934 10031 9935
f 9934 10030 10031
f 9935 10032 9936
f 9935 10031 10032
f 9936 10033 9937
f 9936 10032 10033
f 9937 10034 9938
f 9937 10033 10034
f 9938 10035 9939
f 9938 10034 10035
f 9939 10036 9940
f 9939 10035 10036
f 9940 10037 9941
f 9940 10036 10037
f 9941 10038 9942
f 9941 10037 10038
f 9942 10039 9943
f 9942 10038 10039
f 9943 10040 9944
f 9943 10039 10040
f 9944 10041 9945
f 9944 10040 10041
f 9945 10042 9946
f 9945 10041 10042
f 9946 10043 9947
f 9946 10042 10043
f 9947 10044 9948
f 9947 10043 10044
f 9948 10045 9949
f 9948 10044 10045
f 9949 10046 9950
f 9949 10045 10046
f 9950 10047 9951
f 9950 10046 10047
f 9951 10048 9952
f 9951 10047 10048
f 9952 10049 9953
f 9952 10048 10049
f 9953 10050 9954
f 9953 10049 10050
f 9954 10051 9955
f 9954 10050 10051
f 9955 10052 9956
f 9955 10051 10052
f 9956 10053 9957
f 9956 10052 10053
f 9957 10054 9958
f 9957 10053 10054
f 9958 10055 9959
f 9958 10054 10055
f 9959 10056 9960
f 9959 10055 10056
f 9960 10057 9961
f 9960 10056 10057
f 9961 10058 9962
f 9961 10057 10058
f 9962 10059 9963
f 9962 10058 10059
f 9963 10060 9964
f 9963 10059 10060
f 9964 10061 9965
f 9964 10060 10061
f 9965 10062 9966
f 9965 10061 10062
f 9966 10063 9967
f 9966 10062 10063
f 9967 10064 9968
f 9967 10063 10064
f 9968 10065 9969
f 9968 10064 10065
f 9969 10066 9970
f 9969 10065 10066
f 9970 10067 9971
f 9970 10066 10067
f 9971 10068 9972
f 9971 10067 10068
f 9972 10069 9973
f 9972 10068 10069
f 9973 10070 9974
f 9973 10069 10070
f 9974 10071 9975
f 9974 10070 10071
f 9975 10072 9976
f 9975 10071 10072
f 9976 10073 9977
f 9976 10072 10073
f 9977 10074 9978
f 9977 10073 10074
f 9978 10075 9979
f 9978 10074 10075
f 9979 10076 9980
f 9979 10075 10076
f 9980 10077 9981
f 9980 10076 10077
f 9981 10078 9982
f 9981 10077 10078
f 9982 10079 9983
f 9982 10078 10079
f 9983 10080 9984
f 9983 10079 10080
f 9984 10081 9985
f 9984 10080 10081
f 9985 9986 9890
f 9985 10081 9986
f 9986 10083 9987
f 9986 10082 10083
f 9987 10084 9988
f 9987 10083 10084
f 9988 10085 9989
f 9988 10084 10085
f 9989 10086 9990
f 9989 10085 10086
f 9990 10087 9991
f 9990 10086 10087
f 9991 10088 9992
f 9991 10087 10088
f 9992 10089 9993
f 9992 10088 10089
f 9993 10090 9994
f 9993 10089 10090
f 9994 10091 9995
f 9994 10090 10091
f 9995 10092 9996
f 9995 10091 10092
f 9996 10093 9997
f 9996 10092 10093
f 9997 10094 9998
f 9997 10093 10094
f 9998 10095 9999
f 9998 10094 10095
f 9999 10096 10000
f 9999 10095 10096
f 10000 10097 10001
f 10000 10096 10097
f 10001 10098 10002
f 10001 10097 10098
f 10002 10099 10003
f 10002 10098 10099
f 10003 10100 10004
f 10003 10099 10100
f 10004 10101 10005
f 10004 10100 10101
f 10005 10102 10006
f 10005 10101 10102
f 10006 10103 10007
f 10006 10102 10103
f 10007 10104 10008
f 10007 10103 10104
f 10008 10105 10009
f 10008 10104 10105
f 10009 10106 10010
f 10009 10105 10106
f 10010 10107 10011
f 10010 10106 10107
f 10011 10108 10012
f 10011 10107 10108
f 10012 10109 10013
f 10012 10108 10109
f 10013 10110 10014
f 10013 10109 10110
f 10014 10111 10015
f 10014 10110 10111
f 10015 10112 10016
f 10015 10111 10112
f 10016 10113 10017
f 10016 10112 10113
f 10017 10114 10018
f 10017 10113 10114
f 10018 10115 10019
f 10018 10114 10115
f 10019 10116 10020
f 10019 10115 10116
f 10020 10117 10021
f 10020 10116 10117
f 10021 10118 10022
f 10021 10117 10118
f 10022 10119 10023
f 10022 10118 10119
f 10023 10120 10024
f 10023 10119 10120
f 10024 10121 10025
f 10024 10120 10121
f 10025 10122 10026
f 10025 10121 10122
f 10026 10123 10027
f 10026 10122 10123
f 10027 10124 10028
f 10027 10123 10124
f 10028 10125 10029
f 10028 10124 10125
f 10029 10126 10030
f 10029 10125 10126
f 10030 10127 10031
f 10030 10126 10127
f 10031 10128 10032
f 10031 10127 10128
f 10032 10129 10033
f 10032 10128 10129
f 10033 10130 10034
f 10033 10129 10130
f 10034 10131 10035
f 10034 10130 10131
f 10035 10132 10036
f 10035 10131 10132
f 10036 10133 10037
f 10036 10132 10133
f 10037 10134 10038
f 10037 10133 10134
f 10038 10135 10039
f 10038 10134 10135
f 10039 10136 10040
f 10039 10135 10136
f 10040 10137 10041
f 10040 10136 10137
f 10041 10138 10042
f 10041 10137 10138
f 10042 10139 10043
f 10042 10138 10139
f 10043 10140 10044
f 10043 10139 10140
f 10044 10141 10045
f 10044 10140 10141
f 10045 10142 10046
f 10045 10141 10142
f 10046 10143 10047
f 10046 10142 10143
f 10047 10144 10048
f 10047 10143 10144
f 10048 10145 10049
f 10048 10144 10145
f 10049 10146 10050
f 10049 10145 10146
f 10050 10147 10051
f 10050 10146 10147
f 10051 10148 10052
f 10051 10147 10148
f 10052 10149 10053
f 10052 10148 10149
f 10053 10150 10054
f 10053 10149 10150
f 10054 10151 10055
f 10054 10150 10151
f 10055 10152 10056
f 10055 10151 10152
f 10056 10153 10057
f 10056 10152 10153
f 10057 10154 10058
f 10057 10153 10154
f 10058 10155 10059
f 10058 10154 10155
f 10059 10156 10060
f 10059 10155 10156
f 10060 10157 10061
f 10060 10156 10157
f 10061 10158 10062
f 10061 10157 10158
f 10062 10159 10063
f 10062 10158 10159
f 10063 10160 10064
f 10063 10159 10160
f 10064 10161 10065
f 10064 10160 10161
f 10065 10162 10066
f 10065 10161 10162
f 10066 10163 10067
f 10066 10162 10163
f 10067 10164 10068
f 10067 10163 10164
f 10068 10165 10069
f 10068 10164 10165
f 10069 10166 10070
f 10069 10165 10166
f 10070 10167 10071
f 10070 10166 10167
f 10071 10168 10072
f 10071 10167 10168
f 10072 10169 10073
f 10072 10168 10169
f 10073 10170 10074
f 10073 10169 10170
f 10074 10171 10075
f 10074 10170 10171
f 10075 10172 10076
f 10075 10171 10172
f 10076 10173 10077
f 10076 10172 10173
f 10077 10174 10078
f 10077 10173 10174
f 10078 10175 10079
f 10078 10174 10175
f 10079 10176 10080
f 10079 10175 10176
f 10080 10177 10081
f 10080 10176 10177
f 10081 10082 9986
f 10081 10177 10082
f 10082 10179 10083
f 10082 10178 10179
f 10083 10180 10084
f 10083 10179 10180
f 10084 10181 10085
f 10084 10180 10181
f 10085 10182 10086
f 10085 10181 10182
f 10086 10183 10087
f 10086 10182 10183
f 10087 10184 10088
f 10087 10183 10184
f 10088 10185 10089
f 10088 10184 10185
f 10089 10186 10090
f 10089 10185 10186
f 10090 10187 10091
f 10090 10186 10187
f 10091 10188 10092
f 10091 10187 10188
f 10092 10189 10093
f 10092 10188 10189
f 10093 10190 10094
f 10093 10189 10190
f 10094 10191 10095
f 10094 10190 10191
f 10095 10192 10096
f 10095 10191 10192
f 10096 10193 10097
f 10096 10192 10193
f 10097 10194 10098
f 10097 10193 10194
f 10098 10195 10099
f 10098 10194 10195
f 10099 10196 10100
f 10099 10195 10196
f 10100 10197 10101
f 10100 10196 10197
f 10101 10198 10102
f 10101 10197 10198
f 10102 10199 10103
f 10102 10198 10199
f 10103 10200 10104
f 10103 10199 10200
f 10104 10201 10105
f 10104 10200 10201
f 10105 10202 10106
f 10105 10201 10202
f 10106 10203 10107
f 10106 10202 10203
f 10107 10204 10108
f 10107 10203 10204
f 10108 10205 10109
f 10108 10204 10205
f 10109 10206 10110
f 10109 10205 10206
f 10110 10207 10111
f 10110 10206 10207
f 10111 10208 10112
f 10111 10207 10208
f 10112 10209 10113
f 10112 10208 10209
f 10113 10210 10114
f 10113 10209 10210
f 10114 10211 10115
f 10114 10210 10211
f 10115 10212 10116
f 10115 10211 10212
f 10116 10213 10117
f 10116 10212 10213
f 10117 10214 10118
f 10117 10213 10214
f 10118 10215 10119
f 10118 10214 10215
f 10119 10216 10120
f 10119 10215 10216
f 10120 10217 10121
f 10120 10216 10217
f 10121 10218 10122
f 10121 10217 10218
f 10122 10219 10123
f 10122 10218 10219
f 10123 10220 10124
f 10123 10219 10220
f 10124 10221 10125
f 10124 10220 10221
f 10125 10222 10126
f 10125 10221 10222
f 10126 10223 10127
f 10126 10222 10223
f 10127 10224 10128
f 10127 10223 10224
f 10128 10225 10129
f 10128 10224 10225
f 10129 10226 10130
f 10129 10225 10226
f 10130 10227 10131
f 10130 10226 10227
f 10131 10228 10132
f 10131 10227 10228
f 10132 10229 10133
f 10132 10228 10229
f 10133 10230 10134
f 10133 10229 10230
f 10134 10231 10135
f 10134 10230 10231
f 10135 10232 10136
f 10135 10231 10232
f 10136 10233 10137
f 10136 10232 10233
f 10137 10234 10138
f 10137 10233 10234
f 10138 10235 10139
f 10138 10234 10235
f 10139 10236 10140
f 10139 10235 10236
f 10140 10237 10141
f 10140 10236 10237
f 10141 10238 10142
f 10141 10237 10238
f 10142 10239 10143
f 10142 10238 10239
f 10143 10240 10144
f 10143 10239 10240
f 10144 10241 10145
f 10144 10240 10241
f 10145 10242 10146
f 10145 10241 10242
f 10146 10243 10147
f 10146 10242 10243
f 10147 10244 10148
f 10147 10243 10244
f 10148 10245 10149
f 10148 10244 10245
f 10149 10246 10150
f 10149 10245 10246
f 10150 10247 10151
f 10150 10246 10247
f 10151 10248 10152
f 10151 10247 10248
f 10152 10249 10153
f 10152 10248 10249
f 10153 10250 10154
f 10153 10249 10250
f 10154 10251 10155
f 10154 10250 10251
f 10155 10252 10156
f 10155 10251 10252
f 10156 10253 10157
f 10156 10252 10253
f 10157 10254 10158
f 10157 10253 10254
f 10158 10255 10159
f 10158 10254 10255
f 10159 10256 10160
f 10159 10255 10256
f 10160 10257 10161
f 10160 10256 10257
f 10161 10258 10162
f 10161 10257 10258
f 10162 10259 10163
f 10162 10258 10259
f 10163 10260 10164
f 10163 10259 10260
f 10164 10261 10165
f 10164 10260 10261
f 10165 10262 10166
f 10165 10261 10262
f 10166 10263 10167
f 10166 10262 10263
f 10167 10264 10168
f 10167 10263 10264
f 10168 10265 10169
f 10168 10264 10265
f 10169 10266 10170
f 10169 10265 10266
f 10170 10267 10171
f 10170 10266 10267
f 10171 10268 10172
f 10171 10267 10268
f 10172 10269 10173
f 10172 10268 10269
f 10173 10270 10174
f 10173 10269 10270
f 10174 10271 10175
f 10174 10270 10271
f 10175 10272 10176
f 10175 10271 10272
f 10176 10273 10177
f 10176 10272 10273
f 10177 10178 10082
f 10177 10273 10178
f 10178 10275 10179
f 10178 10274 10275
f 10179 10276 10180
f 10179 10275 10276
f 10180 10277 10181
f 10180 10276 10277
f 10181 10278 10182
f 10181 10277 10278
f 10182 10279 10183
f 10182 10278 10279
f 10183 10280 10184
f 10183 10279 10280
f 10184 10281 10185
f 10184 10280 10281
f 10185 10282 10186
f 10185 10281 10282
f 10186 10283 10187
f 10186 10282 10283
f 10187 10284 10188
f 10187 10283 10284
f 10188 10285 10189
f 10188 10284 10285
f 10189 10286 10190
f 10189 10285 10286
f 10190 10287 10191
f 10190 10286 10287
f 10191 10288 10192
f 10191 10287 10288
f 10192 10289 10193
f 10192 10288 10289
f 10193 10290 10194
f 10193 10289 10290
f 10194 10291 10195
f 10194 10290 10291
f 10195 10292 10196
f 10195 10291 10292
f 10196 10293 10197
f 10196 10292 10293
f 10197 10294 10198
f 10197 10293 10294
f 10198 10295 10199
f 10198 10294 10295
f 10199 10296 10200
f 10199 10295 10296
f 10200 10297 10201
f 10200 10296 10297
f 10201 10298 10202
f 10201 10297 10298
f 10202 10299 10203
f 10202 10298 10299
f 10203 10300 10204
f 10203 10299 10300
f 10204 10301 10205
f 10204 10300 10301
f 10205 10302 10206
f 10205 10301 10302
f 10206 10303 10207
f 10206 10302 10303
f 10207 10304 10208
f 10207 10303 10304
f 10208 10305 10209
f 10208 10304 10305
f 10209 10306 10210
f 10209 10305 10306
f 10210 10307 10211
f 10210 10306 10307
f 10211 10308 10212
f 10211 10307 10308
f 10212 10309 10213
f 10212 10308 10309
f 10213 10310 10214
f 10213 10309 10310
f 10214 10311 10215
f 10214 10310 10311
f 10215 10312 10216
f 10215 10311 10312
f 10216 10313 10217
f 10216 10312 10313
f 10217 10314 10218
f 10217 10313 10314
f 10218 10315 10219
f 10218 10314 10315
f 10219 10316 10220
f 10219 10315 10316
f 10220 10317 10221
f 10220 10316 10317
f 10221 10318 10222
f 10221 10317 10318
f 10222 10319 10223
f 10222 10318 10319
f 10223 10320 10224
f 10223 10319 10320
f 10224 10321 10225
f 10224 10320 10321
f 10225 10322 10226
f 10225 10321 10322
f 10226 10323 10227
f 10226 10322 10323
f 10227 10324 10228
f 10227 10323 10324
f 10228 10325 10229
f 10228 10324 10325
f 10229 10326 10230
f 10229 10325 10326
f 10230 10327 10231
f 10230 10326 10327
f 10231 10328 10232
f 10231 10327 10328
f 10232 10329 10233
f 10232 10328 10329
f 10233 10330 10234
f 10233 10329 10330
f 10234 10331 10235
f 10234 10330 10331
f 10235 10332 10236
f 10235 10331 10332
f 10236 10333 10237
f 10236 10332 10333
f 10237 10334 10238
f 10237 10333 10334
f 10238 10335 10239
f 10238 10334 10335
f 10239 10336 10240
f 10239 10335 10336
f 10240 10337 10241
f 10240 10336 10337
f 10241 10338 10242
f 10241 10337 10338
f 10242 10339 10243
f 10242 10338 10339
f 10243 10340 10244
f 10243 10339 10340
f 10244 10341 10245
f 10244 10340 10341
f 10245 10342 10246
f 10245 10341 10342
f 10246 10343 10247
f 10246 10342 10343
f 10247 10344 10248
f 10247 10343 10344
f 10248 10345 10249
f 10248 10344 10345
f 10249 10346 10250
f 10249 10345 10346
f 10250 10347 10251
f 10250 10346 10347
f 10251 10348 10252
f 10251 10347 10348
f 10252 10349 10253
f 10252 10348 10349
f 10253 10350 10254
f 10253 10349 10350
f 10254 10351 10255
f 10254 10350 10351
f 10255 10352 10256
f 10255 10351 10352
f 10256 10353 10257
f 10256 10352 10353
f 10257 10354 10258
f 10257 10353 10354
f 10258 10355 10259
f 10258 10354 10355
f 10259 10356 10260
f 10259 10355 10356
f 10260 10357 10261
f 10260 10356 10357
f 10261 10358 10262
f 10261 10357 10358
f 10262 10359 10263
f 10262 10358 10359
f 10263 10360 10264
f 10263 10359 10360
f 10264 10361 10265
f 10264 10360 10361
f 10265 10362 10266
f 10265 10361 10362
f 10266 10363 10267
f 10266 10362 10363
f 10267 10364 10268
f 10267 10363 10364
f 10268 10365 10269
f 10268 10364 10365
f 10269 10366 10270
f 10269 10365 10366
f 10270 10367 10271
f 10270 10366 10367
f 10271 10368 10272
f 10271 10367 10368
f 10272 10369 10273
f 10272 10368 10369
f 10273 10274 10178
f 10273 10369 10274
f 10274 10371 10275
f 10274 10370 10371
f 10275 10372 10276
f 10275 10371 10372
f 10276 10373 10277
f 10276 10372 10373
f 10277 10374 10278
f 10277 10373 10374
f 10278 10375 10279
f 10278 10374 10375
f 10279 10376 10280
f 10279 10375 10376
f 10280 10377 10281
f 10280 10376 10377
f 10281 10378 10282
f 10281 10377 10378
f 10282 10379 10283
f 10282 10378 10379
f 10283 10380 10284
f 10283 10379 10380
f 10284 10381 10285
f 10284 10380 10381
f 10285 10382 10286
f 10285 10381 10382
f 10286 10383 10287
f 10286 10382 10383
f 10287 10384 10288
f 10287 10383 10384
f 10288 10385 10289
f 10288 10384 10385
f 10289 10386 10290
f 10289 10385 10386
f 10290 10387 10291
f 10290 10386 10387
f 10291 10388 10292
f 10291 10387 10388
f 10292 10389 10293
f 10292 10388 10389
f 10293 10390 10294
f 10293 10389 10390
f 10294 10391 10295
f 10294 10390 10391
f 10295 10392 10296
f 10295 10391 10392
f 10296 10393 10297
f 10296 10392 10393
f 10297 10394 10298
f 10297 10393 10394
f 10298 10395 10299
f 10298 10394 10395
f 10299 10396 10300
f 10299 10395 10396
f 10300 10397 10301
f 10300 10396 10397
f 10301 10398 10302
f 10301 10397 10398
f 10302 10399 10303
f 10302 10398 10399
f 10303 10400 10304
f 10303 10399 10400
f 10304 10401 10305
f 10304 10400 10401
f 10305 10402 10306
f 10305 10401 10402
f 10306 10403 10307
f 10306 10402 10403
f 10307 10404 10308
f 10307 10403 10404
f 10308 10405 10309
f 10308 10404 10405
f 10309 10406 10310
f 10309 10405 10406
f 10310 10407 10311
f 10310 10406 10407
f 10311 10408 10312
f 10311 10407 10408
f 10312 10409 10313
f 10312 10408 10409
f 10313 10410 10314
f 10313 10409 10410
f 10314 10411 10315
f 10314 10410 10411
f 10315 10412 10316
f 10315 10411 10412
f 10316 10413 10317
f 10316 10412 10413
f 10317 10414 10318
f 10317 10413 10414
f 10318 10415 10319
f 10318 10414 10415
f 10319 10416 10320
f 10319 10415 10416
f 10320 10417 10321
f 10320 10416 10417
f 10321 10418 10322
f 10321 10417 10418
f 10322 10419 10323
f 10322 10418 10419
f 10323 10420 10324
f 10323 10419 10420
f 10324 10421 10325
f 10324 10420 10421
f 10325 10422 10326
f 10325 10421 10422
f 10326 10423 10327
f 10326 10422 10423
f 10327 10424 10328
f 10327 10423 10424
f 10328 10425 10329
f 10328 10424 10425
f 10329 10426 10330
f 10329 10425 10426
f 10330 10427 10331
f 10330 10426 10427
f 10331 10428 10332
f 10331 10427 10428
f 10332 10429 10333
f 10332 10428 10429
f 10333 10430 10334
f 10333 10429 10430
f 10334 10431 10335
f 10334 10430 10431
f 10335 10432 10336
f 10335 10431 10432
f 10336 10433 10337
f 10336 10432 10433
f 10337 10434 10338
f 10337 10433 10434
f 10338 10435 10339
f 10338 10434 10435
f 10339 10436 10340
f 10339 10435 10436
f 10340 10437 10341
f 10340 10436 10437
f 10341 10438 10342
f 10341 10437 10438
f 10342 10439 10343
f 10342 10438 10439
f 10343 10440 10344
f 10343 10439 10440
f 10344 10441 10345
f 10344 10440 10441
f 10345 10442 10346
f 10345 10441 10442
f 10346 10443 10347
f 10346 10442 10443
f 10347 10444 10348
f 10347 10443 10444
f 10348 10445 10349
f 10348 10444 10445
f 10349 10446 10350
f 10349 10445 10446
f 10350 10447 10351
f 10350 10446 10447
f 10351 10448 10352
f 10351 10447 10448
f 10352 10449 10353
f 10352 10448 10449
f 10353 10450 10354
f 10353 10449 10450
f 10354 10451 10355
f 10354 10450 10451
f 10355 10452 10356
f 10355 10451 10452
f 10356 10453 10357
f 10356 10452 10453
f 10357 10454 10358
f 10357 10453 10454
f 10358 10455 10359
f 10358 10454 10455
f 10359 10456 10360
f 10359 10455 10456
f 10360 10457 10361
f 10360 10456 10457
f 10361 10458 10362
f 10361 10457 10458
f 10362 10459 10363
f 10362 10458 10459
f 10363 10460 10364
f 10363 10459 10460
f 10364 10461 10365
f 10364 10460 10461
f 10365 10462 10366
f 10365 10461 10462
f 10366 10463 10367
f 10366 10462 10463
f 10367 10464 10368
f 10367 10463 10464
f 10368 10465 10369
f 10368 10464 10465
f 10369 10370 10274
f 10369 10465 10370
f 10370 10467 10371
f 10370 10466 10467
f 10371 10468 10372
f 10371 10467 10468
f 10372 10469 10373
f 10372 10468 10469
f 10373 10470 10374
f 10373 10469 10470
f 10374 10471 10375
f 10374 10470 10471
f 10375 10472 10376
f 10375 10471 10472
f 10376 10473 10377
f 10376 10472 10473
f 10377 10474 10378
f 10377 10473 10474
f 10378 10475 10379
f 10378 10474 10475
f 10379 10476 10380
f 10379 10475 10476
f 10380 10477 10381
f 10380 10476 10477
f 10381 10478 10382
f 10381 10477 10478
f 10382 10479 10383
f 10382 10478 10479
f 10383 10480 10384
f 10383 10479 10480
f 10384 10481 10385
f 10384 10480 10481
f 10385 10482 10386
f 10385 10481 10482
f 10386 10483 10387
f 10386 10482 10483
f 10387 10484 10388
f 10387 10483 10484
f 10388 10485 10389
f 10388 10484 10485
f 10389 10486 10390
f 10389 10485 10486
f 10390 10487 10391
f 10390 10486 10487
f 10391 10488 10392
f 10391 10487 10488
f 10392 10489 10393
f 10392 10488 10489
f 10393 10490 10394
f 10393 10489 10490
f 10394 10491 10395
f 10394 10490 10491
f 10395 10492 10396
f 10395 10491 10492
f 10396 10493 10397
f 10396 10492 10493
f 10397 10494 10398
f 10397 10493 10494
f 10398 10495 10399
f 10398 10494 10495
f 10399 10496 10400
f 10399 10495 10496
f 10400 10497 10401
f 10400 10496 10497
f 10401 10498 10402
f 10401 10497 10498
f 10402 10499 10403
f 10402 10498 10499
f 10403 10500 10404
f 10403 10499 10500
f 10404 10501 10405
f 10404 10500 10501
f 10405 10502 10406
f 10405 10501 10502
f 10406 10503 10407
f 10406 10502 10503
f 10407 10504 10408
f 10407 10503 10504
f 10408 10505 10409
f 10408 10504 10505
f 10409 10506 10410
f 10409 10505 10506
f 10410 10507 10411
f 10410 10506 10507
f 10411 10508 10412
f 10411 10507 10508
f 10412 10509 10413
f 10412 10508 10509
f 10413 10510 10414
f 10413 10509 10510
f 10414 10511 10415
f 10414 10510 10511
f 10415 10512 10416
f 10415 10511 10512
f 10416 10513 10417
f 10416 10512 10513
f 10417 10514 10418
f 10417 10513 10514
f 10418 10515 10419
f 10418 10514 10515
f 10419 10516 10420
f 10419 10515 10516
f 10420 10517 10421
f 10420 10516 10517
f 10421 10518 10422
f 10421 10517 10518
f 10422 10519 10423
f 10422 10518 10519
f 10423 10520 10424
f 10423 10519 10520
f 10424 10521 10425
f 10424 10520 10521
f 10425 10522 10426
f 10425 10521 10522
f 10426 10523 10427
f 10426 10522 10523
f 10427 10524 10428
f 10427 10523 10524
f 10428 10525 10429
f 10428 10524 10525
f 10429 10526 10430
f 10429 10525 10526
f 10430 10527 10431
f 10430 10526 10527
f 10431 10528 10432
f 10431 10527 10528
f 10432 10529 10433
f 10432 10528 10529
f 10433 10530 10434
f 10433 10529 10530
f 10434 10531 10435
f 10434 10530 10531
f 10435 10532 10436
f 10435 10531 10532
f 10436 10533 10437
f 10436 10532 10533
f 10437 10534 10438
f 10437 10533 10534
f 10438 10535 10439
f 10438 10534 10535
f 10439 10536 10440
f 10439 10535 10536
f 10440 10537 10441
f 10440 10536 10537
f 10441 10538 10442
f 10441 10537 10538
f 10442 10539 10443
f 10442 10538 10539
f 10443 10540 10444
f 10443 10539 10540
f 10444 10541 10445
f 10444 10540 10541
f 10445 10542 10446
f 10445 10541 10542
f 10446 10543 10447
f 10446 10542 10543
f 10447 10544 10448
f 10447 10543 10544
f 10448 10545 10449
f 10448 10544 10545
f 10449 10546 10450
f 10449 10545 10546
f 10450 10547 10451
f 10450 10546 10547
f 10451 10548 10452
f 10451 10547 10548
f 10452 10549 10453
f 10452 10548 10549
f 10453 10550 10454
f 10453 10549 10550
f 10454 10551 10455
f 10454 10550 10551
f 10455 10552 10456
f 10455 10551 10552
f 10456 10553 10457
f 10456 10552 10553
f 10457 10554 10458
f 10457 10553 10554
f 10458 10555 10459
f 10458 10554 10555
f 10459 10556 10460
f 10459 10555 10556
f 10460 10557 10461
f 10460 10556 10557
f 10461 10558 10462
f 10461 10557 10558
f 10462 10559 10463
f 10462 10558 10559
f 10463 10560 10464
f 10463 10559 10560
f 10464 10561 10465
f 10464 10560 10561
f 10465 10466 10370
f 10465 10561 10466
f 10466 10563 10467
f 10466 10562 10563
f 10467 10564 10468
f 10467 10563 10564
f 10468 10565 10469
f 10468 10564 10565
f 10469 10566 10470
f 10469 10565 10566
f 10470 10567 10471
f 10470 10566 10567
f 10471 10568 10472
f 10471 10567 10568
f 10472 10569 10473
f 10472 10568 10569
f 10473 10570 10474
f 10473 10569 10570
f 10474 10571 10475
f 10474 10570 10571
f 10475 10572 10476
f 10475 10571 10572
f 10476 10573 10477
f 10476 10572 10573
f 10477 10574 10478
f 10477 10573 10574
f 10478 10575 10479
f 10478 10574 10575
f 10479 10576 10480
f 10479 10575 10576
f 10480 10577 10481
f 10480 10576 10577
f 10481 10578 10482
f 10481 10577 10578
f 10482 10579 10483
f 10482 10578 10579
f 10483 10580 10484
f 10483 10579 10580
f 10484 10581 10485
f 10484 10580 10581
f 10485 10582 10486
f 10485 10581 10582
f 10486 10583 10487
f 10486 10582 10583
f 10487 10584 10488
f 10487 10583 10584
f 10488 10585 10489
f 10488 10584 10585
f 10489 10586 10490
f 10489 10585 10586
f 10490 10587 10491
f 10490 10586 10587
f 10491 10588 10492
f 10491 10587 10588
f 10492 10589 10493
f 10492 10588 10589
f 10493 10590 10494
f 10493 10589 10590
f 10494 10591 10495
f 10494 10590 10591
f 10495 10592 10496
f 10495 10591 10592
f 10496 10593 10497
f 10496 10592 10593
f 10497 10594 10498
f 10497 10593 10594
f 10498 10595 10499
f 10498 10594 10595
f 10499 10596 10500
f 10499 10595 10596
f 10500 10597 10501
f 10500 10596 10597
f 10501 10598 10502
f 10501 10597 10598
f 10502 10599 10503
f 10502 10598 10599
f 10503 10600 10504
f 10503 10599 10600
f 10504 10601 10505
f 10504 10600 10601
f 10505 10602 10506
f 10505 10601 10602
f 10506 10603 10507
f 10506 10602 10603
f 10507 10604 10508
f 10507 10603 10604
f 10508 10605 10509
f 10508 10604 10605
f 10509 10606 10510
f 10509 10605 10606
f 10510 10607 10511
f 10510 10606 10607
f 10511 10608 10512
f 10511 10607 10608
f 10512 10609 10513
f 10512 10608 10609
f 10513 10610 10514
f 10513 10609 10610
f 10514 10611 10515
f 10514 10610 10611
f 10515 10612 10516
f 10515 10611 10612
f 10516 10613 10517
f 10516 10612 10613
f 10517 10614 10518
f 10517 10613 10614
f 10518 10615 10519
f 10518 10614 10615
f 10519 10616 10520
f 10519 10615 10616
f 10520 10617 10521
f 10520 10616 10617
f 10521 10618 10522
f 10521 10617 10618
f 10522 10619 10523
f 10522 10618 10619
f 10523 10620 10524
f 10523 10619 10620
f 10524 10621 10525
f 10524 10620 10621
f 10525 10622 10526
f 10525 10621 10622
f 10526 10623 10527
f 10526 10622 10623
f 10527 10624 10528
f 10527 10623 10624
f 10528 10625 10529
f 10528 10624 10625
f 10529 10626 10530
f 10529 10625 10626
f 10530 10627 10531
f 10530 10626 10627
f 10531 10628 10532
f 10531 10627 10628
f 10532 10629 10533
f 10532 10628 10629
f 10533 10630 10534
f 10533 10629 10630
f 10534 10631 10535
f 10534 10630 10631
f 10535 10632 10536
f 10535 10631 10632
f 10536 10633 10537
f 10536 10632 10633
f 10537 10634 10538
f 10537 10633 10634
f 10538 10635 10539
f 10538 10634 10635
f 10539 10636 10540
f 10539 10635 10636
f 10540 10637 10541
f 10540 10636 10637
f 10541 10638 10542
f 10541 10637 10638
f 10542 10639 10543
f 10542 10638 10639
f 10543 10640 10544
f 10543 10639 10640
f 10544 10641 10545
f 10544 10640 10641
f 10545 10642 10546
f 10545 10641 10642
f 10546 10643 10547
f 10546 10642 10643
f 10547 10644 10548
f 10547 10643 10644
f 10548 10645 10549
f 10548 10644 10645
f 10549 10646 10550
f 10549 10645 10646
f 10550 10647 10551
f 10550 10646 10647
f 10551 10648 10552
f 10551 10647 10648
f 10552 10649 10553
f 10552 10648 10649
f 10553 10650 10554
f 10553 10649 10650
f 10554 10651 10555
f 10554 10650 10651
f 10555 10652 10556
f 10555 10651 10652
f 10556 10653 10557
f 10556 10652 10653
f 10557 10654 10558
f 10557 10653 10654
f 10558 10655 10559
f 10558 10654 10655
f 10559 10656 10560
f 10559 10655 10656
f 10560 10657 10561
f 10560 10656 10657
f 10561 10562 10466
f 10561 10657 10562
f 10562 10659 10563
f 10562 10658 10659
f 10563 10660 10564
f 10563 10659 10660
f 10564 10661 10565
f 10564 10660 10661
f 10565 10662 10566
f 10565 10661 10662
f 10566 10663 10567
f 10566 10662 10663
f 10567 10664 10568
f 10567 10663 10664
f 10568 10665 10569
f 10568 10664 10665
f 10569 10666 10570
f 10569 10665 10666
f 10570 10667 10571
f 10570 10666 10667
f 10571 10668 10572
f 10571 10667 10668
f 10572 10669 10573
f 10572 10668 10669
f 10573 10670 10574
f 10573 10669 10670
f 10574 10671 10575
f 10574 10670 10671
f 10575 10672 10576
f 10575 10671 10672
f 10576 10673 10577
f 10576 10672 10673
f 10577 10674 10578
f 10577 10673 10674
f 10578 10675 10579
f 10578 10674 10675
f 10579 10676 10580
f 10579 10675 10676
f 10580 10677 10581
f 10580 10676 10677
f 10581 10678 10582
f 10581 10677 10678
f 10582 10679 10583
f 10582 10678 10679
f 10583 10680 10584
f 10583 10679 10680
f 10584 10681 10585
f 10584 10680 10681
f 10585 10682 10586
f 10585 10681 10682
f 10586 10683 10587
f 10586 10682 10683
f 10587 10684 10588
f 10587 10683 10684
f 10588 10685 10589
f 10588 10684 10685
f 10589 10686 10590
f 10589 10685 10686
f 10590 10687 10591
f 10590 10686 10687
f 10591 10688 10592
f 10591 10687 10688
f 10592 10689 10593
f 10592 10688 10689
f 10593 10690 10594
f 10593 10689 10690
f 10594 10691 10595
f 10594 10690 10691
f 10595 10692 10596
f 10595 10691 10692
f 10596 10693 10597
f 10596 10692 10693
f 10597 10694 10598
f 10597 10693 10694
f 10598 10695 10599
f 10598 10694 10695
f 10599 10696 10600
f 10599 10695 10696
f 10600 10697 10601
f 10600 10696 10697
f 10601 10698 10602
f 10601 10697 10698
f 10602 10699 10603
f 10602 10698 10699
f 10603 10700 10604
f 10603 10699 10700
f 10604 10701 10605
f 10604 10700 10701
f 10605 10702 10606
f 10605 10701 10702
f 10606 10703 10607
f 10606 10702 10703
f 10607 10704 10608
f 10607 10703 10704
f 10608 10705 10609
f 10608 10704 10705
f 10609 10706 10610
f 10609 10705 10706
f 10610 10707 10611
f 10610 10706 10707
f 10611 10708 10612
f 10611 10707 10708
f 10612 10709 10613
f 10612 10708 10709
f 10613 10710 10614
f 10613 10709 10710
f 10614 10711 10615
f 10614 10710 10711
f 10615 10712 10616
f 10615 10711 10712
f 10616 10713 10617
f 10616 10712 10713
f 10617 10714 10618
f 10617 10713 10714
f 10618 10715 10619
f 10618 10714 10715
f 10619 10716 10620
f 10619 10715 10716
f 10620 10717 10621
f 10620 10716 10717
f 10621 10718 10622
f 10621 10717 10718
f 10622 10719 10623
f 10622 10718 10719
f 10623 10720 10624
f 10623 10719 10720
f 10624 10721 10625
f 10624 10720 10721
f 10625 10722 10626
f 10625 10721 10722
f 10626 10723 10627
f 10626 10722 10723
f 10627 10724 10628
f 10627 10723 10724
f 10628 10725 10629
f 10628 10724 10725
f 10629 10726 10630
f 10629 10725 10726
f 10630 10727 10631
f 10630 10726 10727
f 10631 10728 10632
f 10631 10727 10728
f 10632 10729 10633
f 10632 10728 10729
f 10633 10730 10634
f 10633 10729 10730
f 10634 10731 10635
f 10634 10730 10731
f 10635 10732 10636
f 10635 10731 10732
f 10636 10733 10637
f 10636 10732 10733
f 10637 10734 10638
f 10637 10733 10734
f 10638 10735 10639
f 10638 10734 10735
f 10639 10736 10640
f 10639 10735 10736
f 10640 10737 10641
f 10640 10736 10737
f 10641 10738 10642
f 10641 10737 10738
f 10642 10739 10643
f 10642 10738 10739
f 10643 10740 10644
f 10643 10739 10740
f 10644 10741 10645
f 10644 10740 10741
f 10645 10742 10646
f 10645 10741 10742
f 10646 10743 10647
f 10646 10742 10743
f 10647 10744 10648
f 10647 10743 10744
f 10648 10745 10649
f 10648 10744 10745
f 10649 10746 10650
f 10649 10745 10746
f 10650 10747 10651
f 10650 10746 10747
f 10651 10748 10652
f 10651 10747 10748
f 10652 10749 10653
f 10652 10748 10749
f 10653 10750 10654
f 10653 10749 10750
f 10654 10751 10655
f 10654 10750 10751
f 10655 10752 10656
f 10655 10751 10752
f 10656 10753 10657
f 10656 10752 10753
f 10657 10658 10562
f 10657 10753 10658
f 10658 10755 10659
f 10658 10754 10755
f 10659 10756 10660
f 10659 10755 10756
f 10660 10757 10661
f 10660 10756 10757
f 10661 10758 10662
f 10661 10757 10758
f 10662 10759 10663
f 10662 10758 10759
f 10663 10760 10664
f 10663 10759 10760
f 10664 10761 10665
f 10664 10760 10761
f 10665 10762 10666
f 10665 10761 10762
f 10666 10763 10667
f 10666 10762 10763
f 10667 10764 10668
f 10667 10763 10764
f 10668 10765 10669
f 10668 10764 10765
f 10669 10766 10670
f 10669 10765 10766
f 10670 10767 10671
f 10670 10766 10767
f 10671 10768 10672
f 10671 10767 10768
f 10672 10769 10673
f 10672 10768 10769
f 10673 10770 10674
f 10673 10769 10770
f 10674 10771 10675
f 10674 10770 10771
f 10675 10772 10676
f 10675 10771 10772
f 10676 10773 10677
f 10676 10772 10773
f 10677 10774 10678
f 10677 10773 10774
f 10678 10775 10679
f 10678 10774 10775
f 10679 10776 10680
f 10679 10775 10776
f 10680 10777 10681
f 10680 10776 10777
f 10681 10778 10682
f 10681 10777 10778
f 10682 10779 10683
f 10682 10778 10779
f 10683 10780 10684
f 10683 10779 10780
f 10684 10781 10685
f 10684 10780 10781
f 10685 10782 10686
f 10685 10781 10782
f 10686 10783 10687
f 10686 10782 10783
f 10687 10784 10688
f 10687 10783 10784
f 10688 10785 10689
f 10688 10784 10785
f 10689 10786 10690
f 10689 10785 10786
f 10690 10787 10691
f 10690 10786 10787
f 10691 10788 10692
f 10691 10787 10788
f 10692 10789 10693
f 10692 10788 10789
f 10693 10790 10694
f 10693 10789 10790
f 10694 10791 10695
f 10694 10790 10791
f 10695 10792 10696
f 10695 10791 10792
f 10696 10793 10697
f 10696 10792 10793
f 10697 10794 10698
f 10697 10793 10794
f 10698 10795 10699
f 10698 10794 10795
f 10699 10796 10700
f 10699 10795 10796
f 10700 10797 10701
f 10700 10796 10797
f 10701 10798 10702
f 10701 10797 10798
f 10702 10799 10703
f 10702 10798 10799
f 10703 10800 10704
f 10703 10799 10800
f 10704 10801 10705
f 10704 10800 10801
f 10705 10802 10706
f 10705 10801 10802
f 10706 10803 10707
f 10706 10802 10803
f 10707 10804 10708
f 10707 10803 10804
f 10708 10805 10709
f 10708 10804 10805
f 10709 10806 10710
f 10709 10805 10806
f 10710 10807 10711
f 10710 10806 10807
f 10711 10808 10712
f 10711 10807 10808
f 10712 10809 10713
f 10712 10808 10809
f 10713 10810 10714
f 10713 10809 10810
f 10714 10811 10715
f 10714 10810 10811
f 10715 10812 10716
f 10715 10811 10812
f 10716 10813 10717
f 10716 10812 10813
f 10717 10814 10718
f 10717 10813 10814
f 10718 10815 10719
f 10718 10814 10815
f 10719 10816 10720
f 10719 10815 10816
f 10720 10817 10721
f 10720 10816 10817
f 10721 10818 10722
f 10721 10817 10818
f 10722 10819 10723
f 10722 10818 10819
f 10723 10820 10724
f 10723 10819 10820
f 10724 10821 10725
f 10724 10820 10821
f 10725 10822 10726
f 10725 10821 10822
f 10726 10823 10727
f 10726 10822 10823
f 10727 10824 10728
f 10727 10823 10824
f 10728 10825 10729
f 10728 10824 10825
f 10729 10826 10730
f 10729 10825 10826
f 10730 10827 10731
f 10730 10826 10827
f 10731 10828 10732
f 10731 10827 10828
f 10732 10829 10733
f 10732 10828 10829
f 10733 10830 10734
f 10733 10829 10830
f 10734 10831 10735
f 10734 10830 10831
f 10735 10832 10736
f 10735 10831 10832
f 10736 10833 10737
f 10736 10832 10833
f 10737 10834 10738
f 10737 10833 10834
f 10738 10835 10739
f 10738 10834 10835
f 10739 10836 10740
f 10739 10835 10836
f 10740 10837 10741
f 10740 10836 10837
f 10741 10838 10742
f 10741 10837 10838
f 10742 10839 10743
f 10742 10838 10839
f 10743 10840 10744
f 10743 10839 10840
f 10744 10841 10745
f 10744 10840 10841
f 10745 10842 10746
f 10745 10841 10842
f 10746 10843 10747
f 10746 10842 10843
f 10747 10844 10748
f 10747 10843 10844
f 10748 10845 10749
f 10748 10844 10845
f 10749 10846 10750
f 10749 10845 10846
f 10750 10847 10751
f 10750 10846 10847
f 10751 10848 10752
f 10751 10847 10848
f 10752 10849 10753
f 10752 10848 10849
f 10753 10754 10658
f 10753 10849 10754
f 10754 10851 10755
f 10754 10850 10851
f 10755 10852 10756
f 10755 10851 10852
f 10756 10853 10757
f 10756 10852 10853
f 10757 10854 10758
f 10757 10853 10854
f 10758 10855 10759
f 10758 10854 10855
f 10759 10856 10760
f 10759 10855 10856
f 10760 10857 10761
f 10760 10856 10857
f 10761 10858 10762
f 10761 10857 10858
f 10762 10859 10763
f 10762 10858 10859
f 10763 10860 10764
f 10763 10859 10860
f 10764 10861 10765
f 10764 10860 10861
f 10765 10862 10766
f 10765 10861 10862
f 10766 10863 10767
f 10766 10862 10863
f 10767 10864 10768
f 10767 10863 10864
f 10768 10865 10769
f 10768 10864 10865
f 10769 10866 10770
f 10769 10865 10866
f 10770 10867 10771
f 10770 10866 10867
f 10771 10868 10772
f 10771 10867 10868
f 10772 10869 10773
f 10772 10868 10869
f 10773 10870 10774
f 10773 10869 10870
f 10774 10871 10775
f 10774 10870 10871
f 10775 10872 10776
f 10775 10871 10872
f 10776 10873 10777
f 10776 10872 10873
f 10777 10874 10778
f 10777 10873 10874
f 10778 10875 10779
f 10778 10874 10875
f 10779 10876 10780
f 10779 10875 10876
f 10780 10877 10781
f 10780 10876 10877
f 10781 10878 10782
f 10781 10877 10878
f 10782 10879 10783
f 10782 10878 10879
f 10783 10880 10784
f 10783 10879 10880
f 10784 10881 10785
f 10784 10880 10881
f 10785 10882 10786
f 10785 10881 10882
f 10786 10883 10787
f 10786 10882 10883
f 10787 10884 10788
f 10787 10883 10884
f 10788 10885 10789
f 10788 10884 10885
f 10789 10886 10790
f 10789 10885 10886
f 10790 10887 10791
f 10790 10886 10887
f 10791 10888 10792
f 10791 10887 10888
f 10792 10889 10793
f 10792 10888 10889
f 10793 10890 10794
f 10793 10889 10890
f 10794 10891 10795
f 10794 10890 10891
f 10795 10892 10796
f 10795 10891 10892
f 10796 10893 10797
f 10796 10892 10893
f 10797 10894 10798
f 10797 10893 10894
f 10798 10895 10799
f 10798 10894 10895
f 10799 10896 10800
f 10799 10895 10896
f 10800 10897 10801
f 10800 10896 10897
f 10801 10898 10802
f 10801 10897 10898
f 10802 10899 10803
f 10802 10898 10899
f 10803 10900 10804
f 10803 10899 10900
f 10804 10901 10805
f 10804 10900 10901
f 10805 10902 10806
f 10805 10901 10902
f 10806 10903 10807
f 10806 10902 10903
f 10807 10904 10808
f 10807 10903 10904
f 10808 10905 10809
f 10808 10904 10905
f 10809 10906 10810
f 10809 10905 10906
f 10810 10907 10811
f 10810 10906 10907
f 10811 10908 10812
f 10811 10907 10908
f 10812 10909 10813
f 10812 10908 10909
f 10813 10910 10814
f 10813 10909 10910
f 10814 10911 10815
f 10814 10910 10911
f 10815 10912 10816
f 10815 10911 10912
f 10816 10913 10817
f 10816 10912 10913
f 10817 10914 10818
f 10817 10913 10914
f 10818 10915 10819
f 10818 10914 10915
f 10819 10916 10820
f 10819 10915 10916
f 10820 10917 10821
f 10820 10916 10917
f 10821 10918 10822
f 10821 10917 10918
f 10822 10919 10823
f 10822 10918 10919
f 10823 10920 10824
f 10823 10919 10920
f 10824 10921 10825
f 10824 10920 10921
f 10825 10922 10826
f 10825 10921 10922
f 10826 10923 10827
f 10826 10922 10923
f 10827 10924 10828
f 10827 10923 10924
f 10828 10925 10829
f 10828 10924 10925
f 10829 10926 10830
f 10829 10925 10926
f 10830 10927 10831
f 10830 10926 10927
f 10831 10928 10832
f 10831 10927 10928
f 10832 10929 10833
f 10832 10928 10929
f 10833 10930 10834
f 10833 10929 10930
f 10834 10931 10835
f 10834 10930 10931
f 10835 10932 10836
f 10835 10931 10932
f 10836 10933 10837
f 10836 10932 10933
f 10837 10934 10838
f 10837 10933 10934
f 10838 10935 10839
f 10838 10934 10935
f 10839 10936 10840
f 10839 10935 10936
f 10840 10937 10841
f 10840 10936 10937
f 10841 10938 10842
f 10841 10937 10938
f 10842 10939 10843
f 10842 10938 10939
f 10843 10940 10844
f 10843 10939 10940
f 10844 10941 10845
f 10844 10940 10941
f 10845 10942 10846
f 10845 10941 10942
f 10846 10943 10847
f 10846 10942 10943
f 10847 10944 10848
f 10847 10943 10944
f 10848 10945 10849
f 10848 10944 10945
f 10849 10850 10754
f 10849 10945 10850
f 10850 10947 10851
f 10850 10946 10947
f 10851 10948 10852
f 10851 10947 10948
f 10852 10949 10853
f 10852 10948 10949
f 10853 10950 10854
f 10853 10949 10950
f 10854 10951 10855
f 10854 10950 10951
f 10855 10952 10856
f 10855 10951 10952
f 10856 10953 10857
f 10856 10952 10953
f 10857 10954 10858
f 10857 10953 10954
f 10858 10955 10859
f 10858 10954 10955
f 10859 10956 10860
f 10859 10955 10956
f 10860 10957 10861
f 10860 10956 10957
f 10861 10958 10862
f 10861 10957 10958
f 10862 10959 10863
f 10862 10958 10959
f 10863 10960 10864
f 10863 10959 10960
f 10864 10961 10865
f 10864 10960 10961
f 10865 10962 10866
f 10865 10961 10962
f 10866 10963 10867
f 10866 10962 10963
f 10867 10964 10868
f 10867 10963 10964
f 10868 10965 10869
f 10868 10964 10965
f 10869 10966 10870
f 10869 10965 10966
f 10870 10967 10871
f 10870 10966 10967
f 10871 10968 10872
f 10871 10967 10968
f 10872 10969 10873
f 10872 10968 10969
f 10873 10970 10874
f 10873 10969 10970
f 10874 10971 10875
f 10874 10970 10971
f 10875 10972 10876
f 10875 10971 10972
f 10876 10973 10877
f 10876 10972 10973
f 10877 10974 10878
f 10877 10973 10974
f 10878 10975 10879
f 10878 10974 10975
f 10879 10976 10880
f 10879 10975 10976
f 10880 10977 10881
f 10880 10976 10977
f 10881 10978 10882
f 10881 10977 10978
f 10882 10979 10883
f 10882 10978 10979
f 10883 10980 10884
f 10883 10979 10980
f 10884 10981 10885
f 10884 10980 10981
f 10885 10982 10886
f 10885 10981 10982
f 10886 10983 10887
f 10886 10982 10983
f 10887 10984 10888
f 10887 10983 10984
f 10888 10985 10889
f 10888 10984 10985
f 10889 10986 10890
f 10889 10985 10986
f 10890 10987 10891
f 10890 10986 10987
f 10891 10988 10892
f 10891 10987 10988
f 10892 10989 10893
f 10892 10988 10989
f 10893 10990 10894
f 10893 10989 10990
f 10894 10991 10895
f 10894 10990 10991
f 10895 10992 10896
f 10895 10991 10992
f 10896 10993 10897
f 10896 10992 10993
f 10897 10994 10898
f 10897 10993 10994
f 10898 10995 10899
f 10898 10994 10995
f 10899 10996 10900
f 10899 10995 10996
f 10900 10997 10901
f 10900 10996 10997
f 10901 10998 10902
f 10901 10997 10998
f 10902 10999 10903
f 10902 10998 10999
f 10903 11000 10904
f 10903 10999 11000
f 10904 11001 10905
f 10904 11000 11001
f 10905 11002 10906
f 10905 11001 11002
f 10906 11003 10907
f 10906 11002 11003
f 10907 11004 10908
f 10907 11003 11004
f 10908 11005 10909
f 10908 11004 11005
f 10909 11006 10910
f 10909 11005 11006
f 10910 11007 10911
f 10910 11006 11007
f 10911 11008 10912
f 10911 11007 11008
f 10912 11009 10913
f 10912 11008 11009
f 10913 11010 10914
f 10913 11009 11010
f 10914 11011 10915
f 10914 11010 11011
f 10915 11012 10916
f 10915 11011 11012
f 10916 11013 10917
f 10916 11012 11013
f 10917 11014 10918
f 10917 11013 11014
f 10918 11015 10919
f 10918 11014 11015
f 10919 11016 10920
f 10919 11015 11016
f 10920 11017 10921
f 10920 11016 11017
f 10921 11018 10922
f 10921 11017 11018
f 10922 11019 10923
f 10922 11018 11019
f 10923 11020 10924
f 10923 11019 11020
f 10924 11021 10925
f 10924 11020 11021
f 10925 11022 10926
f 10925 11021 11022
f 10926 11023 10927
f 10926 11022 11023
f 10927 11024 10928
f 10927 11023 11024
f 10928 11025 10929
f 10928 11024 11025
f 10929 11026 10930
f 10929 11025 11026
f 10930 11027 10931
f 10930 11026 11027
f 10931 11028 10932
f 10931 11027 11028
f 10932 11029 10933
f 10932 11028 11029
f 10933 11030 10934
f 10933 11029 11030
f 10934 11031 10935
f 10934 11030 11031
f 10935 11032 10936
f 10935 11031 11032
f 10936 11033 10937
f 10936 11032 11033
f 10937 11034 10938
f 10937 11033 11034
f 10938 11035 10939
f 10938 11034 11035
f 10939 11036 10940
f 10939 11035 11036
f 10940 11037 10941
f 10940 11036 11037
f 10941 11038 10942
f 10941 11037 11038
f 10942 11039 10943
f 10942 11038 11039
f 10943 11040 10944
f 10943 11039 11040
f 10944 11041 10945
f 10944 11040 11041
f 10945 10946 10850
f 10945 11041 10946
f 10946 11043 10947
f 10946 11042 11043
f 10947 11044 10948
f 10947 11043 11044
f 10948 11045 10949
f 10948 11044 11045
f 10949 11046 10950
f 10949 11045 11046
f 10950 11047 10951
f 10950 11046 11047
f 10951 11048 10952
f 10951 11047 11048
f 10952 11049 10953
f 10952 11048 11049
f 10953 11050 10954
f 10953 11049 11050
f 10954 11051 10955
f 10954 11050 11051
f 10955 11052 10956
f 10955 11051 11052
f 10956 11053 10957
f 10956 11052 11053
f 10957 11054 10958
f 10957 11053 11054
f 10958 11055 10959
f 10958 11054 11055
f 10959 11056 10960
f 10959 11055 11056
f 10960 11057 10961
f 10960 11056 11057
f 10961 11058 10962
f 10961 11057 11058
f 10962 11059 10963
f 10962 11058 11059
f 10963 11060 10964
f 10963 11059 11060
f 10964 11061 10965
f 10964 11060 11061
f 10965 11062 10966
f 10965 11061 11062
f 10966 11063 10967
f 10966 11062 11063
f 10967 11064 10968
f 10967 11063 11064
f 10968 11065 10969
f 10968 11064 11065
f 10969 11066 10970
f 10969 11065 11066
f 10970 11067 10971
f 10970 11066 11067
f 10971 11068 10972
f 10971 11067 11068
f 10972 11069 10973
f 10972 11068 11069
f 10973 11070 10974
f 10973 11069 11070
f 10974 11071 10975
f 10974 11070 11071
f 10975 11072 10976
f 10975 11071 11072
f 10976 11073 10977
f 10976 11072 11073
f 10977 11074 10978
f 10977 11073 11074
f 10978 11075 10979
f 10978 11074 11075
f 10979 11076 10980
f 10979 11075 11076
f 10980 11077 10981
f 10980 11076 11077
f 10981 11078 10982
f 10981 11077 11078
f 10982 11079 10983
f 10982 11078 11079
f 10983 11080 10984
f 10983 11079 11080
f 10984 11081 10985
f 10984 11080 11081
f 10985 11082 10986
f 10985 11081 11082
f 10986 11083 10987
f 10986 11082 11083
f 10987 11084 10988
f 10987 11083 11084
f 10988 11085 10989
f 10988 11084 11085
f 10989 11086 10990
f 10989 11085 11086
f 10990 11087 10991
f 10990 11086 11087
f 10991 11088 10992
f 10991 11087 11088
f 10992 11089 10993
f 10992 11088 11089
f 10993 11090 10994
f 10993 11089 11090
f 10994 11091 10995
f 10994 11090 11091
f 10995 11092 10996
f 10995 11091 11092
f 10996 11093 10997
f 10996 11092 11093
f 10997 11094 10998
f 10997 11093 11094
f 10998 11095 10999
f 10998 11094 11095
f 10999 11096 11000
f 10999 11095 11096
f 11000 11097 11001
f 11000 11096 11097
f 11001 11098 11002
f 11001 11097 11098
f 11002 11099 11003
f 11002 11098 11099
f 11003 11100 11004
f 11003 11099 11100
f 11004 11101 11005
f 11004 11100 11101
f 11005 11102 11006
f 11005 11101 11102
f 11006 11103 11007
f 11006 11102 11103
f 11007 11104 11008
f 11007 11103 11104
f 11008 11105 11009
f 11008 11104 11105
f 11009 11106 11010
f 11009 11105 11106
f 11010 11107 11011
f 11010 11106 11107
f 11011 11108 11012
f 11011 11107 11108
f 11012 11109 11013
f 11012 11108 11109
f 11013 11110 11014
f 11013 11109 11110
f 11014 11111 11015
f 11014 11110 11111
f 11015 11112 11016
f 11015 11111 11112
f 11016 11113 11017
f 11016 11112 11113
f 11017 11114 11018
f 11017 11113 11114
f 11018 11115 11019
f 11018 11114 11115
f 11019 11116 11020
f 11019 11115 11116
f 11020 11117 11021
f 11020 11116 11117
f 11021 11118 11022
f 11021 11117 11118
f 11022 11119 11023
f 11022 11118 11119
f 11023 11120 11024
f 11023 11119 11120
f 11024 11121 11025
f 11024 11120 11121
f 11025 11122 11026
f 11025 11121 11122
f 11026 11123 11027
f 11026 11122 11123
f 11027 11124 11028
f 11027 11123 11124
f 11028 11125 11029
f 11028 11124 11125
f 11029 11126 11030
f 11029 11125 11126
f 11030 11127 11031
f 11030 11126 11127
f 11031 11128 11032
f 11031 11127 11128
f 11032 11129 11033
f 11032 11128 11129
f 11033 11130 11034
f 11033 11129 11130
f 11034 11131 11035
f 11034 11130 11131
f 11035 11132 11036
f 11035 11131 11132
f 11036 11133 11037
f 11036 11132 11133
f 11037 11134 11038
f 11037 11133 11134
f 11038 11135 11039
f 11038 11134 11135
f 11039 11136 11040
f 11039 11135 11136
f 11040 11137 11041
f 11040 11136 11137
f 11041 11042 10946
f 11041 11137 11042
f 11042 11139 11043
f 11042 11138 11139
f 11043 11140 11044
f 11043 11139 11140
f 11044 11141 11045
f 11044 11140 11141
f 11045 11142 11046
f 11045 11141 11142
f 11046 11143 11047
f 11046 11142 11143
f 11047 11144 11048
f 11047 11143 11144
f 11048 11145 11049
f 11048 11144 11145
f 11049 11146 11050
f 11049 11145 11146
f 11050 11147 11051
f 11050 11146 11147
f 11051 11148 11052
f 11051 11147 11148
f 11052 11149 11053
f 11052 11148 11149
f 11053 11150 11054
f 11053 11149 11150
f 11054 11151 11055
f 11054 11150 11151
f 11055 11152 11056
f 11055 11151 11152
f 11056 11153 11057
f 11056 11152 11153
f 11057 11154 11058
f 11057 11153 11154
f 11058 11155 11059
f 11058 11154 11155
f 11059 11156 11060
f 11059 11155 11156
f 11060 11157 11061
f 11060 11156 11157
f 11061 11158 11062
f 11061 11157 11158
f 11062 11159 11063
f 11062 11158 11159
f 11063 11160 11064
f 11063 11159 11160
f 11064 11161 11065
f 11064 11160 11161
f 11065 11162 11066
f 11065 11161 11162
f 11066 11163 11067
f 11066 11162 11163
f 11067 11164 11068
f 11067 11163 11164
f 11068 11165 11069
f 11068 11164 11165
f 11069 11166 11070
f 11069 11165 11166
f 11070 11167 11071
f 11070 11166 11167
f 11071 11168 11072
f 11071 11167 11168
f 11072 11169 11073
f 11072 11168 11169
f 11073 11170 11074
f 11073 11169 11170
f 11074 11171 11075
f 11074 11170 11171
f 11075 11172 11076
f 11075 11171 11172
f 11076 11173 11077
f 11076 11172 11173
f 11077 11174 11078
f 11077 11173 11174
f 11078 11175 11079
f 11078 11174 11175
f 11079 11176 11080
f 11079 11175 11176
f 11080 11177 11081
f 11080 11176 11177
f 11081 11178 11082
f 11081 11177 11178
f 11082 11179 11083
f 11082 11178 11179
f 11083 11180 11084
f 11083 11179 11180
f 11084 11181 11085
f 11084 11180 11181
f 11085 11182 11086
f 11085 11181 11182
f 11086 11183 11087
f 11086 11182 11183
f 11087 11184 11088
f 11087 11183 11184
f 11088 11185 11089
f 11088 11184 11185
f 11089 11186 11090
f 11089 11185 11186
f 11090 11187 11091
f 11090 11186 11187
f 11091 11188 11092
f 11091 11187 11188
f 11092 11189 11093
f 11092 11188 11189
f 11093 11190 11094
f 11093 11189 11190
f 11094 11191 11095
f 11094 11190 11191
f 11095 11192 11096
f 11095 11191 11192
f 11096 11193 11097
f 11096 11192 11193
f 11097 11194 11098
f 11097 11193 11194
f 11098 11195 11099
f 11098 11194 11195
f 11099 11196 11100
f 11099 11195 11196
f 11100 11197 11101
f 11100 11196 11197
f 11101 11198 11102
f 11101 11197 11198
f 11102 11199 11103
f 11102 11198 11199
f 11103 11200 11104
f 11103 11199 11200
f 11104 11201 11105
f 11104 11200 11201
f 11105 11202 11106
f 11105 11201 11202
f 11106 11203 11107
f 11106 11202 11203
f 11107 11204 11108
f 11107 11203 11204
f 11108 11205 11109
f 11108 11204 11205
f 11109 11206 11110
f 11109 11205 11206
f 11110 11207 11111
f 11110 11206 11207
f 11111 11208 11112
f 11111 11207 11208
f 11112 11209 11113
f 11112 11208 11209
f 11113 11210 11114
f 11113 11209 11210
f 11114 11211 11115
f 11114 11210 11211
f 11115 11212 11116
f 11115 11211 11212
f 11116 11213 11117
f 11116 11212 11213
f 11117 11214 11118
f 11117 11213 11214
f 11118 11215 11119
f 11118 11214 11215
f 11119 11216 11120
f 11119 11215 11216
f 11120 11217 11121
f 11120 11216 11217
f 11121 11218 11122
f 11121 11217 11218
f 11122 11219 11123
f 11122 11218 11219
f 11123 11220 11124
f 11123 11219 11220
f 11124 11221 11125
f 11124 11220 11221
f 11125 11222 11126
f 11125 11221 11222
f 11126 11223 11127
f 11126 11222 11223
f 11127 11224 11128
f 11127 11223 11224
f 11128 11225 11129
f 11128 11224 11225
f 11129 11226 11130
f 11129 11225 11226
f 11130 11227 11131
f 11130 11226 11227
f 11131 11228 11132
f 11131 11227 11228
f 11132 11229 11133
f 11132 11228 11229
f 11133 11230 11134
f 11133 11229 11230
f 11134 11231 11135
f 11134 11230 11231
f 11135 11232 11136
f 11135 11231 11232
f 11136 11233 11137
f 11136 11232 11233
f 11137 11138 11042
f 11137 11233 11138
f 11138 11235 11139
f 11138 11234 11235
f 11139 11236 11140
f 11139 11235 11236
f 11140 11237 11141
f 11140 11236 11237
f 11141 11238 11142
f 11141 11237 11238
f 11142 11239 11143
f 11142 11238 11239
f 11143 11240 11144
f 11143 11239 11240
f 11144 11241 11145
f 11144 11240 11241
f 11145 11242 11146
f 11145 11241 11242
f 11146 11243 11147
f 11146 11242 11243
f 11147 11244 11148
f 11147 11243 11244
f 11148 11245 11149
f 11148 11244 11245
f 11149 11246 11150
f 11149 11245 11246
f 11150 11247 11151
f 11150 11246 11247
f 11151 11248 11152
f 11151 11247 11248
f 11152 11249 11153
f 11152 11248 11249
f 11153 11250 11154
f 11153 11249 11250
f 11154 11251 11155
f 11154 11250 11251
f 11155 11252 11156
f 11155 11251 11252
f 11156 11253 11157
f 11156 11252 11253
f 11157 11254 11158
f 11157 11253 11254
f 11158 11255 11159
f 11158 11254 11255
f 11159 11256 11160
f 11159 11255 11256
f 11160 11257 11161
f 11160 11256 11257
f 11161 11258 11162
f 11161 11257 11258
f 11162 11259 11163
f 11162 11258 11259
f 11163 11260 11164
f 11163 11259 11260
f 11164 11261 11165
f 11164 11260 11261
f 11165 11262 11166
f 11165 11261 11262
f 11166 11263 11167
f 11166 11262 11263
f 11167 11264 11168
f 11167 11263 11264
f 11168 11265 11169
f 11168 11264 11265
f 11169 11266 11170
f 11169 11265 11266
f 11170 11267 11171
f 11170 11266 11267
f 11171 11268 11172
f 11171 11267 11268
f 11172 11269 11173
f 11172 11268 11269
f 11173 11270 11174
f 11173 11269 11270
f 11174 11271 11175
f 11174 11270 11271
f 11175 11272 11176
f 11175 11271 11272
f 11176 11273 11177
f 11176 11272 11273
f 11177 11274 11178
f 11177 11273 11274
f 11178 11275 11179
f 11178 11274 11275
f 11179 11276 11180
f 11179 11275 11276
f 11180 11277 11181
f 11180 11276 11277
f 11181 11278 11182
f 11181 11277 11278
f 11182 11279 11183
f 11182 11278 11279
f 11183 11280 11184
f 11183 11279 11280
f 11184 11281 11185
f 11184 11280 11281
f 11185 11282 11186
f 11185 11281 11282
f 11186 11283 11187
f 11186 11282 11283
f 11187 11284 11188
f 11187 11283 11284
f 11188 11285 11189
f 11188 11284 11285
f 11189 11286 11190
f 11189 11285 11286
f 11190 11287 11191
f 11190 11286 11287
f 11191 11288 11192
f 11191 11287 11288
f 11192 11289 11193
f 11192 11288 11289
f 11193 11290 11194
f 11193 11289 11290
f 11194 11291 11195
f 11194 11290 11291
f 11195 11292 11196
f 11195 11291 11292
f 11196 11293 11197
f 11196 11292 11293
f 11197 11294 11198
f 11197 11293 11294
f 11198 11295 11199
f 11198 11294 11295
f 11199 11296 11200
f 11199 11295 11296
f 11200 11297 11201
f 11200 11296 11297
f 11201 11298 11202
f 11201 11297 11298
f 11202 11299 11203
f 11202 11298 11299
f 11203 11300 11204
f 11203 11299 11300
f 11204 11301 11205
f 11204 11300 11301
f 11205 11302 11206
f 11205 11301 11302
f 11206 11303 11207
f 11206 11302 11303
f 11207 11304 11208
f 11207 11303 11304
f 11208 11305 11209
f 11208 11304 11305
f 11209 11306 11210
f 11209 11305 11306
f 11210 11307 11211
f 11210 11306 11307
f 11211 11308 11212
f 11211 11307 11308
f 11212 11309 11213
f 11212 11308 11309
f 11213 11310 11214
f 11213 11309 11310
f 11214 11311 11215
f 11214 11310 11311
f 11215 11312 11216
f 11215 11311 11312
f 11216 11313 11217
f 11216 11312 11313
f 11217 11314 11218
f 11217 11313 11314
f 11218 11315 11219
f 11218 11314 11315
f 11219 11316 11220
f 11219 11315 11316
f 11220 11317 11221
f 11220 11316 11317
f 11221 11318 11222
f 11221 11317 11318
f 11222 11319 11223
f 11222 11318 11319
f 11223 11320 11224
f 11223 11319 11320
f 11224 11321 11225
f 11224 11320 11321
f 11225 11322 11226
f 11225 11321 11322
f 11226 11323 11227
f 11226 11322 11323
f 11227 11324 11228
f 11227 11323 11324
f 11228 11325 11229
f 11228 11324 11325
f 11229 11326 11230
f 11229 11325 11326
f 11230 11327 11231
f 11230 11326 11327
f 11231 11328 11232
f 11231 11327 11328
f 11232 11329 11233
f 11232 11328 11329
f 11233 11234 11138
f 11233 11329 11234
f 11234 11331 11235
f 11234 11330 11331
f 11235 11332 11236
f 11235 11331 11332
f 11236 11333 11237
f 11236 11332 11333
f 11237 11334 11238
f 11237 11333 11334
f 11238 11335 11239
f 11238 11334 11335
f 11239 11336 11240
f 11239 11335 11336
f 11240 11337 11241
f 11240 11336 11337
f 11241 11338 11242
f 11241 11337 11338
f 11242 11339 11243
f 11242 11338 11339
f 11243 11340 11244
f 11243 11339 11340
f 11244 11341 11245
f 11244 11340 11341
f 11245 11342 11246
f 11245 11341 11342
f 11246 11343 11247
f 11246 11342 11343
f 11247 11344 11248
f 11247 11343 11344
f 11248 11345 11249
f 11248 11344 11345
f 11249 11346 11250
f 11249 11345 11346
f 11250 11347 11251
f 11250 11346 11347
f 11251 11348 11252
f 11251 11347 11348
f 11252 11349 11253
f 11252 11348 11349
f 11253 11350 11254
f 11253 11349 11350
f 11254 11351 11255
f 11254 11350 11351
f 11255 11352 11256
f 11255 11351 11352
f 11256 11353 11257
f 11256 11352 11353
f 11257 11354 11258
f 11257 11353 11354
f 11258 11355 11259
f 11258 11354 11355
f 11259 11356 11260
f 11259 11355 11356
f 11260 11357 11261
f 11260 11356 11357
f 11261 11358 11262
f 11261 11357 11358
f 11262 11359 11263
f 11262 11358 11359
f 11263 11360 11264
f 11263 11359 11360
f 11264 11361 11265
f 11264 11360 11361
f 11265 11362 11266
f 11265 11361 11362
f 11266 11363 11267
f 11266 11362 11363
f 11267 11364 11268
f 11267 11363 11364
f 11268 11365 11269
f 11268 11364 11365
f 11269 11366 11270
f 11269 11365 11366
f 11270 11367 11271
f 11270 11366 11367
f 11271 11368 11272
f 11271 11367 11368
f 11272 11369 11273
f 11272 11368 11369
f 11273 11370 11274
f 11273 11369 11370
f 11274 11371 11275
f 11274 11370 11371
f 11275 11372 11276
f 11275 11371 11372
f 11276 11373 11277
f 11276 11372 11373
f 11277 11374 11278
f 11277 11373 11374
f 11278 11375 11279
f 11278 11374 11375
f 11279 11376 11280
f 11279 11375 11376
f 11280 11377 11281
f 11280 11376 11377
f 11281 11378 11282
f 11281 11377 11378
f 11282 11379 11283
f 11282 11378 11379
f 11283 11380 11284
f 11283 11379 11380
f 11284 11381 11285
f 11284 11380 11381
f 11285 11382 11286
f 11285 11381 11382
f 11286 11383 11287
f 11286 11382 11383
f 11287 11384 11288
f 11287 11383 11384
f 11288 11385 11289
f 11288 11384 11385
f 11289 11386 11290
f 11289 11385 11386
f 11290 11387 11291
f 11290 11386 11387
f 11291 11388 11292
f 11291 11387 11388
f 11292 11389 11293
f 11292 11388 11389
f 11293 11390 11294
f 11293 11389 11390
f 11294 11391 11295
f 11294 11390 11391
f 11295 11392 11296
f 11295 11391 11392
f 11296 11393 11297
f 11296 11392 11393
f 11297 11394 11298
f 11297 11393 11394
f 11298 11395 11299
f 11298 11394 11395
f 11299 11396 11300
f 11299 11395 11396
f 11300 11397 11301
f 11300 11396 11397
f 11301 11398 11302
f 11301 11397 11398
f 11302 11399 11303
f 11302 11398 11399
f 11303 11400 11304
f 11303 11399 11400
f 11304 11401 11305
f 11304 11400 11401
f 11305 11402 11306
f 11305 11401 11402
f 11306 11403 11307
f 11306 11402 11403
f 11307 11404 11308
f 11307 11403 11404
f 11308 11405 11309
f 11308 11404 11405
f 11309 11406 11310
f 11309 11405 11406
f 11310 11407 11311
f 11310 11406 11407
f 11311 11408 11312
f 11311 11407 11408
f 11312 11409 11313
f 11312 11408 11409
f 11313 11410 11314
f 11313 11409 11410
f 11314 11411 11315
f 11314 11410 11411
f 11315 11412 11316
f 11315 11411 11412
f 11316 11413 11317
f 11316 11412 11413
f 11317 11414 11318
f 11317 11413 11414
f 11318 11415 11319
f 11318 11414 11415
f 11319 11416 11320
f 11319 11415 11416
f 11320 11417 11321
f 11320 11416 11417
f 11321 11418 11322
f 11321 11417 11418
f 11322 11419 11323
f 11322 11418 11419
f 11323 11420 11324
f 11323 11419 11420
f 11324 11421 11325
f 11324 11420 11421
f 11325 11422 11326
f 11325 11421 11422
f 11326 11423 11327
f 11326 11422 11423
f 11327 11424 11328
f 11327 11423 11424
f 11328 11425 11329
f 11328 11424 11425
f 11329 11330 11234
f 11329 11425 11330
f 11330 11427 11331
f 11330 11426 11427
f 11331 11428 11332
f 11331 11427 11428
f 11332 11429 11333
f 11332 11428 11429
f 11333 11430 11334
f 11333 11429 11430
f 11334 11431 11335
f 11334 11430 11431
f 11335 11432 11336
f 11335 11431 11432
f 11336 11433 11337
f 11336 11432 11433
f 11337 11434 11338
f 11337 11433 11434
f 11338 11435 11339
f 11338 11434 11435
f 11339 11436 11340
f 11339 11435 11436
f 11340 11437 11341
f 11340 11436 11437
f 11341 11438 11342
f 11341 11437 11438
f 11342 11439 11343
f 11342 11438 11439
f 11343 11440 11344
f 11343 11439 11440
f 11344 11441 11345
f 11344 11440 11441
f 11345 11442 11346
f 11345 11441 11442
f 11346 11443 11347
f 11346 11442 11443
f 11347 11444 11348
f 11347 11443 11444
f 11348 11445 11349
f 11348 11444 11445
f 11349 11446 11350
f 11349 11445 11446
f 11350 11447 11351
f 11350 11446 11447
f 11351 11448 11352
f 11351 11447 11448
f 11352 11449 11353
f 11352 11448 11449
f 11353 11450 11354
f 11353 11449 11450
f 11354 11451 11355
f 11354 11450 11451
f 11355 11452 11356
f 11355 11451 11452
f 11356 11453 11357
f 11356 11452 11453
f 11357 11454 11358
f 11357 11453 11454
f 11358 11455 11359
f 11358 11454 11455
f 11359 11456 11360
f 11359 11455 11456
f 11360 11457 11361
f 11360 11456 11457
f 11361 11458 11362
f 11361 11457 11458
f 11362 11459 11363
f 11362 11458 11459
f 11363 11460 11364
f 11363 11459 11460
f 11364 11461 11365
f 11364 11460 11461
f 11365 11462 11366
f 11365 11461 11462
f 11366 11463 11367
f 11366 11462 11463
f 11367 11464 11368
f 11367 11463 11464
f 11368 11465 11369
f 11368 11464 11465
f 11369 11466 11370
f 11369 11465 11466
f 11370 11467 11371
f 11370 11466 11467
f 11371 11468 11372
f 11371 11467 11468
f 11372 11469 11373
f 11372 11468 11469
f 11373 11470 11374
f 11373 11469 11470
f 11374 11471 11375
f 11374 11470 11471
f 11375 11472 11376
f 11375 11471 11472
f 11376 11473 11377
f 11376 11472 11473
f 11377 11474 11378
f 11377 11473 11474
f 11378 11475 11379
f 11378 11474 11475
f 11379 11476 11380
f 11379 11475 11476
f 11380 11477 11381
f 11380 11476 11477
f 11381 11478 11382
f 11381 11477 11478
f 11382 11479 11383
f 11382 11478 11479
f 11383 11480 11384
f 11383 11479 11480
f 11384 11481 11385
f 11384 11480 11481
f 11385 11482 11386
f 11385 11481 11482
f 11386 11483 11387
f 11386 11482 11483
f 11387 11484 11388
f 11387 11483 11484
f 11388 11485 11389
f 11388 11484 11485
f 11389 11486 11390
f 11389 11485 11486
f 11390 11487 11391
f 11390 11486 11487
f 11391 11488 11392
f 11391 11487 11488
f 11392 11489 11393
f 11392 11488 11489
f 11393 11490 11394
f 11393 11489 11490
f 11394 11491 11395
f 11394 11490 11491
f 11395 11492 11396
f 11395 11491 11492
f 11396 11493 11397
f 11396 11492 11493
f 11397 11494 11398
f 11397 11493 11494
f 11398 11495 11399
f 11398 11494 11495
f 11399 11496 11400
f 11399 11495 11496
f 11400 11497 11401
f 11400 11496 11497
f 11401 11498 11402
f 11401 11497 11498
f 11402 11499 11403
f 11402 11498 11499
f 11403 11500 11404
f 11403 11499 11500
f 11404 11501 11405
f 11404 11500 11501
f 11405 11502 11406
f 11405 11501 11502
f 11406 11503 11407
f 11406 11502 11503
f 11407 11504 11408
f 11407 11503 11504
f 11408 11505 11409
f 11408 11504 11505
f 11409 11506 11410
f 11409 11505 11506
f 11410 11507 11411
f 11410 11506 11507
f 11411 11508 11412
f 11411 11507 11508
f 11412 11509 11413
f 11412 11508 11509
f 11413 11510 11414
f 11413 11509 11510
f 11414 11511 11415
f 11414 11510 11511
f 11415 11512 11416
f 11415 11511 11512
f 11416 11513 11417
f 11416 11512 11513
f 11417 11514 11418
f 11417 11513 11514
f 11418 11515 11419
f 11418 11514 11515
f 11419 11516 11420
f 11419 11515 11516
f 11420 11517 11421
f 11420 11516 11517
f 11421 11518 11422
f 11421 11517 11518
f 11422 11519 11423
f 11422 11518 11519
f 11423 11520 11424
f 11423 11519 11520
f 11424 11521 11425
f 11424 11520 11521
f 11425 11426 11330
f 11425 11521 11426
f 11426 11523 11427
f 11426 11522 11523
f 11427 11524 11428
f 11427 11523 11524
f 11428 11525 11429
f 11428 11524 11525
f 11429 11526 11430
f 11429 11525 11526
f 11430 11527 11431
f 11430 11526 11527
f 11431 11528 11432
f 11431 11527 11528
f 11432 11529 11433
f 11432 11528 11529
f 11433 11530 11434
f 11433 11529 11530
f 11434 11531 11435
f 11434 11530 11531
f 11435 11532 11436
f 11435 11531 11532
f 11436 11533 11437
f 11436 11532 11533
f 11437 11534 11438
f 11437 11533 11534
f 11438 11535 11439
f 11438 11534 11535
f 11439 11536 11440
f 11439 11535 11536
f 11440 11537 11441
f 11440 11536 11537
f 11441 11538 11442
f 11441 11537 11538
f 11442 11539 11443
f 11442 11538 11539
f 11443 11540 11444
f 11443 11539 11540
f 11444 11541 11445
f 11444 11540 11541
f 11445 11542 11446
f 11445 11541 11542
f 11446 11543 11447
f 11446 11542 11543
f 11447 11544 11448
f 11447 11543 11544
f 11448 11545 11449
f 11448 11544 11545
f 11449 11546 11450
f 11449 11545 11546
f 11450 11547 11451
f 11450 11546 11547
f 11451 11548 11452
f 11451 11547 11548
f 11452 11549 11453
f 11452 11548 11549
f 11453 11550 11454
f 11453 11549 11550
f 11454 11551 11455
f 11454 11550 11551
f 11455 11552 11456
f 11455 11551 11552
f 11456 11553 11457
f 11456 11552 11553
f 11457 11554 11458
f 11457 11553 11554
f 11458 11555 11459
f 11458 11554 11555
f 11459 11556 11460
f 11459 11555 11556
f 11460 11557 11461
f 11460 11556 11557
f 11461 11558 11462
f 11461 11557 11558
f 11462 11559 11463
f 11462 11558 11559
f 11463 11560 11464
f 11463 11559 11560
f 11464 11561 11465
f 11464 11560 11561
f 11465 11562 11466
f 11465 11561 11562
f 11466 11563 11467
f 11466 11562 11563
f 11467 11564 11468
f 11467 11563 11564
f 11468 11565 11469
f 11468 11564 11565
f 11469 11566 11470
f 11469 11565 11566
f 11470 11567 11471
f 11470 11566 11567
f 11471 11568 11472
f 11471 11567 11568
f 11472 11569 11473
f 11472 11568 11569
f 11473 11570 11474
f 11473 11569 11570
f 11474 11571 11475
f 11474 11570 11571
f 11475 11572 11476
f 11475 11571 11572
f 11476 11573 11477
f 11476 11572 11573
f 11477 11574 11478
f 11477 11573 11574
f 11478 11575 11479
f 11478 11574 11575
f 11479 11576 11480
f 11479 11575 11576
f 11480 11577 11481
f 11480 11576 11577
f 11481 11578 11482
f 11481 11577 11578
f 11482 11579 11483
f 11482 11578 11579
f 11483 11580 11484
f 11483 11579 11580
f 11484 11581 11485
f 11484 11580 11581
f 11485 11582 11486
f 11485 11581 11582
f 11486 11583 11487
f 11486 11582 11583
f 11487 11584 11488
f 11487 11583 11584
f 11488 11585 11489
f 11488 11584 11585
f 11489 11586 11490
f 11489 11585 11586
f 11490 11587 11491
f 11490 11586 11587
f 11491 11588 11492
f 11491 11587 11588
f 11492 11589 11493
f 11492 11588 11589
f 11493 11590 11494
f 11493 11589 11590
f 11494 11591 11495
f 11494 11590 11591
f 11495 11592 11496
f 11495 11591 11592
f 11496 11593 11497
f 11496 11592 11593
f 11497 11594 11498
f 11497 11593 11594
f 11498 11595 11499
f 11498 11594 11595
f 11499 11596 11500
f 11499 11595 11596
f 11500 11597 11501
f 11500 11596 11597
f 11501 11598 11502
f 11501 11597 11598
f 11502 11599 11503
f 11502 11598 11599
f 11503 11600 11504
f 11503 11599 11600
f 11504 11601 11505
f 11504 11600 11601
f 11505 11602 11506
f 11505 11601 11602
f 11506 11603 11507
f 11506 11602 11603
f 11507 11604 11508
f 11507 11603 11604
f 11508 11605 11509
f 11508 11604 11605
f 11509 11606 11510
f 11509 11605 11606
f 11510 11607 11511
f 11510 11606 11607
f 11511 11608 11512
f 11511 11607 11608
f 11512 11609 11513
f 11512 11608 11609
f 11513 11610 11514
f 11513 11609 11610
f 11514 11611 11515
f 11514 11610 11611
f 11515 11612 11516
f 11515 11611 11612
f 11516 11613 11517
f 11516 11612 11613
f 11517 11614 11518
f 11517 11613 11614
f 11518 11615 11519
f 11518 11614 11615
f 11519 11616 11520
f 11519 11615 11616
f 11520 11617 11521
f 11520 11616 11617
f 11521 11522 11426
f 11521 11617 11522
f 11522 11619 11523
f 11522 11618 11619
f 11523 11620 11524
f 11523 11619 11620
f 11524 11621 11525
f 11524 11620 11621
f 11525 11622 11526
f 11525 11621 11622
f 11526 11623 11527
f 11526 11622 11623
f 11527 11624 11528
f 11527 11623 11624
f 11528 11625 11529
f 11528 11624 11625
f 11529 11626 11530
f 11529 11625 11626
f 11530 11627 11531
f 11530 11626 11627
f 11531 11628 11532
f 11531 11627 11628
f 11532 11629 11533
f 11532 11628 11629
f 11533 11630 11534
f 11533 11629 11630
f 11534 11631 11535
f 11534 11630 11631
f 11535 11632 11536
f 11535 11631 11632
f 11536 11633 11537
f 11536 11632 11633
f 11537 11634 11538
f 11537 11633 11634
f 11538 11635 11539
f 11538 11634 11635
f 11539 11636 11540
f 11539 11635 11636
f 11540 11637 11541
f 11540 11636 11637
f 11541 11638 11542
f 11541 11637 11638
f 11542 11639 11543
f 11542 11638 11639
f 11543 11640 11544
f 11543 11639 11640
f 11544 11641 11545
f 11544 11640 11641
f 11545 11642 11546
f 11545 11641 11642
f 11546 11643 11547
f 11546 11642 11643
f 11547 11644 11548
f 11547 11643 11644
f 11548 11645 11549
f 11548 11644 11645
f 11549 11646 11550
f 11549 11645 11646
f 11550 11647 11551
f 11550 11646 11647
f 11551 11648 11552
f 11551 11647 11648
f 11552 11649 11553
f 11552 11648 11649
f 11553 11650 11554
f 11553 11649 11650
f 11554 11651 11555
f 11554 11650 11651
f 11555 11652 11556
f 11555 11651 11652
f 11556 11653 11557
f 11556 11652 11653
f 11557 11654 11558
f 11557 11653 11654
f 11558 11655 11559
f 11558 11654 11655
f 11559 11656 11560
f 11559 11655 11656
f 11560 11657 11561
f 11560 11656 11657
f 11561 11658 11562
f 11561 11657 11658
f 11562 11659 11563
f 11562 11658 11659
f 11563 11660 11564
f 11563 11659 11660
f 11564 11661 11565
f 11564 11660 11661
f 11565 11662 11566
f 11565 11661 11662
f 11566 11663 11567
f 11566 11662 11663
f 11567 11664 11568
f 11567 11663 11664
f 11568 11665 11569
f 11568 11664 11665
f 11569 11666 11570
f 11569 11665 11666
f 11570 11667 11571
f 11570 11666 11667
f 11571 11668 11572
f 11571 11667 11668
f 11572 11669 11573
f 11572 11668 11669
f 11573 11670 11574
f 11573 11669 11670
f 11574 11671 11575
f 11574 11670 11671
f 11575 11672 11576
f 11575 11671 11672
f 11576 11673 11577
f 11576 11672 11673
f 11577 11674 11578
f 11577 11673 11674
f 11578 11675 11579
f 11578 11674 11675
f 11579 11676 11580
f 11579 11675 11676
f 11580 11677 11581
f 11580 11676 11677
f 11581 11678 11582
f 11581 11677 11678
f 11582 11679 11583
f 11582 11678 11679
f 11583 11680 11584
f 11583 11679 11680
f 11584 11681 11585
f 11584 11680 11681
f 11585 11682 11586
f 11585 11681 11682
f 11586 11683 11587
f 11586 11682 11683
f 11587 11684 11588
f 11587 11683 11684
f 11588 11685 11589
f 11588 11684 11685
f 11589 11686 11590
f 11589 11685 11686
f 11590 11687 11591
f 11590 11686 11687
f 11591 11688 11592
f 11591 11687 11688
f 11592 11689 11593
f 11592 11688 11689
f 11593 11690 11594
f 11593 11689 11690
f 11594 11691 11595
f 11594 11690 11691
f 11595 11692 11596
f 11595 11691 11692
f 11596 11693 11597
f 11596 11692 11693
f 11597 11694 11598
f 11597 11693 11694
f 11598 11695 11599
f 11598 11694 11695
f 11599 11696 11600
f 11599 11695 11696
f 11600 11697 11601
f 11600 11696 11697
f 11601 11698 11602
f 11601 11697 11698
f 11602 11699 11603
f 11602 11698 11699
f 11603 11700 11604
f 11603 11699 11700
f 11604 11701 11605
f 11604 11700 11701
f 11605 11702 11606
f 11605 11701 11702
f 11606 11703 11607
f 11606 11702 11703
f 11607 11704 11608
f 11607 11703 11704
f 11608 11705 11609
f 11608 11704 11705
f 11609 11706 11610
f 11609 11705 11706
f 11610 11707 11611
f 11610 11706 11707
f 11611 11708 11612
f 11611 11707 11708
f 11612 11709 11613
f 11612 11708 11709
f 11613 11710 11614
f 11613 11709 11710
f 11614 11711 11615
f 11614 11710 11711
f 11615 11712 11616
f 11615 11711 11712
f 11616 11713 11617
f 11616 11712 11713
f 11617 11618 11522
f 11617 11713 11618
f 11618 11715 11619
f 11618 11714 11715
f 11619 11716 11620
f 11619 11715 11716
f 11620 11717 11621
f 11620 11716 11717
f 11621 11718 11622
f 11621 11717 11718
f 11622 11719 11623
f 11622 11718 11719
f 11623 11720 11624
f 11623 11719 11720
f 11624 11721 11625
f 11624 11720 11721
f 11625 11722 11626
f 11625 11721 11722
f 11626 11723 11627
f 11626 11722 11723
f 11627 11724 11628
f 11627 11723 11724
f 11628 11725 11629
f 11628 11724 11725
f 11629 11726 11630
f 11629 11725 11726
f 11630 11727 11631
f 11630 11726 11727
f 11631 11728 11632
f 11631 11727 11728
f 11632 11729 11633
f 11632 11728 11729
f 11633 11730 11634
f 11633 11729 11730
f 11634 11731 11635
f 11634 11730 11731
f 11635 11732 11636
f 11635 11731 11732
f 11636 11733 11637
f 11636 11732 11733
f 11637 11734 11638
f 11637 11733 11734
f 11638 11735 11639
f 11638 11734 11735
f 11639 11736 11640
f 11639 11735 11736
f 11640 11737 11641
f 11640 11736 11737
f 11641 11738 11642
f 11641 11737 11738
f 11642 11739 11643
f 11642 11738 11739
f 11643 11740 11644
f 11643 11739 11740
f 11644 11741 11645
f 11644 11740 11741
f 11645 11742 11646
f 11645 11741 11742
f 11646 11743 11647
f 11646 11742 11743
f 11647 11744 11648
f 11647 11743 11744
f 11648 11745 11649
f 11648 11744 11745
f 11649 11746 11650
f 11649 11745 11746
f 11650 11747 11651
f 11650 11746 11747
f 11651 11748 11652
f 11651 11747 11748
f 11652 11749 11653
f 11652 11748 11749
f 11653 11750 11654
f 11653 11749 11750
f 11654 11751 11655
f 11654 11750 11751
f 11655 11752 11656
f 11655 11751 11752
f 11656 11753 11657
f 11656 11752 11753
f 11657 11754 11658
f 11657 11753 11754
f 11658 11755 11659
f 11658 11754 11755
f 11659 11756 11660
f 11659 11755 11756
f 11660 11757 11661
f 11660 11756 11757
f 11661 11758 11662
f 11661 11757 11758
f 11662 11759 11663
f 11662 11758 11759
f 11663 11760 11664
f 11663 11759 11760
f 11664 11761 11665
f 11664 11760 11761
f 11665 11762 11666
f 11665 11761 11762
f 11666 11763 11667
f 11666 11762 11763
f 11667 11764 11668
f 11667 11763 11764
f 11668 11765 11669
f 11668 11764 11765
f 11669 11766 11670
f 11669 11765 11766
f 11670 11767 11671
f 11670 11766 11767
f 11671 11768 11672
f 11671 11767 11768
f 11672 11769 11673
f 11672 11768 11769
f 11673 11770 11674
f 11673 11769 11770
f 11674 11771 11675
f 11674 11770 11771
f 11675 11772 11676
f 11675 11771 11772
f 11676 11773 11677
f 11676 11772 11773
f 11677 11774 11678
f 11677 11773 11774
f 11678 11775 11679
f 11678 11774 11775
f 11679 11776 11680
f 11679 11775 11776
f 11680 11777 11681
f 11680 11776 11777
f 11681 11778 11682
f 11681 11777 11778
f 11682 11779 11683
f 11682 11778 11779
f 11683 11780 11684
f 11683 11779 11780
f 11684 11781 11685
f 11684 11780 11781
f 11685 11782 11686
f 11685 11781 11782
f 11686 11783 11687
f 11686 11782 11783
f 11687 11784 11688
f 11687 11783 11784
f 11688 11785 11689
f 11688 11784 11785
f 11689 11786 11690
f 11689 11785 11786
f 11690 11787 11691
f 11690 11786 11787
f 11691 11788 11692
f 11691 11787 11788
f 11692 11789 11693
f 11692 11788 11789
f 11693 11790 11694
f 11693 11789 11790
f 11694 11791 11695
f 11694 11790 11791
f 11695 11792 11696
f 11695 11791 11792
f 11696 11793 11697
f 11696 11792 11793
f 11697 11794 11698
f 11697 11793 11794
f 11698 11795 11699
f 11698 11794 11795
f 11699 11796 11700
f 11699 11795 11796
f 11700 11797 11701
f 11700 11796 11797
f 11701 11798 11702
f 11701 11797 11798
f 11702 11799 11703
f 11702 11798 11799
f 11703 11800 11704
f 11703 11799 11800
f 11704 11801 11705
f 11704 11800 11801
f 11705 11802 11706
f 11705 11801 11802
f 11706 11803 11707
f 11706 11802 11803
f 11707 11804 11708
f 11707 11803 11804
f 11708 11805 11709
f 11708 11804 11805
f 11709 11806 11710
f 11709 11805 11806
f 11710 11807 11711
f 11710 11806 11807
f 11711 11808 11712
f 11711 11807 11808
f 11712 11809 11713
f 11712 11808 11809
f 11713 11714 11618
f 11713 11809 11714
f 11714 11811 11715
f 11714 11810 11811
f 11715 11812 11716
f 11715 11811 11812
f 11716 11813 11717
f 11716 11812 11813
f 11717 11814 11718
f 11717 11813 11814
f 11718 11815 11719
f 11718 11814 11815
f 11719 11816 11720
f 11719 11815 11816
f 11720 11817 11721
f 11720 11816 11817
f 11721 11818 11722
f 11721 11817 11818
f 11722 11819 11723
f 11722 11818 11819
f 11723 11820 11724
f 11723 11819 11820
f 11724 11821 11725
f 11724 11820 11821
f 11725 11822 11726
f 11725 11821 11822
f 11726 11823 11727
f 11726 11822 11823
f 11727 11824 11728
f 11727 11823 11824
f 11728 11825 11729
f 11728 11824 11825
f 11729 11826 11730
f 11729 11825 11826
f 11730 11827 11731
f 11730 11826 11827
f 11731 11828 11732
f 11731 11827 11828
f 11732 11829 11733
f 11732 11828 11829
f 11733 11830 11734
f 11733 11829 11830
f 11734 11831 11735
f 11734 11830 11831
f 11735 11832 11736
f 11735 11831 11832
f 11736 11833 11737
f 11736 11832 11833
f 11737 11834 11738
f 11737 11833 11834
f 11738 11835 11739
f 11738 11834 11835
f 11739 11836 11740
f 11739 11835 11836
f 11740 11837 11741
f 11740 11836 11837
f 11741 11838 11742
f 11741 11837 11838
f 11742 11839 11743
f 11742 11838 11839
f 11743 11840 11744
f 11743 11839 11840
f 11744 11841 11745
f 11744 11840 11841
f 11745 11842 11746
f 11745 11841 11842
f 11746 11843 11747
f 11746 11842 11843
f 11747 11844 11748
f 11747 11843 11844
f 11748 11845 11749
f 11748 11844 11845
f 11749 11846 11750
f 11749 11845 11846
f 11750 11847 11751
f 11750 11846 11847
f 11751 11848 11752
f 11751 11847 11848
f 11752 11849 11753
f 11752 11848 11849
f 11753 11850 11754
f 11753 11849 11850
f 11754 11851 11755
f 11754 11850 11851
f 11755 11852 11756
f 11755 11851 11852
f 11756 11853 11757
f 11756 11852 11853
f 11757 11854 11758
f 11757 11853 11854
f 11758 11855 11759
f 11758 11854 11855
f 11759 11856 11760
f 11759 11855 11856
f 11760 11857 11761
f 11760 11856 11857
f 11761 11858 11762
f 11761 11857 11858
f 11762 11859 11763
f 11762 11858 11859
f 11763 11860 11764
f 11763 11859 11860
f 11764 11861 11765
f 11764 11860 11861
f 11765 11862 11766
f 11765 11861 11862
f 11766 11863 11767
f 11766 11862 11863
f 11767 11864 11768
f 11767 11863 11864
f 11768 11865 11769
f 11768 11864 11865
f 11769 11866 11770
f 11769 11865 11866
f 11770 11867 11771
f 11770 11866 11867
f 11771 11868 11772
f 11771 11867 11868
f 11772 11869 11773
f 11772 11868 11869
f 11773 11870 11774
f 11773 11869 11870
f 11774 11871 11775
f 11774 11870 11871
f 11775 11872 11776
f 11775 11871 11872
f 11776 11873 11777
f 11776 11872 11873
f 11777 11874 11778
f 11777 11873 11874
f 11778 11875 11779
f 11778 11874 11875
f 11779 11876 11780
f 11779 11875 11876
f 11780 11877 11781
f 11780 11876 11877
f 11781 11878 11782
f 11781 11877 11878
f 11782 11879 11783
f 11782 11878 11879
f 11783 11880 11784
f 11783 11879 11880
f 11784 11881 11785
f 11784 11880 11881
f 11785 11882 11786
f 11785 11881 11882
f 11786 11883 11787
f 11786 11882 11883
f 11787 11884 11788
f 11787 11883 11884
f 11788 11885 11789
f 11788 11884 11885
f 11789 11886 11790
f 11789 11885 11886
f 11790 11887 11791
f 11790 11886 11887
f 11791 11888 11792
f 11791 11887 11888
f 11792 11889 11793
f 11792 11888 11889
f 11793 11890 11794
f 11793 11889 11890
f 11794 11891 11795
f 11794 11890 11891
f 11795 11892 11796
f 11795 11891 11892
f 11796 11893 11797
f 11796 11892 11893
f 11797 11894 11798
f 11797 11893 11894
f 11798 11895 11799
f 11798 11894 11895
f 11799 11896 11800
f 11799 11895 11896
f 11800 11897 11801
f 11800 11896 11897
f 11801 11898 11802
f 11801 11897 11898
f 11802 11899 11803
f 11802 11898 11899
f 11803 11900 11804
f 11803 11899 11900
f 11804 11901 11805
f 11804 11900 11901
f 11805 11902 11806
f 11805 11901 11902
f 11806 11903 11807
f 11806 11902 11903
f 11807 11904 11808
f 11807 11903 11904
f 11808 11905 11809
f 11808 11904 11905
f 11809 11810 11714
f 11809 11905 11810
f 11810 11907 11811
f 11810 11906 11907
f 11811 11908 11812
f 11811 11907 11908
f 11812 11909 11813
f 11812 11908 11909
f 11813 11910 11814
f 11813 11909 11910
f 11814 11911 11815
f 11814 11910 11911
f 11815 11912 11816
f 11815 11911 11912
f 11816 11913 11817
f 11816 11912 11913
f 11817 11914 11818
f 11817 11913 11914
f 11818 11915 11819
f 11818 11914 11915
f 11819 11916 11820
f 11819 11915 11916
f 11820 11917 11821
f 11820 11916 11917
f 11821 11918 11822
f 11821 11917 11918
f 11822 11919 11823
f 11822 11918 11919
f 11823 11920 11824
f 11823 11919 11920
f 11824 11921 11825
f 11824 11920 11921
f 11825 11922 11826
f 11825 11921 11922
f 11826 11923 11827
f 11826 11922 11923
f 11827 11924 11828
f 11827 11923 11924
f 11828 11925 11829
f 11828 11924 11925
f 11829 11926 11830
f 11829 11925 11926
f 11830 11927 11831
f 11830 11926 11927
f 11831 11928 11832
f 11831 11927 11928
f 11832 11929 11833
f 11832 11928 11929
f 11833 11930 11834
f 11833 11929 11930
f 11834 11931 11835
f 11834 11930 11931
f 11835 11932 11836
f 11835 11931 11932
f 11836 11933 11837
f 11836 11932 11933
f 11837 11934 11838
f 11837 11933 11934
f 11838 11935 11839
f 11838 11934 11935
f 11839 11936 11840
f 11839 11935 11936
f 11840 11937 11841
f 11840 11936 11937
f 11841 11938 11842
f 11841 11937 11938
f 11842 11939 11843
f 11842 11938 11939
f 11843 11940 11844
f 11843 11939 11940
f 11844 11941 11845
f 11844 11940 11941
f 11845 11942 11846
f 11845 11941 11942
f 11846 11943 11847
f 11846 11942 11943
f 11847 11944 11848
f 11847 11943 11944
f 11848 11945 11849
f 11848 11944 11945
f 11849 11946 11850
f 11849 11945 11946
f 11850 11947 11851
f 11850 11946 11947
f 11851 11948 11852
f 11851 11947 11948
f 11852 11949 11853
f 11852 11948 11949
f 11853 11950 11854
f 11853 11949 11950
f 11854 11951 11855
f 11854 11950 11951
f 11855 11952 11856
f 11855 11951 11952
f 11856 11953 11857
f 11856 11952 11953
f 11857 11954 11858
f 11857 11953 11954
f 11858 11955 11859
f 11858 11954 11955
f 11859 11956 11860
f 11859 11955 11956
f 11860 11957 11861
f 11860 11956 11957
f 11861 11958 11862
f 11861 11957 11958
f 11862 11959 11863
f 11862 11958 11959
f 11863 11960 11864
f 11863 11959 11960
f 11864 11961 11865
f 11864 11960 11961
f 11865 11962 11866
f 11865 11961 11962
f 11866 11963 11867
f 11866 11962 11963
f 11867 11964 11868
f 11867 11963 11964
f 11868 11965 11869
f 11868 11964 11965
f 11869 11966 11870
f 11869 11965 11966
f 11870 11967 11871
f 11870 11966 11967
f 11871 11968 11872
f 11871 11967 11968
f 11872 11969 11873
f 11872 11968 11969
f 11873 11970 11874
f 11873 11969 11970
f 11874 11971 11875
f 11874 11970 11971
f 11875 11972 11876
f 11875 11971 11972
f 11876 11973 11877
f 11876 11972 11973
f 11877 11974 11878
f 11877 11973 11974
f 11878 11975 11879
f 11878 11974 11975
f 11879 11976 11880
f 11879 11975 11976
f 11880 11977 11881
f 11880 11976 11977
f 11881 11978 11882
f 11881 11977 11978
f 11882 11979 11883
f 11882 11978 11979
f 11883 11980 11884
f 11883 11979 11980
f 11884 11981 11885
f 11884 11980 11981
f 11885 11982 11886
f 11885 11981 11982
f 11886 11983 11887
f 11886 11982 11983
f 11887 11984 11888
f 11887 11983 11984
f 11888 11985 11889
f 11888 11984 11985
f 11889 11986 11890
f 11889 11985 11986
f 11890 11987 11891
f 11890 11986 11987
f 11891 11988 11892
f 11891 11987 11988
f 11892 11989 11893
f 11892 11988 11989
f 11893 11990 11894
f 11893 11989 11990
f 11894 11991 11895
f 11894 11990 11991
f 11895 11992 11896
f 11895 11991 11992
f 11896 11993 11897
f 11896 11992 11993
f 11897 11994 11898
f 11897 11993 11994
f 11898 11995 11899
f 11898 11994 11995
f 11899 11996 11900
f 11899 11995 11996
f 11900 11997 11901
f 11900 11996 11997
f 11901 11998 11902
f 11901 11997 11998
f 11902 11999 11903
f 11902 11998 11999
f 11903 12000 11904
f 11903 11999 12000
f 11904 12001 11905
f 11904 12000 12001
f 11905 11906 11810
f 11905 12001 11906
f 11906 12003 11907
f 11906 12002 12003
f 11907 12004 11908
f 11907 12003 12004
f 11908 12005 11909
f 11908 12004 12005
f 11909 12006 11910
f 11909 12005 12006
f 11910 12007 11911
f 11910 12006 12007
f 11911 12008 11912
f 11911 12007 12008
f 11912 12009 11913
f 11912 12008 12009
f 11913 12010 11914
f 11913 12009 12010
f 11914 12011 11915
f 11914 12010 12011
f 11915 12012 11916
f 11915 12011 12012
f 11916 12013 11917
f 11916 12012 12013
f 11917 12014 11918
f 11917 12013 12014
f 11918 12015 11919
f 11918 12014 12015
f 11919 12016 11920
f 11919 12015 12016
f 11920 12017 11921
f 11920 12016 12017
f 11921 12018 11922
f 11921 12017 12018
f 11922 12019 11923
f 11922 12018 12019
f 11923 12020 11924
f 11923 12019 12020
f 11924 12021 11925
f 11924 12020 12021
f 11925 12022 11926
f 11925 12021 12022
f 11926 12023 11927
f 11926 12022 12023
f 11927 12024 11928
f 11927 12023 12024
f 11928 12025 11929
f 11928 12024 12025
f 11929 12026 11930
f 11929 12025 12026
f 11930 12027 11931
f 11930 12026 12027
f 11931 12028 11932
f 11931 12027 12028
f 11932 12029 11933
f 11932 12028 12029
f 11933 12030 11934
f 11933 12029 12030
f 11934 12031 11935
f 11934 12030 12031
f 11935 12032 11936
f 11935 12031 12032
f 11936 12033 11937
f 11936 12032 12033
f 11937 12034 11938
f 11937 12033 12034
f 11938 12035 11939
f 11938 12034 12035
f 11939 12036 11940
f 11939 12035 12036
f 11940 12037 11941
f 11940 12036 12037
f 11941 12038 11942
f 11941 12037 12038
f 11942 12039 11943
f 11942 12038 12039
f 11943 12040 11944
f 11943 12039 12040
f 11944 12041 11945
f 11944 12040 12041
f 11945 12042 11946
f 11945 12041 12042
f 11946 12043 11947
f 11946 12042 12043
f 11947 12044 11948
f 11947 12043 12044
f 11948 12045 11949
f 11948 12044 12045
f 11949 12046 11950
f 11949 12045 12046
f 11950 12047 11951
f 11950 12046 12047
f 11951 12048 11952
f 11951 12047 12048
f 11952 12049 11953
f 11952 12048 12049
f 11953 12050 11954
f 11953 12049 12050
f 11954 12051 11955
f 11954 12050 12051
f 11955 12052 11956
f 11955 12051 12052
f 11956 12053 11957
f 11956 12052 12053
f 11957 12054 11958
f 11957 12053 12054
f 11958 12055 11959
f 11958 12054 12055
f 11959 12056 11960
f 11959 12055 12056
f 11960 12057 11961
f 11960 12056 12057
f 11961 12058 11962
f 11961 12057 12058
f 11962 12059 11963
f 11962 12058 12059
f 11963 12060 11964
f 11963 12059 12060
f 11964 12061 11965
f 11964 12060 12061
f 11965 12062 11966
f 11965 12061 12062
f 11966 12063 11967
f 11966 12062 12063
f 11967 12064 11968
f 11967 12063 12064
f 11968 12065 11969
f 11968 12064 12065
f 11969 12066 11970
f 11969 12065 12066
f 11970 12067 11971
f 11970 12066 12067
f 11971 12068 11972
f 11971 12067 12068
f 11972 12069 11973
f 11972 12068 12069
f 11973 12070 11974
f 11973 12069 12070
f 11974 12071 11975
f 11974 12070 12071
f 11975 12072 11976
f 11975 12071 12072
f 11976 12073 11977
f 11976 12072 12073
f 11977 12074 11978
f 11977 12073 12074
f 11978 12075 11979
f 11978 12074 12075
f 11979 12076 11980
f 11979 12075 12076
f 11980 12077 11981
f 11980 12076 12077
f 11981 12078 11982
f 11981 12077 12078
f 11982 12079 11983
f 11982 12078 12079
f 11983 12080 11984
f 11983 12079 12080
f 11984 12081 11985
f 11984 12080 12081
f 11985 12082 11986
f 11985 12081 12082
f 11986 12083 11987
f 11986 12082 12083
f 11987 12084 11988
f 11987 12083 12084
f 11988 12085 11989
f 11988 12084 12085
f 11989 12086 11990
f 11989 12085 12086
f 11990 12087 11991
f 11990 12086 12087
f 11991 12088 11992
f 11991 12087 12088
f 11992 12089 11993
f 11992 12088 12089
f 11993 12090 11994
f 11993 12089 12090
f 11994 12091 11995
f 11994 12090 12091
f 11995 12092 11996
f 11995 12091 12092
f 11996 12093 11997
f 11996 12092 12093
f 11997 12094 11998
f 11997 12093 12094
f 11998 12095 11999
f 11998 12094 12095
f 11999 12096 12000
f 11999 12095 12096
f 12000 12097 12001
f 12000 12096 12097
f 12001 12002 11906
f 12001 12097 12002
f 12002 12099 12003
f 12002 12098 12099
f 12003 12100 12004
f 12003 12099 12100
f 12004 12101 12005
f 12004 12100 12101
f 12005 12102 12006
f 12005 12101 12102
f 12006 12103 12007
f 12006 12102 12103
f 12007 12104 12008
f 12007 12103 12104
f 12008 12105 12009
f 12008 12104 12105
f 12009 12106 12010
f 12009 12105 12106
f 12010 12107 12011
f 12010 12106 12107
f 12011 12108 12012
f 12011 12107 12108
f 12012 12109 12013
f 12012 12108 12109
f 12013 12110 12014
f 12013 12109 12110
f 12014 12111 12015
f 12014 12110 12111
f 12015 12112 12016
f 12015 12111 12112
f 12016 12113 12017
f 12016 12112 12113
f 12017 12114 12018
f 12017 12113 12114
f 12018 12115 12019
f 12018 12114 12115
f 12019 12116 12020
f 12019 12115 12116
f 12020 12117 12021
f 12020 12116 12117
f 12021 12118 12022
f 12021 12117 12118
f 12022 12119 12023
f 12022 12118 12119
f 12023 12120 12024
f 12023 12119 12120
f 12024 12121 12025
f 12024 12120 12121
f 12025 12122 12026
f 12025 12121 12122
f 12026 12123 12027
f 12026 12122 12123
f 12027 12124 12028
f 12027 12123 12124
f 12028 12125 12029
f 12028 12124 12125
f 12029 12126 12030
f 12029 12125 12126
f 12030 12127 12031
f 12030 12126 12127
f 12031 12128 12032
f 12031 12127 12128
f 12032 12129 12033
f 12032 12128 12129
f 12033 12130 12034
f 12033 12129 12130
f 12034 12131 12035
f 12034 12130 12131
f 12035 12132 12036
f 12035 12131 12132
f 12036 12133 12037
f 12036 12132 12133
f 12037 12134 12038
f 12037 12133 12134
f 12038 12135 12039
f 12038 12134 12135
f 12039 12136 12040
f 12039 12135 12136
f 12040 12137 12041
f 12040 12136 12137
f 12041 12138 12042
f 12041 12137 12138
f 12042 12139 12043
f 12042 12138 12139
f 12043 12140 12044
f 12043 12139 12140
f 12044 12141 12045
f 12044 12140 12141
f 12045 12142 12046
f 12045 12141 12142
f 12046 12143 12047
f 12046 12142 12143
f 12047 12144 12048
f 12047 12143 12144
f 12048 12145 12049
f 12048 12144 12145
f 12049 12146 12050
f 12049 12145 12146
f 12050 12147 12051
f 12050 12146 12147
f 12051 12148 12052
f 12051 12147 12148
f 12052 12149 12053
f 12052 12148 12149
f 12053 12150 12054
f 12053 12149 12150
f 12054 12151 12055
f 12054 12150 12151
f 12055 12152 12056
f 12055 12151 12152
f 12056 12153 12057
f 12056 12152 12153
f 12057 12154 12058
f 12057 12153 12154
f 12058 12155 12059
f 12058 12154 12155
f 12059 12156 12060
f 12059 12155 12156
f 12060 12157 12061
f 12060 12156 12157
f 12061 12158 12062
f 12061 12157 12158
f 12062 12159 12063
f 12062 12158 12159
f 12063 12160 12064
f 12063 12159 12160
f 12064 12161 12065
f 12064 12160 12161
f 12065 12162 12066
f 12065 12161 12162
f 12066 12163 12067
f 12066 12162 12163
f 12067 12164 12068
f 12067 12163 12164
f 12068 12165 12069
f 12068 12164 12165
f 12069 12166 12070
f 12069 12165 12166
f 12070 12167 12071
f 12070 12166 12167
f 12071 12168 12072
f 12071 12167 12168
f 12072 12169 12073
f 12072 12168 12169
f 12073 12170 12074
f 12073 12169 12170
f 12074 12171 12075
f 12074 12170 12171
f 12075 12172 12076
f 12075 12171 12172
f 12076 12173 12077
f 12076 12172 12173
f 12077 12174 12078
f 12077 12173 12174
f 12078 12175 12079
f 12078 12174 12175
f 12079 12176 12080
f 12079 12175 12176
f 12080 12177 12081
f 12080 12176 12177
f 12081 12178 12082
f 12081 12177 12178
f 12082 12179 12083
f 12082 12178 12179
f 12083 12180 12084
f 12083 12179 12180
f 12084 12181 12085
f 12084 12180 12181
f 12085 12182 12086
f 12085 12181 12182
f 12086 12183 12087
f 12086 12182 12183
f 12087 12184 12088
f 12087 12183 12184
f 12088 12185 12089
f 12088 12184 12185
f 12089 12186 12090
f 12089 12185 12186
f 12090 12187 12091
f 12090 12186 12187
f 12091 12188 12092
f 12091 12187 12188
f 12092 12189 12093
f 12092 12188 12189
f 12093 12190 12094
f 12093 12189 12190
f 12094 12191 12095
f 12094 12190 12191
f 12095 12192 12096
f 12095 12191 12192
f 12096 12193 12097
f 12096 12192 12193
f 12097 12098 12002
f 12097 12193 12098
f 12098 12195 12099
f 12098 12194 12195
f 12099 12196 12100
f 12099 12195 12196
f 12100 12197 12101
f 12100 12196 12197
f 12101 12198 12102
f 12101 12197 12198
f 12102 12199 12103
f 12102 12198 12199
f 12103 12200 12104
f 12103 12199 12200
f 12104 12201 12105
f 12104 12200 12201
f 12105 12202 12106
f 12105 12201 12202
f 12106 12203 12107
f 12106 12202 12203
f 12107 12204 12108
f 12107 12203 12204
f 12108 12205 12109
f 12108 12204 12205
f 12109 12206 12110
f 12109 12205 12206
f 12110 12207 12111
f 12110 12206 12207
f 12111 12208 12112
f 12111 12207 12208
f 12112 12209 12113
f 12112 12208 12209
f 12113 12210 12114
f 12113 12209 12210
f 12114 12211 12115
f 12114 12210 12211
f 12115 12212 12116
f 12115 12211 12212
f 12116 12213 12117
f 12116 12212 12213
f 12117 12214 12118
f 12117 12213 12214
f 12118 12215 12119
f 12118 12214 12215
f 12119 12216 12120
f 12119 12215 12216
f 12120 12217 12121
f 12120 12216 12217
f 12121 12218 12122
f 12121 12217 12218
f 12122 12219 12123
f 12122 12218 12219
f 12123 12220 12124
f 12123 12219 12220
f 12124 12221 12125
f 12124 12220 12221
f 12125 12222 12126
f 12125 12221 12222
f 12126 12223 12127
f 12126 12222 12223
f 12127 12224 12128
f 12127 12223 12224
f 12128 12225 12129
f 12128 12224 12225
f 12129 12226 12130
f 12129 12225 12226
f 12130 12227 12131
f 12130 12226 12227
f 12131 12228 12132
f 12131 12227 12228
f 12132 12229 12133
f 12132 12228 12229
f 12133 12230 12134
f 12133 12229 12230
f 12134 12231 12135
f 12134 12230 12231
f 12135 12232 12136
f 12135 12231 12232
f 12136 12233 12137
f 12136 12232 12233
f 12137 12234 12138
f 12137 12233 12234
f 12138 12235 12139
f 12138 12234 12235
f 12139 12236 12140
f 12139 12235 12236
f 12140 12237 12141
f 12140 12236 12237
f 12141 12238 12142
f 12141 12237 12238
f 12142 12239 12143
f 12142 12238 12239
f 12143 12240 12144
f 12143 12239 12240
f 12144 12241 12145
f 12144 12240 12241
f 12145 12242 12146
f 12145 12241 12242
f 12146 12243 12147
f 12146 12242 12243
f 12147 12244 12148
f 12147 12243 12244
f 12148 12245 12149
f 12148 12244 12245
f 12149 12246 12150
f 12149 12245 12246
f 12150 12247 12151
f 12150 12246 12247
f 12151 12248 12152
f 12151 12247 12248
f 12152 12249 12153
f 12152 12248 12249
f 12153 12250 12154
f 12153 12249 12250
f 12154 12251 12155
f 12154 12250 12251
f 12155 12252 12156
f 12155 12251 12252
f 12156 12253 12157
f 12156 12252 12253
f 12157 12254 12158
f 12157 12253 12254
f 12158 12255 12159
f 12158 12254 12255
f 12159 12256 12160
f 12159 12255 12256
f 12160 12257 12161
f 12160 12256 12257
f 12161 12258 12162
f 12161 12257 12258
f 12162 12259 12163
f 12162 12258 12259
f 12163 12260 12164
f 12163 12259 12260
f 12164 12261 12165
f 12164 12260 12261
f 12165 12262 12166
f 12165 12261 12262
f 12166 12263 12167
f 12166 12262 12263
f 12167 12264 12168
f 12167 12263 12264
f 12168 12265 12169
f 12168 12264 12265
f 12169 12266 12170
f 12169 12265 12266
f 12170 12267 12171
f 12170 12266 12267
f 12171 12268 12172
f 12171 12267 12268
f 12172 12269 12173
f 12172 12268 12269
f 12173 12270 12174
f 12173 12269 12270
f 12174 12271 12175
f 12174 12270 12271
f 12175 12272 12176
f 12175 12271 12272
f 12176 12273 12177
f 12176 12272 12273
f 12177 12274 12178
f 12177 12273 12274
f 12178 12275 12179
f 12178 12274 12275
f 12179 12276 12180
f 12179 12275 12276
f 12180 12277 12181
f 12180 12276 12277
f 12181 12278 12182
f 12181 12277 12278
f 12182 12279 12183
f 12182 12278 12279
f 12183 12280 12184
f 12183 12279 12280
f 12184 12281 12185
f 12184 12280 12281
f 12185 12282 12186
f 12185 12281 12282
f 12186 12283 12187
f 12186 12282 12283
f 12187 12284 12188
f 12187 12283 12284
f 12188 12285 12189
f 12188 12284 12285
f 12189 12286 12190
f 12189 12285 12286
f 12190 12287 12191
f 12190 12286 12287
f 12191 12288 12192
f 12191 12287 12288
f 12192 12289 12193
f 12192 12288 12289
f 12193 12194 12098
f 12193 12289 12194
f 12194 12291 12195
f 12194 12290 12291
f 12195 12292 12196
f 12195 12291 12292
f 12196 12293 12197
f 12196 12292 12293
f 12197 12294 12198
f 12197 12293 12294
f 12198 12295 12199
f 12198 12294 12295
f 12199 12296 12200
f 12199 12295 12296
f 12200 12297 12201
f 12200 12296 12297
f 12201 12298 12202
f 12201 12297 12298
f 12202 12299 12203
f 12202 12298 12299
f 12203 12300 12204
f 12203 12299 12300
f 12204 12301 12205
f 12204 12300 12301
f 12205 12302 12206
f 12205 12301 12302
f 12206 12303 12207
f 12206 12302 12303
f 12207 12304 12208
f 12207 12303 12304
f 12208 12305 12209
f 12208 12304 12305
f 12209 12306 12210
f 12209 12305 12306
f 12210 12307 12211
f 12210 12306 12307
f 12211 12308 12212
f 12211 12307 12308
f 12212 12309 12213
f 12212 12308 12309
f 12213 12310 12214
f 12213 12309 12310
f 12214 12311 12215
f 12214 12310 12311
f 12215 12312 12216
f 12215 12311 12312
f 12216 12313 12217
f 12216 12312 12313
f 12217 12314 12218
f 12217 12313 12314
f 12218 12315 12219
f 12218 12314 12315
f 12219 12316 12220
f 12219 12315 12316
f 12220 12317 12221
f 12220 12316 12317
f 12221 12318 12222
f 12221 12317 12318
f 12222 12319 12223
f 12222 12318 12319
f 12223 12320 12224
f 12223 12319 12320
f 12224 12321 12225
f 12224 12320 12321
f 12225 12322 12226
f 12225 12321 12322
f 12226 12323 12227
f 12226 12322 12323
f 12227 12324 12228
f 12227 12323 12324
f 12228 12325 12229
f 12228 12324 12325
f 12229 12326 12230
f 12229 12325 12326
f 12230 12327 12231
f 12230 12326 12327
f 12231 12328 12232
f 12231 12327 12328
f 12232 12329 12233
f 12232 12328 12329
f 12233 12330 12234
f 12233 12329 12330
f 12234 12331 12235
f 12234 12330 12331
f 12235 12332 12236
f 12235 12331 12332
f 12236 12333 12237
f 12236 12332 12333
f 12237 12334 12238
f 12237 12333 12334
f 12238 12335 12239
f 12238 12334 12335
f 12239 12336 12240
f 12239 12335 12336
f 12240 12337 12241
f 12240 12336 12337
f 12241 12338 12242
f 12241 12337 12338
f 12242 12339 12243
f 12242 12338 12339
f 12243 12340 12244
f 12243 12339 12340
f 12244 12341 12245
f 12244 12340 12341
f 12245 12342 12246
f 12245 12341 12342
f 12246 12343 12247
f 12246 12342 12343
f 12247 12344 12248
f 12247 12343 12344
f 12248 12345 12249
f 12248 12344 12345
f 12249 12346 12250
f 12249 12345 12346
f 12250 12347 12251
f 12250 12346 12347
f 12251 12348 12252
f 12251 12347 12348
f 12252 12349 12253
f 12252 12348 12349
f 12253 12350 12254
f 12253 12349 12350
f 12254 12351 12255
f 12254 12350 12351
f 12255 12352 12256
f 12255 12351 12352
f 12256 12353 12257
f 12256 12352 12353
f 12257 12354 12258
f 12257 12353 12354
f 12258 12355 12259
f 12258 12354 12355
f 12259 12356 12260
f 12259 12355 12356
f 12260 12357 12261
f 12260 12356 12357
f 12261 12358 12262
f 12261 12357 12358
f 12262 12359 12263
f 12262 12358 12359
f 12263 12360 12264
f 12263 12359 12360
f 12264 12361 12265
f 12264 12360 12361
f 12265 12362 12266
f 12265 12361 12362
f 12266 12363 12267
f 12266 12362 12363
f 12267 12364 12268
f 12267 12363 12364
f 12268 12365 12269
f 12268 12364 12365
f 12269 12366 12270
f 12269 12365 12366
f 12270 12367 12271
f 12270 12366 12367
f 12271 12368 12272
f 12271 12367 12368
f 12272 12369 12273
f 12272 12368 12369
f 12273 12370 12274
f 12273 12369 12370
f 12274 12371 12275
f 12274 12370 12371
f 12275 12372 12276
f 12275 12371 12372
f 12276 12373 12277
f 12276 12372 12373
f 12277 12374 12278
f 12277 12373 12374
f 12278 12375 12279
f 12278 12374 12375
f 12279 12376 12280
f 12279 12375 12376
f 12280 12377 12281
f 12280 12376 12377
f 12281 12378 12282
f 12281 12377 12378
f 12282 12379 12283
f 12282 12378 12379
f 12283 12380 12284
f 12283 12379 12380
f 12284 12381 12285
f 12284 12380 12381
f 12285 12382 12286
f 12285 12381 12382
f 12286 12383 12287
f 12286 12382 12383
f 12287 12384 12288
f 12287 12383 12384
f 12288 12385 12289
f 12288 12384 12385
f 12289 12290 12194
f 12289 12385 12290
f 12290 12387 12291
f 12290 12386 12387
f 12291 12388 12292
f 12291 12387 12388
f 12292 12389 12293
f 12292 12388 12389
f 12293 12390 12294
f 12293 12389 12390
f 12294 12391 12295
f 12294 12390 12391
f 12295 12392 12296
f 12295 12391 12392
f 12296 12393 12297
f 12296 12392 12393
f 12297 12394 12298
f 12297 12393 12394
f 12298 12395 12299
f 12298 12394 12395
f 12299 12396 12300
f 12299 12395 12396
f 12300 12397 12301
f 12300 12396 12397
f 12301 12398 12302
f 12301 12397 12398
f 12302 12399 12303
f 12302 12398 12399
f 12303 12400 12304
f 12303 12399 12400
f 12304 12401 12305
f 12304 12400 12401
f 12305 12402 12306
f 12305 12401 12402
f 12306 12403 12307
f 12306 12402 12403
f 12307 12404 12308
f 12307 12403 12404
f 12308 12405 12309
f 12308 12404 12405
f 12309 12406 12310
f 12309 12405 12406
f 12310 12407 12311
f 12310 12406 12407
f 12311 12408 12312
f 12311 12407 12408
f 12312 12409 12313
f 12312 12408 12409
f 12313 12410 12314
f 12313 12409 12410
f 12314 12411 12315
f 12314 12410 12411
f 12315 12412 12316
f 12315 12411 12412
f 12316 12413 12317
f 12316 12412 12413
f 12317 12414 12318
f 12317 12413 12414
f 12318 12415 12319
f 12318 12414 12415
f 12319 12416 12320
f 12319 12415 12416
f 12320 12417 12321
f 12320 12416 12417
f 12321 12418 12322
f 12321 12417 12418
f 12322 12419 12323
f 12322 12418 12419
f 12323 12420 12324
f 12323 12419 12420
f 12324 12421 12325
f 12324 12420 12421
f 12325 12422 12326
f 12325 12421 12422
f 12326 12423 12327
f 12326 12422 12423
f 12327 12424 12328
f 12327 12423 12424
f 12328 12425 12329
f 12328 12424 12425
f 12329 12426 12330
f 12329 12425 12426
f 12330 12427 12331
f 12330 12426 12427
f 12331 12428 12332
f 12331 12427 12428
f 12332 12429 12333
f 12332 12428 12429
f 12333 12430 12334
f 12333 12429 12430
f 12334 12431 12335
f 12334 12430 12431
f 12335 12432 12336
f 12335 12431 12432
f 12336 12433 12337
f 12336 12432 12433
f 12337 12434 12338
f 12337 12433 12434
f 12338 12435 12339
f 12338 12434 12435
f 12339 12436 12340
f 12339 12435 12436
f 12340 12437 12341
f 12340 12436 12437
f 12341 12438 12342
f 12341 12437 12438
f 12342 12439 12343
f 12342 12438 12439
f 12343 12440 12344
f 12343 12439 12440
f 12344 12441 12345
f 12344 12440 12441
f 12345 12442 12346
f 12345 12441 12442
f 12346 12443 12347
f 12346 12442 12443
f 12347 12444 12348
f 12347 12443 12444
f 12348 12445 12349
f 12348 12444 12445
f 12349 12446 12350
f 12349 12445 12446
f 12350 12447 12351
f 12350 12446 12447
f 12351 12448 12352
f 12351 12447 12448
f 12352 12449 12353
f 12352 12448 12449
f 12353 12450 12354
f 12353 12449 12450
f 12354 12451 12355
f 12354 12450 12451
f 12355 12452 12356
f 12355 12451 12452
f 12356 12453 12357
f 12356 12452 12453
f 12357 12454 12358
f 12357 12453 12454
f 12358 12455 12359
f 12358 12454 12455
f 12359 12456 12360
f 12359 12455 12456
f 12360 12457 12361
f 12360 12456 12457
f 12361 12458 12362
f 12361 12457 12458
f 12362 12459 12363
f 12362 12458 12459
f 12363 12460 12364
f 12363 12459 12460
f 12364 12461 12365
f 12364 12460 12461
f 12365 12462 12366
f 12365 12461 12462
f 12366 12463 12367
f 12366 12462 12463
f 12367 12464 12368
f 12367 12463 12464
f 12368 12465 12369
f 12368 12464 12465
f 12369 12466 12370
f 12369 12465 12466
f 12370 12467 12371
f 12370 12466 12467
f 12371 12468 12372
f 12371 12467 12468
f 12372 12469 12373
f 12372 12468 12469
f 12373 12470 12374
f 12373 12469 12470
f 12374 12471 12375
f 12374 12470 12471
f 12375 12472 12376
f 12375 12471 12472
f 12376 12473 12377
f 12376 12472 12473
f 12377 12474 12378
f 12377 12473 12474
f 12378 12475 12379
f 12378 12474 12475
f 12379 12476 12380
f 12379 12475 12476
f 12380 12477 12381
f 12380 12476 12477
f 12381 12478 12382
f 12381 12477 12478
f 12382 12479 12383
f 12382 12478 12479
f 12383 12480 12384
f 12383 12479 12480
f 12384 12481 12385
f 12384 12480 12481
f 12385 12386 12290
f 12385 12481 12386
f 12386 12483 12387
f 12386 12482 12483
f 12387 12484 12388
f 12387 12483 12484
f 12388 12485 12389
f 12388 12484 12485
f 12389 12486 12390
f 12389 12485 12486
f 12390 12487 12391
f 12390 12486 12487
f 12391 12488 12392
f 12391 12487 12488
f 12392 12489 12393
f 12392 12488 12489
f 12393 12490 12394
f 12393 12489 12490
f 12394 12491 12395
f 12394 12490 12491
f 12395 12492 12396
f 12395 12491 12492
f 12396 12493 12397
f 12396 12492 12493
f 12397 12494 12398
f 12397 12493 12494
f 12398 12495 12399
f 12398 12494 12495
f 12399 12496 12400
f 12399 12495 12496
f 12400 12497 12401
f 12400 12496 12497
f 12401 12498 12402
f 12401 12497 12498
f 12402 12499 12403
f 12402 12498 12499
f 12403 12500 12404
f 12403 12499 12500
f 12404 12501 12405
f 12404 12500 12501
f 12405 12502 12406
f 12405 12501 12502
f 12406 12503 12407
f 12406 12502 12503
f 12407 12504 12408
f 12407 12503 12504
f 12408 12505 12409
f 12408 12504 12505
f 12409 12506 12410
f 12409 12505 12506
f 12410 12507 12411
f 12410 12506 12507
f 12411 12508 12412
f 12411 12507 12508
f 12412 12509 12413
f 12412 12508 12509
f 12413 12510 12414
f 12413 12509 12510
f 12414 12511 12415
f 12414 12510 12511
f 12415 12512 12416
f 12415 12511 12512
f 12416 12513 12417
f 12416 12512 12513
f 12417 12514 12418
f 12417 12513 12514
f 12418 12515 12419
f 12418 12514 12515
f 12419 12516 12420
f 12419 12515 12516
f 12420 12517 12421
f 12420 12516 12517
f 12421 12518 12422
f 12421 12517 12518
f 12422 12519 12423
f 12422 12518 12519
f 12423 12520 12424
f 12423 12519 12520
f 12424 12521 12425
f 12424 12520 12521
f 12425 12522 12426
f 12425 12521 12522
f 12426 12523 12427
f 12426 12522 12523
f 12427 12524 12428
f 12427 12523 12524
f 12428 12525 12429
f 12428 12524 12525
f 12429 12526 12430
f 12429 12525 12526
f 12430 12527 12431
f 12430 12526 12527
f 12431 12528 12432
f 12431 12527 12528
f 12432 12529 12433
f 12432 12528 12529
f 12433 12530 12434
f 12433 12529 12530
f 12434 12531 12435
f 12434 12530 12531
f 12435 12532 12436
f 12435 12531 12532
f 12436 12533 12437
f 12436 12532 12533
f 12437 12534 12438
f 12437 12533 12534
f 12438 12535 12439
f 12438 12534 12535
f 12439 12536 12440
f 12439 12535 12536
f 12440 12537 12441
f 12440 12536 12537
f 12441 12538 12442
f 12441 12537 12538
f 12442 12539 12443
f 12442 12538 12539
f 12443 12540 12444
f 12443 12539 12540
f 12444 12541 12445
f 12444 12540 12541
f 12445 12542 12446
f 12445 12541 12542
f 12446 12543 12447
f 12446 12542 12543
f 12447 12544 12448
f 12447 12543 12544
f 12448 12545 12449
f 12448 12544 12545
f 12449 12546 12450
f 12449 12545 12546
f 12450 12547 12451
f 12450 12546 12547
f 12451 12548 12452
f 12451 12547 12548
f 12452 12549 12453
f 12452 12548 12549
f 12453 12550 12454
f 12453 12549 12550
f 12454 12551 12455
f 12454 12550 12551
f 12455 12552 12456
f 12455 12551 12552
f 12456 12553 12457
f 12456 12552 12553
f 12457 12554 12458
f 12457 12553 12554
f 12458 12555 12459
f 12458 12554 12555
f 12459 12556 12460
f 12459 12555 12556
f 12460 12557 12461
f 12460 12556 12557
f 12461 12558 12462
f 12461 12557 12558
f 12462 12559 12463
f 12462 12558 12559
f 12463 12560 12464
f 12463 12559 12560
f 12464 12561 12465
f 12464 12560 12561
f 12465 12562 12466
f 12465 12561 12562
f 12466 12563 12467
f 12466 12562 12563
f 12467 12564 12468
f 12467 12563 12564
f 12468 12565 12469
f 12468 12564 12565
f 12469 12566 12470
f 12469 12565 12566
f 12470 12567 12471
f 12470 12566 12567
f 12471 12568 12472
f 12471 12567 12568
f 12472 12569 12473
f 12472 12568 12569
f 12473 12570 12474
f 12473 12569 12570
f 12474 12571 12475
f 12474 12570 12571
f 12475 12572 12476
f 12475 12571 12572
f 12476 12573 12477
f 12476 12572 12573
f 12477 12574 12478
f 12477 12573 12574
f 12478 12575 12479
f 12478 12574 12575
f 12479 12576 12480
f 12479 12575 12576
f 12480 12577 12481
f 12480 12576 12577
f 12481 12482 12386
f 12481 12577 12482
f 12482 12579 12483
f 12482 12578 12579
f 12483 12580 12484
f 12483 12579 12580
f 12484 12581 12485
f 12484 12580 12581
f 12485 12582 12486
f 12485 12581 12582
f 12486 12583 12487
f 12486 12582 12583
f 12487 12584 12488
f 12487 12583 12584
f 12488 12585 12489
f 12488 12584 12585
f 12489 12586 12490
f 12489 12585 12586
f 12490 12587 12491
f 12490 12586 12587
f 12491 12588 12492
f 12491 12587 12588
f 12492 12589 12493
f 12492 12588 12589
f 12493 12590 12494
f 12493 12589 12590
f 12494 12591 12495
f 12494 12590 12591
f 12495 12592 12496
f 12495 12591 12592
f 12496 12593 12497
f 12496 12592 12593
f 12497 12594 12498
f 12497 12593 12594
f 12498 12595 12499
f 12498 12594 12595
f 12499 12596 12500
f 12499 12595 12596
f 12500 12597 12501
f 12500 12596 12597
f 12501 12598 12502
f 12501 12597 12598
f 12502 12599 12503
f 12502 12598 12599
f 12503 12600 12504
f 12503 12599 12600
f 12504 12601 12505
f 12504 12600 12601
f 12505 12602 12506
f 12505 12601 12602
f 12506 12603 12507
f 12506 12602 12603
f 12507 12604 12508
f 12507 12603 12604
f 12508 12605 12509
f 12508 12604 12605
f 12509 12606 12510
f 12509 12605 12606
f 12510 12607 12511
f 12510 12606 12607
f 12511 12608 12512
f 12511 12607 12608
f 12512 12609 12513
f 12512 12608 12609
f 12513 12610 12514
f 12513 12609 12610
f 12514 12611 12515
f 12514 12610 12611
f 12515 12612 12516
f 12515 12611 12612
f 12516 12613 12517
f 12516 12612 12613
f 12517 12614 12518
f 12517 12613 12614
f 12518 12615 12519
f 12518 12614 12615
f 12519 12616 12520
f 12519 12615 12616
f 12520 12617 12521
f 12520 12616 12617
f 12521 12618 12522
f 12521 12617 12618
f 12522 12619 12523
f 12522 12618 12619
f 12523 12620 12524
f 12523 12619 12620
f 12524 12621 12525
f 12524 12620 12621
f 12525 12622 12526
f 12525 12621 12622
f 12526 12623 12527
f 12526 12622 12623
f 12527 12624 12528
f 12527 12623 12624
f 12528 12625 12529
f 12528 12624 12625
f 12529 12626 12530
f 12529 12625 12626
f 12530 12627 12531
f 12530 12626 12627
f 12531 12628 12532
f 12531 12627 12628
f 12532 12629 12533
f 12532 12628 12629
f 12533 12630 12534
f 12533 12629 12630
f 12534 12631 12535
f 12534 12630 12631
f 12535 12632 12536
f 12535 12631 12632
f 12536 12633 12537
f 12536 12632 12633
f 12537 12634 12538
f 12537 12633 12634
f 12538 12635 12539
f 12538 12634 12635
f 12539 12636 12540
f 12539 12635 12636
f 12540 12637 12541
f 12540 12636 12637
f 12541 12638 12542
f 12541 12637 12638
f 12542 12639 12543
f 12542 12638 12639
f 12543 12640 12544
f 12543 12639 12640
f 12544 12641 12545
f 12544 12640 12641
f 12545 12642 12546
f 12545 12641 12642
f 12546 12643 12547
f 12546 12642 12643
f 12547 12644 12548
f 12547 12643 12644
f 12548 12645 12549
f 12548 12644 12645
f 12549 12646 12550
f 12549 12645 12646
f 12550 12647 12551
f 12550 12646 12647
f 12551 12648 12552
f 12551 12647 12648
f 12552 12649 12553
f 12552 12648 12649
f 12553 12650 12554
f 12553 12649 12650
f 12554 12651 12555
f 12554 12650 12651
f 12555 12652 12556
f 12555 12651 12652
f 12556 12653 12557
f 12556 12652 12653
f 12557 12654 12558
f 12557 12653 12654
f 12558 12655 12559
f 12558 12654 12655
f 12559 12656 12560
f 12559 12655 12656
f 12560 12657 12561
f 12560 12656 12657
f 12561 12658 12562
f 12561 12657 12658
f 12562 12659 12563
f 12562 12658 12659
f 12563 12660 12564
f 12563 12659 12660
f 12564 12661 12565
f 12564 12660 12661
f 12565 12662 12566
f 12565 12661 12662
f 12566 12663 12567
f 12566 12662 12663
f 12567 12664 12568
f 12567 12663 12664
f 12568 12665 12569
f 12568 12664 12665
f 12569 12666 12570
f 12569 12665 12666
f 12570 12667 12571
f 12570 12666 12667
f 12571 12668 12572
f 12571 12667 12668
f 12572 12669 12573
f 12572 12668 12669
f 12573 12670 12574
f 12573 12669 12670
f 12574 12671 12575
f 12574 12670 12671
f 12575 12672 12576
f 12575 12671 12672
f 12576 12673 12577
f 12576 12672 12673
f 12577 12578 12482
f 12577 12673 12578
f 12578 12675 12579
f 12578 12674 12675
f 12579 12676 12580
f 12579 12675 12676
f 12580 12677 12581
f 12580 12676 12677
f 12581 12678 12582
f 12581 12677 12678
f 12582 12679 12583
f 12582 12678 12679
f 12583 12680 12584
f 12583 12679 12680
f 12584 12681 12585
f 12584 12680 12681
f 12585 12682 12586
f 12585 12681 12682
f 12586 12683 12587
f 12586 12682 12683
f 12587 12684 12588
f 12587 12683 12684
f 12588 12685 12589
f 12588 12684 12685
f 12589 12686 12590
f 12589 12685 12686
f 12590 12687 12591
f 12590 12686 12687
f 12591 12688 12592
f 12591 12687 12688
f 12592 12689 12593
f 12592 12688 12689
f 12593 12690 12594
f 12593 12689 12690
f 12594 12691 12595
f 12594 12690 12691
f 12595 12692 12596
f 12595 12691 12692
f 12596 12693 12597
f 12596 12692 12693
f 12597 12694 12598
f 12597 12693 12694
f 12598 12695 12599
f 12598 12694 12695
f 12599 12696 12600
f 12599 12695 12696
f 12600 12697 12601
f 12600 12696 12697
f 12601 12698 12602
f 12601 12697 12698
f 12602 12699 12603
f 12602 12698 12699
f 12603 12700 12604
f 12603 12699 12700
f 12604 12701 12605
f 12604 12700 12701
f 12605 12702 12606
f 12605 12701 12702
f 12606 12703 12607
f 12606 12702 12703
f 12607 12704 12608
f 12607 12703 12704
f 12608 12705 12609
f 12608 12704 12705
f 12609 12706 12610
f 12609 12705 12706
f 12610 12707 12611
f 12610 12706 12707
f 12611 12708 12612
f 12611 12707 12708
f 12612 12709 12613
f 12612 12708 12709
f 12613 12710 12614
f 12613 12709 12710
f 12614 12711 12615
f 12614 12710 12711
f 12615 12712 12616
f 12615 12711 12712
f 12616 12713 12617
f 12616 12712 12713
f 12617 12714 12618
f 12617 12713 12714
f 12618 12715 12619
f 12618 12714 12715
f 12619 12716 12620
f 12619 12715 12716
f 12620 12717 12621
f 12620 12716 12717
f 12621 12718 12622
f 12621 12717 12718
f 12622 12719 12623
f 12622 12718 12719
f 12623 12720 12624
f 12623 12719 12720
f 12624 12721 12625
f 12624 12720 12721
f 12625 12722 12626
f 12625 12721 12722
f 12626 12723 12627
f 12626 12722 12723
f 12627 12724 12628
f 12627 12723 12724
f 12628 12725 12629
f 12628 12724 12725
f 12629 12726 12630
f 12629 12725 12726
f 12630 12727 12631
f 12630 12726 12727
f 12631 12728 12632
f 12631 12727 12728
f 12632 12729 12633
f 12632 12728 12729
f 12633 12730 12634
f 12633 12729 12730
f 12634 12731 12635
f 12634 12730 12731
f 12635 12732 12636
f 12635 12731 12732
f 12636 12733 12637
f 12636 12732 12733
f 12637 12734 12638
f 12637 12733 12734
f 12638 12735 12639
f 12638 12734 12735
f 12639 12736 12640
f 12639 12735 12736
f 12640 12737 12641
f 12640 12736 12737
f 12641 12738 12642
f 12641 12737 12738
f 12642 12739 12643
f 12642 12738 12739
f 12643 12740 12644
f 12643 12739 12740
f 12644 12741 12645
f 12644 12740 12741
f 12645 12742 12646
f 12645 12741 12742
f 12646 12743 12647
f 12646 12742 12743
f 12647 12744 12648
f 12647 12743 12744
f 12648 12745 12649
f 12648 12744 12745
f 12649 12746 12650
f 12649 12745 12746
f 12650 12747 12651
f 12650 12746 12747
f 12651 12748 12652
f 12651 12747 12748
f 12652 12749 12653
f 12652 12748 12749
f 12653 12750 12654
f 12653 12749 12750
f 12654 12751 12655
f 12654 12750 12751
f 12655 12752 12656
f 12655 12751 12752
f 12656 12753 12657
f 12656 12752 12753
f 12657 12754 12658
f 12657 12753 12754
f 12658 12755 12659
f 12658 12754 12755
f 12659 12756 12660
f 12659 12755 12756
f 12660 12757 12661
f 12660 12756 12757
f 12661 12758 12662
f 12661 12757 12758
f 12662 12759 12663
f 12662 12758 12759
f 12663 12760 12664
f 12663 12759 12760
f 12664 12761 12665
f 12664 12760 12761
f 12665 12762 12666
f 12665 12761 12762
f 12666 12763 12667
f 12666 12762 12763
f 12667 12764 12668
f 12667 12763 12764
f 12668 12765 12669
f 12668 12764 12765
f 12669 12766 12670
f 12669 12765 12766
f 12670 12767 12671
f 12670 12766 12767
f 12671 12768 12672
f 12671 12767 12768
f 12672 12769 12673
f 12672 12768 12769
f 12673 12674 12578
f 12673 12769 12674
f 12674 12771 12675
f 12674 12770 12771
f 12675 12772 12676
f 12675 12771 12772
f 12676 12773 12677
f 12676 12772 12773
f 12677 12774 12678
f 12677 12773 12774
f 12678 12775 12679
f 12678 12774 12775
f 12679 12776 12680
f 12679 12775 12776
f 12680 12777 12681
f 12680 12776 12777
f 12681 12778 12682
f 12681 12777 12778
f 12682 12779 12683
f 12682 12778 12779
f 12683 12780 12684
f 12683 12779 12780
f 12684 12781 12685
f 12684 12780 12781
f 12685 12782 12686
f 12685 12781 12782
f 12686 12783 12687
f 12686 12782 12783
f 12687 12784 12688
f 12687 12783 12784
f 12688 12785 12689
f 12688 12784 12785
f 12689 12786 12690
f 12689 12785 12786
f 12690 12787 12691
f 12690 12786 12787
f 12691 12788 12692
f 12691 12787 12788
f 12692 12789 12693
f 12692 12788 12789
f 12693 12790 12694
f 12693 12789 12790
f 12694 12791 12695
f 12694 12790 12791
f 12695 12792 12696
f 12695 12791 12792
f 12696 12793 12697
f 12696 12792 12793
f 12697 12794 12698
f 12697 12793 12794
f 12698 12795 12699
f 12698 12794 12795
f 12699 12796 12700
f 12699 12795 12796
f 12700 12797 12701
f 12700 12796 12797
f 12701 12798 12702
f 12701 12797 12798
f 12702 12799 12703
f 12702 12798 12799
f 12703 12800 12704
f 12703 12799 12800
f 12704 12801 12705
f 12704 12800 12801
f 12705 12802 12706
f 12705 12801 12802
f 12706 12803 12707
f 12706 12802 12803
f 12707 12804 12708
f 12707 12803 12804
f 12708 12805 12709
f 12708 12804 12805
f 12709 12806 12710
f 12709 12805 12806
f 12710 12807 12711
f 12710 12806 12807
f 12711 12808 12712
f 12711 12807 12808
f 12712 12809 12713
f 12712 12808 12809
f 12713 12810 12714
f 12713 12809 12810
f 12714 12811 12715
f 12714 12810 12811
f 12715 12812 12716
f 12715 12811 12812
f 12716 12813 12717
f 12716 12812 12813
f 12717 12814 12718
f 12717 12813 12814
f 12718 12815 12719
f 12718 12814 12815
f 12719 12816 12720
f 12719 12815 12816
f 12720 12817 12721
f 12720 12816 12817
f 12721 12818 12722
f 12721 12817 12818
f 12722 12819 12723
f 12722 12818 12819
f 12723 12820 12724
f 12723 12819 12820
f 12724 12821 12725
f 12724 12820 12821
f 12725 12822 12726
f 12725 12821 12822
f 12726 12823 12727
f 12726 12822 12823
f 12727 12824 12728
f 12727 12823 12824
f 12728 12825 12729
f 12728 12824 12825
f 12729 12826 12730
f 12729 12825 12826
f 12730 12827 12731
f 12730 12826 12827
f 12731 12828 12732
f 12731 12827 12828
f 12732 12829 12733
f 12732 12828 12829
f 12733 12830 12734
f 12733 12829 12830
f 12734 12831 12735
f 12734 12830 12831
f 12735 12832 12736
f 12735 12831 12832
f 12736 12833 12737
f 12736 12832 12833
f 12737 12834 12738
f 12737 12833 12834
f 12738 12835 12739
f 12738 12834 12835
f 12739 12836 12740
f 12739 12835 12836
f 12740 12837 12741
f 12740 12836 12837
f 12741 12838 12742
f 12741 12837 12838
f 12742 12839 12743
f 12742 12838 12839
f 12743 12840 12744
f 12743 12839 12840
f 12744 12841 12745
f 12744 12840 12841
f 12745 12842 12746
f 12745 12841 12842
f 12746 12843 12747
f 12746 12842 12843
f 12747 12844 12748
f 12747 12843 12844
f 12748 12845 12749
f 12748 12844 12845
f 12749 12846 12750
f 12749 12845 12846
f 12750 12847 12751
f 12750 12846 12847
f 12751 12848 12752
f 12751 12847 12848
f 12752 12849 12753
f 12752 12848 12849
f 12753 12850 12754
f 12753 12849 12850
f 12754 12851 12755
f 12754 12850 12851
f 12755 12852 12756
f 12755 12851 12852
f 12756 12853 12757
f 12756 12852 12853
f 12757 12854 12758
f 12757 12853 12854
f 12758 12855 12759
f 12758 12854 12855
f 12759 12856 12760
f 12759 12855 12856
f 12760 12857 12761
f 12760 12856 12857
f 12761 12858 12762
f 12761 12857 12858
f 12762 12859 12763
f 12762 12858 12859
f 12763 12860 12764
f 12763 12859 12860
f 12764 12861 12765
f 12764 12860 12861
f 12765 12862 12766
f 12765 12861 12862
f 12766 12863 12767
f 12766 12862 12863
f 12767 12864 12768
f 12767 12863 12864
f 12768 12865 12769
f 12768 12864 12865
f 12769 12770 12674
f 12769 12865 12770
f 12770 12867 12771
f 12770 12866 12867
f 12771 12868 12772
f 12771 12867 12868
f 12772 12869 12773
f 12772 12868 12869
f 12773 12870 12774
f 12773 12869 12870
f 12774 12871 12775
f 12774 12870 12871
f 12775 12872 12776
f 12775 12871 12872
f 12776 12873 12777
f 12776 12872 12873
f 12777 12874 12778
f 12777 12873 12874
f 12778 12875 12779
f 12778 12874 12875
f 12779 12876 12780
f 12779 12875 12876
f 12780 12877 12781
f 12780 12876 12877
f 12781 12878 12782
f 12781 12877 12878
f 12782 12879 12783
f 12782 12878 12879
f 12783 12880 12784
f 12783 12879 12880
f 12784 12881 12785
f 12784 12880 12881
f 12785 12882 12786
f 12785 12881 12882
f 12786 12883 12787
f 12786 12882 12883
f 12787 12884 12788
f 12787 12883 12884
f 12788 12885 12789
f 12788 12884 12885
f 12789 12886 12790
f 12789 12885 12886
f 12790 12887 12791
f 12790 12886 12887
f 12791 12888 12792
f 12791 12887 12888
f 12792 12889 12793
f 12792 12888 12889
f 12793 12890 12794
f 12793 12889 12890
f 12794 12891 12795
f 12794 12890 12891
f 12795 12892 12796
f 12795 12891 12892
f 12796 12893 12797
f 12796 12892 12893
f 12797 12894 12798
f 12797 12893 12894
f 12798 12895 12799
f 12798 12894 12895
f 12799 12896 12800
f 12799 12895 12896
f 12800 12897 12801
f 12800 12896 12897
f 12801 12898 12802
f 12801 12897 12898
f 12802 12899 12803
f 12802 12898 12899
f 12803 12900 12804
f 12803 12899 12900
f 12804 12901 12805
f 12804 12900 12901
f 12805 12902 12806
f 12805 12901 12902
f 12806 12903 12807
f 12806 12902 12903
f 12807 12904 12808
f 12807 12903 12904
f 12808 12905 12809
f 12808 12904 12905
f 12809 12906 12810
f 12809 12905 12906
f 12810 12907 12811
f 12810 12906 12907
f 12811 12908 12812
f 12811 12907 12908
f 12812 12909 12813
f 12812 12908 12909
f 12813 12910 12814
f 12813 12909 12910
f 12814 12911 12815
f 12814 12910 12911
f 12815 12912 12816
f 12815 12911 12912
f 12816 12913 12817
f 12816 12912 12913
f 12817 12914 12818
f 12817 12913 12914
f 12818 12915 12819
f 12818 12914 12915
f 12819 12916 12820
f 12819 12915 12916
f 12820 12917 12821
f 12820 12916 12917
f 12821 12918 12822
f 12821 12917 12918
f 12822 12919 12823
f 12822 12918 12919
f 12823 12920 12824
f 12823 12919 12920
f 12824 12921 12825
f 12824 12920 12921
f 12825 12922 12826
f 12825 12921 12922
f 12826 12923 12827
f 12826 12922 12923
f 12827 12924 12828
f 12827 12923 12924
f 12828 12925 12829
f 12828 12924 12925
f 12829 12926 12830
f 12829 12925 12926
f 12830 12927 12831
f 12830 12926 12927
f 12831 12928 12832
f 12831 12927 12928
f 12832 12929 12833
f 12832 12928 12929
f 12833 12930 12834
f 12833 12929 12930
f 12834 12931 12835
f 12834 12930 12931
f 12835 12932 12836
f 12835 12931 12932
f 12836 12933 12837
f 12836 12932 12933
f 12837 12934 12838
f 12837 12933 12934
f 12838 12935 12839
f 12838 12934 12935
f 12839 12936 12840
f 12839 12935 12936
f 12840 12937 12841
f 12840 12936 12937
f 12841 12938 12842
f 12841 12937 12938
f 12842 12939 12843
f 12842 12938 12939
f 12843 12940 12844
f 12843 12939 12940
f 12844 12941 12845
f 12844 12940 12941
f 12845 12942 12846
f 12845 12941 12942
f 12846 12943 12847
f 12846 12942 12943
f 12847 12944 12848
f 12847 12943 12944
f 12848 12945 12849
f 12848 12944 12945
f 12849 12946 12850
f 12849 12945 12946
f 12850 12947 12851
f 12850 12946 12947
f 12851 12948 12852
f 12851 12947 12948
f 12852 12949 12853
f 12852 12948 12949
f 12853 12950 12854
f 12853 12949 12950
f 12854 12951 12855
f 12854 12950 12951
f 12855 12952 12856
f 12855 12951 12952
f 12856 12953 12857
f 12856 12952 12953
f 12857 12954 12858
f 12857 12953 12954
f 12858 12955 12859
f 12858 12954 12955
f 12859 12956 12860
f 12859 12955 12956
f 12860 12957 12861
f 12860 12956 12957
f 12861 12958 12862
f 12861 12957 12958
f 12862 12959 12863
f 12862 12958 12959
f 12863 12960 12864
f 12863 12959 12960
f 12864 12961 12865
f 12864 12960 12961
f 12865 12866 12770
f 12865 12961 12866
f 12866 12963 12867
f 12866 12962 12963
f 12867 12964 12868
f 12867 12963 12964
f 12868 12965 12869
f 12868 12964 12965
f 12869 12966 12870
f 12869 12965 12966
f 12870 12967 12871
f 12870 12966 12967
f 12871 12968 12872
f 12871 12967 12968
f 12872 12969 12873
f 12872 12968 12969
f 12873 12970 12874
f 12873 12969 12970
f 12874 12971 12875
f 12874 12970 12971
f 12875 12972 12876
f 12875 12971 12972
f 12876 12973 12877
f 12876 12972 12973
f 12877 12974 12878
f 12877 12973 12974
f 12878 12975 12879
f 12878 12974 12975
f 12879 12976 12880
f 12879 12975 12976
f 12880 12977 12881
f 12880 12976 12977
f 12881 12978 12882
f 12881 12977 12978
f 12882 12979 12883
f 12882 12978 12979
f 12883 12980 12884
f 12883 12979 12980
f 12884 12981 12885
f 12884 12980 12981
f 12885 12982 12886
f 12885 12981 12982
f 12886 12983 12887
f 12886 12982 12983
f 12887 12984 12888
f 12887 12983 12984
f 12888 12985 12889
f 12888 12984 12985
f 12889 12986 12890
f 12889 12985 12986
f 12890 12987 12891
f 12890 12986 12987
f 12891 12988 12892
f 12891 12987 12988
f 12892 12989 12893
f 12892 12988 12989
f 12893 12990 12894
f 12893 12989 12990
f 12894 12991 12895
f 12894 12990 12991
f 12895 12992 12896
f 12895 12991 12992
f 12896 12993 12897
f 12896 12992 12993
f 12897 12994 12898
f 12897 12993 12994
f 12898 12995 12899
f 12898 12994 12995
f 12899 12996 12900
f 12899 12995 12996
f 12900 12997 12901
f 12900 12996 12997
f 12901 12998 12902
f 12901 12997 12998
f 12902 12999 12903
f 12902 12998 12999
f 12903 13000 12904
f 12903 12999 13000
f 12904 13001 12905
f 12904 13000 13001
f 12905 13002 12906
f 12905 13001 13002
f 12906 13003 12907
f 12906 13002 13003
f 12907 13004 12908
f 12907 13003 13004
f 12908 13005 12909
f 12908 13004 13005
f 12909 13006 12910
f 12909 13005 13006
f 12910 13007 12911
f 12910 13006 13007
f 12911 13008 12912
f 12911 13007 13008
f 12912 13009 12913
f 12912 13008 13009
f 12913 13010 12914
f 12913 13009 13010
f 12914 13011 12915
f 12914 13010 13011
f 12915 13012 12916
f 12915 13011 13012
f 12916 13013 12917
f 12916 13012 13013
f 12917 13014 12918
f 12917 13013 13014
f 12918 13015 12919
f 12918 13014 13015
f 12919 13016 12920
f 12919 13015 13016
f 12920 13017 12921
f 12920 13016 13017
f 12921 13018 12922
f 12921 13017 13018
f 12922 13019 12923
f 12922 13018 13019
f 12923 13020 12924
f 12923 13019 13020
f 12924 13021 12925
f 12924 13020 13021
f 12925 13022 12926
f 12925 13021 13022
f 12926 13023 12927
f 12926 13022 13023
f 12927 13024 12928
f 12927 13023 13024
f 12928 13025 12929
f 12928 13024 13025
f 12929 13026 12930
f 12929 13025 13026
f 12930 13027 12931
f 12930 13026 13027
f 12931 13028 12932
f 12931 13027 13028
f 12932 13029 12933
f 12932 13028 13029
f 12933 13030 12934
f 12933 13029 13030
f 12934 13031 12935
f 12934 13030 13031
f 12935 13032 12936
f 12935 13031 13032
f 12936 13033 12937
f 12936 13032 13033
f 12937 13034 12938
f 12937 13033 13034
f 12938 13035 12939
f 12938 13034 13035
f 12939 13036 12940
f 12939 13035 13036
f 12940 13037 12941
f 12940 13036 13037
f 12941 13038 12942
f 12941 13037 13038
f 12942 13039 12943
f 12942 13038 13039
f 12943 13040 12944
f 12943 13039 13040
f 12944 13041 12945
f 12944 13040 13041
f 12945 13042 12946
f 12945 13041 13042
f 12946 13043 12947
f 12946 13042 13043
f 12947 13044 12948
f 12947 13043 13044
f 12948 13045 12949
f 12948 13044 13045
f 12949 13046 12950
f 12949 13045 13046
f 12950 13047 12951
f 12950 13046 13047
f 12951 13048 12952
f 12951 13047 13048
f 12952 13049 12953
f 12952 13048 13049
f 12953 13050 12954
f 12953 13049 13050
f 12954 13051 12955
f 12954 13050 13051
f 12955 13052 12956
f 12955 13051 13052
f 12956 13053 12957
f 12956 13052 13053
f 12957 13054 12958
f 12957 13053 13054
f 12958 13055 12959
f 12958 13054 13055
f 12959 13056 12960
f 12959 13055 13056
f 12960 13057 12961
f 12960 13056 13057
f 12961 12962 12866
f 12961 13057 12962
f 12962 13059 12963
f 12962 13058 13059
f 12963 13060 12964
f 12963 13059 13060
f 12964 13061 12965
f 12964 13060 13061
f 12965 13062 12966
f 12965 13061 13062
f 12966 13063 12967
f 12966 13062 13063
f 12967 13064 12968
f 12967 13063 13064
f 12968 13065 12969
f 12968 13064 13065
f 12969 13066 12970
f 12969 13065 13066
f 12970 13067 12971
f 12970 13066 13067
f 12971 13068 12972
f 12971 13067 13068
f 12972 13069 12973
f 12972 13068 13069
f 12973 13070 12974
f 12973 13069 13070
f 12974 13071 12975
f 12974 13070 13071
f 12975 13072 12976
f 12975 13071 13072
f 12976 13073 12977
f 12976 13072 13073
f 12977 13074 12978
f 12977 13073 13074
f 12978 13075 12979
f 12978 13074 13075
f 12979 13076 12980
f 12979 13075 13076
f 12980 13077 12981
f 12980 13076 13077
f 12981 13078 12982
f 12981 13077 13078
f 12982 13079 12983
f 12982 13078 13079
f 12983 13080 12984
f 12983 13079 13080
f 12984 13081 12985
f 12984 13080 13081
f 12985 13082 12986
f 12985 13081 13082
f 12986 13083 12987
f 12986 13082 13083
f 12987 13084 12988
f 12987 13083 13084
f 12988 13085 12989
f 12988 13084 13085
f 12989 13086 12990
f 12989 13085 13086
f 12990 13087 12991
f 12990 13086 13087
f 12991 13088 12992
f 12991 13087 13088
f 12992 13089 12993
f 12992 13088 13089
f 12993 13090 12994
f 12993 13089 13090
f 12994 13091 12995
f 12994 13090 13091
f 12995 13092 12996
f 12995 13091 13092
f 12996 13093 12997
f 12996 13092 13093
f 12997 13094 12998
f 12997 13093 13094
f 12998 13095 12999
f 12998 13094 13095
f 12999 13096 13000
f 12999 13095 13096
f 13000 13097 13001
f 13000 13096 13097
f 13001 13098 13002
f 13001 13097 13098
f 13002 13099 13003
f 13002 13098 13099
f 13003 13100 13004
f 13003 13099 13100
f 13004 13101 13005
f 13004 13100 13101
f 13005 13102 13006
f 13005 13101 13102
f 13006 13103 13007
f 13006 13102 13103
f 13007 13104 13008
f 13007 13103 13104
f 13008 13105 13009
f 13008 13104 13105
f 13009 13106 13010
f 13009 13105 13106
f 13010 13107 13011
f 13010 13106 13107
f 13011 13108 13012
f 13011 13107 13108
f 13012 13109 13013
f 13012 13108 13109
f 13013 13110 13014
f 13013 13109 13110
f 13014 13111 13015
f 13014 13110 13111
f 13015 13112 13016
f 13015 13111 13112
f 13016 13113 13017
f 13016 13112 13113
f 13017 13114 13018
f 13017 13113 13114
f 13018 13115 13019
f 13018 13114 13115
f 13019 13116 13020
f 13019 13115 13116
f 13020 13117 13021
f 13020 13116 13117
f 13021 13118 13022
f 13021 13117 13118
f 13022 13119 13023
f 13022 13118 13119
f 13023 13120 13024
f 13023 13119 13120
f 13024 13121 13025
f 13024 13120 13121
f 13025 13122 13026
f 13025 13121 13122
f 13026 13123 13027
f 13026 13122 13123
f 13027 13124 13028
f 13027 13123 13124
f 13028 13125 13029
f 13028 13124 13125
f 13029 13126 13030
f 13029 13125 13126
f 13030 13127 13031
f 13030 13126 13127
f 13031 13128 13032
f 13031 13127 13128
f 13032 13129 13033
f 13032 13128 13129
f 13033 13130 13034
f 13033 13129 13130
f 13034 13131 13035
f 13034 13130 13131
f 13035 13132 13036
f 13035 13131 13132
f 13036 13133 13037
f 13036 13132 13133
f 13037 13134 13038
f 13037 13133 13134
f 13038 13135 13039
f 13038 13134 13135
f 13039 13136 13040
f 13039 13135 13136
f 13040 13137 13041
f 13040 13136 13137
f 13041 13138 13042
f 13041 13137 13138
f 13042 13139 13043
f 13042 13138 13139
f 13043 13140 13044
f 13043 13139 13140
f 13044 13141 13045
f 13044 13140 13141
f 13045 13142 13046
f 13045 13141 13142
f 13046 13143 13047
f 13046 13142 13143
f 13047 13144 13048
f 13047 13143 13144
f 13048 13145 13049
f 13048 13144 13145
f 13049 13146 13050
f 13049 13145 13146
f 13050 13147 13051
f 13050 13146 13147
f 13051 13148 13052
f 13051 13147 13148
f 13052 13149 13053
f 13052 13148 13149
f 13053 13150 13054
f 13053 13149 13150
f 13054 13151 13055
f 13054 13150 13151
f 13055 13152 13056
f 13055 13151 13152
f 13056 13153 13057
f 13056 13152 13153
f 13057 13058 12962
f 13057 13153 13058
f 13058 13155 13059
f 13058 13154 13155
f 13059 13156 13060
f 13059 13155 13156
f 13060 13157 13061
f 13060 13156 13157
f 13061 13158 13062
f 13061 13157 13158
f 13062 13159 13063
f 13062 13158 13159
f 13063 13160 13064
f 13063 13159 13160
f 13064 13161 13065
f 13064 13160 13161
f 13065 13162 13066
f 13065 13161 13162
f 13066 13163 13067
f 13066 13162 13163
f 13067 13164 13068
f 13067 13163 13164
f 13068 13165 13069
f 13068 13164 13165
f 13069 13166 13070
f 13069 13165 13166
f 13070 13167 13071
f 13070 13166 13167
f 13071 13168 13072
f 13071 13167 13168
f 13072 13169 13073
f 13072 13168 13169
f 13073 13170 13074
f 13073 13169 13170
f 13074 13171 13075
f 13074 13170 13171
f 13075 13172 13076
f 13075 13171 13172
f 13076 13173 13077
f 13076 13172 13173
f 13077 13174 13078
f 13077 13173 13174
f 13078 13175 13079
f 13078 13174 13175
f 13079 13176 13080
f 13079 13175 13176
f 13080 13177 13081
f 13080 13176 13177
f 13081 13178 13082
f 13081 13177 13178
f 13082 13179 13083
f 13082 13178 13179
f 13083 13180 13084
f 13083 13179 13180
f 13084 13181 13085
f 13084 13180 13181
f 13085 13182 13086
f 13085 13181 13182
f 13086 13183 13087
f 13086 13182 13183
f 13087 13184 13088
f 13087 13183 13184
f 13088 13185 13089
f 13088 13184 13185
f 13089 13186 13090
f 13089 13185 13186
f 13090 13187 13091
f 13090 13186 13187
f 13091 13188 13092
f 13091 13187 13188
f 13092 13189 13093
f 13092 13188 13189
f 13093 13190 13094
f 13093 13189 13190
f 13094 13191 13095
f 13094 13190 13191
f 13095 13192 13096
f 13095 13191 13192
f 13096 13193 13097
f 13096 13192 13193
f 13097 13194 13098
f 13097 13193 13194
f 13098 13195 13099
f 13098 13194 13195
f 13099 13196 13100
f 13099 13195 13196
f 13100 13197 13101
f 13100 13196 13197
f 13101 13198 13102
f 13101 13197 13198
f 13102 13199 13103
f 13102 13198 13199
f 13103 13200 13104
f 13103 13199 13200
f 13104 13201 13105
f 13104 13200 13201
f 13105 13202 13106
f 13105 13201 13202
f 13106 13203 13107
f 13106 13202 13203
f 13107 13204 13108
f 13107 13203 13204
f 13108 13205 13109
f 13108 13204 13205
f 13109 13206 13110
f 13109 13205 13206
f 13110 13207 13111
f 13110 13206 13207
f 13111 13208 13112
f 13111 13207 13208
f 13112 13209 13113
f 13112 13208 13209
f 13113 13210 13114
f 13113 13209 13210
f 13114 13211 13115
f 13114 13210 13211
f 13115 13212 13116
f 13115 13211 13212
f 13116 13213 13117
f 13116 13212 13213
f 13117 13214 13118
f 13117 13213 13214
f 13118 13215 13119
f 13118 13214 13215
f 13119 13216 13120
f 13119 13215 13216
f 13120 13217 13121
f 13120 13216 13217
f 13121 13218 13122
f 13121 13217 13218
f 13122 13219 13123
f 13122 13218 13219
f 13123 13220 13124
f 13123 13219 13220
f 13124 13221 13125
f 13124 13220 13221
f 13125 13222 13126
f 13125 13221 13222
f 13126 13223 13127
f 13126 13222 13223
f 13127 13224 13128
f 13127 13223 13224
f 13128 13225 13129
f 13128 13224 13225
f 13129 13226 13130
f 13129 13225 13226
f 13130 13227 13131
f 13130 13226 13227
f 13131 13228 13132
f 13131 13227 13228
f 13132 13229 13133
f 13132 13228 13229
f 13133 13230 13134
f 13133 13229 13230
f 13134 13231 13135
f 13134 13230 13231
f 13135 13232 13136
f 13135 13231 13232
f 13136 13233 13137
f 13136 13232 13233
f 13137 13234 13138
f 13137 13233 13234
f 13138 13235 13139
f 13138 13234 13235
f 13139 13236 13140
f 13139 13235 13236
f 13140 13237 13141
f 13140 13236 13237
f 13141 13238 13142
f 13141 13237 13238
f 13142 13239 13143
f 13142 13238 13239
f 13143 13240 13144
f 13143 13239 13240
f 13144 13241 13145
f 13144 13240 13241
f 13145 13242 13146
f 13145 13241 13242
f 13146 13243 13147
f 13146 13242 13243
f 13147 13244 13148
f 13147 13243 13244
f 13148 13245 13149
f 13148 13244 13245
f 13149 13246 13150
f 13149 13245 13246
f 13150 13247 13151
f 13150 13246 13247
f 13151 13248 13152
f 13151 13247 13248
f 13152 13249 13153
f 13152 13248 13249
f 13153 13154 13058
f 13153 13249 13154
f 13154 13251 13155
f 13154 13250 13251
f 13155 13252 13156
f 13155 13251 13252
f 13156 13253 13157
f 13156 13252 13253
f 13157 13254 13158
f 13157 13253 13254
f 13158 13255 13159
f 13158 13254 13255
f 13159 13256 13160
f 13159 13255 13256
f 13160 13257 13161
f 13160 13256 13257
f 13161 13258 13162
f 13161 13257 13258
f 13162 13259 13163
f 13162 13258 13259
f 13163 13260 13164
f 13163 13259 13260
f 13164 13261 13165
f 13164 13260 13261
f 13165 13262 13166
f 13165 13261 13262
f 13166 13263 13167
f 13166 13262 13263
f 13167 13264 13168
f 13167 13263 13264
f 13168 13265 13169
f 13168 13264 13265
f 13169 13266 13170
f 13169 13265 13266
f 13170 13267 13171
f 13170 13266 13267
f 13171 13268 13172
f 13171 13267 13268
f 13172 13269 13173
f 13172 13268 13269
f 13173 13270 13174
f 13173 13269 13270
f 13174 13271 13175
f 13174 13270 13271
f 13175 13272 13176
f 13175 13271 13272
f 13176 13273 13177
f 13176 13272 13273
f 13177 13274 13178
f 13177 13273 13274
f 13178 13275 13179
f 13178 13274 13275
f 13179 13276 13180
f 13179 13275 13276
f 13180 13277 13181
f 13180 13276 13277
f 13181 13278 13182
f 13181 13277 13278
f 13182 13279 13183
f 13182 13278 13279
f 13183 13280 13184
f 13183 13279 13280
f 13184 13281 13185
f 13184 13280 13281
f 13185 13282 13186
f 13185 13281 13282
f 13186 13283 13187
f 13186 13282 13283
f 13187 13284 13188
f 13187 13283 13284
f 13188 13285 13189
f 13188 13284 13285
f 13189 13286 13190
f 13189 13285 13286
f 13190 13287 13191
f 13190 13286 13287
f 13191 13288 13192
f 13191 13287 13288
f 13192 13289 13193
f 13192 13288 13289
f 13193 13290 13194
f 13193 13289 13290
f 13194 13291 13195
f 13194 13290 13291
f 13195 13292 13196
f 13195 13291 13292
f 13196 13293 13197
f 13196 13292 13293
f 13197 13294 13198
f 13197 13293 13294
f 13198 13295 13199
f 13198 13294 13295
f 13199 13296 13200
f 13199 13295 13296
f 13200 13297 13201
f 13200 13296 13297
f 13201 13298 13202
f 13201 13297 13298
f 13202 13299 13203
f 13202 13298 13299
f 13203 13300 13204
f 13203 13299 13300
f 13204 13301 13205
f 13204 13300 13301
f 13205 13302 13206
f 13205 13301 13302
f 13206 13303 13207
f 13206 13302 13303
f 13207 13304 13208
f 13207 13303 13304
f 13208 13305 13209
f 13208 13304 13305
f 13209 13306 13210
f 13209 13305 13306
f 13210 13307 13211
f 13210 13306 13307
f 13211 13308 13212
f 13211 13307 13308
f 13212 13309 13213
f 13212 13308 13309
f 13213 13310 13214
f 13213 13309 13310
f 13214 13311 13215
f 13214 13310 13311
f 13215 13312 13216
f 13215 13311 13312
f 13216 13313 13217
f 13216 13312 13313
f 13217 13314 13218
f 13217 13313 13314
f 13218 13315 13219
f 13218 13314 13315
f 13219 13316 13220
f 13219 13315 13316
f 13220 13317 13221
f 13220 13316 13317
f 13221 13318 13222
f 13221 13317 13318
f 13222 13319 13223
f 13222 13318 13319
f 13223 13320 13224
f 13223 13319 13320
f 13224 13321 13225
f 13224 13320 13321
f 13225 13322 13226
f 13225 13321 13322
f 13226 13323 13227
f 13226 13322 13323
f 13227 13324 13228
f 13227 13323 13324
f 13228 13325 13229
f 13228 13324 13325
f 13229 13326 13230
f 13229 13325 13326
f 13230 13327 13231
f 13230 13326 13327
f 13231 13328 13232
f 13231 13327 13328
f 13232 13329 13233
f 13232 13328 13329
f 13233 13330 13234
f 13233 13329 13330
f 13234 13331 13235
f 13234 13330 13331
f 13235 13332 13236
f 13235 13331 13332
f 13236 13333 13237
f 13236 13332 13333
f 13237 13334 13238
f 13237 13333 13334
f 13238 13335 13239
f 13238 13334 13335
f 13239 13336 13240
f 13239 13335 13336
f 13240 13337 13241
f 13240 13336 13337
f 13241 13338 13242
f 13241 13337 13338
f 13242 13339 13243
f 13242 13338 13339
f 13243 13340 13244
f 13243 13339 13340
f 13244 13341 13245
f 13244 13340 13341
f 13245 13342 13246
f 13245 13341 13342
f 13246 13343 13247
f 13246 13342 13343
f 13247 13344 13248
f 13247 13343 13344
f 13248 13345 13249
f 13248 13344 13345
f 13249 13250 13154
f 13249 13345 13250
f 13250 13347 13251
f 13250 13346 13347
f 13251 13348 13252
f 13251 13347 13348
f 13252 13349 13253
f 13252 13348 13349
f 13253 13350 13254
f 13253 13349 13350
f 13254 13351 13255
f 13254 13350 13351
f 13255 13352 13256
f 13255 13351 13352
f 13256 13353 13257
f 13256 13352 13353
f 13257 13354 13258
f 13257 13353 13354
f 13258 13355 13259
f 13258 13354 13355
f 13259 13356 13260
f 13259 13355 13356
f 13260 13357 13261
f 13260 13356 13357
f 13261 13358 13262
f 13261 13357 13358
f 13262 13359 13263
f 13262 13358 13359
f 13263 13360 13264
f 13263 13359 13360
f 13264 13361 13265
f 13264 13360 13361
f 13265 13362 13266
f 13265 13361 13362
f 13266 13363 13267
f 13266 13362 13363
f 13267 13364 13268
f 13267 13363 13364
f 13268 13365 13269
f 13268 13364 13365
f 13269 13366 13270
f 13269 13365 13366
f 13270 13367 13271
f 13270 13366 13367
f 13271 13368 13272
f 13271 13367 13368
f 13272 13369 13273
f 13272 13368 13369
f 13273 13370 13274
f 13273 13369 13370
f 13274 13371 13275
f 13274 13370 13371
f 13275 13372 13276
f 13275 13371 13372
f 13276 13373 13277
f 13276 13372 13373
f 13277 13374 13278
f 13277 13373 13374
f 13278 13375 13279
f 13278 13374 13375
f 13279 13376 13280
f 13279 13375 13376
f 13280 13377 13281
f 13280 13376 13377
f 13281 13378 13282
f 13281 13377 13378
f 13282 13379 13283
f 13282 13378 13379
f 13283 13380 13284
f 13283 13379 13380
f 13284 13381 13285
f 13284 13380 13381
f 13285 13382 13286
f 13285 13381 13382
f 13286 13383 13287
f 13286 13382 13383
f 13287 13384 13288
f 13287 13383 13384
f 13288 13385 13289
f 13288 13384 13385
f 13289 13386 13290
f 13289 13385 13386
f 13290 13387 13291
f 13290 13386 13387
f 13291 13388 13292
f 13291 13387 13388
f 13292 13389 13293
f 13292 13388 13389
f 13293 13390 13294
f 13293 13389 13390
f 13294 13391 13295
f 13294 13390 13391
f 13295 13392 13296
f 13295 13391 13392
f 13296 13393 13297
f 13296 13392 13393
f 13297 13394 13298
f 13297 13393 13394
f 13298 13395 13299
f 13298 13394 13395
f 13299 13396 13300
f 13299 13395 13396
f 13300 13397 13301
f 13300 13396 13397
f 13301 13398 13302
f 13301 13397 13398
f 13302 13399 13303
f 13302 13398 13399
f 13303 13400 13304
f 13303 13399 13400
f 13304 13401 13305
f 13304 13400 13401
f 13305 13402 13306
f 13305 13401 13402
f 13306 13403 13307
f 13306 13402 13403
f 13307 13404 13308
f 13307 13403 13404
f 13308 13405 13309
f 13308 13404 13405
f 13309 13406 13310
f 13309 13405 13406
f 13310 13407 13311
f 13310 13406 13407
f 13311 13408 13312
f 13311 13407 13408
f 13312 13409 13313
f 13312 13408 13409
f 13313 13410 13314
f 13313 13409 13410
f 13314 13411 13315
f 13314 13410 13411
f 13315 13412 13316
f 13315 13411 13412
f 13316 13413 13317
f 13316 13412 13413
f 13317 13414 13318
f 13317 13413 13414
f 13318 13415 13319
f 13318 13414 13415
f 13319 13416 13320
f 13319 13415 13416
f 13320 13417 13321
f 13320 13416 13417
f 13321 13418 13322
f 13321 13417 13418
f 13322 13419 13323
f 13322 13418 13419
f 13323 13420 13324
f 13323 13419 13420
f 13324 13421 13325
f 13324 13420 13421
f 13325 13422 13326
f 13325 13421 13422
f 13326 13423 13327
f 13326 13422 13423
f 13327 13424 13328
f 13327 13423 13424
f 13328 13425 13329
f 13328 13424 13425
f 13329 13426 13330
f 13329 13425 13426
f 13330 13427 13331
f 13330 13426 13427
f 13331 13428 13332
f 13331 13427 13428
f 13332 13429 13333
f 13332 13428 13429
f 13333 13430 13334
f 13333 13429 13430
f 13334 13431 13335
f 13334 13430 13431
f 13335 13432 13336
f 13335 13431 13432
f 13336 13433 13337
f 13336 13432 13433
f 13337 13434 13338
f 13337 13433 13434
f 13338 13435 13339
f 13338 13434 13435
f 13339 13436 13340
f 13339 13435 13436
f 13340 13437 13341
f 13340 13436 13437
f 13341 13438 13342
f 13341 13437 13438
f 13342 13439 13343
f 13342 13438 13439
f 13343 13440 13344
f 13343 13439 13440
f 13344 13441 13345
f 13344 13440 13441
f 13345 13346 13250
f 13345 13441 13346
f 13346 13443 13347
f 13346 13442 13443
f 13347 13444 13348
f 13347 13443 13444
f 13348 13445 13349
f 13348 13444 13445
f 13349 13446 13350
f 13349 13445 13446
f 13350 13447 13351
f 13350 13446 13447
f 13351 13448 13352
f 13351 13447 13448
f 13352 13449 13353
f 13352 13448 13449
f 13353 13450 13354
f 13353 13449 13450
f 13354 13451 13355
f 13354 13450 13451
f 13355 13452 13356
f 13355 13451 13452
f 13356 13453 13357
f 13356 13452 13453
f 13357 13454 13358
f 13357 13453 13454
f 13358 13455 13359
f 13358 13454 13455
f 13359 13456 13360
f 13359 13455 13456
f 13360 13457 13361
f 13360 13456 13457
f 13361 13458 13362
f 13361 13457 13458
f 13362 13459 13363
f 13362 13458 13459
f 13363 13460 13364
f 13363 13459 13460
f 13364 13461 13365
f 13364 13460 13461
f 13365 13462 13366
f 13365 13461 13462
f 13366 13463 13367
f 13366 13462 13463
f 13367 13464 13368
f 13367 13463 13464
f 13368 13465 13369
f 13368 13464 13465
f 13369 13466 13370
f 13369 13465 13466
f 13370 13467 13371
f 13370 13466 13467
f 13371 13468 13372
f 13371 13467 13468
f 13372 13469 13373
f 13372 13468 13469
f 13373 13470 13374
f 13373 13469 13470
f 13374 13471 13375
f 13374 13470 13471
f 13375 13472 13376
f 13375 13471 13472
f 13376 13473 13377
f 13376 13472 13473
f 13377 13474 13378
f 13377 13473 13474
f 13378 13475 13379
f 13378 13474 13475
f 13379 13476 13380
f 13379 13475 13476
f 13380 13477 13381
f 13380 13476 13477
f 13381 13478 13382
f 13381 13477 13478
f 13382 13479 13383
f 13382 13478 13479
f 13383 13480 13384
f 13383 13479 13480
f 13384 13481 13385
f 13384 13480 13481
f 13385 13482 13386
f 13385 13481 13482
f 13386 13483 13387
f 13386 13482 13483
f 13387 13484 13388
f 13387 13483 13484
f 13388 13485 13389
f 13388 13484 13485
f 13389 13486 13390
f 13389 13485 13486
f 13390 13487 13391
f 13390 13486 13487
f 13391 13488 13392
f 13391 13487 13488
f 13392 13489 13393
f 13392 13488 13489
f 13393 13490 13394
f 13393 13489 13490
f 13394 13491 13395
f 13394 13490 13491
f 13395 13492 13396
f 13395 13491 13492
f 13396 13493 13397
f 13396 13492 13493
f 13397 13494 13398
f 13397 13493 13494
f 13398 13495 13399
f 13398 13494 13495
f 13399 13496 13400
f 13399 13495 13496
f 13400 13497 13401
f 13400 13496 13497
f 13401 13498 13402
f 13401 13497 13498
f 13402 13499 13403
f 13402 13498 13499
f 13403 13500 13404
f 13403 13499 13500
f 13404 13501 13405
f 13404 13500 13501
f 13405 13502 13406
f 13405 13501 13502
f 13406 13503 13407
f 13406 13502 13503
f 13407 13504 13408
f 13407 13503 13504
f 13408 13505 13409
f 13408 13504 13505
f 13409 13506 13410
f 13409 13505 13506
f 13410 13507 13411
f 13410 13506 13507
f 13411 13508 13412
f 13411 13507 13508
f 13412 13509 13413
f 13412 13508 13509
f 13413 13510 13414
f 13413 13509 13510
f 13414 13511 13415
f 13414 13510 13511
f 13415 13512 13416
f 13415 13511 13512
f 13416 13513 13417
f 13416 13512 13513
f 13417 13514 13418
f 13417 13513 13514
f 13418 13515 13419
f 13418 13514 13515
f 13419 13516 13420
f 13419 13515 13516
f 13420 13517 13421
f 13420 13516 13517
f 13421 13518 13422
f 13421 13517 13518
f 13422 13519 13423
f 13422 13518 13519
f 13423 13520 13424
f 13423 13519 13520
f 13424 13521 13425
f 13424 13520 13521
f 13425 13522 13426
f 13425 13521 13522
f 13426 13523 13427
f 13426 13522 13523
f 13427 13524 13428
f 13427 13523 13524
f 13428 13525 13429
f 13428 13524 13525
f 13429 13526 13430
f 13429 13525 13526
f 13430 13527 13431
f 13430 13526 13527
f 13431 13528 13432
f 13431 13527 13528
f 13432 13529 13433
f 13432 13528 13529
f 13433 13530 13434
f 13433 13529 13530
f 13434 13531 13435
f 13434 13530 13531
f 13435 13532 13436
f 13435 13531 13532
f 13436 13533 13437
f 13436 13532 13533
f 13437 13534 13438
f 13437 13533 13534
f 13438 13535 13439
f 13438 13534 13535
f 13439 13536 13440
f 13439 13535 13536
f 13440 13537 13441
f 13440 13536 13537
f 13441 13442 13346
f 13441 13537 13442
f 13442 13539 13443
f 13442 13538 13539
f 13443 13540 13444
f 13443 13539 13540
f 13444 13541 13445
f 13444 13540 13541
f 13445 13542 13446
f 13445 13541 13542
f 13446 13543 13447
f 13446 13542 13543
f 13447 13544 13448
f 13447 13543 13544
f 13448 13545 13449
f 13448 13544 13545
f 13449 13546 13450
f 13449 13545 13546
f 13450 13547 13451
f 13450 13546 13547
f 13451 13548 13452
f 13451 13547 13548
f 13452 13549 13453
f 13452 13548 13549
f 13453 13550 13454
f 13453 13549 13550
f 13454 13551 13455
f 13454 13550 13551
f 13455 13552 13456
f 13455 13551 13552
f 13456 13553 13457
f 13456 13552 13553
f 13457 13554 13458
f 13457 13553 13554
f 13458 13555 13459
f 13458 13554 13555
f 13459 13556 13460
f 13459 13555 13556
f 13460 13557 13461
f 13460 13556 13557
f 13461 13558 13462
f 13461 13557 13558
f 13462 13559 13463
f 13462 13558 13559
f 13463 13560 13464
f 13463 13559 13560
f 13464 13561 13465
f 13464 13560 13561
f 13465 13562 13466
f 13465 13561 13562
f 13466 13563 13467
f 13466 13562 13563
f 13467 13564 13468
f 13467 13563 13564
f 13468 13565 13469
f 13468 13564 13565
f 13469 13566 13470
f 13469 13565 13566
f 13470 13567 13471
f 13470 13566 13567
f 13471 13568 13472
f 13471 13567 13568
f 13472 13569 13473
f 13472 13568 13569
f 13473 13570 13474
f 13473 13569 13570
f 13474 13571 13475
f 13474 13570 13571
f 13475 13572 13476
f 13475 13571 13572
f 13476 13573 13477
f 13476 13572 13573
f 13477 13574 13478
f 13477 13573 13574
f 13478 13575 13479
f 13478 13574 13575
f 13479 13576 13480
f 13479 13575 13576
f 13480 13577 13481
f 13480 13576 13577
f 13481 13578 13482
f 13481 13577 13578
f 13482 13579 13483
f 13482 13578 13579
f 13483 13580 13484
f 13483 13579 13580
f 13484 13581 13485
f 13484 13580 13581
f 13485 13582 13486
f 13485 13581 13582
f 13486 13583 13487
f 13486 13582 13583
f 13487 13584 13488
f 13487 13583 13584
f 13488 13585 13489
f 13488 13584 13585
f 13489 13586 13490
f 13489 13585 13586
f 13490 13587 13491
f 13490 13586 13587
f 13491 13588 13492
f 13491 13587 13588
f 13492 13589 13493
f 13492 13588 13589
f 13493 13590 13494
f 13493 13589 13590
f 13494 13591 13495
f 13494 13590 13591
f 13495 13592 13496
f 13495 13591 13592
f 13496 13593 13497
f 13496 13592 13593
f 13497 13594 13498
f 13497 13593 13594
f 13498 13595 13499
f 13498 13594 13595
f 13499 13596 13500
f 13499 13595 13596
f 13500 13597 13501
f 13500 13596 13597
f 13501 13598 13502
f 13501 13597 13598
f 13502 13599 13503
f 13502 13598 13599
f 13503 13600 13504
f 13503 13599 13600
f 13504 13601 13505
f 13504 13600 13601
f 13505 13602 13506
f 13505 13601 13602
f 13506 13603 13507
f 13506 13602 13603
f 13507 13604 13508
f 13507 13603 13604
f 13508 13605 13509
f 13508 13604 13605
f 13509 13606 13510
f 13509 13605 13606
f 13510 13607 13511
f 13510 13606 13607
f 13511 13608 13512
f 13511 13607 13608
f 13512 13609 13513
f 13512 13608 13609
f 13513 13610 13514
f 13513 13609 13610
f 13514 13611 13515
f 13514 13610 13611
f 13515 13612 13516
f 13515 13611 13612
f 13516 13613 13517
f 13516 13612 13613
f 13517 13614 13518
f 13517 13613 13614
f 13518 13615 13519
f 13518 13614 13615
f 13519 13616 13520
f 13519 13615 13616
f 13520 13617 13521
f 13520 13616 13617
f 13521 13618 13522
f 13521 13617 13618
f 13522 13619 13523
f 13522 13618 13619
f 13523 13620 13524
f 13523 13619 13620
f 13524 13621 13525
f 13524 13620 13621
f 13525 13622 13526
f 13525 13621 13622
f 13526 13623 13527
f 13526 13622 13623
f 13527 13624 13528
f 13527 13623 13624
f 13528 13625 13529
f 13528 13624 13625
f 13529 13626 13530
f 13529 13625 13626
f 13530 13627 13531
f 13530 13626 13627
f 13531 13628 13532
f 13531 13627 13628
f 13532 13629 13533
f 13532 13628 13629
f 13533 13630 13534
f 13533 13629 13630
f 13534 13631 13535
f 13534 13630 13631
f 13535 13632 13536
f 13535 13631 13632
f 13536 13633 13537
f 13536 13632 13633
f 13537 13538 13442
f 13537 13633 13538
f 13538 13635 13539
f 13538 13634 13635
f 13539 13636 13540
f 13539 13635 13636
f 13540 13637 13541
f 13540 13636 13637
f 13541 13638 13542
f 13541 13637 13638
f 13542 13639 13543
f 13542 13638 13639
f 13543 13640 13544
f 13543 13639 13640
f 13544 13641 13545
f 13544 13640 13641
f 13545 13642 13546
f 13545 13641 13642
f 13546 13643 13547
f 13546 13642 13643
f 13547 13644 13548
f 13547 13643 13644
f 13548 13645 13549
f 13548 13644 13645
f 13549 13646 13550
f 13549 13645 13646
f 13550 13647 13551
f 13550 13646 13647
f 13551 13648 13552
f 13551 13647 13648
f 13552 13649 13553
f 13552 13648 13649
f 13553 13650 13554
f 13553 13649 13650
f 13554 13651 13555
f 13554 13650 13651
f 13555 13652 13556
f 13555 13651 13652
f 13556 13653 13557
f 13556 13652 13653
f 13557 13654 13558
f 13557 13653 13654
f 13558 13655 13559
f 13558 13654 13655
f 13559 13656 13560
f 13559 13655 13656
f 13560 13657 13561
f 13560 13656 13657
f 13561 13658 13562
f 13561 13657 13658
f 13562 13659 13563
f 13562 13658 13659
f 13563 13660 13564
f 13563 13659 13660
f 13564 13661 13565
f 13564 13660 13661
f 13565 13662 13566
f 13565 13661 13662
f 13566 13663 13567
f 13566 13662 13663
f 13567 13664 13568
f 13567 13663 13664
f 13568 13665 13569
f 13568 13664 13665
f 13569 13666 13570
f 13569 13665 13666
f 13570 13667 13571
f 13570 13666 13667
f 13571 13668 13572
f 13571 13667 13668
f 13572 13669 13573
f 13572 13668 13669
f 13573 13670 13574
f 13573 13669 13670
f 13574 13671 13575
f 13574 13670 13671
f 13575 13672 13576
f 13575 13671 13672
f 13576 13673 13577
f 13576 13672 13673
f 13577 13674 13578
f 13577 13673 13674
f 13578 13675 13579
f 13578 13674 13675
f 13579 13676 13580
f 13579 13675 13676
f 13580 13677 13581
f 13580 13676 13677
f 13581 13678 13582
f 13581 13677 13678
f 13582 13679 13583
f 13582 13678 13679
f 13583 13680 13584
f 13583 13679 13680
f 13584 13681 13585
f 13584 13680 13681
f 13585 13682 13586
f 13585 13681 13682
f 13586 13683 13587
f 13586 13682 13683
f 13587 13684 13588
f 13587 13683 13684
f 13588 13685 13589
f 13588 13684 13685
f 13589 13686 13590
f 13589 13685 13686
f 13590 13687 13591
f 13590 13686 13687
f 13591 13688 13592
f 13591 13687 13688
f 13592 13689 13593
f 13592 13688 13689
f 13593 13690 13594
f 13593 13689 13690
f 13594 13691 13595
f 13594 13690 13691
f 13595 13692 13596
f 13595 13691 13692
f 13596 13693 13597
f 13596 13692 13693
f 13597 13694 13598
f 13597 13693 13694
f 13598 13695 13599
f 13598 13694 13695
f 13599 13696 13600
f 13599 13695 13696
f 13600 13697 13601
f 13600 13696 13697
f 13601 13698 13602
f 13601 13697 13698
f 13602 13699 13603
f 13602 13698 13699
f 13603 13700 13604
f 13603 13699 13700
f 13604 13701 13605
f 13604 13700 13701
f 13605 13702 13606
f 13605 13701 13702
f 13606 13703 13607
f 13606 13702 13703
f 13607 13704 13608
f 13607 13703 13704
f 13608 13705 13609
f 13608 13704 13705
f 13609 13706 13610
f 13609 13705 13706
f 13610 13707 13611
f 13610 13706 13707
f 13611 13708 13612
f 13611 13707 13708
f 13612 13709 13613
f 13612 13708 13709
f 13613 13710 13614
f 13613 13709 13710
f 13614 13711 13615
f 13614 13710 13711
f 13615 13712 13616
f 13615 13711 13712
f 13616 13713 13617
f 13616 13712 13713
f 13617 13714 13618
f 13617 13713 13714
f 13618 13715 13619
f 13618 13714 13715
f 13619 13716 13620
f 13619 13715 13716
f 13620 13717 13621
f 13620 13716 13717
f 13621 13718 13622
f 13621 13717 13718
f 13622 13719 13623
f 13622 13718 13719
f 13623 13720 13624
f 13623 13719 13720
f 13624 13721 13625
f 13624 13720 13721
f 13625 13722 13626
f 13625 13721 13722
f 13626 13723 13627
f 13626 13722 13723
f 13627 13724 13628
f 13627 13723 13724
f 13628 13725 13629
f 13628 13724 13725
f 13629 13726 13630
f 13629 13725 13726
f 13630 13727 13631
f 13630 13726 13727
f 13631 13728 13632
f 13631 13727 13728
f 13632 13729 13633
f 13632 13728 13729
f 13633 13634 13538
f 13633 13729 13634
f 13634 13731 13635
f 13634 13730 13731
f 13635 13732 13636
f 13635 13731 13732
f 13636 13733 13637
f 13636 13732 13733
f 13637 13734 13638
f 13637 13733 13734
f 13638 13735 13639
f 13638 13734 13735
f 13639 13736 13640
f 13639 13735 13736
f 13640 13737 13641
f 13640 13736 13737
f 13641 13738 13642
f 13641 13737 13738
f 13642 13739 13643
f 13642 13738 13739
f 13643 13740 13644
f 13643 13739 13740
f 13644 13741 13645
f 13644 13740 13741
f 13645 13742 13646
f 13645 13741 13742
f 13646 13743 13647
f 13646 13742 13743
f 13647 13744 13648
f 13647 13743 13744
f 13648 13745 13649
f 13648 13744 13745
f 13649 13746 13650
f 13649 13745 13746
f 13650 13747 13651
f 13650 13746 13747
f 13651 13748 13652
f 13651 13747 13748
f 13652 13749 13653
f 13652 13748 13749
f 13653 13750 13654
f 13653 13749 13750
f 13654 13751 13655
f 13654 13750 13751
f 13655 13752 13656
f 13655 13751 13752
f 13656 13753 13657
f 13656 13752 13753
f 13657 13754 13658
f 13657 13753 13754
f 13658 13755 13659
f 13658 13754 13755
f 13659 13756 13660
f 13659 13755 13756
f 13660 13757 13661
f 13660 13756 13757
f 13661 13758 13662
f 13661 13757 13758
f 13662 13759 13663
f 13662 13758 13759
f 13663 13760 13664
f 13663 13759 13760
f 13664 13761 13665
f 13664 13760 13761
f 13665 13762 13666
f 13665 13761 13762
f 13666 13763 13667
f 13666 13762 13763
f 13667 13764 13668
f 13667 13763 13764
f 13668 13765 13669
f 13668 13764 13765
f 13669 13766 13670
f 13669 13765 13766
f 13670 13767 13671
f 13670 13766 13767
f 13671 13768 13672
f 13671 13767 13768
f 13672 13769 13673
f 13672 13768 13769
f 13673 13770 13674
f 13673 13769 13770
f 13674 13771 13675
f 13674 13770 13771
f 13675 13772 13676
f 13675 13771 13772
f 13676 13773 13677
f 13676 13772 13773
f 13677 13774 13678
f 13677 13773 13774
f 13678 13775 13679
f 13678 13774 13775
f 13679 13776 13680
f 13679 13775 13776
f 13680 13777 13681
f 13680 13776 13777
f 13681 13778 13682
f 13681 13777 13778
f 13682 13779 13683
f 13682 13778 13779
f 13683 13780 13684
f 13683 13779 13780
f 13684 13781 13685
f 13684 13780 13781
f 13685 13782 13686
f 13685 13781 13782
f 13686 13783 13687
f 13686 13782 13783
f 13687 13784 13688
f 13687 13783 13784
f 13688 13785 13689
f 13688 13784 13785
f 13689 13786 13690
f 13689 13785 13786
f 13690 13787 13691
f 13690 13786 13787
f 13691 13788 13692
f 13691 13787 13788
f 13692 13789 13693
f 13692 13788 13789
f 13693 13790 13694
f 13693 13789 13790
f 13694 13791 13695
f 13694 13790 13791
f 13695 13792 13696
f 13695 13791 13792
f 13696 13793 13697
f 13696 13792 13793
f 13697 13794 13698
f 13697 13793 13794
f 13698 13795 13699
f 13698 13794 13795
f 13699 13796 13700
f 13699 13795 13796
f 13700 13797 13701
f 13700 13796 13797
f 13701 13798 13702
f 13701 13797 13798
f 13702 13799 13703
f 13702 13798 13799
f 13703 13800 13704
f 13703 13799 13800
f 13704 13801 13705
f 13704 13800 13801
f 13705 13802 13706
f 13705 13801 13802
f 13706 13803 13707
f 13706 13802 13803
f 13707 13804 13708
f 13707 13803 13804
f 13708 13805 13709
f 13708 13804 13805
f 13709 13806 13710
f 13709 13805 13806
f 13710 13807 13711
f 13710 13806 13807
f 13711 13808 13712
f 13711 13807 13808
f 13712 13809 13713
f 13712 13808 13809
f 13713 13810 13714
f 13713 13809 13810
f 13714 13811 13715
f 13714 13810 13811
f 13715 13812 13716
f 13715 13811 13812
f 13716 13813 13717
f 13716 13812 13813
f 13717 13814 13718
f 13717 13813 13814
f 13718 13815 13719
f 13718 13814 13815
f 13719 13816 13720
f 13719 13815 13816
f 13720 13817 13721
f 13720 13816 13817
f 13721 13818 13722
f 13721 13817 13818
f 13722 13819 13723
f 13722 13818 13819
f 13723 13820 13724
f 13723 13819 13820
f 13724 13821 13725
f 13724 13820 13821
f 13725 13822 13726
f 13725 13821 13822
f 13726 13823 13727
f 13726 13822 13823
f 13727 13824 13728
f 13727 13823 13824
f 13728 13825 13729
f 13728 13824 13825
f 13729 13730 13634
f 13729 13825 13730
f 13730 13827 13731
f 13730 13826 13827
f 13731 13828 13732
f 13731 13827 13828
f 13732 13829 13733
f 13732 13828 13829
f 13733 13830 13734
f 13733 13829 13830
f 13734 13831 13735
f 13734 13830 13831
f 13735 13832 13736
f 13735 13831 13832
f 13736 13833 13737
f 13736 13832 13833
f 13737 13834 13738
f 13737 13833 13834
f 13738 13835 13739
f 13738 13834 13835
f 13739 13836 13740
f 13739 13835 13836
f 13740 13837 13741
f 13740 13836 13837
f 13741 13838 13742
f 13741 13837 13838
f 13742 13839 13743
f 13742 13838 13839
f 13743 13840 13744
f 13743 13839 13840
f 13744 13841 13745
f 13744 13840 13841
f 13745 13842 13746
f 13745 13841 13842
f 13746 13843 13747
f 13746 13842 13843
f 13747 13844 13748
f 13747 13843 13844
f 13748 13845 13749
f 13748 13844 13845
f 13749 13846 13750
f 13749 13845 13846
f 13750 13847 13751
f 13750 13846 13847
f 13751 13848 13752
f 13751 13847 13848
f 13752 13849 13753
f 13752 13848 13849
f 13753 13850 13754
f 13753 13849 13850
f 13754 13851 13755
f 13754 13850 13851
f 13755 13852 13756
f 13755 13851 13852
f 13756 13853 13757
f 13756 13852 13853
f 13757 13854 13758
f 13757 13853 13854
f 13758 13855 13759
f 13758 13854 13855
f 13759 13856 13760
f 13759 13855 13856
f 13760 13857 13761
f 13760 13856 13857
f 13761 13858 13762
f 13761 13857 13858
f 13762 13859 13763
f 13762 13858 13859
f 13763 13860 13764
f 13763 13859 13860
f 13764 13861 13765
f 13764 13860 13861
f 13765 13862 13766
f 13765 13861 13862
f 13766 13863 13767
f 13766 13862 13863
f 13767 13864 13768
f 13767 13863 13864
f 13768 13865 13769
f 13768 13864 13865
f 13769 13866 13770
f 13769 13865 13866
f 13770 13867 13771
f 13770 13866 13867
f 13771 13868 13772
f 13771 13867 13868
f 13772 13869 13773
f 13772 13868 13869
f 13773 13870 13774
f 13773 13869 13870
f 13774 13871 13775
f 13774 13870 13871
f 13775 13872 13776
f 13775 13871 13872
f 13776 13873 13777
f 13776 13872 13873
f 13777 13874 13778
f 13777 13873 13874
f 13778 13875 13779
f 13778 13874 13875
f 13779 13876 13780
f 13779 13875 13876
f 13780 13877 13781
f 13780 13876 13877
f 13781 13878 13782
f 13781 13877 13878
f 13782 13879 13783
f 13782 13878 13879
f 13783 13880 13784
f 13783 13879 13880
f 13784 13881 13785
f 13784 13880 13881
f 13785 13882 13786
f 13785 13881 13882
f 13786 13883 13787
f 13786 13882 13883
f 13787 13884 13788
f 13787 13883 13884
f 13788 13885 13789
f 13788 13884 13885
f 13789 13886 13790
f 13789 13885 13886
f 13790 13887 13791
f 13790 13886 13887
f 13791 13888 13792
f 13791 13887 13888
f 13792 13889 13793
f 13792 13888 13889
f 13793 13890 13794
f 13793 13889 13890
f 13794 13891 13795
f 13794 13890 13891
f 13795 13892 13796
f 13795 13891 13892
f 13796 13893 13797
f 13796 13892 13893
f 13797 13894 13798
f 13797 13893 13894
f 13798 13895 13799
f 13798 13894 13895
f 13799 13896 13800
f 13799 13895 13896
f 13800 13897 13801
f 13800 13896 13897
f 13801 13898 13802
f 13801 13897 13898
f 13802 13899 13803
f 13802 13898 13899
f 13803 13900 13804
f 13803 13899 13900
f 13804 13901 13805
f 13804 13900 13901
f 13805 13902 13806
f 13805 13901 13902
f 13806 13903 13807
f 13806 13902 13903
f 13807 13904 13808
f 13807 13903 13904
f 13808 13905 13809
f 13808 13904 13905
f 13809 13906 13810
f 13809 13905 13906
f 13810 13907 13811
f 13810 13906 13907
f 13811 13908 13812
f 13811 13907 13908
f 13812 13909 13813
f 13812 13908 13909
f 13813 13910 13814
f 13813 13909 13910
f 13814 13911 13815
f 13814 13910 13911
f 13815 13912 13816
f 13815 13911 13912
f 13816 13913 13817
f 13816 13912 13913
f 13817 13914 13818
f 13817 13913 13914
f 13818 13915 13819
f 13818 13914 13915
f 13819 13916 13820
f 13819 13915 13916
f 13820 13917 13821
f 13820 13916 13917
f 13821 13918 13822
f 13821 13917 13918
f 13822 13919 13823
f 13822 13918 13919
f 13823 13920 13824
f 13823 13919 13920
f 13824 13921 13825
f 13824 13920 13921
f 13825 13826 13730
f 13825 13921 13826
f 13922 14018 13923
f 13923 14018 13924
f 13924 14018 13925
f 13925 14018 13926
f 13926 14018 13927
f 13927 14018 13928
f 13928 14018 13929
f 13929 14018 13930
f 13930 14018 13931
f 13931 14018 13932
f 13932 14018 13933
f 13933 14018 13934
f 13934 14018 13935
f 13935 14018 13936
f 13936 14018 13937
f 13937 14018 13938
f 13938 14018 13939
f 13939 14018 13940
f 13940 14018 13941
f 13941 14018 13942
f 13942 14018 13943
f 13943 14018 13944
f 13944 14018 13945
f 13945 14018 13946
f 13946 14018 13947
f 13947 14018 13948
f 13948 14018 13949
f 13949 14018 13950
f 13950 14018 13951
f 13951 14018 13952
f 13952 14018 13953
f 13953 14018 13954
f 13954 14018 13955
f 13955 14018 13956
f 13956 14018 13957
f 13957 14018 13958
f 13958 14018 13959
f 13959 14018 13960
f 13960 14018 13961
f 13961 14018 13962
f 13962 14018 13963
f 13963 14018 13964
f 13964 14018 13965
f 13965 14018 13966
f 13966 14018 13967
f 13967 14018 13968
f 13968 14018 13969
f 13969 14018 13970
f 13970 14018 13971
f 13971 14018 13972
f 13972 14018 13973
f 13973 14018 13974
f 13974 14018 13975
f 13975 14018 13976
f 13976 14018 13977
f 13977 14018 13978
f 13978 14018 13979
f 13979 14018 13980
f 13980 14018 13981
f 13981 14018 13982
f 13982 14018 13983
f 13983 14018 13984
f 13984 14018 13985
f 13985 14018 13986
f 13986 14018 13987
f 13987 14018 13988
f 13988 14018 13989
f 13989 14018 13990
f 13990 14018 13991
f 13991 14018 13992
f 13992 14018 13993
f 13993 14018 13994
f 13994 14018 13995
f 13995 14018 13996
f 13996 14018 13997
f 13997 14018 13998
f 13998 14018 13999
f 13999 14018 14000
f 14000 14018 14001
f 14001 14018 14002
f 14002 14018 14003
f 14003 14018 14004
f 14004 14018 14005
f 14005 14018 14006
f 14006 14018 14007
f 14007 14018 14008
f 14008 14018 14009
f 14009 14018 14010
f 14010 14018 14011
f 14011 14018 14012
f 14012 14018 14013
f 14013 14018 14014
f 14014 14018 14015
f 14015 14018 14016
f 14016 14018 14017
f 14017 14018 13922
