# Wine glass, 0.8 tall, standing on y = 0
# Generated procedurally for CSCI 4471 Assignment 1. 13346 vertices, 25728 triangles.
# Vertices shared between triangles are smooth; separate vertices give a sharp edge.
v 0.000000 0.000000 0.000000
v 0.160000 0.000000 0.000000
v 0.159657 0.000000 0.010465
v 0.158631 0.000000 0.020884
v 0.156926 0.000000 0.031214
v 0.154548 0.000000 0.041411
v 0.151509 0.000000 0.051430
v 0.147821 0.000000 0.061229
v 0.143500 0.000000 0.070766
v 0.138564 0.000000 0.080000
v 0.133035 0.000000 0.088891
v 0.126937 0.000000 0.097402
v 0.120294 0.000000 0.105495
v 0.113137 0.000000 0.113137
v 0.105495 0.000000 0.120294
v 0.097402 0.000000 0.126937
v 0.088891 0.000000 0.133035
v 0.080000 0.000000 0.138564
v 0.070766 0.000000 0.143500
v 0.061229 0.000000 0.147821
v 0.051430 0.000000 0.151509
v 0.041411 0.000000 0.154548
v 0.031214 0.000000 0.156926
v 0.020884 0.000000 0.158631
v 0.010465 0.000000 0.159657
v 0.000000 0.000000 0.160000
v -0.010465 0.000000 0.159657
v -0.020884 0.000000 0.158631
v -0.031214 0.000000 0.156926
v -0.041411 0.000000 0.154548
v -0.051430 0.000000 0.151509
v -0.061229 0.000000 0.147821
v -0.070766 0.000000 0.143500
v -0.080000 0.000000 0.138564
v -0.088891 0.000000 0.133035
v -0.097402 0.000000 0.126937
v -0.105495 0.000000 0.120294
v -0.113137 0.000000 0.113137
v -0.120294 0.000000 0.105495
v -0.126937 0.000000 0.097402
v -0.133035 0.000000 0.088891
v -0.138564 0.000000 0.080000
v -0.143500 0.000000 0.070766
v -0.147821 0.000000 0.061229
v -0.151509 0.000000 0.051430
v -0.154548 0.000000 0.041411
v -0.156926 0.000000 0.031214
v -0.158631 0.000000 0.020884
v -0.159657 0.000000 0.010465
v -0.160000 0.000000 0.000000
v -0.159657 0.000000 -0.010465
v -0.158631 0.000000 -0.020884
v -0.156926 0.000000 -0.031214
v -0.154548 0.000000 -0.041411
v -0.151509 0.000000 -0.051430
v -0.147821 0.000000 -0.061229
v -0.143500 0.000000 -0.070766
v -0.138564 0.000000 -0.080000
v -0.133035 0.000000 -0.088891
v -0.126937 0.000000 -0.097402
v -0.120294 0.000000 -0.105495
v -0.113137 0.000000 -0.113137
v -0.105495 0.000000 -0.120294
v -0.097402 0.000000 -0.126937
v -0.088891 0.000000 -0.133035
v -0.080000 0.000000 -0.138564
v -0.070766 0.000000 -0.143500
v -0.061229 0.000000 -0.147821
v -0.051430 0.000000 -0.151509
v -0.041411 0.000000 -0.154548
v -0.031214 0.000000 -0.156926
v -0.020884 0.000000 -0.158631
v -0.010465 0.000000 -0.159657
v -0.000000 0.000000 -0.160000
v 0.010465 0.000000 -0.159657
v 0.020884 0.000000 -0.158631
v 0.031214 0.000000 -0.156926
v 0.041411 0.000000 -0.154548
v 0.051430 0.000000 -0.151509
v 0.061229 0.000000 -0.147821
v 0.070766 0.000000 -0.143500
v 0.080000 0.000000 -0.138564
v 0.088891 0.000000 -0.133035
v 0.097402 0.000000 -0.126937
v 0.105495 0.000000 -0.120294
v 0.113137 0.000000 -0.113137
v 0.120294 0.000000 -0.105495
v 0.126937 0.000000 -0.097402
v 0.133035 0.000000 -0.088891
v 0.138564 0.000000 -0.080000
v 0.143500 0.000000 -0.070766
v 0.147821 0.000000 -0.061229
v 0.151509 0.000000 -0.051430
v 0.154548 0.000000 -0.041411
v 0.156926 0.000000 -0.031214
v 0.158631 0.000000 -0.020884
v 0.159657 0.000000 -0.010465
v 0.160000 0.000000 0.000000
v 0.159657 0.000000 0.010465
v 0.158631 0.000000 0.020884
v 0.156926 0.000000 0.031214
v 0.154548 0.000000 0.041411
v 0.151509 0.000000 0.051430
v 0.147821 0.000000 0.061229
v 0.143500 0.000000 0.070766
v 0.138564 0.000000 0.080000
v 0.133035 0.000000 0.088891
v 0.126937 0.000000 0.097402
v 0.120294 0.000000 0.105495
v 0.113137 0.000000 0.113137
v 0.105495 0.000000 0.120294
v 0.097402 0.000000 0.126937
v 0.088891 0.000000 0.133035
v 0.080000 0.000000 0.138564
v 0.070766 0.000000 0.143500
v 0.061229 0.000000 0.147821
v 0.051430 0.000000 0.151509
v 0.041411 0.000000 0.154548
v 0.031214 0.000000 0.156926
v 0.020884 0.000000 0.158631
v 0.010465 0.000000 0.159657
v 0.000000 0.000000 0.160000
v -0.010465 0.000000 0.159657
v -0.020884 0.000000 0.158631
v -0.031214 0.000000 0.156926
v -0.041411 0.000000 0.154548
v -0.051430 0.000000 0.151509
v -0.061229 0.000000 0.147821
v -0.070766 0.000000 0.143500
v -0.080000 0.000000 0.138564
v -0.088891 0.000000 0.133035
v -0.097402 0.000000 0.126937
v -0.105495 0.000000 0.120294
v -0.113137 0.000000 0.113137
v -0.120294 0.000000 0.105495
v -0.126937 0.000000 0.097402
v -0.133035 0.000000 0.088891
v -0.138564 0.000000 0.080000
v -0.143500 0.000000 0.070766
v -0.147821 0.000000 0.061229
v -0.151509 0.000000 0.051430
v -0.154548 0.000000 0.041411
v -0.156926 0.000000 0.031214
v -0.158631 0.000000 0.020884
v -0.159657 0.000000 0.010465
v -0.160000 0.000000 0.000000
v -0.159657 0.000000 -0.010465
v -0.158631 0.000000 -0.020884
v -0.156926 0.000000 -0.031214
v -0.154548 0.000000 -0.041411
v -0.151509 0.000000 -0.051430
v -0.147821 0.000000 -0.061229
v -0.143500 0.000000 -0.070766
v -0.138564 0.000000 -0.080000
v -0.133035 0.000000 -0.088891
v -0.126937 0.000000 -0.097402
v -0.120294 0.000000 -0.105495
v -0.113137 0.000000 -0.113137
v -0.105495 0.000000 -0.120294
v -0.097402 0.000000 -0.126937
v -0.088891 0.000000 -0.133035
v -0.080000 0.000000 -0.138564
v -0.070766 0.000000 -0.143500
v -0.061229 0.000000 -0.147821
v -0.051430 0.000000 -0.151509
v -0.041411 0.000000 -0.154548
v -0.031214 0.000000 -0.156926
v -0.020884 0.000000 -0.158631
v -0.010465 0.000000 -0.159657
v -0.000000 0.000000 -0.160000
v 0.010465 0.000000 -0.159657
v 0.020884 0.000000 -0.158631
v 0.031214 0.000000 -0.156926
v 0.041411 0.000000 -0.154548
v 0.051430 0.000000 -0.151509
v 0.061229 0.000000 -0.147821
v 0.070766 0.000000 -0.143500
v 0.080000 0.000000 -0.138564
v 0.088891 0.000000 -0.133035
v 0.097402 0.000000 -0.126937
v 0.105495 0.000000 -0.120294
v 0.113137 0.000000 -0.113137
v 0.120294 0.000000 -0.105495
v 0.126937 0.000000 -0.097402
v 0.133035 0.000000 -0.088891
v 0.138564 0.000000 -0.080000
v 0.143500 0.000000 -0.070766
v 0.147821 0.000000 -0.061229
v 0.151509 0.000000 -0.051430
v 0.154548 0.000000 -0.041411
v 0.156926 0.000000 -0.031214
v 0.158631 0.000000 -0.020884
v 0.159657 0.000000 -0.010465
v 0.160000 0.008000 0.000000
v 0.159657 0.008000 0.010465
v 0.158631 0.008000 0.020884
v 0.156926 0.008000 0.031214
v 0.154548 0.008000 0.041411
v 0.151509 0.008000 0.051430
v 0.147821 0.008000 0.061229
v 0.143500 0.008000 0.070766
v 0.138564 0.008000 0.080000
v 0.133035 0.008000 0.088891
v 0.126937 0.008000 0.097402
v 0.120294 0.008000 0.105495
v 0.113137 0.008000 0.113137
v 0.105495 0.008000 0.120294
v 0.097402 0.008000 0.126937
v 0.088891 0.008000 0.133035
v 0.080000 0.008000 0.138564
v 0.070766 0.008000 0.143500
v 0.061229 0.008000 0.147821
v 0.051430 0.008000 0.151509
v 0.041411 0.008000 0.154548
v 0.031214 0.008000 0.156926
v 0.020884 0.008000 0.158631
v 0.010465 0.008000 0.159657
v 0.000000 0.008000 0.160000
v -0.010465 0.008000 0.159657
v -0.020884 0.008000 0.158631
v -0.031214 0.008000 0.156926
v -0.041411 0.008000 0.154548
v -0.051430 0.008000 0.151509
v -0.061229 0.008000 0.147821
v -0.070766 0.008000 0.143500
v -0.080000 0.008000 0.138564
v -0.088891 0.008000 0.133035
v -0.097402 0.008000 0.126937
v -0.105495 0.008000 0.120294
v -0.113137 0.008000 0.113137
v -0.120294 0.008000 0.105495
v -0.126937 0.008000 0.097402
v -0.133035 0.008000 0.088891
v -0.138564 0.008000 0.080000
v -0.143500 0.008000 0.070766
v -0.147821 0.008000 0.061229
v -0.151509 0.008000 0.051430
v -0.154548 0.008000 0.041411
v -0.156926 0.008000 0.031214
v -0.158631 0.008000 0.020884
v -0.159657 0.008000 0.010465
v -0.160000 0.008000 0.000000
v -0.159657 0.008000 -0.010465
v -0.158631 0.008000 -0.020884
v -0.156926 0.008000 -0.031214
v -0.154548 0.008000 -0.041411
v -0.151509 0.008000 -0.051430
v -0.147821 0.008000 -0.061229
v -0.143500 0.008000 -0.070766
v -0.138564 0.008000 -0.080000
v -0.133035 0.008000 -0.088891
v -0.126937 0.008000 -0.097402
v -0.120294 0.008000 -0.105495
v -0.113137 0.008000 -0.113137
v -0.105495 0.008000 -0.120294
v -0.097402 0.008000 -0.126937
v -0.088891 0.008000 -0.133035
v -0.080000 0.008000 -0.138564
v -0.070766 0.008000 -0.143500
v -0.061229 0.008000 -0.147821
v -0.051430 0.008000 -0.151509
v -0.041411 0.008000 -0.154548
v -0.031214 0.008000 -0.156926
v -0.020884 0.008000 -0.158631
v -0.010465 0.008000 -0.159657
v -0.000000 0.008000 -0.160000
v 0.010465 0.008000 -0.159657
v 0.020884 0.008000 -0.158631
v 0.031214 0.008000 -0.156926
v 0.041411 0.008000 -0.154548
v 0.051430 0.008000 -0.151509
v 0.061229 0.008000 -0.147821
v 0.070766 0.008000 -0.143500
v 0.080000 0.008000 -0.138564
v 0.088891 0.008000 -0.133035
v 0.097402 0.008000 -0.126937
v 0.105495 0.008000 -0.120294
v 0.113137 0.008000 -0.113137
v 0.120294 0.008000 -0.105495
v 0.126937 0.008000 -0.097402
v 0.133035 0.008000 -0.088891
v 0.138564 0.008000 -0.080000
v 0.143500 0.008000 -0.070766
v 0.147821 0.008000 -0.061229
v 0.151509 0.008000 -0.051430
v 0.154548 0.008000 -0.041411
v 0.156926 0.008000 -0.031214
v 0.158631 0.008000 -0.020884
v 0.159657 0.008000 -0.010465
v 0.160000 0.008000 0.000000
v 0.159657 0.008000 0.010465
v 0.158631 0.008000 0.020884
v 0.156926 0.008000 0.031214
v 0.154548 0.008000 0.041411
v 0.151509 0.008000 0.051430
v 0.147821 0.008000 0.061229
v 0.143500 0.008000 0.070766
v 0.138564 0.008000 0.080000
v 0.133035 0.008000 0.088891
v 0.126937 0.008000 0.097402
v 0.120294 0.008000 0.105495
v 0.113137 0.008000 0.113137
v 0.105495 0.008000 0.120294
v 0.097402 0.008000 0.126937
v 0.088891 0.008000 0.133035
v 0.080000 0.008000 0.138564
v 0.070766 0.008000 0.143500
v 0.061229 0.008000 0.147821
v 0.051430 0.008000 0.151509
v 0.041411 0.008000 0.154548
v 0.031214 0.008000 0.156926
v 0.020884 0.008000 0.158631
v 0.010465 0.008000 0.159657
v 0.000000 0.008000 0.160000
v -0.010465 0.008000 0.159657
v -0.020884 0.008000 0.158631
v -0.031214 0.008000 0.156926
v -0.041411 0.008000 0.154548
v -0.051430 0.008000 0.151509
v -0.061229 0.008000 0.147821
v -0.070766 0.008000 0.143500
v -0.080000 0.008000 0.138564
v -0.088891 0.008000 0.133035
v -0.097402 0.008000 0.126937
v -0.105495 0.008000 0.120294
v -0.113137 0.008000 0.113137
v -0.120294 0.008000 0.105495
v -0.126937 0.008000 0.097402
v -0.133035 0.008000 0.088891
v -0.138564 0.008000 0.080000
v -0.143500 0.008000 0.070766
v -0.147821 0.008000 0.061229
v -0.151509 0.008000 0.051430
v -0.154548 0.008000 0.041411
v -0.156926 0.008000 0.031214
v -0.158631 0.008000 0.020884
v -0.159657 0.008000 0.010465
v -0.160000 0.008000 0.000000
v -0.159657 0.008000 -0.010465
v -0.158631 0.008000 -0.020884
v -0.156926 0.008000 -0.031214
v -0.154548 0.008000 -0.041411
v -0.151509 0.008000 -0.051430
v -0.147821 0.008000 -0.061229
v -0.143500 0.008000 -0.070766
v -0.138564 0.008000 -0.080000
v -0.133035 0.008000 -0.088891
v -0.126937 0.008000 -0.097402
v -0.120294 0.008000 -0.105495
v -0.113137 0.008000 -0.113137
v -0.105495 0.008000 -0.120294
v -0.097402 0.008000 -0.126937
v -0.088891 0.008000 -0.133035
v -0.080000 0.008000 -0.138564
v -0.070766 0.008000 -0.143500
v -0.061229 0.008000 -0.147821
v -0.051430 0.008000 -0.151509
v -0.041411 0.008000 -0.154548
v -0.031214 0.008000 -0.156926
v -0.020884 0.008000 -0.158631
v -0.010465 0.008000 -0.159657
v -0.000000 0.008000 -0.160000
v 0.010465 0.008000 -0.159657
v 0.020884 0.008000 -0.158631
v 0.031214 0.008000 -0.156926
v 0.041411 0.008000 -0.154548
v 0.051430 0.008000 -0.151509
v 0.061229 0.008000 -0.147821
v 0.070766 0.008000 -0.143500
v 0.080000 0.008000 -0.138564
v 0.088891 0.008000 -0.133035
v 0.097402 0.008000 -0.126937
v 0.105495 0.008000 -0.120294
v 0.113137 0.008000 -0.113137
v 0.120294 0.008000 -0.105495
v 0.126937 0.008000 -0.097402
v 0.133035 0.008000 -0.088891
v 0.138564 0.008000 -0.080000
v 0.143500 0.008000 -0.070766
v 0.147821 0.008000 -0.061229
v 0.151509 0.008000 -0.051430
v 0.154548 0.008000 -0.041411
v 0.156926 0.008000 -0.031214
v 0.158631 0.008000 -0.020884
v 0.159657 0.008000 -0.010465
v 0.151875 0.008803 0.000000
v 0.151550 0.008803 0.009933
v 0.150576 0.008803 0.019824
v 0.148957 0.008803 0.029629
v 0.146700 0.008803 0.039308
v 0.143815 0.008803 0.048819
v 0.140314 0.008803 0.058120
v 0.136213 0.008803 0.067173
v 0.131528 0.008803 0.075937
v 0.126279 0.008803 0.084377
v 0.120491 0.008803 0.092456
v 0.114186 0.008803 0.100138
v 0.107392 0.008803 0.107392
v 0.100138 0.008803 0.114186
v 0.092456 0.008803 0.120491
v 0.084377 0.008803 0.126279
v 0.075938 0.008803 0.131528
v 0.067173 0.008803 0.136213
v 0.058120 0.008803 0.140314
v 0.048819 0.008803 0.143815
v 0.039308 0.008803 0.146700
v 0.029629 0.008803 0.148957
v 0.019824 0.008803 0.150576
v 0.009933 0.008803 0.151550
v 0.000000 0.008803 0.151875
v -0.009933 0.008803 0.151550
v -0.019824 0.008803 0.150576
v -0.029629 0.008803 0.148957
v -0.039308 0.008803 0.146700
v -0.048819 0.008803 0.143815
v -0.058120 0.008803 0.140314
v -0.067173 0.008803 0.136213
v -0.075937 0.008803 0.131528
v -0.084377 0.008803 0.126279
v -0.092456 0.008803 0.120491
v -0.100138 0.008803 0.114186
v -0.107392 0.008803 0.107392
v -0.114186 0.008803 0.100138
v -0.120491 0.008803 0.092456
v -0.126279 0.008803 0.084377
v -0.131528 0.008803 0.075937
v -0.136213 0.008803 0.067173
v -0.140314 0.008803 0.058120
v -0.143815 0.008803 0.048819
v -0.146700 0.008803 0.039308
v -0.148957 0.008803 0.029629
v -0.150576 0.008803 0.019824
v -0.151550 0.008803 0.009933
v -0.151875 0.008803 0.000000
v -0.151550 0.008803 -0.009933
v -0.150576 0.008803 -0.019824
v -0.148957 0.008803 -0.029629
v -0.146700 0.008803 -0.039308
v -0.143815 0.008803 -0.048819
v -0.140314 0.008803 -0.058120
v -0.136213 0.008803 -0.067173
v -0.131528 0.008803 -0.075937
v -0.126279 0.008803 -0.084377
v -0.120491 0.008803 -0.092456
v -0.114186 0.008803 -0.100138
v -0.107392 0.008803 -0.107392
v -0.100138 0.008803 -0.114186
v -0.092456 0.008803 -0.120491
v -0.084377 0.008803 -0.126279
v -0.075938 0.008803 -0.131528
v -0.067173 0.008803 -0.136213
v -0.058120 0.008803 -0.140314
v -0.048819 0.008803 -0.143815
v -0.039308 0.008803 -0.146700
v -0.029629 0.008803 -0.148957
v -0.019824 0.008803 -0.150576
v -0.009933 0.008803 -0.151550
v -0.000000 0.008803 -0.151875
v 0.009933 0.008803 -0.151550
v 0.019824 0.008803 -0.150576
v 0.029629 0.008803 -0.148957
v 0.039308 0.008803 -0.146700
v 0.048819 0.008803 -0.143815
v 0.058120 0.008803 -0.140314
v 0.067173 0.008803 -0.136213
v 0.075938 0.008803 -0.131528
v 0.084377 0.008803 -0.126279
v 0.092456 0.008803 -0.120491
v 0.100138 0.008803 -0.114186
v 0.107392 0.008803 -0.107392
v 0.114186 0.008803 -0.100138
v 0.120491 0.008803 -0.092456
v 0.126279 0.008803 -0.084377
v 0.131528 0.008803 -0.075938
v 0.136213 0.008803 -0.067173
v 0.140314 0.008803 -0.058120
v 0.143815 0.008803 -0.048819
v 0.146700 0.008803 -0.039308
v 0.148957 0.008803 -0.029629
v 0.150576 0.008803 -0.019824
v 0.151550 0.008803 -0.009933
v 0.140625 0.009734 0.000000
v 0.140324 0.009734 0.009197
v 0.139422 0.009734 0.018355
v 0.137923 0.009734 0.027435
v 0.135833 0.009734 0.036396
v 0.133162 0.009734 0.045202
v 0.129921 0.009734 0.053815
v 0.126123 0.009734 0.062197
v 0.121785 0.009734 0.070312
v 0.116925 0.009734 0.078127
v 0.111565 0.009734 0.085607
v 0.105727 0.009734 0.092721
v 0.099437 0.009734 0.099437
v 0.092721 0.009734 0.105727
v 0.085607 0.009734 0.111565
v 0.078127 0.009734 0.116925
v 0.070313 0.009734 0.121785
v 0.062197 0.009734 0.126123
v 0.053815 0.009734 0.129921
v 0.045202 0.009734 0.133162
v 0.036396 0.009734 0.135833
v 0.027435 0.009734 0.137923
v 0.018355 0.009734 0.139422
v 0.009197 0.009734 0.140324
v 0.000000 0.009734 0.140625
v -0.009197 0.009734 0.140324
v -0.018355 0.009734 0.139422
v -0.027435 0.009734 0.137923
v -0.036396 0.009734 0.135833
v -0.045202 0.009734 0.133162
v -0.053815 0.009734 0.129921
v -0.062197 0.009734 0.126123
v -0.070312 0.009734 0.121785
v -0.078127 0.009734 0.116925
v -0.085607 0.009734 0.111565
v -0.092721 0.009734 0.105727
v -0.099437 0.009734 0.099437
v -0.105727 0.009734 0.092721
v -0.111565 0.009734 0.085607
v -0.116925 0.009734 0.078127
v -0.121785 0.009734 0.070312
v -0.126123 0.009734 0.062197
v -0.129921 0.009734 0.053815
v -0.133162 0.009734 0.045202
v -0.135833 0.009734 0.036396
v -0.137923 0.009734 0.027435
v -0.139422 0.009734 0.018355
v -0.140324 0.009734 0.009197
v -0.140625 0.009734 0.000000
v -0.140324 0.009734 -0.009197
v -0.139422 0.009734 -0.018355
v -0.137923 0.009734 -0.027435
v -0.135833 0.009734 -0.036396
v -0.133162 0.009734 -0.045202
v -0.129921 0.009734 -0.053815
v -0.126123 0.009734 -0.062197
v -0.121785 0.009734 -0.070312
v -0.116925 0.009734 -0.078127
v -0.111565 0.009734 -0.085607
v -0.105727 0.009734 -0.092721
v -0.099437 0.009734 -0.099437
v -0.092721 0.009734 -0.105727
v -0.085607 0.009734 -0.111565
v -0.078127 0.009734 -0.116925
v -0.070313 0.009734 -0.121785
v -0.062197 0.009734 -0.126123
v -0.053815 0.009734 -0.129921
v -0.045202 0.009734 -0.133162
v -0.036396 0.009734 -0.135833
v -0.027435 0.009734 -0.137923
v -0.018355 0.009734 -0.139422
v -0.009197 0.009734 -0.140324
v -0.000000 0.009734 -0.140625
v 0.009197 0.009734 -0.140324
v 0.018355 0.009734 -0.139422
v 0.027435 0.009734 -0.137923
v 0.036396 0.009734 -0.135833
v 0.045202 0.009734 -0.133162
v 0.053815 0.009734 -0.129921
v 0.062197 0.009734 -0.126123
v 0.070313 0.009734 -0.121785
v 0.078127 0.009734 -0.116925
v 0.085607 0.009734 -0.111565
v 0.092721 0.009734 -0.105727
v 0.099437 0.009734 -0.099437
v 0.105727 0.009734 -0.092721
v 0.111565 0.009734 -0.085607
v 0.116925 0.009734 -0.078127
v 0.121785 0.009734 -0.070313
v 0.126123 0.009734 -0.062197
v 0.129921 0.009734 -0.053815
v 0.133162 0.009734 -0.045202
v 0.135833 0.009734 -0.036396
v 0.137923 0.009734 -0.027435
v 0.139422 0.009734 -0.018355
v 0.140324 0.009734 -0.009197
v 0.127187 0.010830 0.000000
v 0.126915 0.010830 0.008318
v 0.126099 0.010830 0.016601
v 0.124744 0.010830 0.024813
v 0.122854 0.010830 0.032919
v 0.120438 0.010830 0.040883
v 0.117506 0.010830 0.048673
v 0.114071 0.010830 0.056254
v 0.110148 0.010830 0.063594
v 0.105753 0.010830 0.070662
v 0.100905 0.010830 0.077427
v 0.095625 0.010830 0.083861
v 0.089935 0.010830 0.089935
v 0.083861 0.010830 0.095625
v 0.077427 0.010830 0.100905
v 0.070662 0.010830 0.105753
v 0.063594 0.010830 0.110148
v 0.056254 0.010830 0.114071
v 0.048673 0.010830 0.117506
v 0.040883 0.010830 0.120438
v 0.032919 0.010830 0.122854
v 0.024813 0.010830 0.124744
v 0.016601 0.010830 0.126099
v 0.008318 0.010830 0.126915
v 0.000000 0.010830 0.127187
v -0.008318 0.010830 0.126915
v -0.016601 0.010830 0.126099
v -0.024813 0.010830 0.124744
v -0.032919 0.010830 0.122854
v -0.040883 0.010830 0.120438
v -0.048673 0.010830 0.117506
v -0.056254 0.010830 0.114071
v -0.063594 0.010830 0.110148
v -0.070662 0.010830 0.105753
v -0.077427 0.010830 0.100905
v -0.083861 0.010830 0.095625
v -0.089935 0.010830 0.089935
v -0.095625 0.010830 0.083861
v -0.100905 0.010830 0.077427
v -0.105753 0.010830 0.070662
v -0.110148 0.010830 0.063594
v -0.114071 0.010830 0.056254
v -0.117506 0.010830 0.048673
v -0.120438 0.010830 0.040883
v -0.122854 0.010830 0.032919
v -0.124744 0.010830 0.024813
v -0.126099 0.010830 0.016601
v -0.126915 0.010830 0.008318
v -0.127187 0.010830 0.000000
v -0.126915 0.010830 -0.008318
v -0.126099 0.010830 -0.016601
v -0.124744 0.010830 -0.024813
v -0.122854 0.010830 -0.032919
v -0.120438 0.010830 -0.040883
v -0.117506 0.010830 -0.048673
v -0.114071 0.010830 -0.056254
v -0.110148 0.010830 -0.063594
v -0.105753 0.010830 -0.070662
v -0.100905 0.010830 -0.077427
v -0.095625 0.010830 -0.083861
v -0.089935 0.010830 -0.089935
v -0.083861 0.010830 -0.095625
v -0.077427 0.010830 -0.100905
v -0.070662 0.010830 -0.105753
v -0.063594 0.010830 -0.110148
v -0.056254 0.010830 -0.114071
v -0.048673 0.010830 -0.117506
v -0.040883 0.010830 -0.120438
v -0.032919 0.010830 -0.122854
v -0.024813 0.010830 -0.124744
v -0.016601 0.010830 -0.126099
v -0.008318 0.010830 -0.126915
v -0.000000 0.010830 -0.127187
v 0.008318 0.010830 -0.126915
v 0.016601 0.010830 -0.126099
v 0.024813 0.010830 -0.124744
v 0.032919 0.010830 -0.122854
v 0.040883 0.010830 -0.120438
v 0.048673 0.010830 -0.117506
v 0.056254 0.010830 -0.114071
v 0.063594 0.010830 -0.110148
v 0.070662 0.010830 -0.105753
v 0.077427 0.010830 -0.100905
v 0.083861 0.010830 -0.095625
v 0.089935 0.010830 -0.089935
v 0.095625 0.010830 -0.083861
v 0.100905 0.010830 -0.077427
v 0.105753 0.010830 -0.070662
v 0.110148 0.010830 -0.063594
v 0.114071 0.010830 -0.056254
v 0.117506 0.010830 -0.048673
v 0.120438 0.010830 -0.040883
v 0.122854 0.010830 -0.032919
v 0.124744 0.010830 -0.024813
v 0.126099 0.010830 -0.016601
v 0.126915 0.010830 -0.008318
v 0.112500 0.012125 0.000000
v 0.112259 0.012125 0.007358
v 0.111538 0.012125 0.014684
v 0.110338 0.012125 0.021948
v 0.108667 0.012125 0.029117
v 0.106530 0.012125 0.036162
v 0.103936 0.012125 0.043052
v 0.100898 0.012125 0.049757
v 0.097428 0.012125 0.056250
v 0.093540 0.012125 0.062502
v 0.089252 0.012125 0.068486
v 0.084582 0.012125 0.074176
v 0.079550 0.012125 0.079550
v 0.074176 0.012125 0.084582
v 0.068486 0.012125 0.089252
v 0.062502 0.012125 0.093540
v 0.056250 0.012125 0.097428
v 0.049757 0.012125 0.100898
v 0.043052 0.012125 0.103936
v 0.036162 0.012125 0.106530
v 0.029117 0.012125 0.108667
v 0.021948 0.012125 0.110338
v 0.014684 0.012125 0.111538
v 0.007358 0.012125 0.112259
v 0.000000 0.012125 0.112500
v -0.007358 0.012125 0.112259
v -0.014684 0.012125 0.111538
v -0.021948 0.012125 0.110338
v -0.029117 0.012125 0.108667
v -0.036162 0.012125 0.106530
v -0.043052 0.012125 0.103936
v -0.049757 0.012125 0.100898
v -0.056250 0.012125 0.097428
v -0.062502 0.012125 0.093540
v -0.068486 0.012125 0.089252
v -0.074176 0.012125 0.084582
v -0.079550 0.012125 0.079550
v -0.084582 0.012125 0.074176
v -0.089252 0.012125 0.068486
v -0.093540 0.012125 0.062502
v -0.097428 0.012125 0.056250
v -0.100898 0.012125 0.049757
v -0.103936 0.012125 0.043052
v -0.106530 0.012125 0.036162
v -0.108667 0.012125 0.029117
v -0.110338 0.012125 0.021948
v -0.111538 0.012125 0.014684
v -0.112259 0.012125 0.007358
v -0.112500 0.012125 0.000000
v -0.112259 0.012125 -0.007358
v -0.111538 0.012125 -0.014684
v -0.110338 0.012125 -0.021948
v -0.108667 0.012125 -0.029117
v -0.106530 0.012125 -0.036162
v -0.103936 0.012125 -0.043052
v -0.100898 0.012125 -0.049757
v -0.097428 0.012125 -0.056250
v -0.093540 0.012125 -0.062502
v -0.089252 0.012125 -0.068486
v -0.084582 0.012125 -0.074176
v -0.079550 0.012125 -0.079550
v -0.074176 0.012125 -0.084582
v -0.068486 0.012125 -0.089252
v -0.062502 0.012125 -0.093540
v -0.056250 0.012125 -0.097428
v -0.049757 0.012125 -0.100898
v -0.043052 0.012125 -0.103936
v -0.036162 0.012125 -0.106530
v -0.029117 0.012125 -0.108667
v -0.021948 0.012125 -0.110338
v -0.014684 0.012125 -0.111538
v -0.007358 0.012125 -0.112259
v -0.000000 0.012125 -0.112500
v 0.007358 0.012125 -0.112259
v 0.014684 0.012125 -0.111538
v 0.021948 0.012125 -0.110338
v 0.029117 0.012125 -0.108667
v 0.036162 0.012125 -0.106530
v 0.043052 0.012125 -0.103936
v 0.049757 0.012125 -0.100898
v 0.056250 0.012125 -0.097428
v 0.062502 0.012125 -0.093540
v 0.068486 0.012125 -0.089252
v 0.074176 0.012125 -0.084582
v 0.079550 0.012125 -0.079550
v 0.084582 0.012125 -0.074176
v 0.089252 0.012125 -0.068486
v 0.093540 0.012125 -0.062502
v 0.097428 0.012125 -0.056250
v 0.100898 0.012125 -0.049757
v 0.103936 0.012125 -0.043052
v 0.106530 0.012125 -0.036162
v 0.108667 0.012125 -0.029117
v 0.110338 0.012125 -0.021948
v 0.111538 0.012125 -0.014684
v 0.112259 0.012125 -0.007358
v 0.097500 0.013654 0.000000
v 0.097291 0.013654 0.006377
v 0.096666 0.013654 0.012726
v 0.095627 0.013654 0.019021
v 0.094178 0.013654 0.025235
v 0.092326 0.013654 0.031340
v 0.090078 0.013654 0.037312
v 0.087445 0.013654 0.043123
v 0.084437 0.013654 0.048750
v 0.081068 0.013654 0.054168
v 0.077352 0.013654 0.059354
v 0.073304 0.013654 0.064286
v 0.068943 0.013654 0.068943
v 0.064286 0.013654 0.073304
v 0.059354 0.013654 0.077352
v 0.054168 0.013654 0.081068
v 0.048750 0.013654 0.084437
v 0.043123 0.013654 0.087445
v 0.037312 0.013654 0.090078
v 0.031340 0.013654 0.092326
v 0.025235 0.013654 0.094178
v 0.019021 0.013654 0.095627
v 0.012726 0.013654 0.096666
v 0.006377 0.013654 0.097291
v 0.000000 0.013654 0.097500
v -0.006377 0.013654 0.097291
v -0.012726 0.013654 0.096666
v -0.019021 0.013654 0.095627
v -0.025235 0.013654 0.094178
v -0.031340 0.013654 0.092326
v -0.037312 0.013654 0.090078
v -0.043123 0.013654 0.087445
v -0.048750 0.013654 0.084437
v -0.054168 0.013654 0.081068
v -0.059354 0.013654 0.077352
v -0.064286 0.013654 0.073304
v -0.068943 0.013654 0.068943
v -0.073304 0.013654 0.064286
v -0.077352 0.013654 0.059354
v -0.081068 0.013654 0.054168
v -0.084437 0.013654 0.048750
v -0.087445 0.013654 0.043123
v -0.090078 0.013654 0.037312
v -0.092326 0.013654 0.031340
v -0.094178 0.013654 0.025235
v -0.095627 0.013654 0.019021
v -0.096666 0.013654 0.012726
v -0.097291 0.013654 0.006377
v -0.097500 0.013654 0.000000
v -0.097291 0.013654 -0.006377
v -0.096666 0.013654 -0.012726
v -0.095627 0.013654 -0.019021
v -0.094178 0.013654 -0.025235
v -0.092326 0.013654 -0.031340
v -0.090078 0.013654 -0.037312
v -0.087445 0.013654 -0.043123
v -0.084437 0.013654 -0.048750
v -0.081068 0.013654 -0.054168
v -0.077352 0.013654 -0.059354
v -0.073304 0.013654 -0.064286
v -0.068943 0.013654 -0.068943
v -0.064286 0.013654 -0.073304
v -0.059354 0.013654 -0.077352
v -0.054168 0.013654 -0.081068
v -0.048750 0.013654 -0.084437
v -0.043123 0.013654 -0.087445
v -0.037312 0.013654 -0.090078
v -0.031340 0.013654 -0.092326
v -0.025235 0.013654 -0.094178
v -0.019021 0.013654 -0.095627
v -0.012726 0.013654 -0.096666
v -0.006377 0.013654 -0.097291
v -0.000000 0.013654 -0.097500
v 0.006377 0.013654 -0.097291
v 0.012726 0.013654 -0.096666
v 0.019021 0.013654 -0.095627
v 0.025235 0.013654 -0.094178
v 0.031340 0.013654 -0.092326
v 0.037312 0.013654 -0.090078
v 0.043123 0.013654 -0.087445
v 0.048750 0.013654 -0.084437
v 0.054168 0.013654 -0.081068
v 0.059354 0.013654 -0.077352
v 0.064286 0.013654 -0.073304
v 0.068943 0.013654 -0.068943
v 0.073304 0.013654 -0.064286
v 0.077352 0.013654 -0.059354
v 0.081068 0.013654 -0.054168
v 0.084437 0.013654 -0.048750
v 0.087445 0.013654 -0.043123
v 0.090078 0.013654 -0.037312
v 0.092326 0.013654 -0.031340
v 0.094178 0.013654 -0.025235
v 0.095627 0.013654 -0.019021
v 0.096666 0.013654 -0.012726
v 0.097291 0.013654 -0.006377
v 0.083125 0.015453 0.000000
v 0.082947 0.015453 0.005437
v 0.082414 0.015453 0.010850
v 0.081528 0.015453 0.016217
v 0.080293 0.015453 0.021514
v 0.078714 0.015453 0.026720
v 0.076797 0.015453 0.031811
v 0.074553 0.015453 0.036765
v 0.071988 0.015453 0.041562
v 0.069116 0.015453 0.046182
v 0.065947 0.015453 0.050603
v 0.062497 0.015453 0.054808
v 0.058778 0.015453 0.058778
v 0.054808 0.015453 0.062497
v 0.050603 0.015453 0.065947
v 0.046182 0.015453 0.069116
v 0.041562 0.015453 0.071988
v 0.036765 0.015453 0.074553
v 0.031811 0.015453 0.076797
v 0.026720 0.015453 0.078714
v 0.021514 0.015453 0.080293
v 0.016217 0.015453 0.081528
v 0.010850 0.015453 0.082414
v 0.005437 0.015453 0.082947
v 0.000000 0.015453 0.083125
v -0.005437 0.015453 0.082947
v -0.010850 0.015453 0.082414
v -0.016217 0.015453 0.081528
v -0.021514 0.015453 0.080293
v -0.026720 0.015453 0.078714
v -0.031811 0.015453 0.076797
v -0.036765 0.015453 0.074553
v -0.041562 0.015453 0.071988
v -0.046182 0.015453 0.069116
v -0.050603 0.015453 0.065947
v -0.054808 0.015453 0.062497
v -0.058778 0.015453 0.058778
v -0.062497 0.015453 0.054808
v -0.065947 0.015453 0.050603
v -0.069116 0.015453 0.046182
v -0.071988 0.015453 0.041562
v -0.074553 0.015453 0.036765
v -0.076797 0.015453 0.031811
v -0.078714 0.015453 0.026720
v -0.080293 0.015453 0.021514
v -0.081528 0.015453 0.016217
v -0.082414 0.015453 0.010850
v -0.082947 0.015453 0.005437
v -0.083125 0.015453 0.000000
v -0.082947 0.015453 -0.005437
v -0.082414 0.015453 -0.010850
v -0.081528 0.015453 -0.016217
v -0.080293 0.015453 -0.021514
v -0.078714 0.015453 -0.026720
v -0.076797 0.015453 -0.031811
v -0.074553 0.015453 -0.036765
v -0.071988 0.015453 -0.041562
v -0.069116 0.015453 -0.046182
v -0.065947 0.015453 -0.050603
v -0.062497 0.015453 -0.054808
v -0.058778 0.015453 -0.058778
v -0.054808 0.015453 -0.062497
v -0.050603 0.015453 -0.065947
v -0.046182 0.015453 -0.069116
v -0.041563 0.015453 -0.071988
v -0.036765 0.015453 -0.074553
v -0.031811 0.015453 -0.076797
v -0.026720 0.015453 -0.078714
v -0.021514 0.015453 -0.080293
v -0.016217 0.015453 -0.081528
v -0.010850 0.015453 -0.082414
v -0.005437 0.015453 -0.082947
v -0.000000 0.015453 -0.083125
v 0.005437 0.015453 -0.082947
v 0.010850 0.015453 -0.082414
v 0.016217 0.015453 -0.081528
v 0.021514 0.015453 -0.080293
v 0.026720 0.015453 -0.078714
v 0.031811 0.015453 -0.076797
v 0.036765 0.015453 -0.074553
v 0.041562 0.015453 -0.071988
v 0.046182 0.015453 -0.069116
v 0.050603 0.015453 -0.065947
v 0.054808 0.015453 -0.062497
v 0.058778 0.015453 -0.058778
v 0.062497 0.015453 -0.054808
v 0.065947 0.015453 -0.050603
v 0.069116 0.015453 -0.046182
v 0.071988 0.015453 -0.041563
v 0.074553 0.015453 -0.036765
v 0.076797 0.015453 -0.031811
v 0.078714 0.015453 -0.026720
v 0.080293 0.015453 -0.021514
v 0.081528 0.015453 -0.016217
v 0.082414 0.015453 -0.010850
v 0.082947 0.015453 -0.005437
v 0.070312 0.017557 0.000000
v 0.070162 0.017557 0.004599
v 0.069711 0.017557 0.009178
v 0.068961 0.017557 0.013717
v 0.067917 0.017557 0.018198
v 0.066581 0.017557 0.022601
v 0.064960 0.017557 0.026907
v 0.063061 0.017557 0.031098
v 0.060892 0.017557 0.035156
v 0.058463 0.017557 0.039064
v 0.055783 0.017557 0.042804
v 0.052864 0.017557 0.046360
v 0.049718 0.017557 0.049718
v 0.046360 0.017557 0.052864
v 0.042804 0.017557 0.055783
v 0.039064 0.017557 0.058463
v 0.035156 0.017557 0.060892
v 0.031098 0.017557 0.063061
v 0.026907 0.017557 0.064960
v 0.022601 0.017557 0.066581
v 0.018198 0.017557 0.067917
v 0.013717 0.017557 0.068961
v 0.009178 0.017557 0.069711
v 0.004599 0.017557 0.070162
v 0.000000 0.017557 0.070312
v -0.004599 0.017557 0.070162
v -0.009178 0.017557 0.069711
v -0.013717 0.017557 0.068961
v -0.018198 0.017557 0.067917
v -0.022601 0.017557 0.066581
v -0.026907 0.017557 0.064960
v -0.031098 0.017557 0.063061
v -0.035156 0.017557 0.060892
v -0.039064 0.017557 0.058463
v -0.042804 0.017557 0.055783
v -0.046360 0.017557 0.052864
v -0.049718 0.017557 0.049718
v -0.052864 0.017557 0.046360
v -0.055783 0.017557 0.042804
v -0.058463 0.017557 0.039064
v -0.060892 0.017557 0.035156
v -0.063061 0.017557 0.031098
v -0.064960 0.017557 0.026907
v -0.066581 0.017557 0.022601
v -0.067917 0.017557 0.018198
v -0.068961 0.017557 0.013717
v -0.069711 0.017557 0.009178
v -0.070162 0.017557 0.004599
v -0.070312 0.017557 0.000000
v -0.070162 0.017557 -0.004599
v -0.069711 0.017557 -0.009178
v -0.068961 0.017557 -0.013717
v -0.067917 0.017557 -0.018198
v -0.066581 0.017557 -0.022601
v -0.064960 0.017557 -0.026907
v -0.063061 0.017557 -0.031098
v -0.060892 0.017557 -0.035156
v -0.058463 0.017557 -0.039064
v -0.055783 0.017557 -0.042804
v -0.052864 0.017557 -0.046360
v -0.049718 0.017557 -0.049718
v -0.046360 0.017557 -0.052864
v -0.042804 0.017557 -0.055783
v -0.039064 0.017557 -0.058463
v -0.035156 0.017557 -0.060892
v -0.031098 0.017557 -0.063061
v -0.026907 0.017557 -0.064960
v -0.022601 0.017557 -0.066581
v -0.018198 0.017557 -0.067917
v -0.013717 0.017557 -0.068961
v -0.009178 0.017557 -0.069711
v -0.004599 0.017557 -0.070162
v -0.000000 0.017557 -0.070312
v 0.004599 0.017557 -0.070162
v 0.009178 0.017557 -0.069711
v 0.013717 0.017557 -0.068961
v 0.018198 0.017557 -0.067917
v 0.022601 0.017557 -0.066581
v 0.026907 0.017557 -0.064960
v 0.031098 0.017557 -0.063061
v 0.035156 0.017557 -0.060892
v 0.039064 0.017557 -0.058463
v 0.042804 0.017557 -0.055783
v 0.046360 0.017557 -0.052864
v 0.049718 0.017557 -0.049718
v 0.052864 0.017557 -0.046360
v 0.055783 0.017557 -0.042804
v 0.058463 0.017557 -0.039064
v 0.060892 0.017557 -0.035156
v 0.063061 0.017557 -0.031098
v 0.064960 0.017557 -0.026907
v 0.066581 0.017557 -0.022601
v 0.067917 0.017557 -0.018198
v 0.068961 0.017557 -0.013717
v 0.069711 0.017557 -0.009178
v 0.070162 0.017557 -0.004599
v 0.060000 0.020000 0.000000
v 0.059872 0.020000 0.003924
v 0.059487 0.020000 0.007832
v 0.058847 0.020000 0.011705
v 0.057956 0.020000 0.015529
v 0.056816 0.020000 0.019286
v 0.055433 0.020000 0.022961
v 0.053812 0.020000 0.026537
v 0.051962 0.020000 0.030000
v 0.049888 0.020000 0.033334
v 0.047601 0.020000 0.036526
v 0.045110 0.020000 0.039561
v 0.042426 0.020000 0.042426
v 0.039561 0.020000 0.045110
v 0.036526 0.020000 0.047601
v 0.033334 0.020000 0.049888
v 0.030000 0.020000 0.051962
v 0.026537 0.020000 0.053812
v 0.022961 0.020000 0.055433
v 0.019286 0.020000 0.056816
v 0.015529 0.020000 0.057956
v 0.011705 0.020000 0.058847
v 0.007832 0.020000 0.059487
v 0.003924 0.020000 0.059872
v 0.000000 0.020000 0.060000
v -0.003924 0.020000 0.059872
v -0.007832 0.020000 0.059487
v -0.011705 0.020000 0.058847
v -0.015529 0.020000 0.057956
v -0.019286 0.020000 0.056816
v -0.022961 0.020000 0.055433
v -0.026537 0.020000 0.053812
v -0.030000 0.020000 0.051962
v -0.033334 0.020000 0.049888
v -0.036526 0.020000 0.047601
v -0.039561 0.020000 0.045110
v -0.042426 0.020000 0.042426
v -0.045110 0.020000 0.039561
v -0.047601 0.020000 0.036526
v -0.049888 0.020000 0.033334
v -0.051962 0.020000 0.030000
v -0.053812 0.020000 0.026537
v -0.055433 0.020000 0.022961
v -0.056816 0.020000 0.019286
v -0.057956 0.020000 0.015529
v -0.058847 0.020000 0.011705
v -0.059487 0.020000 0.007832
v -0.059872 0.020000 0.003924
v -0.060000 0.020000 0.000000
v -0.059872 0.020000 -0.003924
v -0.059487 0.020000 -0.007832
v -0.058847 0.020000 -0.011705
v -0.057956 0.020000 -0.015529
v -0.056816 0.020000 -0.019286
v -0.055433 0.020000 -0.022961
v -0.053812 0.020000 -0.026537
v -0.051962 0.020000 -0.030000
v -0.049888 0.020000 -0.033334
v -0.047601 0.020000 -0.036526
v -0.045110 0.020000 -0.039561
v -0.042426 0.020000 -0.042426
v -0.039561 0.020000 -0.045110
v -0.036526 0.020000 -0.047601
v -0.033334 0.020000 -0.049888
v -0.030000 0.020000 -0.051962
v -0.026537 0.020000 -0.053812
v -0.022961 0.020000 -0.055433
v -0.019286 0.020000 -0.056816
v -0.015529 0.020000 -0.057956
v -0.011705 0.020000 -0.058847
v -0.007832 0.020000 -0.059487
v -0.003924 0.020000 -0.059872
v -0.000000 0.020000 -0.060000
v 0.003924 0.020000 -0.059872
v 0.007832 0.020000 -0.059487
v 0.011705 0.020000 -0.058847
v 0.015529 0.020000 -0.057956
v 0.019286 0.020000 -0.056816
v 0.022961 0.020000 -0.055433
v 0.026537 0.020000 -0.053812
v 0.030000 0.020000 -0.051962
v 0.033334 0.020000 -0.049888
v 0.036526 0.020000 -0.047601
v 0.039561 0.020000 -0.045110
v 0.042426 0.020000 -0.042426
v 0.045110 0.020000 -0.039561
v 0.047601 0.020000 -0.036526
v 0.049888 0.020000 -0.033334
v 0.051962 0.020000 -0.030000
v 0.053812 0.020000 -0.026537
v 0.055433 0.020000 -0.022961
v 0.056816 0.020000 -0.019286
v 0.057956 0.020000 -0.015529
v 0.058847 0.020000 -0.011705
v 0.059487 0.020000 -0.007832
v 0.059872 0.020000 -0.003924
v 0.051883 0.022068 0.000000
v 0.051772 0.022068 0.003393
v 0.051439 0.022068 0.006772
v 0.050886 0.022068 0.010122
v 0.050115 0.022068 0.013428
v 0.049129 0.022068 0.016677
v 0.047933 0.022068 0.019855
v 0.046532 0.022068 0.022947
v 0.044932 0.022068 0.025941
v 0.043139 0.022068 0.028825
v 0.041161 0.022068 0.031584
v 0.039008 0.022068 0.034209
v 0.036687 0.022068 0.036687
v 0.034209 0.022068 0.039008
v 0.031584 0.022068 0.041161
v 0.028825 0.022068 0.043139
v 0.025941 0.022068 0.044932
v 0.022947 0.022068 0.046532
v 0.019855 0.022068 0.047933
v 0.016677 0.022068 0.049129
v 0.013428 0.022068 0.050115
v 0.010122 0.022068 0.050886
v 0.006772 0.022068 0.051439
v 0.003393 0.022068 0.051772
v 0.000000 0.022068 0.051883
v -0.003393 0.022068 0.051772
v -0.006772 0.022068 0.051439
v -0.010122 0.022068 0.050886
v -0.013428 0.022068 0.050115
v -0.016677 0.022068 0.049129
v -0.019855 0.022068 0.047933
v -0.022947 0.022068 0.046532
v -0.025941 0.022068 0.044932
v -0.028825 0.022068 0.043139
v -0.031584 0.022068 0.041161
v -0.034209 0.022068 0.039008
v -0.036687 0.022068 0.036687
v -0.039008 0.022068 0.034209
v -0.041161 0.022068 0.031584
v -0.043139 0.022068 0.028825
v -0.044932 0.022068 0.025941
v -0.046532 0.022068 0.022947
v -0.047933 0.022068 0.019855
v -0.049129 0.022068 0.016677
v -0.050115 0.022068 0.013428
v -0.050886 0.022068 0.010122
v -0.051439 0.022068 0.006772
v -0.051772 0.022068 0.003393
v -0.051883 0.022068 0.000000
v -0.051772 0.022068 -0.003393
v -0.051439 0.022068 -0.006772
v -0.050886 0.022068 -0.010122
v -0.050115 0.022068 -0.013428
v -0.049129 0.022068 -0.016677
v -0.047933 0.022068 -0.019855
v -0.046532 0.022068 -0.022947
v -0.044932 0.022068 -0.025941
v -0.043139 0.022068 -0.028825
v -0.041161 0.022068 -0.031584
v -0.039008 0.022068 -0.034209
v -0.036687 0.022068 -0.036687
v -0.034209 0.022068 -0.039008
v -0.031584 0.022068 -0.041161
v -0.028825 0.022068 -0.043139
v -0.025941 0.022068 -0.044932
v -0.022947 0.022068 -0.046532
v -0.019855 0.022068 -0.047933
v -0.016677 0.022068 -0.049129
v -0.013428 0.022068 -0.050115
v -0.010122 0.022068 -0.050886
v -0.006772 0.022068 -0.051439
v -0.003393 0.022068 -0.051772
v -0.000000 0.022068 -0.051883
v 0.003393 0.022068 -0.051772
v 0.006772 0.022068 -0.051439
v 0.010122 0.022068 -0.050886
v 0.013428 0.022068 -0.050115
v 0.016677 0.022068 -0.049129
v 0.019855 0.022068 -0.047933
v 0.022947 0.022068 -0.046532
v 0.025941 0.022068 -0.044932
v 0.028825 0.022068 -0.043139
v 0.031584 0.022068 -0.041161
v 0.034209 0.022068 -0.039008
v 0.036687 0.022068 -0.036687
v 0.039008 0.022068 -0.034209
v 0.041161 0.022068 -0.031584
v 0.043139 0.022068 -0.028825
v 0.044932 0.022068 -0.025941
v 0.046532 0.022068 -0.022947
v 0.047933 0.022068 -0.019855
v 0.049129 0.022068 -0.016677
v 0.050115 0.022068 -0.013428
v 0.050886 0.022068 -0.010122
v 0.051439 0.022068 -0.006772
v 0.051772 0.022068 -0.003393
v 0.044937 0.023422 0.000000
v 0.044841 0.023422 0.002939
v 0.044553 0.023422 0.005866
v 0.044074 0.023422 0.008767
v 0.043406 0.023422 0.011631
v 0.042553 0.023422 0.014445
v 0.041517 0.023422 0.017197
v 0.040303 0.023422 0.019875
v 0.038917 0.023422 0.022469
v 0.037364 0.023422 0.024966
v 0.035651 0.023422 0.027356
v 0.033786 0.023422 0.029629
v 0.031776 0.023422 0.031776
v 0.029629 0.023422 0.033786
v 0.027356 0.023422 0.035651
v 0.024966 0.023422 0.037364
v 0.022469 0.023422 0.038917
v 0.019875 0.023422 0.040303
v 0.017197 0.023422 0.041517
v 0.014445 0.023422 0.042553
v 0.011631 0.023422 0.043406
v 0.008767 0.023422 0.044074
v 0.005866 0.023422 0.044553
v 0.002939 0.023422 0.044841
v 0.000000 0.023422 0.044937
v -0.002939 0.023422 0.044841
v -0.005866 0.023422 0.044553
v -0.008767 0.023422 0.044074
v -0.011631 0.023422 0.043406
v -0.014445 0.023422 0.042553
v -0.017197 0.023422 0.041517
v -0.019875 0.023422 0.040303
v -0.022469 0.023422 0.038917
v -0.024966 0.023422 0.037364
v -0.027356 0.023422 0.035651
v -0.029629 0.023422 0.033786
v -0.031776 0.023422 0.031776
v -0.033786 0.023422 0.029629
v -0.035651 0.023422 0.027356
v -0.037364 0.023422 0.024966
v -0.038917 0.023422 0.022469
v -0.040303 0.023422 0.019875
v -0.041517 0.023422 0.017197
v -0.042553 0.023422 0.014445
v -0.043406 0.023422 0.011631
v -0.044074 0.023422 0.008767
v -0.044553 0.023422 0.005866
v -0.044841 0.023422 0.002939
v -0.044937 0.023422 0.000000
v -0.044841 0.023422 -0.002939
v -0.044553 0.023422 -0.005866
v -0.044074 0.023422 -0.008767
v -0.043406 0.023422 -0.011631
v -0.042553 0.023422 -0.014445
v -0.041517 0.023422 -0.017197
v -0.040303 0.023422 -0.019875
v -0.038917 0.023422 -0.022469
v -0.037364 0.023422 -0.024966
v -0.035651 0.023422 -0.027356
v -0.033786 0.023422 -0.029629
v -0.031776 0.023422 -0.031776
v -0.029629 0.023422 -0.033786
v -0.027356 0.023422 -0.035651
v -0.024966 0.023422 -0.037364
v -0.022469 0.023422 -0.038917
v -0.019875 0.023422 -0.040303
v -0.017197 0.023422 -0.041517
v -0.014445 0.023422 -0.042553
v -0.011631 0.023422 -0.043406
v -0.008767 0.023422 -0.044074
v -0.005866 0.023422 -0.044553
v -0.002939 0.023422 -0.044841
v -0.000000 0.023422 -0.044937
v 0.002939 0.023422 -0.044841
v 0.005866 0.023422 -0.044553
v 0.008767 0.023422 -0.044074
v 0.011631 0.023422 -0.043406
v 0.014445 0.023422 -0.042553
v 0.017197 0.023422 -0.041517
v 0.019875 0.023422 -0.040303
v 0.022469 0.023422 -0.038917
v 0.024966 0.023422 -0.037364
v 0.027356 0.023422 -0.035651
v 0.029629 0.023422 -0.033786
v 0.031776 0.023422 -0.031776
v 0.033786 0.023422 -0.029629
v 0.035651 0.023422 -0.027356
v 0.037364 0.023422 -0.024966
v 0.038917 0.023422 -0.022469
v 0.040303 0.023422 -0.019875
v 0.041517 0.023422 -0.017197
v 0.042553 0.023422 -0.014445
v 0.043406 0.023422 -0.011631
v 0.044074 0.023422 -0.008767
v 0.044553 0.023422 -0.005866
v 0.044841 0.023422 -0.002939
v 0.039023 0.024658 0.000000
v 0.038940 0.024658 0.002552
v 0.038690 0.024658 0.005094
v 0.038274 0.024658 0.007613
v 0.037694 0.024658 0.010100
v 0.036952 0.024658 0.012544
v 0.036053 0.024658 0.014934
v 0.034999 0.024658 0.017260
v 0.033795 0.024658 0.019512
v 0.032447 0.024658 0.021680
v 0.030959 0.024658 0.023756
v 0.029339 0.024658 0.025730
v 0.027594 0.024658 0.027594
v 0.025730 0.024658 0.029339
v 0.023756 0.024658 0.030959
v 0.021680 0.024658 0.032447
v 0.019512 0.024658 0.033795
v 0.017260 0.024658 0.034999
v 0.014934 0.024658 0.036053
v 0.012544 0.024658 0.036952
v 0.010100 0.024658 0.037694
v 0.007613 0.024658 0.038274
v 0.005094 0.024658 0.038690
v 0.002552 0.024658 0.038940
v 0.000000 0.024658 0.039023
v -0.002552 0.024658 0.038940
v -0.005094 0.024658 0.038690
v -0.007613 0.024658 0.038274
v -0.010100 0.024658 0.037694
v -0.012544 0.024658 0.036952
v -0.014934 0.024658 0.036053
v -0.017260 0.024658 0.034999
v -0.019512 0.024658 0.033795
v -0.021680 0.024658 0.032447
v -0.023756 0.024658 0.030959
v -0.025730 0.024658 0.029339
v -0.027594 0.024658 0.027594
v -0.029339 0.024658 0.025730
v -0.030959 0.024658 0.023756
v -0.032447 0.024658 0.021680
v -0.033795 0.024658 0.019512
v -0.034999 0.024658 0.017260
v -0.036053 0.024658 0.014934
v -0.036952 0.024658 0.012544
v -0.037694 0.024658 0.010100
v -0.038274 0.024658 0.007613
v -0.038690 0.024658 0.005094
v -0.038940 0.024658 0.002552
v -0.039023 0.024658 0.000000
v -0.038940 0.024658 -0.002552
v -0.038690 0.024658 -0.005094
v -0.038274 0.024658 -0.007613
v -0.037694 0.024658 -0.010100
v -0.036952 0.024658 -0.012544
v -0.036053 0.024658 -0.014934
v -0.034999 0.024658 -0.017260
v -0.033795 0.024658 -0.019512
v -0.032447 0.024658 -0.021680
v -0.030959 0.024658 -0.023756
v -0.029339 0.024658 -0.025730
v -0.027594 0.024658 -0.027594
v -0.025730 0.024658 -0.029339
v -0.023756 0.024658 -0.030959
v -0.021680 0.024658 -0.032447
v -0.019512 0.024658 -0.033795
v -0.017260 0.024658 -0.034999
v -0.014934 0.024658 -0.036053
v -0.012544 0.024658 -0.036952
v -0.010100 0.024658 -0.037694
v -0.007613 0.024658 -0.038274
v -0.005094 0.024658 -0.038690
v -0.002552 0.024658 -0.038940
v -0.000000 0.024658 -0.039023
v 0.002552 0.024658 -0.038940
v 0.005094 0.024658 -0.038690
v 0.007613 0.024658 -0.038274
v 0.010100 0.024658 -0.037694
v 0.012544 0.024658 -0.036952
v 0.014934 0.024658 -0.036053
v 0.017260 0.024658 -0.034999
v 0.019512 0.024658 -0.033795
v 0.021680 0.024658 -0.032447
v 0.023756 0.024658 -0.030959
v 0.025730 0.024658 -0.029339
v 0.027594 0.024658 -0.027594
v 0.029339 0.024658 -0.025730
v 0.030959 0.024658 -0.023756
v 0.032447 0.024658 -0.021680
v 0.033795 0.024658 -0.019512
v 0.034999 0.024658 -0.017260
v 0.036053 0.024658 -0.014934
v 0.036952 0.024658 -0.012544
v 0.037694 0.024658 -0.010100
v 0.038274 0.024658 -0.007613
v 0.038690 0.024658 -0.005094
v 0.038940 0.024658 -0.002552
v 0.034000 0.026375 0.000000
v 0.033927 0.026375 0.002224
v 0.033709 0.026375 0.004438
v 0.033347 0.026375 0.006633
v 0.032841 0.026375 0.008800
v 0.032196 0.026375 0.010929
v 0.031412 0.026375 0.013011
v 0.030494 0.026375 0.015038
v 0.029445 0.026375 0.017000
v 0.028270 0.026375 0.018889
v 0.026974 0.026375 0.020698
v 0.025563 0.026375 0.022418
v 0.024042 0.026375 0.024042
v 0.022418 0.026375 0.025563
v 0.020698 0.026375 0.026974
v 0.018889 0.026375 0.028270
v 0.017000 0.026375 0.029445
v 0.015038 0.026375 0.030494
v 0.013011 0.026375 0.031412
v 0.010929 0.026375 0.032196
v 0.008800 0.026375 0.032841
v 0.006633 0.026375 0.033347
v 0.004438 0.026375 0.033709
v 0.002224 0.026375 0.033927
v 0.000000 0.026375 0.034000
v -0.002224 0.026375 0.033927
v -0.004438 0.026375 0.033709
v -0.006633 0.026375 0.033347
v -0.008800 0.026375 0.032841
v -0.010929 0.026375 0.032196
v -0.013011 0.026375 0.031412
v -0.015038 0.026375 0.030494
v -0.017000 0.026375 0.029445
v -0.018889 0.026375 0.028270
v -0.020698 0.026375 0.026974
v -0.022418 0.026375 0.025563
v -0.024042 0.026375 0.024042
v -0.025563 0.026375 0.022418
v -0.026974 0.026375 0.020698
v -0.028270 0.026375 0.018889
v -0.029445 0.026375 0.017000
v -0.030494 0.026375 0.015038
v -0.031412 0.026375 0.013011
v -0.032196 0.026375 0.010929
v -0.032841 0.026375 0.008800
v -0.033347 0.026375 0.006633
v -0.033709 0.026375 0.004438
v -0.033927 0.026375 0.002224
v -0.034000 0.026375 0.000000
v -0.033927 0.026375 -0.002224
v -0.033709 0.026375 -0.004438
v -0.033347 0.026375 -0.006633
v -0.032841 0.026375 -0.008800
v -0.032196 0.026375 -0.010929
v -0.031412 0.026375 -0.013011
v -0.030494 0.026375 -0.015038
v -0.029445 0.026375 -0.017000
v -0.028270 0.026375 -0.018889
v -0.026974 0.026375 -0.020698
v -0.025563 0.026375 -0.022418
v -0.024042 0.026375 -0.024042
v -0.022418 0.026375 -0.025563
v -0.020698 0.026375 -0.026974
v -0.018889 0.026375 -0.028270
v -0.017000 0.026375 -0.029445
v -0.015038 0.026375 -0.030494
v -0.013011 0.026375 -0.031412
v -0.010929 0.026375 -0.032196
v -0.008800 0.026375 -0.032841
v -0.006633 0.026375 -0.033347
v -0.004438 0.026375 -0.033709
v -0.002224 0.026375 -0.033927
v -0.000000 0.026375 -0.034000
v 0.002224 0.026375 -0.033927
v 0.004438 0.026375 -0.033709
v 0.006633 0.026375 -0.033347
v 0.008800 0.026375 -0.032841
v 0.010929 0.026375 -0.032196
v 0.013011 0.026375 -0.031412
v 0.015038 0.026375 -0.030494
v 0.017000 0.026375 -0.029445
v 0.018889 0.026375 -0.028270
v 0.020698 0.026375 -0.026974
v 0.022418 0.026375 -0.025563
v 0.024042 0.026375 -0.024042
v 0.025563 0.026375 -0.022418
v 0.026974 0.026375 -0.020698
v 0.028270 0.026375 -0.018889
v 0.029445 0.026375 -0.017000
v 0.030494 0.026375 -0.015038
v 0.031412 0.026375 -0.013011
v 0.032196 0.026375 -0.010929
v 0.032841 0.026375 -0.008800
v 0.033347 0.026375 -0.006633
v 0.033709 0.026375 -0.004438
v 0.033927 0.026375 -0.002224
v 0.029727 0.029170 0.000000
v 0.029663 0.029170 0.001944
v 0.029472 0.029170 0.003880
v 0.029155 0.029170 0.005799
v 0.028714 0.029170 0.007694
v 0.028149 0.029170 0.009555
v 0.027464 0.029170 0.011376
v 0.026661 0.029170 0.013148
v 0.025744 0.029170 0.014863
v 0.024717 0.029170 0.016515
v 0.023584 0.029170 0.018096
v 0.022350 0.029170 0.019600
v 0.021020 0.029170 0.021020
v 0.019600 0.029170 0.022350
v 0.018096 0.029170 0.023584
v 0.016515 0.029170 0.024717
v 0.014863 0.029170 0.025744
v 0.013148 0.029170 0.026661
v 0.011376 0.029170 0.027464
v 0.009555 0.029170 0.028149
v 0.007694 0.029170 0.028714
v 0.005799 0.029170 0.029155
v 0.003880 0.029170 0.029472
v 0.001944 0.029170 0.029663
v 0.000000 0.029170 0.029727
v -0.001944 0.029170 0.029663
v -0.003880 0.029170 0.029472
v -0.005799 0.029170 0.029155
v -0.007694 0.029170 0.028714
v -0.009555 0.029170 0.028149
v -0.011376 0.029170 0.027464
v -0.013148 0.029170 0.026661
v -0.014863 0.029170 0.025744
v -0.016515 0.029170 0.024717
v -0.018096 0.029170 0.023584
v -0.019600 0.029170 0.022350
v -0.021020 0.029170 0.021020
v -0.022350 0.029170 0.019600
v -0.023584 0.029170 0.018096
v -0.024717 0.029170 0.016515
v -0.025744 0.029170 0.014863
v -0.026661 0.029170 0.013148
v -0.027464 0.029170 0.011376
v -0.028149 0.029170 0.009555
v -0.028714 0.029170 0.007694
v -0.029155 0.029170 0.005799
v -0.029472 0.029170 0.003880
v -0.029663 0.029170 0.001944
v -0.029727 0.029170 0.000000
v -0.029663 0.029170 -0.001944
v -0.029472 0.029170 -0.003880
v -0.029155 0.029170 -0.005799
v -0.028714 0.029170 -0.007694
v -0.028149 0.029170 -0.009555
v -0.027464 0.029170 -0.011376
v -0.026661 0.029170 -0.013148
v -0.025744 0.029170 -0.014863
v -0.024717 0.029170 -0.016515
v -0.023584 0.029170 -0.018096
v -0.022350 0.029170 -0.019600
v -0.021020 0.029170 -0.021020
v -0.019600 0.029170 -0.022350
v -0.018096 0.029170 -0.023584
v -0.016515 0.029170 -0.024717
v -0.014863 0.029170 -0.025744
v -0.013148 0.029170 -0.026661
v -0.011376 0.029170 -0.027464
v -0.009555 0.029170 -0.028149
v -0.007694 0.029170 -0.028714
v -0.005799 0.029170 -0.029155
v -0.003880 0.029170 -0.029472
v -0.001944 0.029170 -0.029663
v -0.000000 0.029170 -0.029727
v 0.001944 0.029170 -0.029663
v 0.003880 0.029170 -0.029472
v 0.005799 0.029170 -0.029155
v 0.007694 0.029170 -0.028714
v 0.009555 0.029170 -0.028149
v 0.011376 0.029170 -0.027464
v 0.013148 0.029170 -0.026661
v 0.014863 0.029170 -0.025744
v 0.016515 0.029170 -0.024717
v 0.018096 0.029170 -0.023584
v 0.019600 0.029170 -0.022350
v 0.021020 0.029170 -0.021020
v 0.022350 0.029170 -0.019600
v 0.023584 0.029170 -0.018096
v 0.024717 0.029170 -0.016515
v 0.025744 0.029170 -0.014863
v 0.026661 0.029170 -0.013148
v 0.027464 0.029170 -0.011376
v 0.028149 0.029170 -0.009555
v 0.028714 0.029170 -0.007694
v 0.029155 0.029170 -0.005799
v 0.029472 0.029170 -0.003880
v 0.029663 0.029170 -0.001944
v 0.026062 0.033641 0.000000
v 0.026007 0.033641 0.001705
v 0.025840 0.033641 0.003402
v 0.025562 0.033641 0.005085
v 0.025174 0.033641 0.006745
v 0.024679 0.033641 0.008378
v 0.024079 0.033641 0.009974
v 0.023375 0.033641 0.011527
v 0.022571 0.033641 0.013031
v 0.021670 0.033641 0.014480
v 0.020677 0.033641 0.015866
v 0.019595 0.033641 0.017184
v 0.018429 0.033641 0.018429
v 0.017184 0.033641 0.019595
v 0.015866 0.033641 0.020677
v 0.014480 0.033641 0.021670
v 0.013031 0.033641 0.022571
v 0.011527 0.033641 0.023375
v 0.009974 0.033641 0.024079
v 0.008378 0.033641 0.024679
v 0.006745 0.033641 0.025174
v 0.005085 0.033641 0.025562
v 0.003402 0.033641 0.025840
v 0.001705 0.033641 0.026007
v 0.000000 0.033641 0.026062
v -0.001705 0.033641 0.026007
v -0.003402 0.033641 0.025840
v -0.005085 0.033641 0.025562
v -0.006745 0.033641 0.025174
v -0.008378 0.033641 0.024679
v -0.009974 0.033641 0.024079
v -0.011527 0.033641 0.023375
v -0.013031 0.033641 0.022571
v -0.014480 0.033641 0.021670
v -0.015866 0.033641 0.020677
v -0.017184 0.033641 0.019595
v -0.018429 0.033641 0.018429
v -0.019595 0.033641 0.017184
v -0.020677 0.033641 0.015866
v -0.021670 0.033641 0.014480
v -0.022571 0.033641 0.013031
v -0.023375 0.033641 0.011527
v -0.024079 0.033641 0.009974
v -0.024679 0.033641 0.008378
v -0.025174 0.033641 0.006745
v -0.025562 0.033641 0.005085
v -0.025840 0.033641 0.003402
v -0.026007 0.033641 0.001705
v -0.026062 0.033641 0.000000
v -0.026007 0.033641 -0.001705
v -0.025840 0.033641 -0.003402
v -0.025562 0.033641 -0.005085
v -0.025174 0.033641 -0.006745
v -0.024679 0.033641 -0.008378
v -0.024079 0.033641 -0.009974
v -0.023375 0.033641 -0.011527
v -0.022571 0.033641 -0.013031
v -0.021670 0.033641 -0.014480
v -0.020677 0.033641 -0.015866
v -0.019595 0.033641 -0.017184
v -0.018429 0.033641 -0.018429
v -0.017184 0.033641 -0.019595
v -0.015866 0.033641 -0.020677
v -0.014480 0.033641 -0.021670
v -0.013031 0.033641 -0.022571
v -0.011527 0.033641 -0.023375
v -0.009974 0.033641 -0.024079
v -0.008378 0.033641 -0.024679
v -0.006745 0.033641 -0.025174
v -0.005085 0.033641 -0.025562
v -0.003402 0.033641 -0.025840
v -0.001705 0.033641 -0.026007
v -0.000000 0.033641 -0.026062
v 0.001705 0.033641 -0.026007
v 0.003402 0.033641 -0.025840
v 0.005085 0.033641 -0.025562
v 0.006745 0.033641 -0.025174
v 0.008378 0.033641 -0.024679
v 0.009974 0.033641 -0.024079
v 0.011527 0.033641 -0.023375
v 0.013031 0.033641 -0.022571
v 0.014480 0.033641 -0.021670
v 0.015866 0.033641 -0.020677
v 0.017184 0.033641 -0.019595
v 0.018429 0.033641 -0.018429
v 0.019595 0.033641 -0.017184
v 0.020677 0.033641 -0.015866
v 0.021670 0.033641 -0.014480
v 0.022571 0.033641 -0.013031
v 0.023375 0.033641 -0.011527
v 0.024079 0.033641 -0.009974
v 0.024679 0.033641 -0.008378
v 0.025174 0.033641 -0.006745
v 0.025562 0.033641 -0.005085
v 0.025840 0.033641 -0.003402
v 0.026007 0.033641 -0.001705
v 0.022867 0.040385 0.000000
v 0.022818 0.040385 0.001496
v 0.022672 0.040385 0.002985
v 0.022428 0.040385 0.004461
v 0.022088 0.040385 0.005918
v 0.021654 0.040385 0.007350
v 0.021127 0.040385 0.008751
v 0.020509 0.040385 0.010114
v 0.019804 0.040385 0.011434
v 0.019013 0.040385 0.012704
v 0.018142 0.040385 0.013921
v 0.017192 0.040385 0.015077
v 0.016170 0.040385 0.016170
v 0.015077 0.040385 0.017192
v 0.013921 0.040385 0.018142
v 0.012704 0.040385 0.019013
v 0.011434 0.040385 0.019804
v 0.010114 0.040385 0.020509
v 0.008751 0.040385 0.021127
v 0.007350 0.040385 0.021654
v 0.005918 0.040385 0.022088
v 0.004461 0.040385 0.022428
v 0.002985 0.040385 0.022672
v 0.001496 0.040385 0.022818
v 0.000000 0.040385 0.022867
v -0.001496 0.040385 0.022818
v -0.002985 0.040385 0.022672
v -0.004461 0.040385 0.022428
v -0.005918 0.040385 0.022088
v -0.007350 0.040385 0.021654
v -0.008751 0.040385 0.021127
v -0.010114 0.040385 0.020509
v -0.011434 0.040385 0.019804
v -0.012704 0.040385 0.019013
v -0.013921 0.040385 0.018142
v -0.015077 0.040385 0.017192
v -0.016170 0.040385 0.016170
v -0.017192 0.040385 0.015077
v -0.018142 0.040385 0.013921
v -0.019013 0.040385 0.012704
v -0.019804 0.040385 0.011434
v -0.020509 0.040385 0.010114
v -0.021127 0.040385 0.008751
v -0.021654 0.040385 0.007350
v -0.022088 0.040385 0.005918
v -0.022428 0.040385 0.004461
v -0.022672 0.040385 0.002985
v -0.022818 0.040385 0.001496
v -0.022867 0.040385 0.000000
v -0.022818 0.040385 -0.001496
v -0.022672 0.040385 -0.002985
v -0.022428 0.040385 -0.004461
v -0.022088 0.040385 -0.005918
v -0.021654 0.040385 -0.007350
v -0.021127 0.040385 -0.008751
v -0.020509 0.040385 -0.010114
v -0.019804 0.040385 -0.011434
v -0.019013 0.040385 -0.012704
v -0.018142 0.040385 -0.013921
v -0.017192 0.040385 -0.015077
v -0.016170 0.040385 -0.016170
v -0.015077 0.040385 -0.017192
v -0.013921 0.040385 -0.018142
v -0.012704 0.040385 -0.019013
v -0.011434 0.040385 -0.019804
v -0.010114 0.040385 -0.020509
v -0.008751 0.040385 -0.021127
v -0.007350 0.040385 -0.021654
v -0.005918 0.040385 -0.022088
v -0.004461 0.040385 -0.022428
v -0.002985 0.040385 -0.022672
v -0.001496 0.040385 -0.022818
v -0.000000 0.040385 -0.022867
v 0.001496 0.040385 -0.022818
v 0.002985 0.040385 -0.022672
v 0.004461 0.040385 -0.022428
v 0.005918 0.040385 -0.022088
v 0.007350 0.040385 -0.021654
v 0.008751 0.040385 -0.021127
v 0.010114 0.040385 -0.020509
v 0.011434 0.040385 -0.019804
v 0.012704 0.040385 -0.019013
v 0.013921 0.040385 -0.018142
v 0.015077 0.040385 -0.017192
v 0.016170 0.040385 -0.016170
v 0.017192 0.040385 -0.015077
v 0.018142 0.040385 -0.013921
v 0.019013 0.040385 -0.012704
v 0.019804 0.040385 -0.011434
v 0.020509 0.040385 -0.010114
v 0.021127 0.040385 -0.008751
v 0.021654 0.040385 -0.007350
v 0.022088 0.040385 -0.005918
v 0.022428 0.040385 -0.004461
v 0.022672 0.040385 -0.002985
v 0.022818 0.040385 -0.001496
v 0.020000 0.050000 0.000000
v 0.019957 0.050000 0.001308
v 0.019829 0.050000 0.002611
v 0.019616 0.050000 0.003902
v 0.019319 0.050000 0.005176
v 0.018939 0.050000 0.006429
v 0.018478 0.050000 0.007654
v 0.017937 0.050000 0.008846
v 0.017321 0.050000 0.010000
v 0.016629 0.050000 0.011111
v 0.015867 0.050000 0.012175
v 0.015037 0.050000 0.013187
v 0.014142 0.050000 0.014142
v 0.013187 0.050000 0.015037
v 0.012175 0.050000 0.015867
v 0.011111 0.050000 0.016629
v 0.010000 0.050000 0.017321
v 0.008846 0.050000 0.017937
v 0.007654 0.050000 0.018478
v 0.006429 0.050000 0.018939
v 0.005176 0.050000 0.019319
v 0.003902 0.050000 0.019616
v 0.002611 0.050000 0.019829
v 0.001308 0.050000 0.019957
v 0.000000 0.050000 0.020000
v -0.001308 0.050000 0.019957
v -0.002611 0.050000 0.019829
v -0.003902 0.050000 0.019616
v -0.005176 0.050000 0.019319
v -0.006429 0.050000 0.018939
v -0.007654 0.050000 0.018478
v -0.008846 0.050000 0.017937
v -0.010000 0.050000 0.017321
v -0.011111 0.050000 0.016629
v -0.012175 0.050000 0.015867
v -0.013187 0.050000 0.015037
v -0.014142 0.050000 0.014142
v -0.015037 0.050000 0.013187
v -0.015867 0.050000 0.012175
v -0.016629 0.050000 0.011111
v -0.017321 0.050000 0.010000
v -0.017937 0.050000 0.008846
v -0.018478 0.050000 0.007654
v -0.018939 0.050000 0.006429
v -0.019319 0.050000 0.005176
v -0.019616 0.050000 0.003902
v -0.019829 0.050000 0.002611
v -0.019957 0.050000 0.001308
v -0.020000 0.050000 0.000000
v -0.019957 0.050000 -0.001308
v -0.019829 0.050000 -0.002611
v -0.019616 0.050000 -0.003902
v -0.019319 0.050000 -0.005176
v -0.018939 0.050000 -0.006429
v -0.018478 0.050000 -0.007654
v -0.017937 0.050000 -0.008846
v -0.017321 0.050000 -0.010000
v -0.016629 0.050000 -0.011111
v -0.015867 0.050000 -0.012175
v -0.015037 0.050000 -0.013187
v -0.014142 0.050000 -0.014142
v -0.013187 0.050000 -0.015037
v -0.012175 0.050000 -0.015867
v -0.011111 0.050000 -0.016629
v -0.010000 0.050000 -0.017321
v -0.008846 0.050000 -0.017937
v -0.007654 0.050000 -0.018478
v -0.006429 0.050000 -0.018939
v -0.005176 0.050000 -0.019319
v -0.003902 0.050000 -0.019616
v -0.002611 0.050000 -0.019829
v -0.001308 0.050000 -0.019957
v -0.000000 0.050000 -0.020000
v 0.001308 0.050000 -0.019957
v 0.002611 0.050000 -0.019829
v 0.003902 0.050000 -0.019616
v 0.005176 0.050000 -0.019319
v 0.006429 0.050000 -0.018939
v 0.007654 0.050000 -0.018478
v 0.008846 0.050000 -0.017937
v 0.010000 0.050000 -0.017321
v 0.011111 0.050000 -0.016629
v 0.012175 0.050000 -0.015867
v 0.013187 0.050000 -0.015037
v 0.014142 0.050000 -0.014142
v 0.015037 0.050000 -0.013187
v 0.015867 0.050000 -0.012175
v 0.016629 0.050000 -0.011111
v 0.017321 0.050000 -0.010000
v 0.017937 0.050000 -0.008846
v 0.018478 0.050000 -0.007654
v 0.018939 0.050000 -0.006429
v 0.019319 0.050000 -0.005176
v 0.019616 0.050000 -0.003902
v 0.019829 0.050000 -0.002611
v 0.019957 0.050000 -0.001308
v 0.017736 0.062939 0.000000
v 0.017698 0.062939 0.001160
v 0.017585 0.062939 0.002315
v 0.017396 0.062939 0.003460
v 0.017132 0.062939 0.004590
v 0.016795 0.062939 0.005701
v 0.016386 0.062939 0.006787
v 0.015907 0.062939 0.007845
v 0.015360 0.062939 0.008868
v 0.014747 0.062939 0.009854
v 0.014071 0.062939 0.010797
v 0.013335 0.062939 0.011694
v 0.012541 0.062939 0.012541
v 0.011694 0.062939 0.013335
v 0.010797 0.062939 0.014071
v 0.009854 0.062939 0.014747
v 0.008868 0.062939 0.015360
v 0.007845 0.062939 0.015907
v 0.006787 0.062939 0.016386
v 0.005701 0.062939 0.016795
v 0.004590 0.062939 0.017132
v 0.003460 0.062939 0.017396
v 0.002315 0.062939 0.017585
v 0.001160 0.062939 0.017698
v 0.000000 0.062939 0.017736
v -0.001160 0.062939 0.017698
v -0.002315 0.062939 0.017585
v -0.003460 0.062939 0.017396
v -0.004590 0.062939 0.017132
v -0.005701 0.062939 0.016795
v -0.006787 0.062939 0.016386
v -0.007845 0.062939 0.015907
v -0.008868 0.062939 0.015360
v -0.009854 0.062939 0.014747
v -0.010797 0.062939 0.014071
v -0.011694 0.062939 0.013335
v -0.012541 0.062939 0.012541
v -0.013335 0.062939 0.011694
v -0.014071 0.062939 0.010797
v -0.014747 0.062939 0.009854
v -0.015360 0.062939 0.008868
v -0.015907 0.062939 0.007845
v -0.016386 0.062939 0.006787
v -0.016795 0.062939 0.005701
v -0.017132 0.062939 0.004590
v -0.017396 0.062939 0.003460
v -0.017585 0.062939 0.002315
v -0.017698 0.062939 0.001160
v -0.017736 0.062939 0.000000
v -0.017698 0.062939 -0.001160
v -0.017585 0.062939 -0.002315
v -0.017396 0.062939 -0.003460
v -0.017132 0.062939 -0.004590
v -0.016795 0.062939 -0.005701
v -0.016386 0.062939 -0.006787
v -0.015907 0.062939 -0.007845
v -0.015360 0.062939 -0.008868
v -0.014747 0.062939 -0.009854
v -0.014071 0.062939 -0.010797
v -0.013335 0.062939 -0.011694
v -0.012541 0.062939 -0.012541
v -0.011694 0.062939 -0.013335
v -0.010797 0.062939 -0.014071
v -0.009854 0.062939 -0.014747
v -0.008868 0.062939 -0.015360
v -0.007845 0.062939 -0.015907
v -0.006787 0.062939 -0.016386
v -0.005701 0.062939 -0.016795
v -0.004590 0.062939 -0.017132
v -0.003460 0.062939 -0.017396
v -0.002315 0.062939 -0.017585
v -0.001160 0.062939 -0.017698
v -0.000000 0.062939 -0.017736
v 0.001160 0.062939 -0.017698
v 0.002315 0.062939 -0.017585
v 0.003460 0.062939 -0.017396
v 0.004590 0.062939 -0.017132
v 0.005701 0.062939 -0.016795
v 0.006787 0.062939 -0.016386
v 0.007845 0.062939 -0.015907
v 0.008868 0.062939 -0.015360
v 0.009854 0.062939 -0.014747
v 0.010797 0.062939 -0.014071
v 0.011694 0.062939 -0.013335
v 0.012541 0.062939 -0.012541
v 0.013335 0.062939 -0.011694
v 0.014071 0.062939 -0.010797
v 0.014747 0.062939 -0.009854
v 0.015360 0.062939 -0.008868
v 0.015907 0.062939 -0.007845
v 0.016386 0.062939 -0.006787
v 0.016795 0.062939 -0.005701
v 0.017132 0.062939 -0.004590
v 0.017396 0.062939 -0.003460
v 0.017585 0.062939 -0.002315
v 0.017698 0.062939 -0.001160
v 0.016328 0.078828 0.000000
v 0.016293 0.078828 0.001068
v 0.016188 0.078828 0.002131
v 0.016014 0.078828 0.003185
v 0.015772 0.078828 0.004226
v 0.015462 0.078828 0.005249
v 0.015085 0.078828 0.006249
v 0.014644 0.078828 0.007222
v 0.014141 0.078828 0.008164
v 0.013576 0.078828 0.009071
v 0.012954 0.078828 0.009940
v 0.012276 0.078828 0.010766
v 0.011546 0.078828 0.011546
v 0.010766 0.078828 0.012276
v 0.009940 0.078828 0.012954
v 0.009071 0.078828 0.013576
v 0.008164 0.078828 0.014141
v 0.007222 0.078828 0.014644
v 0.006249 0.078828 0.015085
v 0.005249 0.078828 0.015462
v 0.004226 0.078828 0.015772
v 0.003185 0.078828 0.016014
v 0.002131 0.078828 0.016188
v 0.001068 0.078828 0.016293
v 0.000000 0.078828 0.016328
v -0.001068 0.078828 0.016293
v -0.002131 0.078828 0.016188
v -0.003185 0.078828 0.016014
v -0.004226 0.078828 0.015772
v -0.005249 0.078828 0.015462
v -0.006249 0.078828 0.015085
v -0.007222 0.078828 0.014644
v -0.008164 0.078828 0.014141
v -0.009071 0.078828 0.013576
v -0.009940 0.078828 0.012954
v -0.010766 0.078828 0.012276
v -0.011546 0.078828 0.011546
v -0.012276 0.078828 0.010766
v -0.012954 0.078828 0.009940
v -0.013576 0.078828 0.009071
v -0.014141 0.078828 0.008164
v -0.014644 0.078828 0.007222
v -0.015085 0.078828 0.006249
v -0.015462 0.078828 0.005249
v -0.015772 0.078828 0.004226
v -0.016014 0.078828 0.003185
v -0.016188 0.078828 0.002131
v -0.016293 0.078828 0.001068
v -0.016328 0.078828 0.000000
v -0.016293 0.078828 -0.001068
v -0.016188 0.078828 -0.002131
v -0.016014 0.078828 -0.003185
v -0.015772 0.078828 -0.004226
v -0.015462 0.078828 -0.005249
v -0.015085 0.078828 -0.006249
v -0.014644 0.078828 -0.007222
v -0.014141 0.078828 -0.008164
v -0.013576 0.078828 -0.009071
v -0.012954 0.078828 -0.009940
v -0.012276 0.078828 -0.010766
v -0.011546 0.078828 -0.011546
v -0.010766 0.078828 -0.012276
v -0.009940 0.078828 -0.012954
v -0.009071 0.078828 -0.013576
v -0.008164 0.078828 -0.014141
v -0.007222 0.078828 -0.014644
v -0.006249 0.078828 -0.015085
v -0.005249 0.078828 -0.015462
v -0.004226 0.078828 -0.015772
v -0.003185 0.078828 -0.016014
v -0.002131 0.078828 -0.016188
v -0.001068 0.078828 -0.016293
v -0.000000 0.078828 -0.016328
v 0.001068 0.078828 -0.016293
v 0.002131 0.078828 -0.016188
v 0.003185 0.078828 -0.016014
v 0.004226 0.078828 -0.015772
v 0.005249 0.078828 -0.015462
v 0.006249 0.078828 -0.015085
v 0.007222 0.078828 -0.014644
v 0.008164 0.078828 -0.014141
v 0.009071 0.078828 -0.013576
v 0.009940 0.078828 -0.012954
v 0.010766 0.078828 -0.012276
v 0.011546 0.078828 -0.011546
v 0.012276 0.078828 -0.010766
v 0.012954 0.078828 -0.009940
v 0.013576 0.078828 -0.009071
v 0.014141 0.078828 -0.008164
v 0.014644 0.078828 -0.007222
v 0.015085 0.078828 -0.006249
v 0.015462 0.078828 -0.005249
v 0.015772 0.078828 -0.004226
v 0.016014 0.078828 -0.003185
v 0.016188 0.078828 -0.002131
v 0.016293 0.078828 -0.001068
v 0.015600 0.097021 0.000000
v 0.015566 0.097021 0.001020
v 0.015466 0.097021 0.002036
v 0.015300 0.097021 0.003043
v 0.015068 0.097021 0.004037
v 0.014772 0.097021 0.005014
v 0.014412 0.097021 0.005970
v 0.013991 0.097021 0.006900
v 0.013510 0.097021 0.007800
v 0.012971 0.097021 0.008667
v 0.012376 0.097021 0.009496
v 0.011728 0.097021 0.010286
v 0.011031 0.097021 0.011031
v 0.010286 0.097021 0.011728
v 0.009496 0.097021 0.012376
v 0.008667 0.097021 0.012971
v 0.007800 0.097021 0.013510
v 0.006900 0.097021 0.013991
v 0.005970 0.097021 0.014412
v 0.005014 0.097021 0.014772
v 0.004037 0.097021 0.015068
v 0.003043 0.097021 0.015300
v 0.002036 0.097021 0.015466
v 0.001020 0.097021 0.015566
v 0.000000 0.097021 0.015600
v -0.001020 0.097021 0.015566
v -0.002036 0.097021 0.015466
v -0.003043 0.097021 0.015300
v -0.004037 0.097021 0.015068
v -0.005014 0.097021 0.014772
v -0.005970 0.097021 0.014412
v -0.006900 0.097021 0.013991
v -0.007800 0.097021 0.013510
v -0.008667 0.097021 0.012971
v -0.009496 0.097021 0.012376
v -0.010286 0.097021 0.011728
v -0.011031 0.097021 0.011031
v -0.011728 0.097021 0.010286
v -0.012376 0.097021 0.009496
v -0.012971 0.097021 0.008667
v -0.013510 0.097021 0.007800
v -0.013991 0.097021 0.006900
v -0.014412 0.097021 0.005970
v -0.014772 0.097021 0.005014
v -0.015068 0.097021 0.004037
v -0.015300 0.097021 0.003043
v -0.015466 0.097021 0.002036
v -0.015566 0.097021 0.001020
v -0.015600 0.097021 0.000000
v -0.015566 0.097021 -0.001020
v -0.015466 0.097021 -0.002036
v -0.015300 0.097021 -0.003043
v -0.015068 0.097021 -0.004037
v -0.014772 0.097021 -0.005014
v -0.014412 0.097021 -0.005970
v -0.013991 0.097021 -0.006900
v -0.013510 0.097021 -0.007800
v -0.012971 0.097021 -0.008667
v -0.012376 0.097021 -0.009496
v -0.011728 0.097021 -0.010286
v -0.011031 0.097021 -0.011031
v -0.010286 0.097021 -0.011728
v -0.009496 0.097021 -0.012376
v -0.008667 0.097021 -0.012971
v -0.007800 0.097021 -0.013510
v -0.006900 0.097021 -0.013991
v -0.005970 0.097021 -0.014412
v -0.005014 0.097021 -0.014772
v -0.004037 0.097021 -0.015068
v -0.003043 0.097021 -0.015300
v -0.002036 0.097021 -0.015466
v -0.001020 0.097021 -0.015566
v -0.000000 0.097021 -0.015600
v 0.001020 0.097021 -0.015566
v 0.002036 0.097021 -0.015466
v 0.003043 0.097021 -0.015300
v 0.004037 0.097021 -0.015068
v 0.005014 0.097021 -0.014772
v 0.005970 0.097021 -0.014412
v 0.006900 0.097021 -0.013991
v 0.007800 0.097021 -0.013510
v 0.008667 0.097021 -0.012971
v 0.009496 0.097021 -0.012376
v 0.010286 0.097021 -0.011728
v 0.011031 0.097021 -0.011031
v 0.011728 0.097021 -0.010286
v 0.012376 0.097021 -0.009496
v 0.012971 0.097021 -0.008667
v 0.013510 0.097021 -0.007800
v 0.013991 0.097021 -0.006900
v 0.014412 0.097021 -0.005970
v 0.014772 0.097021 -0.005014
v 0.015068 0.097021 -0.004037
v 0.015300 0.097021 -0.003043
v 0.015466 0.097021 -0.002036
v 0.015566 0.097021 -0.001020
v 0.015375 0.116875 0.000000
v 0.015342 0.116875 0.001006
v 0.015243 0.116875 0.002007
v 0.015080 0.116875 0.003000
v 0.014851 0.116875 0.003979
v 0.014559 0.116875 0.004942
v 0.014205 0.116875 0.005884
v 0.013789 0.116875 0.006800
v 0.013315 0.116875 0.007687
v 0.012784 0.116875 0.008542
v 0.012198 0.116875 0.009360
v 0.011560 0.116875 0.010137
v 0.010872 0.116875 0.010872
v 0.010137 0.116875 0.011560
v 0.009360 0.116875 0.012198
v 0.008542 0.116875 0.012784
v 0.007688 0.116875 0.013315
v 0.006800 0.116875 0.013789
v 0.005884 0.116875 0.014205
v 0.004942 0.116875 0.014559
v 0.003979 0.116875 0.014851
v 0.003000 0.116875 0.015080
v 0.002007 0.116875 0.015243
v 0.001006 0.116875 0.015342
v 0.000000 0.116875 0.015375
v -0.001006 0.116875 0.015342
v -0.002007 0.116875 0.015243
v -0.003000 0.116875 0.015080
v -0.003979 0.116875 0.014851
v -0.004942 0.116875 0.014559
v -0.005884 0.116875 0.014205
v -0.006800 0.116875 0.013789
v -0.007687 0.116875 0.013315
v -0.008542 0.116875 0.012784
v -0.009360 0.116875 0.012198
v -0.010137 0.116875 0.011560
v -0.010872 0.116875 0.010872
v -0.011560 0.116875 0.010137
v -0.012198 0.116875 0.009360
v -0.012784 0.116875 0.008542
v -0.013315 0.116875 0.007687
v -0.013789 0.116875 0.006800
v -0.014205 0.116875 0.005884
v -0.014559 0.116875 0.004942
v -0.014851 0.116875 0.003979
v -0.015080 0.116875 0.003000
v -0.015243 0.116875 0.002007
v -0.015342 0.116875 0.001006
v -0.015375 0.116875 0.000000
v -0.015342 0.116875 -0.001006
v -0.015243 0.116875 -0.002007
v -0.015080 0.116875 -0.003000
v -0.014851 0.116875 -0.003979
v -0.014559 0.116875 -0.004942
v -0.014205 0.116875 -0.005884
v -0.013789 0.116875 -0.006800
v -0.013315 0.116875 -0.007687
v -0.012784 0.116875 -0.008542
v -0.012198 0.116875 -0.009360
v -0.011560 0.116875 -0.010137
v -0.010872 0.116875 -0.010872
v -0.010137 0.116875 -0.011560
v -0.009360 0.116875 -0.012198
v -0.008542 0.116875 -0.012784
v -0.007688 0.116875 -0.013315
v -0.006800 0.116875 -0.013789
v -0.005884 0.116875 -0.014205
v -0.004942 0.116875 -0.014559
v -0.003979 0.116875 -0.014851
v -0.003000 0.116875 -0.015080
v -0.002007 0.116875 -0.015243
v -0.001006 0.116875 -0.015342
v -0.000000 0.116875 -0.015375
v 0.001006 0.116875 -0.015342
v 0.002007 0.116875 -0.015243
v 0.003000 0.116875 -0.015080
v 0.003979 0.116875 -0.014851
v 0.004942 0.116875 -0.014559
v 0.005884 0.116875 -0.014205
v 0.006800 0.116875 -0.013789
v 0.007688 0.116875 -0.013315
v 0.008542 0.116875 -0.012784
v 0.009360 0.116875 -0.012198
v 0.010137 0.116875 -0.011560
v 0.010872 0.116875 -0.010872
v 0.011560 0.116875 -0.010137
v 0.012198 0.116875 -0.009360
v 0.012784 0.116875 -0.008542
v 0.013315 0.116875 -0.007688
v 0.013789 0.116875 -0.006800
v 0.014205 0.116875 -0.005884
v 0.014559 0.116875 -0.004942
v 0.014851 0.116875 -0.003979
v 0.015080 0.116875 -0.003000
v 0.015243 0.116875 -0.002007
v 0.015342 0.116875 -0.001006
v 0.015479 0.137744 0.000000
v 0.015445 0.137744 0.001012
v 0.015346 0.137744 0.002020
v 0.015181 0.137744 0.003020
v 0.014951 0.137744 0.004006
v 0.014657 0.137744 0.004975
v 0.014300 0.137744 0.005923
v 0.013882 0.137744 0.006846
v 0.013405 0.137744 0.007739
v 0.012870 0.137744 0.008599
v 0.012280 0.137744 0.009423
v 0.011637 0.137744 0.010206
v 0.010945 0.137744 0.010945
v 0.010206 0.137744 0.011637
v 0.009423 0.137744 0.012280
v 0.008599 0.137744 0.012870
v 0.007739 0.137744 0.013405
v 0.006846 0.137744 0.013882
v 0.005923 0.137744 0.014300
v 0.004975 0.137744 0.014657
v 0.004006 0.137744 0.014951
v 0.003020 0.137744 0.015181
v 0.002020 0.137744 0.015346
v 0.001012 0.137744 0.015445
v 0.000000 0.137744 0.015479
v -0.001012 0.137744 0.015445
v -0.002020 0.137744 0.015346
v -0.003020 0.137744 0.015181
v -0.004006 0.137744 0.014951
v -0.004975 0.137744 0.014657
v -0.005923 0.137744 0.014300
v -0.006846 0.137744 0.013882
v -0.007739 0.137744 0.013405
v -0.008599 0.137744 0.012870
v -0.009423 0.137744 0.012280
v -0.010206 0.137744 0.011637
v -0.010945 0.137744 0.010945
v -0.011637 0.137744 0.010206
v -0.012280 0.137744 0.009423
v -0.012870 0.137744 0.008599
v -0.013405 0.137744 0.007739
v -0.013882 0.137744 0.006846
v -0.014300 0.137744 0.005923
v -0.014657 0.137744 0.004975
v -0.014951 0.137744 0.004006
v -0.015181 0.137744 0.003020
v -0.015346 0.137744 0.002020
v -0.015445 0.137744 0.001012
v -0.015479 0.137744 0.000000
v -0.015445 0.137744 -0.001012
v -0.015346 0.137744 -0.002020
v -0.015181 0.137744 -0.003020
v -0.014951 0.137744 -0.004006
v -0.014657 0.137744 -0.004975
v -0.014300 0.137744 -0.005923
v -0.013882 0.137744 -0.006846
v -0.013405 0.137744 -0.007739
v -0.012870 0.137744 -0.008599
v -0.012280 0.137744 -0.009423
v -0.011637 0.137744 -0.010206
v -0.010945 0.137744 -0.010945
v -0.010206 0.137744 -0.011637
v -0.009423 0.137744 -0.012280
v -0.008599 0.137744 -0.012870
v -0.007739 0.137744 -0.013405
v -0.006846 0.137744 -0.013882
v -0.005923 0.137744 -0.014300
v -0.004975 0.137744 -0.014657
v -0.004006 0.137744 -0.014951
v -0.003020 0.137744 -0.015181
v -0.002020 0.137744 -0.015346
v -0.001012 0.137744 -0.015445
v -0.000000 0.137744 -0.015479
v 0.001012 0.137744 -0.015445
v 0.002020 0.137744 -0.015346
v 0.003020 0.137744 -0.015181
v 0.004006 0.137744 -0.014951
v 0.004975 0.137744 -0.014657
v 0.005923 0.137744 -0.014300
v 0.006846 0.137744 -0.013882
v 0.007739 0.137744 -0.013405
v 0.008599 0.137744 -0.012870
v 0.009423 0.137744 -0.012280
v 0.010206 0.137744 -0.011637
v 0.010945 0.137744 -0.010945
v 0.011637 0.137744 -0.010206
v 0.012280 0.137744 -0.009423
v 0.012870 0.137744 -0.008599
v 0.013405 0.137744 -0.007739
v 0.013882 0.137744 -0.006846
v 0.014300 0.137744 -0.005923
v 0.014657 0.137744 -0.004975
v 0.014951 0.137744 -0.004006
v 0.015181 0.137744 -0.003020
v 0.015346 0.137744 -0.002020
v 0.015445 0.137744 -0.001012
v 0.015734 0.158984 0.000000
v 0.015701 0.158984 0.001029
v 0.015600 0.158984 0.002054
v 0.015432 0.158984 0.003070
v 0.015198 0.158984 0.004072
v 0.014899 0.158984 0.005058
v 0.014537 0.158984 0.006021
v 0.014112 0.158984 0.006959
v 0.013626 0.158984 0.007867
v 0.013083 0.158984 0.008742
v 0.012483 0.158984 0.009578
v 0.011830 0.158984 0.010374
v 0.011126 0.158984 0.011126
v 0.010374 0.158984 0.011830
v 0.009578 0.158984 0.012483
v 0.008742 0.158984 0.013083
v 0.007867 0.158984 0.013626
v 0.006959 0.158984 0.014112
v 0.006021 0.158984 0.014537
v 0.005058 0.158984 0.014899
v 0.004072 0.158984 0.015198
v 0.003070 0.158984 0.015432
v 0.002054 0.158984 0.015600
v 0.001029 0.158984 0.015701
v 0.000000 0.158984 0.015734
v -0.001029 0.158984 0.015701
v -0.002054 0.158984 0.015600
v -0.003070 0.158984 0.015432
v -0.004072 0.158984 0.015198
v -0.005058 0.158984 0.014899
v -0.006021 0.158984 0.014537
v -0.006959 0.158984 0.014112
v -0.007867 0.158984 0.013626
v -0.008742 0.158984 0.013083
v -0.009578 0.158984 0.012483
v -0.010374 0.158984 0.011830
v -0.011126 0.158984 0.011126
v -0.011830 0.158984 0.010374
v -0.012483 0.158984 0.009578
v -0.013083 0.158984 0.008742
v -0.013626 0.158984 0.007867
v -0.014112 0.158984 0.006959
v -0.014537 0.158984 0.006021
v -0.014899 0.158984 0.005058
v -0.015198 0.158984 0.004072
v -0.015432 0.158984 0.003070
v -0.015600 0.158984 0.002054
v -0.015701 0.158984 0.001029
v -0.015734 0.158984 0.000000
v -0.015701 0.158984 -0.001029
v -0.015600 0.158984 -0.002054
v -0.015432 0.158984 -0.003070
v -0.015198 0.158984 -0.004072
v -0.014899 0.158984 -0.005058
v -0.014537 0.158984 -0.006021
v -0.014112 0.158984 -0.006959
v -0.013626 0.158984 -0.007867
v -0.013083 0.158984 -0.008742
v -0.012483 0.158984 -0.009578
v -0.011830 0.158984 -0.010374
v -0.011126 0.158984 -0.011126
v -0.010374 0.158984 -0.011830
v -0.009578 0.158984 -0.012483
v -0.008742 0.158984 -0.013083
v -0.007867 0.158984 -0.013626
v -0.006959 0.158984 -0.014112
v -0.006021 0.158984 -0.014537
v -0.005058 0.158984 -0.014899
v -0.004072 0.158984 -0.015198
v -0.003070 0.158984 -0.015432
v -0.002054 0.158984 -0.015600
v -0.001029 0.158984 -0.015701
v -0.000000 0.158984 -0.015734
v 0.001029 0.158984 -0.015701
v 0.002054 0.158984 -0.015600
v 0.003070 0.158984 -0.015432
v 0.004072 0.158984 -0.015198
v 0.005058 0.158984 -0.014899
v 0.006021 0.158984 -0.014537
v 0.006959 0.158984 -0.014112
v 0.007867 0.158984 -0.013626
v 0.008742 0.158984 -0.013083
v 0.009578 0.158984 -0.012483
v 0.010374 0.158984 -0.011830
v 0.011126 0.158984 -0.011126
v 0.011830 0.158984 -0.010374
v 0.012483 0.158984 -0.009578
v 0.013083 0.158984 -0.008742
v 0.013626 0.158984 -0.007867
v 0.014112 0.158984 -0.006959
v 0.014537 0.158984 -0.006021
v 0.014899 0.158984 -0.005058
v 0.015198 0.158984 -0.004072
v 0.015432 0.158984 -0.003070
v 0.015600 0.158984 -0.002054
v 0.015701 0.158984 -0.001029
v 0.015967 0.179951 0.000000
v 0.015933 0.179951 0.001044
v 0.015830 0.179951 0.002084
v 0.015660 0.179951 0.003115
v 0.015423 0.179951 0.004133
v 0.015119 0.179951 0.005132
v 0.014751 0.179951 0.006110
v 0.014320 0.179951 0.007062
v 0.013828 0.179951 0.007983
v 0.013276 0.179951 0.008871
v 0.012667 0.179951 0.009720
v 0.012004 0.179951 0.010528
v 0.011290 0.179951 0.011290
v 0.010528 0.179951 0.012004
v 0.009720 0.179951 0.012667
v 0.008871 0.179951 0.013276
v 0.007983 0.179951 0.013828
v 0.007062 0.179951 0.014320
v 0.006110 0.179951 0.014751
v 0.005132 0.179951 0.015119
v 0.004133 0.179951 0.015423
v 0.003115 0.179951 0.015660
v 0.002084 0.179951 0.015830
v 0.001044 0.179951 0.015933
v 0.000000 0.179951 0.015967
v -0.001044 0.179951 0.015933
v -0.002084 0.179951 0.015830
v -0.003115 0.179951 0.015660
v -0.004133 0.179951 0.015423
v -0.005132 0.179951 0.015119
v -0.006110 0.179951 0.014751
v -0.007062 0.179951 0.014320
v -0.007983 0.179951 0.013828
v -0.008871 0.179951 0.013276
v -0.009720 0.179951 0.012667
v -0.010528 0.179951 0.012004
v -0.011290 0.179951 0.011290
v -0.012004 0.179951 0.010528
v -0.012667 0.179951 0.009720
v -0.013276 0.179951 0.008871
v -0.013828 0.179951 0.007983
v -0.014320 0.179951 0.007062
v -0.014751 0.179951 0.006110
v -0.015119 0.179951 0.005132
v -0.015423 0.179951 0.004133
v -0.015660 0.179951 0.003115
v -0.015830 0.179951 0.002084
v -0.015933 0.179951 0.001044
v -0.015967 0.179951 0.000000
v -0.015933 0.179951 -0.001044
v -0.015830 0.179951 -0.002084
v -0.015660 0.179951 -0.003115
v -0.015423 0.179951 -0.004133
v -0.015119 0.179951 -0.005132
v -0.014751 0.179951 -0.006110
v -0.014320 0.179951 -0.007062
v -0.013828 0.179951 -0.007983
v -0.013276 0.179951 -0.008871
v -0.012667 0.179951 -0.009720
v -0.012004 0.179951 -0.010528
v -0.011290 0.179951 -0.011290
v -0.010528 0.179951 -0.012004
v -0.009720 0.179951 -0.012667
v -0.008871 0.179951 -0.013276
v -0.007983 0.179951 -0.013828
v -0.007062 0.179951 -0.014320
v -0.006110 0.179951 -0.014751
v -0.005132 0.179951 -0.015119
v -0.004133 0.179951 -0.015423
v -0.003115 0.179951 -0.015660
v -0.002084 0.179951 -0.015830
v -0.001044 0.179951 -0.015933
v -0.000000 0.179951 -0.015967
v 0.001044 0.179951 -0.015933
v 0.002084 0.179951 -0.015830
v 0.003115 0.179951 -0.015660
v 0.004133 0.179951 -0.015423
v 0.005132 0.179951 -0.015119
v 0.006110 0.179951 -0.014751
v 0.007062 0.179951 -0.014320
v 0.007983 0.179951 -0.013828
v 0.008871 0.179951 -0.013276
v 0.009720 0.179951 -0.012667
v 0.010528 0.179951 -0.012004
v 0.011290 0.179951 -0.011290
v 0.012004 0.179951 -0.010528
v 0.012667 0.179951 -0.009720
v 0.013276 0.179951 -0.008871
v 0.013828 0.179951 -0.007983
v 0.014320 0.179951 -0.007062
v 0.014751 0.179951 -0.006110
v 0.015119 0.179951 -0.005132
v 0.015423 0.179951 -0.004133
v 0.015660 0.179951 -0.003115
v 0.015830 0.179951 -0.002084
v 0.015933 0.179951 -0.001044
v 0.016000 0.200000 0.000000
v 0.015966 0.200000 0.001046
v 0.015863 0.200000 0.002088
v 0.015693 0.200000 0.003121
v 0.015455 0.200000 0.004141
v 0.015151 0.200000 0.005143
v 0.014782 0.200000 0.006123
v 0.014350 0.200000 0.007077
v 0.013856 0.200000 0.008000
v 0.013304 0.200000 0.008889
v 0.012694 0.200000 0.009740
v 0.012029 0.200000 0.010550
v 0.011314 0.200000 0.011314
v 0.010550 0.200000 0.012029
v 0.009740 0.200000 0.012694
v 0.008889 0.200000 0.013304
v 0.008000 0.200000 0.013856
v 0.007077 0.200000 0.014350
v 0.006123 0.200000 0.014782
v 0.005143 0.200000 0.015151
v 0.004141 0.200000 0.015455
v 0.003121 0.200000 0.015693
v 0.002088 0.200000 0.015863
v 0.001046 0.200000 0.015966
v 0.000000 0.200000 0.016000
v -0.001046 0.200000 0.015966
v -0.002088 0.200000 0.015863
v -0.003121 0.200000 0.015693
v -0.004141 0.200000 0.015455
v -0.005143 0.200000 0.015151
v -0.006123 0.200000 0.014782
v -0.007077 0.200000 0.014350
v -0.008000 0.200000 0.013856
v -0.008889 0.200000 0.013304
v -0.009740 0.200000 0.012694
v -0.010550 0.200000 0.012029
v -0.011314 0.200000 0.011314
v -0.012029 0.200000 0.010550
v -0.012694 0.200000 0.009740
v -0.013304 0.200000 0.008889
v -0.013856 0.200000 0.008000
v -0.014350 0.200000 0.007077
v -0.014782 0.200000 0.006123
v -0.015151 0.200000 0.005143
v -0.015455 0.200000 0.004141
v -0.015693 0.200000 0.003121
v -0.015863 0.200000 0.002088
v -0.015966 0.200000 0.001046
v -0.016000 0.200000 0.000000
v -0.015966 0.200000 -0.001046
v -0.015863 0.200000 -0.002088
v -0.015693 0.200000 -0.003121
v -0.015455 0.200000 -0.004141
v -0.015151 0.200000 -0.005143
v -0.014782 0.200000 -0.006123
v -0.014350 0.200000 -0.007077
v -0.013856 0.200000 -0.008000
v -0.013304 0.200000 -0.008889
v -0.012694 0.200000 -0.009740
v -0.012029 0.200000 -0.010550
v -0.011314 0.200000 -0.011314
v -0.010550 0.200000 -0.012029
v -0.009740 0.200000 -0.012694
v -0.008889 0.200000 -0.013304
v -0.008000 0.200000 -0.013856
v -0.007077 0.200000 -0.014350
v -0.006123 0.200000 -0.014782
v -0.005143 0.200000 -0.015151
v -0.004141 0.200000 -0.015455
v -0.003121 0.200000 -0.015693
v -0.002088 0.200000 -0.015863
v -0.001046 0.200000 -0.015966
v -0.000000 0.200000 -0.016000
v 0.001046 0.200000 -0.015966
v 0.002088 0.200000 -0.015863
v 0.003121 0.200000 -0.015693
v 0.004141 0.200000 -0.015455
v 0.005143 0.200000 -0.015151
v 0.006123 0.200000 -0.014782
v 0.007077 0.200000 -0.014350
v 0.008000 0.200000 -0.013856
v 0.008889 0.200000 -0.013304
v 0.009740 0.200000 -0.012694
v 0.010550 0.200000 -0.012029
v 0.011314 0.200000 -0.011314
v 0.012029 0.200000 -0.010550
v 0.012694 0.200000 -0.009740
v 0.013304 0.200000 -0.008889
v 0.013856 0.200000 -0.008000
v 0.014350 0.200000 -0.007077
v 0.014782 0.200000 -0.006123
v 0.015151 0.200000 -0.005143
v 0.015455 0.200000 -0.004141
v 0.015693 0.200000 -0.003121
v 0.015863 0.200000 -0.002088
v 0.015966 0.200000 -0.001046
v 0.015977 0.220615 0.000000
v 0.015942 0.220615 0.001045
v 0.015840 0.220615 0.002085
v 0.015670 0.220615 0.003117
v 0.015432 0.220615 0.004135
v 0.015129 0.220615 0.005135
v 0.014760 0.220615 0.006114
v 0.014329 0.220615 0.007066
v 0.013836 0.220615 0.007988
v 0.013284 0.220615 0.008876
v 0.012675 0.220615 0.009726
v 0.012012 0.220615 0.010534
v 0.011297 0.220615 0.011297
v 0.010534 0.220615 0.012012
v 0.009726 0.220615 0.012675
v 0.008876 0.220615 0.013284
v 0.007988 0.220615 0.013836
v 0.007066 0.220615 0.014329
v 0.006114 0.220615 0.014760
v 0.005135 0.220615 0.015129
v 0.004135 0.220615 0.015432
v 0.003117 0.220615 0.015670
v 0.002085 0.220615 0.015840
v 0.001045 0.220615 0.015942
v 0.000000 0.220615 0.015977
v -0.001045 0.220615 0.015942
v -0.002085 0.220615 0.015840
v -0.003117 0.220615 0.015670
v -0.004135 0.220615 0.015432
v -0.005135 0.220615 0.015129
v -0.006114 0.220615 0.014760
v -0.007066 0.220615 0.014329
v -0.007988 0.220615 0.013836
v -0.008876 0.220615 0.013284
v -0.009726 0.220615 0.012675
v -0.010534 0.220615 0.012012
v -0.011297 0.220615 0.011297
v -0.012012 0.220615 0.010534
v -0.012675 0.220615 0.009726
v -0.013284 0.220615 0.008876
v -0.013836 0.220615 0.007988
v -0.014329 0.220615 0.007066
v -0.014760 0.220615 0.006114
v -0.015129 0.220615 0.005135
v -0.015432 0.220615 0.004135
v -0.015670 0.220615 0.003117
v -0.015840 0.220615 0.002085
v -0.015942 0.220615 0.001045
v -0.015977 0.220615 0.000000
v -0.015942 0.220615 -0.001045
v -0.015840 0.220615 -0.002085
v -0.015670 0.220615 -0.003117
v -0.015432 0.220615 -0.004135
v -0.015129 0.220615 -0.005135
v -0.014760 0.220615 -0.006114
v -0.014329 0.220615 -0.007066
v -0.013836 0.220615 -0.007988
v -0.013284 0.220615 -0.008876
v -0.012675 0.220615 -0.009726
v -0.012012 0.220615 -0.010534
v -0.011297 0.220615 -0.011297
v -0.010534 0.220615 -0.012012
v -0.009726 0.220615 -0.012675
v -0.008876 0.220615 -0.013284
v -0.007988 0.220615 -0.013836
v -0.007066 0.220615 -0.014329
v -0.006114 0.220615 -0.014760
v -0.005135 0.220615 -0.015129
v -0.004135 0.220615 -0.015432
v -0.003117 0.220615 -0.015670
v -0.002085 0.220615 -0.015840
v -0.001045 0.220615 -0.015942
v -0.000000 0.220615 -0.015977
v 0.001045 0.220615 -0.015942
v 0.002085 0.220615 -0.015840
v 0.003117 0.220615 -0.015670
v 0.004135 0.220615 -0.015432
v 0.005135 0.220615 -0.015129
v 0.006114 0.220615 -0.014760
v 0.007066 0.220615 -0.014329
v 0.007988 0.220615 -0.013836
v 0.008876 0.220615 -0.013284
v 0.009726 0.220615 -0.012675
v 0.010534 0.220615 -0.012012
v 0.011297 0.220615 -0.011297
v 0.012012 0.220615 -0.010534
v 0.012675 0.220615 -0.009726
v 0.013284 0.220615 -0.008876
v 0.013836 0.220615 -0.007988
v 0.014329 0.220615 -0.007066
v 0.014760 0.220615 -0.006114
v 0.015129 0.220615 -0.005135
v 0.015432 0.220615 -0.004135
v 0.015670 0.220615 -0.003117
v 0.015840 0.220615 -0.002085
v 0.015942 0.220615 -0.001045
v 0.016125 0.243047 0.000000
v 0.016090 0.243047 0.001055
v 0.015987 0.243047 0.002105
v 0.015815 0.243047 0.003146
v 0.015576 0.243047 0.004173
v 0.015269 0.243047 0.005183
v 0.014898 0.243047 0.006171
v 0.014462 0.243047 0.007132
v 0.013965 0.243047 0.008062
v 0.013407 0.243047 0.008959
v 0.012793 0.243047 0.009816
v 0.012123 0.243047 0.010632
v 0.011402 0.243047 0.011402
v 0.010632 0.243047 0.012123
v 0.009816 0.243047 0.012793
v 0.008959 0.243047 0.013407
v 0.008063 0.243047 0.013965
v 0.007132 0.243047 0.014462
v 0.006171 0.243047 0.014898
v 0.005183 0.243047 0.015269
v 0.004173 0.243047 0.015576
v 0.003146 0.243047 0.015815
v 0.002105 0.243047 0.015987
v 0.001055 0.243047 0.016090
v 0.000000 0.243047 0.016125
v -0.001055 0.243047 0.016090
v -0.002105 0.243047 0.015987
v -0.003146 0.243047 0.015815
v -0.004173 0.243047 0.015576
v -0.005183 0.243047 0.015269
v -0.006171 0.243047 0.014898
v -0.007132 0.243047 0.014462
v -0.008062 0.243047 0.013965
v -0.008959 0.243047 0.013407
v -0.009816 0.243047 0.012793
v -0.010632 0.243047 0.012123
v -0.011402 0.243047 0.011402
v -0.012123 0.243047 0.010632
v -0.012793 0.243047 0.009816
v -0.013407 0.243047 0.008959
v -0.013965 0.243047 0.008062
v -0.014462 0.243047 0.007132
v -0.014898 0.243047 0.006171
v -0.015269 0.243047 0.005183
v -0.015576 0.243047 0.004173
v -0.015815 0.243047 0.003146
v -0.015987 0.243047 0.002105
v -0.016090 0.243047 0.001055
v -0.016125 0.243047 0.000000
v -0.016090 0.243047 -0.001055
v -0.015987 0.243047 -0.002105
v -0.015815 0.243047 -0.003146
v -0.015576 0.243047 -0.004173
v -0.015269 0.243047 -0.005183
v -0.014898 0.243047 -0.006171
v -0.014462 0.243047 -0.007132
v -0.013965 0.243047 -0.008062
v -0.013407 0.243047 -0.008959
v -0.012793 0.243047 -0.009816
v -0.012123 0.243047 -0.010632
v -0.011402 0.243047 -0.011402
v -0.010632 0.243047 -0.012123
v -0.009816 0.243047 -0.012793
v -0.008959 0.243047 -0.013407
v -0.008063 0.243047 -0.013965
v -0.007132 0.243047 -0.014462
v -0.006171 0.243047 -0.014898
v -0.005183 0.243047 -0.015269
v -0.004173 0.243047 -0.015576
v -0.003146 0.243047 -0.015815
v -0.002105 0.243047 -0.015987
v -0.001055 0.243047 -0.016090
v -0.000000 0.243047 -0.016125
v 0.001055 0.243047 -0.016090
v 0.002105 0.243047 -0.015987
v 0.003146 0.243047 -0.015815
v 0.004173 0.243047 -0.015576
v 0.005183 0.243047 -0.015269
v 0.006171 0.243047 -0.014898
v 0.007132 0.243047 -0.014462
v 0.008063 0.243047 -0.013965
v 0.008959 0.243047 -0.013407
v 0.009816 0.243047 -0.012793
v 0.010632 0.243047 -0.012123
v 0.011402 0.243047 -0.011402
v 0.012123 0.243047 -0.010632
v 0.012793 0.243047 -0.009816
v 0.013407 0.243047 -0.008959
v 0.013965 0.243047 -0.008063
v 0.014462 0.243047 -0.007132
v 0.014898 0.243047 -0.006171
v 0.015269 0.243047 -0.005183
v 0.015576 0.243047 -0.004173
v 0.015815 0.243047 -0.003146
v 0.015987 0.243047 -0.002105
v 0.016090 0.243047 -0.001055
v 0.016398 0.266299 0.000000
v 0.016363 0.266299 0.001073
v 0.016258 0.266299 0.002140
v 0.016083 0.266299 0.003199
v 0.015840 0.266299 0.004244
v 0.015528 0.266299 0.005271
v 0.015150 0.266299 0.006275
v 0.014707 0.266299 0.007253
v 0.014201 0.266299 0.008199
v 0.013635 0.266299 0.009110
v 0.013010 0.266299 0.009983
v 0.012329 0.266299 0.010812
v 0.011595 0.266299 0.011595
v 0.010812 0.266299 0.012329
v 0.009983 0.266299 0.013010
v 0.009110 0.266299 0.013635
v 0.008199 0.266299 0.014201
v 0.007253 0.266299 0.014707
v 0.006275 0.266299 0.015150
v 0.005271 0.266299 0.015528
v 0.004244 0.266299 0.015840
v 0.003199 0.266299 0.016083
v 0.002140 0.266299 0.016258
v 0.001073 0.266299 0.016363
v 0.000000 0.266299 0.016398
v -0.001073 0.266299 0.016363
v -0.002140 0.266299 0.016258
v -0.003199 0.266299 0.016083
v -0.004244 0.266299 0.015840
v -0.005271 0.266299 0.015528
v -0.006275 0.266299 0.015150
v -0.007253 0.266299 0.014707
v -0.008199 0.266299 0.014201
v -0.009110 0.266299 0.013635
v -0.009983 0.266299 0.013010
v -0.010812 0.266299 0.012329
v -0.011595 0.266299 0.011595
v -0.012329 0.266299 0.010812
v -0.013010 0.266299 0.009983
v -0.013635 0.266299 0.009110
v -0.014201 0.266299 0.008199
v -0.014707 0.266299 0.007253
v -0.015150 0.266299 0.006275
v -0.015528 0.266299 0.005271
v -0.015840 0.266299 0.004244
v -0.016083 0.266299 0.003199
v -0.016258 0.266299 0.002140
v -0.016363 0.266299 0.001073
v -0.016398 0.266299 0.000000
v -0.016363 0.266299 -0.001073
v -0.016258 0.266299 -0.002140
v -0.016083 0.266299 -0.003199
v -0.015840 0.266299 -0.004244
v -0.015528 0.266299 -0.005271
v -0.015150 0.266299 -0.006275
v -0.014707 0.266299 -0.007253
v -0.014201 0.266299 -0.008199
v -0.013635 0.266299 -0.009110
v -0.013010 0.266299 -0.009983
v -0.012329 0.266299 -0.010812
v -0.011595 0.266299 -0.011595
v -0.010812 0.266299 -0.012329
v -0.009983 0.266299 -0.013010
v -0.009110 0.266299 -0.013635
v -0.008199 0.266299 -0.014201
v -0.007253 0.266299 -0.014707
v -0.006275 0.266299 -0.015150
v -0.005271 0.266299 -0.015528
v -0.004244 0.266299 -0.015840
v -0.003199 0.266299 -0.016083
v -0.002140 0.266299 -0.016258
v -0.001073 0.266299 -0.016363
v -0.000000 0.266299 -0.016398
v 0.001073 0.266299 -0.016363
v 0.002140 0.266299 -0.016258
v 0.003199 0.266299 -0.016083
v 0.004244 0.266299 -0.015840
v 0.005271 0.266299 -0.015528
v 0.006275 0.266299 -0.015150
v 0.007253 0.266299 -0.014707
v 0.008199 0.266299 -0.014201
v 0.009110 0.266299 -0.013635
v 0.009983 0.266299 -0.013010
v 0.010812 0.266299 -0.012329
v 0.011595 0.266299 -0.011595
v 0.012329 0.266299 -0.010812
v 0.013010 0.266299 -0.009983
v 0.013635 0.266299 -0.009110
v 0.014201 0.266299 -0.008199
v 0.014707 0.266299 -0.007253
v 0.015150 0.266299 -0.006275
v 0.015528 0.266299 -0.005271
v 0.015840 0.266299 -0.004244
v 0.016083 0.266299 -0.003199
v 0.016258 0.266299 -0.002140
v 0.016363 0.266299 -0.001073
v 0.016750 0.289375 0.000000
v 0.016714 0.289375 0.001096
v 0.016607 0.289375 0.002186
v 0.016428 0.289375 0.003268
v 0.016179 0.289375 0.004335
v 0.015861 0.289375 0.005384
v 0.015475 0.289375 0.006410
v 0.015023 0.289375 0.007408
v 0.014506 0.289375 0.008375
v 0.013927 0.289375 0.009306
v 0.013289 0.289375 0.010197
v 0.012593 0.289375 0.011044
v 0.011844 0.289375 0.011844
v 0.011044 0.289375 0.012593
v 0.010197 0.289375 0.013289
v 0.009306 0.289375 0.013927
v 0.008375 0.289375 0.014506
v 0.007408 0.289375 0.015023
v 0.006410 0.289375 0.015475
v 0.005384 0.289375 0.015861
v 0.004335 0.289375 0.016179
v 0.003268 0.289375 0.016428
v 0.002186 0.289375 0.016607
v 0.001096 0.289375 0.016714
v 0.000000 0.289375 0.016750
v -0.001096 0.289375 0.016714
v -0.002186 0.289375 0.016607
v -0.003268 0.289375 0.016428
v -0.004335 0.289375 0.016179
v -0.005384 0.289375 0.015861
v -0.006410 0.289375 0.015475
v -0.007408 0.289375 0.015023
v -0.008375 0.289375 0.014506
v -0.009306 0.289375 0.013927
v -0.010197 0.289375 0.013289
v -0.011044 0.289375 0.012593
v -0.011844 0.289375 0.011844
v -0.012593 0.289375 0.011044
v -0.013289 0.289375 0.010197
v -0.013927 0.289375 0.009306
v -0.014506 0.289375 0.008375
v -0.015023 0.289375 0.007408
v -0.015475 0.289375 0.006410
v -0.015861 0.289375 0.005384
v -0.016179 0.289375 0.004335
v -0.016428 0.289375 0.003268
v -0.016607 0.289375 0.002186
v -0.016714 0.289375 0.001096
v -0.016750 0.289375 0.000000
v -0.016714 0.289375 -0.001096
v -0.016607 0.289375 -0.002186
v -0.016428 0.289375 -0.003268
v -0.016179 0.289375 -0.004335
v -0.015861 0.289375 -0.005384
v -0.015475 0.289375 -0.006410
v -0.015023 0.289375 -0.007408
v -0.014506 0.289375 -0.008375
v -0.013927 0.289375 -0.009306
v -0.013289 0.289375 -0.010197
v -0.012593 0.289375 -0.011044
v -0.011844 0.289375 -0.011844
v -0.011044 0.289375 -0.012593
v -0.010197 0.289375 -0.013289
v -0.009306 0.289375 -0.013927
v -0.008375 0.289375 -0.014506
v -0.007408 0.289375 -0.015023
v -0.006410 0.289375 -0.015475
v -0.005384 0.289375 -0.015861
v -0.004335 0.289375 -0.016179
v -0.003268 0.289375 -0.016428
v -0.002186 0.289375 -0.016607
v -0.001096 0.289375 -0.016714
v -0.000000 0.289375 -0.016750
v 0.001096 0.289375 -0.016714
v 0.002186 0.289375 -0.016607
v 0.003268 0.289375 -0.016428
v 0.004335 0.289375 -0.016179
v 0.005384 0.289375 -0.015861
v 0.006410 0.289375 -0.015475
v 0.007408 0.289375 -0.015023
v 0.008375 0.289375 -0.014506
v 0.009306 0.289375 -0.013927
v 0.010197 0.289375 -0.013289
v 0.011044 0.289375 -0.012593
v 0.011844 0.289375 -0.011844
v 0.012593 0.289375 -0.011044
v 0.013289 0.289375 -0.010197
v 0.013927 0.289375 -0.009306
v 0.014506 0.289375 -0.008375
v 0.015023 0.289375 -0.007408
v 0.015475 0.289375 -0.006410
v 0.015861 0.289375 -0.005384
v 0.016179 0.289375 -0.004335
v 0.016428 0.289375 -0.003268
v 0.016607 0.289375 -0.002186
v 0.016714 0.289375 -0.001096
v 0.017133 0.311279 0.000000
v 0.017096 0.311279 0.001121
v 0.016986 0.311279 0.002236
v 0.016804 0.311279 0.003342
v 0.016549 0.311279 0.004434
v 0.016224 0.311279 0.005507
v 0.015829 0.311279 0.006556
v 0.015366 0.311279 0.007578
v 0.014837 0.311279 0.008566
v 0.014245 0.311279 0.009518
v 0.013592 0.311279 0.010430
v 0.012881 0.311279 0.011296
v 0.012115 0.311279 0.012115
v 0.011296 0.311279 0.012881
v 0.010430 0.311279 0.013592
v 0.009518 0.311279 0.014245
v 0.008566 0.311279 0.014837
v 0.007578 0.311279 0.015366
v 0.006556 0.311279 0.015829
v 0.005507 0.311279 0.016224
v 0.004434 0.311279 0.016549
v 0.003342 0.311279 0.016804
v 0.002236 0.311279 0.016986
v 0.001121 0.311279 0.017096
v 0.000000 0.311279 0.017133
v -0.001121 0.311279 0.017096
v -0.002236 0.311279 0.016986
v -0.003342 0.311279 0.016804
v -0.004434 0.311279 0.016549
v -0.005507 0.311279 0.016224
v -0.006556 0.311279 0.015829
v -0.007578 0.311279 0.015366
v -0.008566 0.311279 0.014837
v -0.009518 0.311279 0.014245
v -0.010430 0.311279 0.013592
v -0.011296 0.311279 0.012881
v -0.012115 0.311279 0.012115
v -0.012881 0.311279 0.011296
v -0.013592 0.311279 0.010430
v -0.014245 0.311279 0.009518
v -0.014837 0.311279 0.008566
v -0.015366 0.311279 0.007578
v -0.015829 0.311279 0.006556
v -0.016224 0.311279 0.005507
v -0.016549 0.311279 0.004434
v -0.016804 0.311279 0.003342
v -0.016986 0.311279 0.002236
v -0.017096 0.311279 0.001121
v -0.017133 0.311279 0.000000
v -0.017096 0.311279 -0.001121
v -0.016986 0.311279 -0.002236
v -0.016804 0.311279 -0.003342
v -0.016549 0.311279 -0.004434
v -0.016224 0.311279 -0.005507
v -0.015829 0.311279 -0.006556
v -0.015366 0.311279 -0.007578
v -0.014837 0.311279 -0.008566
v -0.014245 0.311279 -0.009518
v -0.013592 0.311279 -0.010430
v -0.012881 0.311279 -0.011296
v -0.012115 0.311279 -0.012115
v -0.011296 0.311279 -0.012881
v -0.010430 0.311279 -0.013592
v -0.009518 0.311279 -0.014245
v -0.008566 0.311279 -0.014837
v -0.007578 0.311279 -0.015366
v -0.006556 0.311279 -0.015829
v -0.005507 0.311279 -0.016224
v -0.004434 0.311279 -0.016549
v -0.003342 0.311279 -0.016804
v -0.002236 0.311279 -0.016986
v -0.001121 0.311279 -0.017096
v -0.000000 0.311279 -0.017133
v 0.001121 0.311279 -0.017096
v 0.002236 0.311279 -0.016986
v 0.003342 0.311279 -0.016804
v 0.004434 0.311279 -0.016549
v 0.005507 0.311279 -0.016224
v 0.006556 0.311279 -0.015829
v 0.007578 0.311279 -0.015366
v 0.008566 0.311279 -0.014837
v 0.009518 0.311279 -0.014245
v 0.010430 0.311279 -0.013592
v 0.011296 0.311279 -0.012881
v 0.012115 0.311279 -0.012115
v 0.012881 0.311279 -0.011296
v 0.013592 0.311279 -0.010430
v 0.014245 0.311279 -0.009518
v 0.014837 0.311279 -0.008566
v 0.015366 0.311279 -0.007578
v 0.015829 0.311279 -0.006556
v 0.016224 0.311279 -0.005507
v 0.016549 0.311279 -0.004434
v 0.016804 0.311279 -0.003342
v 0.016986 0.311279 -0.002236
v 0.017096 0.311279 -0.001121
v 0.017500 0.331016 0.000000
v 0.017463 0.331016 0.001145
v 0.017350 0.331016 0.002284
v 0.017164 0.331016 0.003414
v 0.016904 0.331016 0.004529
v 0.016571 0.331016 0.005625
v 0.016168 0.331016 0.006697
v 0.015695 0.331016 0.007740
v 0.015155 0.331016 0.008750
v 0.014551 0.331016 0.009722
v 0.013884 0.331016 0.010653
v 0.013157 0.331016 0.011539
v 0.012374 0.331016 0.012374
v 0.011539 0.331016 0.013157
v 0.010653 0.331016 0.013884
v 0.009722 0.331016 0.014551
v 0.008750 0.331016 0.015155
v 0.007740 0.331016 0.015695
v 0.006697 0.331016 0.016168
v 0.005625 0.331016 0.016571
v 0.004529 0.331016 0.016904
v 0.003414 0.331016 0.017164
v 0.002284 0.331016 0.017350
v 0.001145 0.331016 0.017463
v 0.000000 0.331016 0.017500
v -0.001145 0.331016 0.017463
v -0.002284 0.331016 0.017350
v -0.003414 0.331016 0.017164
v -0.004529 0.331016 0.016904
v -0.005625 0.331016 0.016571
v -0.006697 0.331016 0.016168
v -0.007740 0.331016 0.015695
v -0.008750 0.331016 0.015155
v -0.009722 0.331016 0.014551
v -0.010653 0.331016 0.013884
v -0.011539 0.331016 0.013157
v -0.012374 0.331016 0.012374
v -0.013157 0.331016 0.011539
v -0.013884 0.331016 0.010653
v -0.014551 0.331016 0.009722
v -0.015155 0.331016 0.008750
v -0.015695 0.331016 0.007740
v -0.016168 0.331016 0.006697
v -0.016571 0.331016 0.005625
v -0.016904 0.331016 0.004529
v -0.017164 0.331016 0.003414
v -0.017350 0.331016 0.002284
v -0.017463 0.331016 0.001145
v -0.017500 0.331016 0.000000
v -0.017463 0.331016 -0.001145
v -0.017350 0.331016 -0.002284
v -0.017164 0.331016 -0.003414
v -0.016904 0.331016 -0.004529
v -0.016571 0.331016 -0.005625
v -0.016168 0.331016 -0.006697
v -0.015695 0.331016 -0.007740
v -0.015155 0.331016 -0.008750
v -0.014551 0.331016 -0.009722
v -0.013884 0.331016 -0.010653
v -0.013157 0.331016 -0.011539
v -0.012374 0.331016 -0.012374
v -0.011539 0.331016 -0.013157
v -0.010653 0.331016 -0.013884
v -0.009722 0.331016 -0.014551
v -0.008750 0.331016 -0.015155
v -0.007740 0.331016 -0.015695
v -0.006697 0.331016 -0.016168
v -0.005625 0.331016 -0.016571
v -0.004529 0.331016 -0.016904
v -0.003414 0.331016 -0.017164
v -0.002284 0.331016 -0.017350
v -0.001145 0.331016 -0.017463
v -0.000000 0.331016 -0.017500
v 0.001145 0.331016 -0.017463
v 0.002284 0.331016 -0.017350
v 0.003414 0.331016 -0.017164
v 0.004529 0.331016 -0.016904
v 0.005625 0.331016 -0.016571
v 0.006697 0.331016 -0.016168
v 0.007740 0.331016 -0.015695
v 0.008750 0.331016 -0.015155
v 0.009722 0.331016 -0.014551
v 0.010653 0.331016 -0.013884
v 0.011539 0.331016 -0.013157
v 0.012374 0.331016 -0.012374
v 0.013157 0.331016 -0.011539
v 0.013884 0.331016 -0.010653
v 0.014551 0.331016 -0.009722
v 0.015155 0.331016 -0.008750
v 0.015695 0.331016 -0.007740
v 0.016168 0.331016 -0.006697
v 0.016571 0.331016 -0.005625
v 0.016904 0.331016 -0.004529
v 0.017164 0.331016 -0.003414
v 0.017350 0.331016 -0.002284
v 0.017463 0.331016 -0.001145
v 0.017805 0.347588 0.000000
v 0.017767 0.347588 0.001164
v 0.017652 0.347588 0.002324
v 0.017463 0.347588 0.003474
v 0.017198 0.347588 0.004608
v 0.016860 0.347588 0.005723
v 0.016449 0.347588 0.006814
v 0.015969 0.347588 0.007875
v 0.015419 0.347588 0.008902
v 0.014804 0.347588 0.009892
v 0.014125 0.347588 0.010839
v 0.013386 0.347588 0.011739
v 0.012590 0.347588 0.012590
v 0.011739 0.347588 0.013386
v 0.010839 0.347588 0.014125
v 0.009892 0.347588 0.014804
v 0.008902 0.347588 0.015419
v 0.007875 0.347588 0.015969
v 0.006814 0.347588 0.016449
v 0.005723 0.347588 0.016860
v 0.004608 0.347588 0.017198
v 0.003474 0.347588 0.017463
v 0.002324 0.347588 0.017652
v 0.001164 0.347588 0.017767
v 0.000000 0.347588 0.017805
v -0.001164 0.347588 0.017767
v -0.002324 0.347588 0.017652
v -0.003474 0.347588 0.017463
v -0.004608 0.347588 0.017198
v -0.005723 0.347588 0.016860
v -0.006814 0.347588 0.016449
v -0.007875 0.347588 0.015969
v -0.008902 0.347588 0.015419
v -0.009892 0.347588 0.014804
v -0.010839 0.347588 0.014125
v -0.011739 0.347588 0.013386
v -0.012590 0.347588 0.012590
v -0.013386 0.347588 0.011739
v -0.014125 0.347588 0.010839
v -0.014804 0.347588 0.009892
v -0.015419 0.347588 0.008902
v -0.015969 0.347588 0.007875
v -0.016449 0.347588 0.006814
v -0.016860 0.347588 0.005723
v -0.017198 0.347588 0.004608
v -0.017463 0.347588 0.003474
v -0.017652 0.347588 0.002324
v -0.017767 0.347588 0.001164
v -0.017805 0.347588 0.000000
v -0.017767 0.347588 -0.001164
v -0.017652 0.347588 -0.002324
v -0.017463 0.347588 -0.003474
v -0.017198 0.347588 -0.004608
v -0.016860 0.347588 -0.005723
v -0.016449 0.347588 -0.006814
v -0.015969 0.347588 -0.007875
v -0.015419 0.347588 -0.008902
v -0.014804 0.347588 -0.009892
v -0.014125 0.347588 -0.010839
v -0.013386 0.347588 -0.011739
v -0.012590 0.347588 -0.012590
v -0.011739 0.347588 -0.013386
v -0.010839 0.347588 -0.014125
v -0.009892 0.347588 -0.014804
v -0.008902 0.347588 -0.015419
v -0.007875 0.347588 -0.015969
v -0.006814 0.347588 -0.016449
v -0.005723 0.347588 -0.016860
v -0.004608 0.347588 -0.017198
v -0.003474 0.347588 -0.017463
v -0.002324 0.347588 -0.017652
v -0.001164 0.347588 -0.017767
v -0.000000 0.347588 -0.017805
v 0.001164 0.347588 -0.017767
v 0.002324 0.347588 -0.017652
v 0.003474 0.347588 -0.017463
v 0.004608 0.347588 -0.017198
v 0.005723 0.347588 -0.016860
v 0.006814 0.347588 -0.016449
v 0.007875 0.347588 -0.015969
v 0.008902 0.347588 -0.015419
v 0.009892 0.347588 -0.014804
v 0.010839 0.347588 -0.014125
v 0.011739 0.347588 -0.013386
v 0.012590 0.347588 -0.012590
v 0.013386 0.347588 -0.011739
v 0.014125 0.347588 -0.010839
v 0.014804 0.347588 -0.009892
v 0.015419 0.347588 -0.008902
v 0.015969 0.347588 -0.007875
v 0.016449 0.347588 -0.006814
v 0.016860 0.347588 -0.005723
v 0.017198 0.347588 -0.004608
v 0.017463 0.347588 -0.003474
v 0.017652 0.347588 -0.002324
v 0.017767 0.347588 -0.001164
v 0.018000 0.360000 0.000000
v 0.017961 0.360000 0.001177
v 0.017846 0.360000 0.002349
v 0.017654 0.360000 0.003512
v 0.017387 0.360000 0.004659
v 0.017045 0.360000 0.005786
v 0.016630 0.360000 0.006888
v 0.016144 0.360000 0.007961
v 0.015588 0.360000 0.009000
v 0.014966 0.360000 0.010000
v 0.014280 0.360000 0.010958
v 0.013533 0.360000 0.011868
v 0.012728 0.360000 0.012728
v 0.011868 0.360000 0.013533
v 0.010958 0.360000 0.014280
v 0.010000 0.360000 0.014966
v 0.009000 0.360000 0.015588
v 0.007961 0.360000 0.016144
v 0.006888 0.360000 0.016630
v 0.005786 0.360000 0.017045
v 0.004659 0.360000 0.017387
v 0.003512 0.360000 0.017654
v 0.002349 0.360000 0.017846
v 0.001177 0.360000 0.017961
v 0.000000 0.360000 0.018000
v -0.001177 0.360000 0.017961
v -0.002349 0.360000 0.017846
v -0.003512 0.360000 0.017654
v -0.004659 0.360000 0.017387
v -0.005786 0.360000 0.017045
v -0.006888 0.360000 0.016630
v -0.007961 0.360000 0.016144
v -0.009000 0.360000 0.015588
v -0.010000 0.360000 0.014966
v -0.010958 0.360000 0.014280
v -0.011868 0.360000 0.013533
v -0.012728 0.360000 0.012728
v -0.013533 0.360000 0.011868
v -0.014280 0.360000 0.010958
v -0.014966 0.360000 0.010000
v -0.015588 0.360000 0.009000
v -0.016144 0.360000 0.007961
v -0.016630 0.360000 0.006888
v -0.017045 0.360000 0.005786
v -0.017387 0.360000 0.004659
v -0.017654 0.360000 0.003512
v -0.017846 0.360000 0.002349
v -0.017961 0.360000 0.001177
v -0.018000 0.360000 0.000000
v -0.017961 0.360000 -0.001177
v -0.017846 0.360000 -0.002349
v -0.017654 0.360000 -0.003512
v -0.017387 0.360000 -0.004659
v -0.017045 0.360000 -0.005786
v -0.016630 0.360000 -0.006888
v -0.016144 0.360000 -0.007961
v -0.015588 0.360000 -0.009000
v -0.014966 0.360000 -0.010000
v -0.014280 0.360000 -0.010958
v -0.013533 0.360000 -0.011868
v -0.012728 0.360000 -0.012728
v -0.011868 0.360000 -0.013533
v -0.010958 0.360000 -0.014280
v -0.010000 0.360000 -0.014966
v -0.009000 0.360000 -0.015588
v -0.007961 0.360000 -0.016144
v -0.006888 0.360000 -0.016630
v -0.005786 0.360000 -0.017045
v -0.004659 0.360000 -0.017387
v -0.003512 0.360000 -0.017654
v -0.002349 0.360000 -0.017846
v -0.001177 0.360000 -0.017961
v -0.000000 0.360000 -0.018000
v 0.001177 0.360000 -0.017961
v 0.002349 0.360000 -0.017846
v 0.003512 0.360000 -0.017654
v 0.004659 0.360000 -0.017387
v 0.005786 0.360000 -0.017045
v 0.006888 0.360000 -0.016630
v 0.007961 0.360000 -0.016144
v 0.009000 0.360000 -0.015588
v 0.010000 0.360000 -0.014966
v 0.010958 0.360000 -0.014280
v 0.011868 0.360000 -0.013533
v 0.012728 0.360000 -0.012728
v 0.013533 0.360000 -0.011868
v 0.014280 0.360000 -0.010958
v 0.014966 0.360000 -0.010000
v 0.015588 0.360000 -0.009000
v 0.016144 0.360000 -0.007961
v 0.016630 0.360000 -0.006888
v 0.017045 0.360000 -0.005786
v 0.017387 0.360000 -0.004659
v 0.017654 0.360000 -0.003512
v 0.017846 0.360000 -0.002349
v 0.017961 0.360000 -0.001177
v 0.018000 0.360000 0.000000
v 0.017961 0.360000 0.001177
v 0.017846 0.360000 0.002349
v 0.017654 0.360000 0.003512
v 0.017387 0.360000 0.004659
v 0.017045 0.360000 0.005786
v 0.016630 0.360000 0.006888
v 0.016144 0.360000 0.007961
v 0.015588 0.360000 0.009000
v 0.014966 0.360000 0.010000
v 0.014280 0.360000 0.010958
v 0.013533 0.360000 0.011868
v 0.012728 0.360000 0.012728
v 0.011868 0.360000 0.013533
v 0.010958 0.360000 0.014280
v 0.010000 0.360000 0.014966
v 0.009000 0.360000 0.015588
v 0.007961 0.360000 0.016144
v 0.006888 0.360000 0.016630
v 0.005786 0.360000 0.017045
v 0.004659 0.360000 0.017387
v 0.003512 0.360000 0.017654
v 0.002349 0.360000 0.017846
v 0.001177 0.360000 0.017961
v 0.000000 0.360000 0.018000
v -0.001177 0.360000 0.017961
v -0.002349 0.360000 0.017846
v -0.003512 0.360000 0.017654
v -0.004659 0.360000 0.017387
v -0.005786 0.360000 0.017045
v -0.006888 0.360000 0.016630
v -0.007961 0.360000 0.016144
v -0.009000 0.360000 0.015588
v -0.010000 0.360000 0.014966
v -0.010958 0.360000 0.014280
v -0.011868 0.360000 0.013533
v -0.012728 0.360000 0.012728
v -0.013533 0.360000 0.011868
v -0.014280 0.360000 0.010958
v -0.014966 0.360000 0.010000
v -0.015588 0.360000 0.009000
v -0.016144 0.360000 0.007961
v -0.016630 0.360000 0.006888
v -0.017045 0.360000 0.005786
v -0.017387 0.360000 0.004659
v -0.017654 0.360000 0.003512
v -0.017846 0.360000 0.002349
v -0.017961 0.360000 0.001177
v -0.018000 0.360000 0.000000
v -0.017961 0.360000 -0.001177
v -0.017846 0.360000 -0.002349
v -0.017654 0.360000 -0.003512
v -0.017387 0.360000 -0.004659
v -0.017045 0.360000 -0.005786
v -0.016630 0.360000 -0.006888
v -0.016144 0.360000 -0.007961
v -0.015588 0.360000 -0.009000
v -0.014966 0.360000 -0.010000
v -0.014280 0.360000 -0.010958
v -0.013533 0.360000 -0.011868
v -0.012728 0.360000 -0.012728
v -0.011868 0.360000 -0.013533
v -0.010958 0.360000 -0.014280
v -0.010000 0.360000 -0.014966
v -0.009000 0.360000 -0.015588
v -0.007961 0.360000 -0.016144
v -0.006888 0.360000 -0.016630
v -0.005786 0.360000 -0.017045
v -0.004659 0.360000 -0.017387
v -0.003512 0.360000 -0.017654
v -0.002349 0.360000 -0.017846
v -0.001177 0.360000 -0.017961
v -0.000000 0.360000 -0.018000
v 0.001177 0.360000 -0.017961
v 0.002349 0.360000 -0.017846
v 0.003512 0.360000 -0.017654
v 0.004659 0.360000 -0.017387
v 0.005786 0.360000 -0.017045
v 0.006888 0.360000 -0.016630
v 0.007961 0.360000 -0.016144
v 0.009000 0.360000 -0.015588
v 0.010000 0.360000 -0.014966
v 0.010958 0.360000 -0.014280
v 0.011868 0.360000 -0.013533
v 0.012728 0.360000 -0.012728
v 0.013533 0.360000 -0.011868
v 0.014280 0.360000 -0.010958
v 0.014966 0.360000 -0.010000
v 0.015588 0.360000 -0.009000
v 0.016144 0.360000 -0.007961
v 0.016630 0.360000 -0.006888
v 0.017045 0.360000 -0.005786
v 0.017387 0.360000 -0.004659
v 0.017654 0.360000 -0.003512
v 0.017846 0.360000 -0.002349
v 0.017961 0.360000 -0.001177
v 0.021653 0.362200 0.000000
v 0.021607 0.362200 0.001416
v 0.021468 0.362200 0.002826
v 0.021237 0.362200 0.004224
v 0.020915 0.362200 0.005604
v 0.020504 0.362200 0.006960
v 0.020005 0.362200 0.008286
v 0.019420 0.362200 0.009577
v 0.018752 0.362200 0.010826
v 0.018004 0.362200 0.012030
v 0.017178 0.362200 0.013182
v 0.016280 0.362200 0.014277
v 0.015311 0.362200 0.015311
v 0.014277 0.362200 0.016280
v 0.013182 0.362200 0.017178
v 0.012030 0.362200 0.018004
v 0.010827 0.362200 0.018752
v 0.009577 0.362200 0.019420
v 0.008286 0.362200 0.020005
v 0.006960 0.362200 0.020504
v 0.005604 0.362200 0.020915
v 0.004224 0.362200 0.021237
v 0.002826 0.362200 0.021468
v 0.001416 0.362200 0.021607
v 0.000000 0.362200 0.021653
v -0.001416 0.362200 0.021607
v -0.002826 0.362200 0.021468
v -0.004224 0.362200 0.021237
v -0.005604 0.362200 0.020915
v -0.006960 0.362200 0.020504
v -0.008286 0.362200 0.020005
v -0.009577 0.362200 0.019420
v -0.010826 0.362200 0.018752
v -0.012030 0.362200 0.018004
v -0.013182 0.362200 0.017178
v -0.014277 0.362200 0.016280
v -0.015311 0.362200 0.015311
v -0.016280 0.362200 0.014277
v -0.017178 0.362200 0.013182
v -0.018004 0.362200 0.012030
v -0.018752 0.362200 0.010826
v -0.019420 0.362200 0.009577
v -0.020005 0.362200 0.008286
v -0.020504 0.362200 0.006960
v -0.020915 0.362200 0.005604
v -0.021237 0.362200 0.004224
v -0.021468 0.362200 0.002826
v -0.021607 0.362200 0.001416
v -0.021653 0.362200 0.000000
v -0.021607 0.362200 -0.001416
v -0.021468 0.362200 -0.002826
v -0.021237 0.362200 -0.004224
v -0.020915 0.362200 -0.005604
v -0.020504 0.362200 -0.006960
v -0.020005 0.362200 -0.008286
v -0.019420 0.362200 -0.009577
v -0.018752 0.362200 -0.010826
v -0.018004 0.362200 -0.012030
v -0.017178 0.362200 -0.013182
v -0.016280 0.362200 -0.014277
v -0.015311 0.362200 -0.015311
v -0.014277 0.362200 -0.016280
v -0.013182 0.362200 -0.017178
v -0.012030 0.362200 -0.018004
v -0.010827 0.362200 -0.018752
v -0.009577 0.362200 -0.019420
v -0.008286 0.362200 -0.020005
v -0.006960 0.362200 -0.020504
v -0.005604 0.362200 -0.020915
v -0.004224 0.362200 -0.021237
v -0.002826 0.362200 -0.021468
v -0.001416 0.362200 -0.021607
v -0.000000 0.362200 -0.021653
v 0.001416 0.362200 -0.021607
v 0.002826 0.362200 -0.021468
v 0.004224 0.362200 -0.021237
v 0.005604 0.362200 -0.020915
v 0.006960 0.362200 -0.020504
v 0.008286 0.362200 -0.020005
v 0.009577 0.362200 -0.019420
v 0.010827 0.362200 -0.018752
v 0.012030 0.362200 -0.018004
v 0.013182 0.362200 -0.017178
v 0.014277 0.362200 -0.016280
v 0.015311 0.362200 -0.015311
v 0.016280 0.362200 -0.014277
v 0.017178 0.362200 -0.013182
v 0.018004 0.362200 -0.012030
v 0.018752 0.362200 -0.010827
v 0.019420 0.362200 -0.009577
v 0.020005 0.362200 -0.008286
v 0.020504 0.362200 -0.006960
v 0.020915 0.362200 -0.005604
v 0.021237 0.362200 -0.004224
v 0.021468 0.362200 -0.002826
v 0.021607 0.362200 -0.001416
v 0.026304 0.364800 0.000000
v 0.026248 0.364800 0.001720
v 0.026079 0.364800 0.003433
v 0.025799 0.364800 0.005132
v 0.025408 0.364800 0.006808
v 0.024908 0.364800 0.008455
v 0.024302 0.364800 0.010066
v 0.023591 0.364800 0.011634
v 0.022780 0.364800 0.013152
v 0.021871 0.364800 0.014614
v 0.020868 0.364800 0.016013
v 0.019776 0.364800 0.017343
v 0.018600 0.364800 0.018600
v 0.017343 0.364800 0.019776
v 0.016013 0.364800 0.020868
v 0.014614 0.364800 0.021871
v 0.013152 0.364800 0.022780
v 0.011634 0.364800 0.023591
v 0.010066 0.364800 0.024302
v 0.008455 0.364800 0.024908
v 0.006808 0.364800 0.025408
v 0.005132 0.364800 0.025799
v 0.003433 0.364800 0.026079
v 0.001720 0.364800 0.026248
v 0.000000 0.364800 0.026304
v -0.001720 0.364800 0.026248
v -0.003433 0.364800 0.026079
v -0.005132 0.364800 0.025799
v -0.006808 0.364800 0.025408
v -0.008455 0.364800 0.024908
v -0.010066 0.364800 0.024302
v -0.011634 0.364800 0.023591
v -0.013152 0.364800 0.022780
v -0.014614 0.364800 0.021871
v -0.016013 0.364800 0.020868
v -0.017343 0.364800 0.019776
v -0.018600 0.364800 0.018600
v -0.019776 0.364800 0.017343
v -0.020868 0.364800 0.016013
v -0.021871 0.364800 0.014614
v -0.022780 0.364800 0.013152
v -0.023591 0.364800 0.011634
v -0.024302 0.364800 0.010066
v -0.024908 0.364800 0.008455
v -0.025408 0.364800 0.006808
v -0.025799 0.364800 0.005132
v -0.026079 0.364800 0.003433
v -0.026248 0.364800 0.001720
v -0.026304 0.364800 0.000000
v -0.026248 0.364800 -0.001720
v -0.026079 0.364800 -0.003433
v -0.025799 0.364800 -0.005132
v -0.025408 0.364800 -0.006808
v -0.024908 0.364800 -0.008455
v -0.024302 0.364800 -0.010066
v -0.023591 0.364800 -0.011634
v -0.022780 0.364800 -0.013152
v -0.021871 0.364800 -0.014614
v -0.020868 0.364800 -0.016013
v -0.019776 0.364800 -0.017343
v -0.018600 0.364800 -0.018600
v -0.017343 0.364800 -0.019776
v -0.016013 0.364800 -0.020868
v -0.014614 0.364800 -0.021871
v -0.013152 0.364800 -0.022780
v -0.011634 0.364800 -0.023591
v -0.010066 0.364800 -0.024302
v -0.008455 0.364800 -0.024908
v -0.006808 0.364800 -0.025408
v -0.005132 0.364800 -0.025799
v -0.003433 0.364800 -0.026079
v -0.001720 0.364800 -0.026248
v -0.000000 0.364800 -0.026304
v 0.001720 0.364800 -0.026248
v 0.003433 0.364800 -0.026079
v 0.005132 0.364800 -0.025799
v 0.006808 0.364800 -0.025408
v 0.008455 0.364800 -0.024908
v 0.010066 0.364800 -0.024302
v 0.011634 0.364800 -0.023591
v 0.013152 0.364800 -0.022780
v 0.014614 0.364800 -0.021871
v 0.016013 0.364800 -0.020868
v 0.017343 0.364800 -0.019776
v 0.018600 0.364800 -0.018600
v 0.019776 0.364800 -0.017343
v 0.020868 0.364800 -0.016013
v 0.021871 0.364800 -0.014614
v 0.022780 0.364800 -0.013152
v 0.023591 0.364800 -0.011634
v 0.024302 0.364800 -0.010066
v 0.024908 0.364800 -0.008455
v 0.025408 0.364800 -0.006808
v 0.025799 0.364800 -0.005132
v 0.026079 0.364800 -0.003433
v 0.026248 0.364800 -0.001720
v 0.031791 0.367800 0.000000
v 0.031723 0.367800 0.002079
v 0.031519 0.367800 0.004150
v 0.031180 0.367800 0.006202
v 0.030708 0.367800 0.008228
v 0.030104 0.367800 0.010219
v 0.029371 0.367800 0.012166
v 0.028512 0.367800 0.014061
v 0.027532 0.367800 0.015895
v 0.026433 0.367800 0.017662
v 0.025221 0.367800 0.019353
v 0.023902 0.367800 0.020961
v 0.022480 0.367800 0.022480
v 0.020961 0.367800 0.023902
v 0.019353 0.367800 0.025221
v 0.017662 0.367800 0.026433
v 0.015896 0.367800 0.027532
v 0.014061 0.367800 0.028512
v 0.012166 0.367800 0.029371
v 0.010219 0.367800 0.030104
v 0.008228 0.367800 0.030708
v 0.006202 0.367800 0.031180
v 0.004150 0.367800 0.031519
v 0.002079 0.367800 0.031723
v 0.000000 0.367800 0.031791
v -0.002079 0.367800 0.031723
v -0.004150 0.367800 0.031519
v -0.006202 0.367800 0.031180
v -0.008228 0.367800 0.030708
v -0.010219 0.367800 0.030104
v -0.012166 0.367800 0.029371
v -0.014061 0.367800 0.028512
v -0.015895 0.367800 0.027532
v -0.017662 0.367800 0.026433
v -0.019353 0.367800 0.025221
v -0.020961 0.367800 0.023902
v -0.022480 0.367800 0.022480
v -0.023902 0.367800 0.020961
v -0.025221 0.367800 0.019353
v -0.026433 0.367800 0.017662
v -0.027532 0.367800 0.015895
v -0.028512 0.367800 0.014061
v -0.029371 0.367800 0.012166
v -0.030104 0.367800 0.010219
v -0.030708 0.367800 0.008228
v -0.031180 0.367800 0.006202
v -0.031519 0.367800 0.004150
v -0.031723 0.367800 0.002079
v -0.031791 0.367800 0.000000
v -0.031723 0.367800 -0.002079
v -0.031519 0.367800 -0.004150
v -0.031180 0.367800 -0.006202
v -0.030708 0.367800 -0.008228
v -0.030104 0.367800 -0.010219
v -0.029371 0.367800 -0.012166
v -0.028512 0.367800 -0.014061
v -0.027532 0.367800 -0.015895
v -0.026433 0.367800 -0.017662
v -0.025221 0.367800 -0.019353
v -0.023902 0.367800 -0.020961
v -0.022480 0.367800 -0.022480
v -0.020961 0.367800 -0.023902
v -0.019353 0.367800 -0.025221
v -0.017662 0.367800 -0.026433
v -0.015896 0.367800 -0.027532
v -0.014061 0.367800 -0.028512
v -0.012166 0.367800 -0.029371
v -0.010219 0.367800 -0.030104
v -0.008228 0.367800 -0.030708
v -0.006202 0.367800 -0.031180
v -0.004150 0.367800 -0.031519
v -0.002079 0.367800 -0.031723
v -0.000000 0.367800 -0.031791
v 0.002079 0.367800 -0.031723
v 0.004150 0.367800 -0.031519
v 0.006202 0.367800 -0.031180
v 0.008228 0.367800 -0.030708
v 0.010219 0.367800 -0.030104
v 0.012166 0.367800 -0.029371
v 0.014061 0.367800 -0.028512
v 0.015896 0.367800 -0.027532
v 0.017662 0.367800 -0.026433
v 0.019353 0.367800 -0.025221
v 0.020961 0.367800 -0.023902
v 0.022480 0.367800 -0.022480
v 0.023902 0.367800 -0.020961
v 0.025221 0.367800 -0.019353
v 0.026433 0.367800 -0.017662
v 0.027532 0.367800 -0.015896
v 0.028512 0.367800 -0.014061
v 0.029371 0.367800 -0.012166
v 0.030104 0.367800 -0.010219
v 0.030708 0.367800 -0.008228
v 0.031180 0.367800 -0.006202
v 0.031519 0.367800 -0.004150
v 0.031723 0.367800 -0.002079
v 0.037952 0.371200 0.000000
v 0.037871 0.371200 0.002482
v 0.037627 0.371200 0.004954
v 0.037223 0.371200 0.007404
v 0.036659 0.371200 0.009823
v 0.035938 0.371200 0.012199
v 0.035063 0.371200 0.014524
v 0.034038 0.371200 0.016786
v 0.032867 0.371200 0.018976
v 0.031556 0.371200 0.021085
v 0.030109 0.371200 0.023104
v 0.028534 0.371200 0.025023
v 0.026836 0.371200 0.026836
v 0.025023 0.371200 0.028534
v 0.023104 0.371200 0.030109
v 0.021085 0.371200 0.031556
v 0.018976 0.371200 0.032867
v 0.016786 0.371200 0.034038
v 0.014524 0.371200 0.035063
v 0.012199 0.371200 0.035938
v 0.009823 0.371200 0.036659
v 0.007404 0.371200 0.037223
v 0.004954 0.371200 0.037627
v 0.002482 0.371200 0.037871
v 0.000000 0.371200 0.037952
v -0.002482 0.371200 0.037871
v -0.004954 0.371200 0.037627
v -0.007404 0.371200 0.037223
v -0.009823 0.371200 0.036659
v -0.012199 0.371200 0.035938
v -0.014524 0.371200 0.035063
v -0.016786 0.371200 0.034038
v -0.018976 0.371200 0.032867
v -0.021085 0.371200 0.031556
v -0.023104 0.371200 0.030109
v -0.025023 0.371200 0.028534
v -0.026836 0.371200 0.026836
v -0.028534 0.371200 0.025023
v -0.030109 0.371200 0.023104
v -0.031556 0.371200 0.021085
v -0.032867 0.371200 0.018976
v -0.034038 0.371200 0.016786
v -0.035063 0.371200 0.014524
v -0.035938 0.371200 0.012199
v -0.036659 0.371200 0.009823
v -0.037223 0.371200 0.007404
v -0.037627 0.371200 0.004954
v -0.037871 0.371200 0.002482
v -0.037952 0.371200 0.000000
v -0.037871 0.371200 -0.002482
v -0.037627 0.371200 -0.004954
v -0.037223 0.371200 -0.007404
v -0.036659 0.371200 -0.009823
v -0.035938 0.371200 -0.012199
v -0.035063 0.371200 -0.014524
v -0.034038 0.371200 -0.016786
v -0.032867 0.371200 -0.018976
v -0.031556 0.371200 -0.021085
v -0.030109 0.371200 -0.023104
v -0.028534 0.371200 -0.025023
v -0.026836 0.371200 -0.026836
v -0.025023 0.371200 -0.028534
v -0.023104 0.371200 -0.030109
v -0.021085 0.371200 -0.031556
v -0.018976 0.371200 -0.032867
v -0.016786 0.371200 -0.034038
v -0.014524 0.371200 -0.035063
v -0.012199 0.371200 -0.035938
v -0.009823 0.371200 -0.036659
v -0.007404 0.371200 -0.037223
v -0.004954 0.371200 -0.037627
v -0.002482 0.371200 -0.037871
v -0.000000 0.371200 -0.037952
v 0.002482 0.371200 -0.037871
v 0.004954 0.371200 -0.037627
v 0.007404 0.371200 -0.037223
v 0.009823 0.371200 -0.036659
v 0.012199 0.371200 -0.035938
v 0.014524 0.371200 -0.035063
v 0.016786 0.371200 -0.034038
v 0.018976 0.371200 -0.032867
v 0.021085 0.371200 -0.031556
v 0.023104 0.371200 -0.030109
v 0.025023 0.371200 -0.028534
v 0.026836 0.371200 -0.026836
v 0.028534 0.371200 -0.025023
v 0.030109 0.371200 -0.023104
v 0.031556 0.371200 -0.021085
v 0.032867 0.371200 -0.018976
v 0.034038 0.371200 -0.016786
v 0.035063 0.371200 -0.014524
v 0.035938 0.371200 -0.012199
v 0.036659 0.371200 -0.009823
v 0.037223 0.371200 -0.007404
v 0.037627 0.371200 -0.004954
v 0.037871 0.371200 -0.002482
v 0.044625 0.375000 0.000000
v 0.044529 0.375000 0.002919
v 0.044243 0.375000 0.005825
v 0.043768 0.375000 0.008706
v 0.043104 0.375000 0.011550
v 0.042257 0.375000 0.014344
v 0.041228 0.375000 0.017077
v 0.040023 0.375000 0.019737
v 0.038646 0.375000 0.022312
v 0.037104 0.375000 0.024792
v 0.035403 0.375000 0.027166
v 0.033551 0.375000 0.029423
v 0.031555 0.375000 0.031555
v 0.029423 0.375000 0.033551
v 0.027166 0.375000 0.035403
v 0.024792 0.375000 0.037104
v 0.022313 0.375000 0.038646
v 0.019737 0.375000 0.040023
v 0.017077 0.375000 0.041228
v 0.014344 0.375000 0.042257
v 0.011550 0.375000 0.043104
v 0.008706 0.375000 0.043768
v 0.005825 0.375000 0.044243
v 0.002919 0.375000 0.044529
v 0.000000 0.375000 0.044625
v -0.002919 0.375000 0.044529
v -0.005825 0.375000 0.044243
v -0.008706 0.375000 0.043768
v -0.011550 0.375000 0.043104
v -0.014344 0.375000 0.042257
v -0.017077 0.375000 0.041228
v -0.019737 0.375000 0.040023
v -0.022312 0.375000 0.038646
v -0.024792 0.375000 0.037104
v -0.027166 0.375000 0.035403
v -0.029423 0.375000 0.033551
v -0.031555 0.375000 0.031555
v -0.033551 0.375000 0.029423
v -0.035403 0.375000 0.027166
v -0.037104 0.375000 0.024792
v -0.038646 0.375000 0.022312
v -0.040023 0.375000 0.019737
v -0.041228 0.375000 0.017077
v -0.042257 0.375000 0.014344
v -0.043104 0.375000 0.011550
v -0.043768 0.375000 0.008706
v -0.044243 0.375000 0.005825
v -0.044529 0.375000 0.002919
v -0.044625 0.375000 0.000000
v -0.044529 0.375000 -0.002919
v -0.044243 0.375000 -0.005825
v -0.043768 0.375000 -0.008706
v -0.043104 0.375000 -0.011550
v -0.042257 0.375000 -0.014344
v -0.041228 0.375000 -0.017077
v -0.040023 0.375000 -0.019737
v -0.038646 0.375000 -0.022312
v -0.037104 0.375000 -0.024792
v -0.035403 0.375000 -0.027166
v -0.033551 0.375000 -0.029423
v -0.031555 0.375000 -0.031555
v -0.029423 0.375000 -0.033551
v -0.027166 0.375000 -0.035403
v -0.024792 0.375000 -0.037104
v -0.022313 0.375000 -0.038646
v -0.019737 0.375000 -0.040023
v -0.017077 0.375000 -0.041228
v -0.014344 0.375000 -0.042257
v -0.011550 0.375000 -0.043104
v -0.008706 0.375000 -0.043768
v -0.005825 0.375000 -0.044243
v -0.002919 0.375000 -0.044529
v -0.000000 0.375000 -0.044625
v 0.002919 0.375000 -0.044529
v 0.005825 0.375000 -0.044243
v 0.008706 0.375000 -0.043768
v 0.011550 0.375000 -0.043104
v 0.014344 0.375000 -0.042257
v 0.017077 0.375000 -0.041228
v 0.019737 0.375000 -0.040023
v 0.022313 0.375000 -0.038646
v 0.024792 0.375000 -0.037104
v 0.027166 0.375000 -0.035403
v 0.029423 0.375000 -0.033551
v 0.031555 0.375000 -0.031555
v 0.033551 0.375000 -0.029423
v 0.035403 0.375000 -0.027166
v 0.037104 0.375000 -0.024792
v 0.038646 0.375000 -0.022313
v 0.040023 0.375000 -0.019737
v 0.041228 0.375000 -0.017077
v 0.042257 0.375000 -0.014344
v 0.043104 0.375000 -0.011550
v 0.043768 0.375000 -0.008706
v 0.044243 0.375000 -0.005825
v 0.044529 0.375000 -0.002919
v 0.051648 0.379200 0.000000
v 0.051537 0.379200 0.003378
v 0.051206 0.379200 0.006741
v 0.050656 0.379200 0.010076
v 0.049888 0.379200 0.013367
v 0.048907 0.379200 0.016602
v 0.047717 0.379200 0.019765
v 0.046322 0.379200 0.022843
v 0.044728 0.379200 0.025824
v 0.042944 0.379200 0.028694
v 0.040975 0.379200 0.031441
v 0.038831 0.379200 0.034054
v 0.036521 0.379200 0.036521
v 0.034054 0.379200 0.038831
v 0.031441 0.379200 0.040975
v 0.028694 0.379200 0.042944
v 0.025824 0.379200 0.044728
v 0.022843 0.379200 0.046322
v 0.019765 0.379200 0.047717
v 0.016602 0.379200 0.048907
v 0.013367 0.379200 0.049888
v 0.010076 0.379200 0.050656
v 0.006741 0.379200 0.051206
v 0.003378 0.379200 0.051537
v 0.000000 0.379200 0.051648
v -0.003378 0.379200 0.051537
v -0.006741 0.379200 0.051206
v -0.010076 0.379200 0.050656
v -0.013367 0.379200 0.049888
v -0.016602 0.379200 0.048907
v -0.019765 0.379200 0.047717
v -0.022843 0.379200 0.046322
v -0.025824 0.379200 0.044728
v -0.028694 0.379200 0.042944
v -0.031441 0.379200 0.040975
v -0.034054 0.379200 0.038831
v -0.036521 0.379200 0.036521
v -0.038831 0.379200 0.034054
v -0.040975 0.379200 0.031441
v -0.042944 0.379200 0.028694
v -0.044728 0.379200 0.025824
v -0.046322 0.379200 0.022843
v -0.047717 0.379200 0.019765
v -0.048907 0.379200 0.016602
v -0.049888 0.379200 0.013367
v -0.050656 0.379200 0.010076
v -0.051206 0.379200 0.006741
v -0.051537 0.379200 0.003378
v -0.051648 0.379200 0.000000
v -0.051537 0.379200 -0.003378
v -0.051206 0.379200 -0.006741
v -0.050656 0.379200 -0.010076
v -0.049888 0.379200 -0.013367
v -0.048907 0.379200 -0.016602
v -0.047717 0.379200 -0.019765
v -0.046322 0.379200 -0.022843
v -0.044728 0.379200 -0.025824
v -0.042944 0.379200 -0.028694
v -0.040975 0.379200 -0.031441
v -0.038831 0.379200 -0.034054
v -0.036521 0.379200 -0.036521
v -0.034054 0.379200 -0.038831
v -0.031441 0.379200 -0.040975
v -0.028694 0.379200 -0.042944
v -0.025824 0.379200 -0.044728
v -0.022843 0.379200 -0.046322
v -0.019765 0.379200 -0.047717
v -0.016602 0.379200 -0.048907
v -0.013367 0.379200 -0.049888
v -0.010076 0.379200 -0.050656
v -0.006741 0.379200 -0.051206
v -0.003378 0.379200 -0.051537
v -0.000000 0.379200 -0.051648
v 0.003378 0.379200 -0.051537
v 0.006741 0.379200 -0.051206
v 0.010076 0.379200 -0.050656
v 0.013367 0.379200 -0.049888
v 0.016602 0.379200 -0.048907
v 0.019765 0.379200 -0.047717
v 0.022843 0.379200 -0.046322
v 0.025824 0.379200 -0.044728
v 0.028694 0.379200 -0.042944
v 0.031441 0.379200 -0.040975
v 0.034054 0.379200 -0.038831
v 0.036521 0.379200 -0.036521
v 0.038831 0.379200 -0.034054
v 0.040975 0.379200 -0.031441
v 0.042944 0.379200 -0.028694
v 0.044728 0.379200 -0.025824
v 0.046322 0.379200 -0.022843
v 0.047717 0.379200 -0.019765
v 0.048907 0.379200 -0.016602
v 0.049888 0.379200 -0.013367
v 0.050656 0.379200 -0.010076
v 0.051206 0.379200 -0.006741
v 0.051537 0.379200 -0.003378
v 0.058859 0.383800 0.000000
v 0.058733 0.383800 0.003850
v 0.058355 0.383800 0.007683
v 0.057728 0.383800 0.011483
v 0.056853 0.383800 0.015234
v 0.055735 0.383800 0.018920
v 0.054379 0.383800 0.022524
v 0.052789 0.383800 0.026033
v 0.050973 0.383800 0.029430
v 0.048939 0.383800 0.032700
v 0.046696 0.383800 0.035831
v 0.044253 0.383800 0.038808
v 0.041620 0.383800 0.041620
v 0.038808 0.383800 0.044253
v 0.035831 0.383800 0.046696
v 0.032700 0.383800 0.048939
v 0.029430 0.383800 0.050973
v 0.026033 0.383800 0.052789
v 0.022524 0.383800 0.054379
v 0.018920 0.383800 0.055735
v 0.015234 0.383800 0.056853
v 0.011483 0.383800 0.057728
v 0.007683 0.383800 0.058355
v 0.003850 0.383800 0.058733
v 0.000000 0.383800 0.058859
v -0.003850 0.383800 0.058733
v -0.007683 0.383800 0.058355
v -0.011483 0.383800 0.057728
v -0.015234 0.383800 0.056853
v -0.018920 0.383800 0.055735
v -0.022524 0.383800 0.054379
v -0.026033 0.383800 0.052789
v -0.029429 0.383800 0.050973
v -0.032700 0.383800 0.048939
v -0.035831 0.383800 0.046696
v -0.038808 0.383800 0.044253
v -0.041620 0.383800 0.041620
v -0.044253 0.383800 0.038808
v -0.046696 0.383800 0.035831
v -0.048939 0.383800 0.032700
v -0.050973 0.383800 0.029430
v -0.052789 0.383800 0.026033
v -0.054379 0.383800 0.022524
v -0.055735 0.383800 0.018920
v -0.056853 0.383800 0.015234
v -0.057728 0.383800 0.011483
v -0.058355 0.383800 0.007683
v -0.058733 0.383800 0.003850
v -0.058859 0.383800 0.000000
v -0.058733 0.383800 -0.003850
v -0.058355 0.383800 -0.007683
v -0.057728 0.383800 -0.011483
v -0.056853 0.383800 -0.015234
v -0.055735 0.383800 -0.018920
v -0.054379 0.383800 -0.022524
v -0.052789 0.383800 -0.026033
v -0.050973 0.383800 -0.029429
v -0.048939 0.383800 -0.032700
v -0.046696 0.383800 -0.035831
v -0.044253 0.383800 -0.038808
v -0.041620 0.383800 -0.041620
v -0.038808 0.383800 -0.044253
v -0.035831 0.383800 -0.046696
v -0.032700 0.383800 -0.048939
v -0.029430 0.383800 -0.050973
v -0.026033 0.383800 -0.052789
v -0.022524 0.383800 -0.054379
v -0.018920 0.383800 -0.055735
v -0.015234 0.383800 -0.056853
v -0.011483 0.383800 -0.057728
v -0.007683 0.383800 -0.058355
v -0.003850 0.383800 -0.058733
v -0.000000 0.383800 -0.058859
v 0.003850 0.383800 -0.058733
v 0.007683 0.383800 -0.058355
v 0.011483 0.383800 -0.057728
v 0.015234 0.383800 -0.056853
v 0.018920 0.383800 -0.055735
v 0.022524 0.383800 -0.054379
v 0.026033 0.383800 -0.052789
v 0.029430 0.383800 -0.050973
v 0.032700 0.383800 -0.048939
v 0.035831 0.383800 -0.046696
v 0.038808 0.383800 -0.044253
v 0.041620 0.383800 -0.041620
v 0.044253 0.383800 -0.038808
v 0.046696 0.383800 -0.035831
v 0.048939 0.383800 -0.032700
v 0.050973 0.383800 -0.029430
v 0.052789 0.383800 -0.026033
v 0.054379 0.383800 -0.022524
v 0.055735 0.383800 -0.018920
v 0.056853 0.383800 -0.015234
v 0.057728 0.383800 -0.011483
v 0.058355 0.383800 -0.007683
v 0.058733 0.383800 -0.003850
v 0.066096 0.388800 0.000000
v 0.065954 0.388800 0.004323
v 0.065531 0.388800 0.008627
v 0.064826 0.388800 0.012895
v 0.063844 0.388800 0.017107
v 0.062588 0.388800 0.021246
v 0.061065 0.388800 0.025294
v 0.059280 0.388800 0.029234
v 0.057241 0.388800 0.033048
v 0.054957 0.388800 0.036721
v 0.052437 0.388800 0.040237
v 0.049694 0.388800 0.043580
v 0.046737 0.388800 0.046737
v 0.043580 0.388800 0.049694
v 0.040237 0.388800 0.052437
v 0.036721 0.388800 0.054957
v 0.033048 0.388800 0.057241
v 0.029234 0.388800 0.059280
v 0.025294 0.388800 0.061065
v 0.021246 0.388800 0.062588
v 0.017107 0.388800 0.063844
v 0.012895 0.388800 0.064826
v 0.008627 0.388800 0.065531
v 0.004323 0.388800 0.065954
v 0.000000 0.388800 0.066096
v -0.004323 0.388800 0.065954
v -0.008627 0.388800 0.065531
v -0.012895 0.388800 0.064826
v -0.017107 0.388800 0.063844
v -0.021246 0.388800 0.062588
v -0.025294 0.388800 0.061065
v -0.029234 0.388800 0.059280
v -0.033048 0.388800 0.057241
v -0.036721 0.388800 0.054957
v -0.040237 0.388800 0.052437
v -0.043580 0.388800 0.049694
v -0.046737 0.388800 0.046737
v -0.049694 0.388800 0.043580
v -0.052437 0.388800 0.040237
v -0.054957 0.388800 0.036721
v -0.057241 0.388800 0.033048
v -0.059280 0.388800 0.029234
v -0.061065 0.388800 0.025294
v -0.062588 0.388800 0.021246
v -0.063844 0.388800 0.017107
v -0.064826 0.388800 0.012895
v -0.065531 0.388800 0.008627
v -0.065954 0.388800 0.004323
v -0.066096 0.388800 0.000000
v -0.065954 0.388800 -0.004323
v -0.065531 0.388800 -0.008627
v -0.064826 0.388800 -0.012895
v -0.063844 0.388800 -0.017107
v -0.062588 0.388800 -0.021246
v -0.061065 0.388800 -0.025294
v -0.059280 0.388800 -0.029234
v -0.057241 0.388800 -0.033048
v -0.054957 0.388800 -0.036721
v -0.052437 0.388800 -0.040237
v -0.049694 0.388800 -0.043580
v -0.046737 0.388800 -0.046737
v -0.043580 0.388800 -0.049694
v -0.040237 0.388800 -0.052437
v -0.036721 0.388800 -0.054957
v -0.033048 0.388800 -0.057241
v -0.029234 0.388800 -0.059280
v -0.025294 0.388800 -0.061065
v -0.021246 0.388800 -0.062588
v -0.017107 0.388800 -0.063844
v -0.012895 0.388800 -0.064826
v -0.008627 0.388800 -0.065531
v -0.004323 0.388800 -0.065954
v -0.000000 0.388800 -0.066096
v 0.004323 0.388800 -0.065954
v 0.008627 0.388800 -0.065531
v 0.012895 0.388800 -0.064826
v 0.017107 0.388800 -0.063844
v 0.021246 0.388800 -0.062588
v 0.025294 0.388800 -0.061065
v 0.029234 0.388800 -0.059280
v 0.033048 0.388800 -0.057241
v 0.036721 0.388800 -0.054957
v 0.040237 0.388800 -0.052437
v 0.043580 0.388800 -0.049694
v 0.046737 0.388800 -0.046737
v 0.049694 0.388800 -0.043580
v 0.052437 0.388800 -0.040237
v 0.054957 0.388800 -0.036721
v 0.057241 0.388800 -0.033048
v 0.059280 0.388800 -0.029234
v 0.061065 0.388800 -0.025294
v 0.062588 0.388800 -0.021246
v 0.063844 0.388800 -0.017107
v 0.064826 0.388800 -0.012895
v 0.065531 0.388800 -0.008627
v 0.065954 0.388800 -0.004323
v 0.073197 0.394200 0.000000
v 0.073040 0.394200 0.004787
v 0.072571 0.394200 0.009554
v 0.071791 0.394200 0.014280
v 0.070703 0.394200 0.018945
v 0.069312 0.394200 0.023528
v 0.067625 0.394200 0.028011
v 0.065648 0.394200 0.032374
v 0.063390 0.394200 0.036598
v 0.060861 0.394200 0.040666
v 0.058071 0.394200 0.044560
v 0.055032 0.394200 0.048262
v 0.051758 0.394200 0.051758
v 0.048262 0.394200 0.055032
v 0.044560 0.394200 0.058071
v 0.040666 0.394200 0.060861
v 0.036599 0.394200 0.063390
v 0.032374 0.394200 0.065648
v 0.028011 0.394200 0.067625
v 0.023528 0.394200 0.069312
v 0.018945 0.394200 0.070703
v 0.014280 0.394200 0.071791
v 0.009554 0.394200 0.072571
v 0.004787 0.394200 0.073040
v 0.000000 0.394200 0.073197
v -0.004787 0.394200 0.073040
v -0.009554 0.394200 0.072571
v -0.014280 0.394200 0.071791
v -0.018945 0.394200 0.070703
v -0.023528 0.394200 0.069312
v -0.028011 0.394200 0.067625
v -0.032374 0.394200 0.065648
v -0.036598 0.394200 0.063390
v -0.040666 0.394200 0.060861
v -0.044560 0.394200 0.058071
v -0.048262 0.394200 0.055032
v -0.051758 0.394200 0.051758
v -0.055032 0.394200 0.048262
v -0.058071 0.394200 0.044560
v -0.060861 0.394200 0.040666
v -0.063390 0.394200 0.036598
v -0.065648 0.394200 0.032374
v -0.067625 0.394200 0.028011
v -0.069312 0.394200 0.023528
v -0.070703 0.394200 0.018945
v -0.071791 0.394200 0.014280
v -0.072571 0.394200 0.009554
v -0.073040 0.394200 0.004787
v -0.073197 0.394200 0.000000
v -0.073040 0.394200 -0.004787
v -0.072571 0.394200 -0.009554
v -0.071791 0.394200 -0.014280
v -0.070703 0.394200 -0.018945
v -0.069312 0.394200 -0.023528
v -0.067625 0.394200 -0.028011
v -0.065648 0.394200 -0.032374
v -0.063390 0.394200 -0.036598
v -0.060861 0.394200 -0.040666
v -0.058071 0.394200 -0.044560
v -0.055032 0.394200 -0.048262
v -0.051758 0.394200 -0.051758
v -0.048262 0.394200 -0.055032
v -0.044560 0.394200 -0.058071
v -0.040666 0.394200 -0.060861
v -0.036599 0.394200 -0.063390
v -0.032374 0.394200 -0.065648
v -0.028011 0.394200 -0.067625
v -0.023528 0.394200 -0.069312
v -0.018945 0.394200 -0.070703
v -0.014280 0.394200 -0.071791
v -0.009554 0.394200 -0.072571
v -0.004787 0.394200 -0.073040
v -0.000000 0.394200 -0.073197
v 0.004787 0.394200 -0.073040
v 0.009554 0.394200 -0.072571
v 0.014280 0.394200 -0.071791
v 0.018945 0.394200 -0.070703
v 0.023528 0.394200 -0.069312
v 0.028011 0.394200 -0.067625
v 0.032374 0.394200 -0.065648
v 0.036599 0.394200 -0.063390
v 0.040666 0.394200 -0.060861
v 0.044560 0.394200 -0.058071
v 0.048262 0.394200 -0.055032
v 0.051758 0.394200 -0.051758
v 0.055032 0.394200 -0.048262
v 0.058071 0.394200 -0.044560
v 0.060861 0.394200 -0.040666
v 0.063390 0.394200 -0.036599
v 0.065648 0.394200 -0.032374
v 0.067625 0.394200 -0.028011
v 0.069312 0.394200 -0.023528
v 0.070703 0.394200 -0.018945
v 0.071791 0.394200 -0.014280
v 0.072571 0.394200 -0.009554
v 0.073040 0.394200 -0.004787
v 0.080000 0.400000 0.000000
v 0.079829 0.400000 0.005232
v 0.079316 0.400000 0.010442
v 0.078463 0.400000 0.015607
v 0.077274 0.400000 0.020706
v 0.075754 0.400000 0.025715
v 0.073910 0.400000 0.030615
v 0.071750 0.400000 0.035383
v 0.069282 0.400000 0.040000
v 0.066518 0.400000 0.044446
v 0.063468 0.400000 0.048701
v 0.060147 0.400000 0.052748
v 0.056569 0.400000 0.056569
v 0.052748 0.400000 0.060147
v 0.048701 0.400000 0.063468
v 0.044446 0.400000 0.066518
v 0.040000 0.400000 0.069282
v 0.035383 0.400000 0.071750
v 0.030615 0.400000 0.073910
v 0.025715 0.400000 0.075754
v 0.020706 0.400000 0.077274
v 0.015607 0.400000 0.078463
v 0.010442 0.400000 0.079316
v 0.005232 0.400000 0.079829
v 0.000000 0.400000 0.080000
v -0.005232 0.400000 0.079829
v -0.010442 0.400000 0.079316
v -0.015607 0.400000 0.078463
v -0.020706 0.400000 0.077274
v -0.025715 0.400000 0.075754
v -0.030615 0.400000 0.073910
v -0.035383 0.400000 0.071750
v -0.040000 0.400000 0.069282
v -0.044446 0.400000 0.066518
v -0.048701 0.400000 0.063468
v -0.052748 0.400000 0.060147
v -0.056569 0.400000 0.056569
v -0.060147 0.400000 0.052748
v -0.063468 0.400000 0.048701
v -0.066518 0.400000 0.044446
v -0.069282 0.400000 0.040000
v -0.071750 0.400000 0.035383
v -0.073910 0.400000 0.030615
v -0.075754 0.400000 0.025715
v -0.077274 0.400000 0.020706
v -0.078463 0.400000 0.015607
v -0.079316 0.400000 0.010442
v -0.079829 0.400000 0.005232
v -0.080000 0.400000 0.000000
v -0.079829 0.400000 -0.005232
v -0.079316 0.400000 -0.010442
v -0.078463 0.400000 -0.015607
v -0.077274 0.400000 -0.020706
v -0.075754 0.400000 -0.025715
v -0.073910 0.400000 -0.030615
v -0.071750 0.400000 -0.035383
v -0.069282 0.400000 -0.040000
v -0.066518 0.400000 -0.044446
v -0.063468 0.400000 -0.048701
v -0.060147 0.400000 -0.052748
v -0.056569 0.400000 -0.056569
v -0.052748 0.400000 -0.060147
v -0.048701 0.400000 -0.063468
v -0.044446 0.400000 -0.066518
v -0.040000 0.400000 -0.069282
v -0.035383 0.400000 -0.071750
v -0.030615 0.400000 -0.073910
v -0.025715 0.400000 -0.075754
v -0.020706 0.400000 -0.077274
v -0.015607 0.400000 -0.078463
v -0.010442 0.400000 -0.079316
v -0.005232 0.400000 -0.079829
v -0.000000 0.400000 -0.080000
v 0.005232 0.400000 -0.079829
v 0.010442 0.400000 -0.079316
v 0.015607 0.400000 -0.078463
v 0.020706 0.400000 -0.077274
v 0.025715 0.400000 -0.075754
v 0.030615 0.400000 -0.073910
v 0.035383 0.400000 -0.071750
v 0.040000 0.400000 -0.069282
v 0.044446 0.400000 -0.066518
v 0.048701 0.400000 -0.063468
v 0.052748 0.400000 -0.060147
v 0.056569 0.400000 -0.056569
v 0.060147 0.400000 -0.052748
v 0.063468 0.400000 -0.048701
v 0.066518 0.400000 -0.044446
v 0.069282 0.400000 -0.040000
v 0.071750 0.400000 -0.035383
v 0.073910 0.400000 -0.030615
v 0.075754 0.400000 -0.025715
v 0.077274 0.400000 -0.020706
v 0.078463 0.400000 -0.015607
v 0.079316 0.400000 -0.010442
v 0.079829 0.400000 -0.005232
v 0.086856 0.406200 0.000000
v 0.086670 0.406200 0.005681
v 0.086113 0.406200 0.011337
v 0.085187 0.406200 0.016945
v 0.083896 0.406200 0.022480
v 0.082247 0.406200 0.027919
v 0.080244 0.406200 0.033238
v 0.077899 0.406200 0.038415
v 0.075220 0.406200 0.043428
v 0.072218 0.406200 0.048255
v 0.068907 0.406200 0.052875
v 0.065302 0.406200 0.057268
v 0.061416 0.406200 0.061416
v 0.057268 0.406200 0.065302
v 0.052875 0.406200 0.068907
v 0.048255 0.406200 0.072218
v 0.043428 0.406200 0.075220
v 0.038415 0.406200 0.077899
v 0.033238 0.406200 0.080244
v 0.027919 0.406200 0.082247
v 0.022480 0.406200 0.083896
v 0.016945 0.406200 0.085187
v 0.011337 0.406200 0.086113
v 0.005681 0.406200 0.086670
v 0.000000 0.406200 0.086856
v -0.005681 0.406200 0.086670
v -0.011337 0.406200 0.086113
v -0.016945 0.406200 0.085187
v -0.022480 0.406200 0.083896
v -0.027919 0.406200 0.082247
v -0.033238 0.406200 0.080244
v -0.038415 0.406200 0.077899
v -0.043428 0.406200 0.075220
v -0.048255 0.406200 0.072218
v -0.052875 0.406200 0.068907
v -0.057268 0.406200 0.065302
v -0.061416 0.406200 0.061416
v -0.065302 0.406200 0.057268
v -0.068907 0.406200 0.052875
v -0.072218 0.406200 0.048255
v -0.075220 0.406200 0.043428
v -0.077899 0.406200 0.038415
v -0.080244 0.406200 0.033238
v -0.082247 0.406200 0.027919
v -0.083896 0.406200 0.022480
v -0.085187 0.406200 0.016945
v -0.086113 0.406200 0.011337
v -0.086670 0.406200 0.005681
v -0.086856 0.406200 0.000000
v -0.086670 0.406200 -0.005681
v -0.086113 0.406200 -0.011337
v -0.085187 0.406200 -0.016945
v -0.083896 0.406200 -0.022480
v -0.082247 0.406200 -0.027919
v -0.080244 0.406200 -0.033238
v -0.077899 0.406200 -0.038415
v -0.075220 0.406200 -0.043428
v -0.072218 0.406200 -0.048255
v -0.068907 0.406200 -0.052875
v -0.065302 0.406200 -0.057268
v -0.061416 0.406200 -0.061416
v -0.057268 0.406200 -0.065302
v -0.052875 0.406200 -0.068907
v -0.048255 0.406200 -0.072218
v -0.043428 0.406200 -0.075220
v -0.038415 0.406200 -0.077899
v -0.033238 0.406200 -0.080244
v -0.027919 0.406200 -0.082247
v -0.022480 0.406200 -0.083896
v -0.016945 0.406200 -0.085187
v -0.011337 0.406200 -0.086113
v -0.005681 0.406200 -0.086670
v -0.000000 0.406200 -0.086856
v 0.005681 0.406200 -0.086670
v 0.011337 0.406200 -0.086113
v 0.016945 0.406200 -0.085187
v 0.022480 0.406200 -0.083896
v 0.027919 0.406200 -0.082247
v 0.033238 0.406200 -0.080244
v 0.038415 0.406200 -0.077899
v 0.043428 0.406200 -0.075220
v 0.048255 0.406200 -0.072218
v 0.052875 0.406200 -0.068907
v 0.057268 0.406200 -0.065302
v 0.061416 0.406200 -0.061416
v 0.065302 0.406200 -0.057268
v 0.068907 0.406200 -0.052875
v 0.072218 0.406200 -0.048255
v 0.075220 0.406200 -0.043428
v 0.077899 0.406200 -0.038415
v 0.080244 0.406200 -0.033238
v 0.082247 0.406200 -0.027919
v 0.083896 0.406200 -0.022480
v 0.085187 0.406200 -0.016945
v 0.086113 0.406200 -0.011337
v 0.086670 0.406200 -0.005681
v 0.094128 0.412800 0.000000
v 0.093926 0.412800 0.006156
v 0.093323 0.412800 0.012286
v 0.092319 0.412800 0.018363
v 0.090921 0.412800 0.024362
v 0.089133 0.412800 0.030256
v 0.086963 0.412800 0.036021
v 0.084421 0.412800 0.041632
v 0.081517 0.412800 0.047064
v 0.078265 0.412800 0.052295
v 0.074677 0.412800 0.057301
v 0.070769 0.412800 0.062063
v 0.066559 0.412800 0.066559
v 0.062063 0.412800 0.070769
v 0.057301 0.412800 0.074677
v 0.052295 0.412800 0.078265
v 0.047064 0.412800 0.081517
v 0.041632 0.412800 0.084421
v 0.036021 0.412800 0.086963
v 0.030256 0.412800 0.089133
v 0.024362 0.412800 0.090921
v 0.018363 0.412800 0.092319
v 0.012286 0.412800 0.093323
v 0.006156 0.412800 0.093926
v 0.000000 0.412800 0.094128
v -0.006156 0.412800 0.093926
v -0.012286 0.412800 0.093323
v -0.018363 0.412800 0.092319
v -0.024362 0.412800 0.090921
v -0.030256 0.412800 0.089133
v -0.036021 0.412800 0.086963
v -0.041632 0.412800 0.084421
v -0.047064 0.412800 0.081517
v -0.052295 0.412800 0.078265
v -0.057301 0.412800 0.074677
v -0.062063 0.412800 0.070769
v -0.066559 0.412800 0.066559
v -0.070769 0.412800 0.062063
v -0.074677 0.412800 0.057301
v -0.078265 0.412800 0.052295
v -0.081517 0.412800 0.047064
v -0.084421 0.412800 0.041632
v -0.086963 0.412800 0.036021
v -0.089133 0.412800 0.030256
v -0.090921 0.412800 0.024362
v -0.092319 0.412800 0.018363
v -0.093323 0.412800 0.012286
v -0.093926 0.412800 0.006156
v -0.094128 0.412800 0.000000
v -0.093926 0.412800 -0.006156
v -0.093323 0.412800 -0.012286
v -0.092319 0.412800 -0.018363
v -0.090921 0.412800 -0.024362
v -0.089133 0.412800 -0.030256
v -0.086963 0.412800 -0.036021
v -0.084421 0.412800 -0.041632
v -0.081517 0.412800 -0.047064
v -0.078265 0.412800 -0.052295
v -0.074677 0.412800 -0.057301
v -0.070769 0.412800 -0.062063
v -0.066559 0.412800 -0.066559
v -0.062063 0.412800 -0.070769
v -0.057301 0.412800 -0.074677
v -0.052295 0.412800 -0.078265
v -0.047064 0.412800 -0.081517
v -0.041632 0.412800 -0.084421
v -0.036021 0.412800 -0.086963
v -0.030256 0.412800 -0.089133
v -0.024362 0.412800 -0.090921
v -0.018363 0.412800 -0.092319
v -0.012286 0.412800 -0.093323
v -0.006156 0.412800 -0.093926
v -0.000000 0.412800 -0.094128
v 0.006156 0.412800 -0.093926
v 0.012286 0.412800 -0.093323
v 0.018363 0.412800 -0.092319
v 0.024362 0.412800 -0.090921
v 0.030256 0.412800 -0.089133
v 0.036021 0.412800 -0.086963
v 0.041632 0.412800 -0.084421
v 0.047064 0.412800 -0.081517
v 0.052295 0.412800 -0.078265
v 0.057301 0.412800 -0.074677
v 0.062063 0.412800 -0.070769
v 0.066559 0.412800 -0.066559
v 0.070769 0.412800 -0.062063
v 0.074677 0.412800 -0.057301
v 0.078265 0.412800 -0.052295
v 0.081517 0.412800 -0.047064
v 0.084421 0.412800 -0.041632
v 0.086963 0.412800 -0.036021
v 0.089133 0.412800 -0.030256
v 0.090921 0.412800 -0.024362
v 0.092319 0.412800 -0.018363
v 0.093323 0.412800 -0.012286
v 0.093926 0.412800 -0.006156
v 0.101672 0.419800 0.000000
v 0.101454 0.419800 0.006650
v 0.100802 0.419800 0.013271
v 0.099718 0.419800 0.019835
v 0.098208 0.419800 0.026315
v 0.096276 0.419800 0.032681
v 0.093933 0.419800 0.038908
v 0.091187 0.419800 0.044968
v 0.088051 0.419800 0.050836
v 0.084537 0.419800 0.056486
v 0.080662 0.419800 0.061894
v 0.076441 0.419800 0.067037
v 0.071893 0.419800 0.071893
v 0.067037 0.419800 0.076441
v 0.061894 0.419800 0.080662
v 0.056486 0.419800 0.084537
v 0.050836 0.419800 0.088051
v 0.044968 0.419800 0.091187
v 0.038908 0.419800 0.093933
v 0.032681 0.419800 0.096276
v 0.026315 0.419800 0.098208
v 0.019835 0.419800 0.099718
v 0.013271 0.419800 0.100802
v 0.006650 0.419800 0.101454
v 0.000000 0.419800 0.101672
v -0.006650 0.419800 0.101454
v -0.013271 0.419800 0.100802
v -0.019835 0.419800 0.099718
v -0.026315 0.419800 0.098208
v -0.032681 0.419800 0.096276
v -0.038908 0.419800 0.093933
v -0.044968 0.419800 0.091187
v -0.050836 0.419800 0.088051
v -0.056486 0.419800 0.084537
v -0.061894 0.419800 0.080662
v -0.067037 0.419800 0.076441
v -0.071893 0.419800 0.071893
v -0.076441 0.419800 0.067037
v -0.080662 0.419800 0.061894
v -0.084537 0.419800 0.056486
v -0.088051 0.419800 0.050836
v -0.091187 0.419800 0.044968
v -0.093933 0.419800 0.038908
v -0.096276 0.419800 0.032681
v -0.098208 0.419800 0.026315
v -0.099718 0.419800 0.019835
v -0.100802 0.419800 0.013271
v -0.101454 0.419800 0.006650
v -0.101672 0.419800 0.000000
v -0.101454 0.419800 -0.006650
v -0.100802 0.419800 -0.013271
v -0.099718 0.419800 -0.019835
v -0.098208 0.419800 -0.026315
v -0.096276 0.419800 -0.032681
v -0.093933 0.419800 -0.038908
v -0.091187 0.419800 -0.044968
v -0.088051 0.419800 -0.050836
v -0.084537 0.419800 -0.056486
v -0.080662 0.419800 -0.061894
v -0.076441 0.419800 -0.067037
v -0.071893 0.419800 -0.071893
v -0.067037 0.419800 -0.076441
v -0.061894 0.419800 -0.080662
v -0.056486 0.419800 -0.084537
v -0.050836 0.419800 -0.088051
v -0.044968 0.419800 -0.091187
v -0.038908 0.419800 -0.093933
v -0.032681 0.419800 -0.096276
v -0.026315 0.419800 -0.098208
v -0.019835 0.419800 -0.099718
v -0.013271 0.419800 -0.100802
v -0.006650 0.419800 -0.101454
v -0.000000 0.419800 -0.101672
v 0.006650 0.419800 -0.101454
v 0.013271 0.419800 -0.100802
v 0.019835 0.419800 -0.099718
v 0.026315 0.419800 -0.098208
v 0.032681 0.419800 -0.096276
v 0.038908 0.419800 -0.093933
v 0.044968 0.419800 -0.091187
v 0.050836 0.419800 -0.088051
v 0.056486 0.419800 -0.084537
v 0.061894 0.419800 -0.080662
v 0.067037 0.419800 -0.076441
v 0.071893 0.419800 -0.071893
v 0.076441 0.419800 -0.067037
v 0.080662 0.419800 -0.061894
v 0.084537 0.419800 -0.056486
v 0.088051 0.419800 -0.050836
v 0.091187 0.419800 -0.044968
v 0.093933 0.419800 -0.038908
v 0.096276 0.419800 -0.032681
v 0.098208 0.419800 -0.026315
v 0.099718 0.419800 -0.019835
v 0.100802 0.419800 -0.013271
v 0.101454 0.419800 -0.006650
v 0.109344 0.427200 0.000000
v 0.109110 0.427200 0.007151
v 0.108409 0.427200 0.014272
v 0.107243 0.427200 0.021332
v 0.105618 0.427200 0.028300
v 0.103541 0.427200 0.035147
v 0.101021 0.427200 0.041844
v 0.098068 0.427200 0.048362
v 0.094695 0.427200 0.054672
v 0.090916 0.427200 0.060748
v 0.086748 0.427200 0.066564
v 0.082209 0.427200 0.072096
v 0.077318 0.427200 0.077318
v 0.072096 0.427200 0.082209
v 0.066564 0.427200 0.086748
v 0.060748 0.427200 0.090916
v 0.054672 0.427200 0.094695
v 0.048362 0.427200 0.098068
v 0.041844 0.427200 0.101021
v 0.035147 0.427200 0.103541
v 0.028300 0.427200 0.105618
v 0.021332 0.427200 0.107243
v 0.014272 0.427200 0.108409
v 0.007151 0.427200 0.109110
v 0.000000 0.427200 0.109344
v -0.007151 0.427200 0.109110
v -0.014272 0.427200 0.108409
v -0.021332 0.427200 0.107243
v -0.028300 0.427200 0.105618
v -0.035147 0.427200 0.103541
v -0.041844 0.427200 0.101021
v -0.048362 0.427200 0.098068
v -0.054672 0.427200 0.094695
v -0.060748 0.427200 0.090916
v -0.066564 0.427200 0.086748
v -0.072096 0.427200 0.082209
v -0.077318 0.427200 0.077318
v -0.082209 0.427200 0.072096
v -0.086748 0.427200 0.066564
v -0.090916 0.427200 0.060748
v -0.094695 0.427200 0.054672
v -0.098068 0.427200 0.048362
v -0.101021 0.427200 0.041844
v -0.103541 0.427200 0.035147
v -0.105618 0.427200 0.028300
v -0.107243 0.427200 0.021332
v -0.108409 0.427200 0.014272
v -0.109110 0.427200 0.007151
v -0.109344 0.427200 0.000000
v -0.109110 0.427200 -0.007151
v -0.108409 0.427200 -0.014272
v -0.107243 0.427200 -0.021332
v -0.105618 0.427200 -0.028300
v -0.103541 0.427200 -0.035147
v -0.101021 0.427200 -0.041844
v -0.098068 0.427200 -0.048362
v -0.094695 0.427200 -0.054672
v -0.090916 0.427200 -0.060748
v -0.086748 0.427200 -0.066564
v -0.082209 0.427200 -0.072096
v -0.077318 0.427200 -0.077318
v -0.072096 0.427200 -0.082209
v -0.066564 0.427200 -0.086748
v -0.060748 0.427200 -0.090916
v -0.054672 0.427200 -0.094695
v -0.048362 0.427200 -0.098068
v -0.041844 0.427200 -0.101021
v -0.035147 0.427200 -0.103541
v -0.028300 0.427200 -0.105618
v -0.021332 0.427200 -0.107243
v -0.014272 0.427200 -0.108409
v -0.007151 0.427200 -0.109110
v -0.000000 0.427200 -0.109344
v 0.007151 0.427200 -0.109110
v 0.014272 0.427200 -0.108409
v 0.021332 0.427200 -0.107243
v 0.028300 0.427200 -0.105618
v 0.035147 0.427200 -0.103541
v 0.041844 0.427200 -0.101021
v 0.048362 0.427200 -0.098068
v 0.054672 0.427200 -0.094695
v 0.060748 0.427200 -0.090916
v 0.066564 0.427200 -0.086748
v 0.072096 0.427200 -0.082209
v 0.077318 0.427200 -0.077318
v 0.082209 0.427200 -0.072096
v 0.086748 0.427200 -0.066564
v 0.090916 0.427200 -0.060748
v 0.094695 0.427200 -0.054672
v 0.098068 0.427200 -0.048362
v 0.101021 0.427200 -0.041844
v 0.103541 0.427200 -0.035147
v 0.105618 0.427200 -0.028300
v 0.107243 0.427200 -0.021332
v 0.108409 0.427200 -0.014272
v 0.109110 0.427200 -0.007151
v 0.117000 0.435000 0.000000
v 0.116749 0.435000 0.007652
v 0.115999 0.435000 0.015272
v 0.114752 0.435000 0.022826
v 0.113013 0.435000 0.030282
v 0.110791 0.435000 0.037608
v 0.108094 0.435000 0.044774
v 0.104934 0.435000 0.051748
v 0.101325 0.435000 0.058500
v 0.097282 0.435000 0.065002
v 0.092822 0.435000 0.071225
v 0.087965 0.435000 0.077143
v 0.082731 0.435000 0.082731
v 0.077143 0.435000 0.087965
v 0.071225 0.435000 0.092822
v 0.065002 0.435000 0.097282
v 0.058500 0.435000 0.101325
v 0.051748 0.435000 0.104934
v 0.044774 0.435000 0.108094
v 0.037608 0.435000 0.110791
v 0.030282 0.435000 0.113013
v 0.022826 0.435000 0.114752
v 0.015272 0.435000 0.115999
v 0.007652 0.435000 0.116749
v 0.000000 0.435000 0.117000
v -0.007652 0.435000 0.116749
v -0.015272 0.435000 0.115999
v -0.022826 0.435000 0.114752
v -0.030282 0.435000 0.113013
v -0.037608 0.435000 0.110791
v -0.044774 0.435000 0.108094
v -0.051748 0.435000 0.104934
v -0.058500 0.435000 0.101325
v -0.065002 0.435000 0.097282
v -0.071225 0.435000 0.092822
v -0.077143 0.435000 0.087965
v -0.082731 0.435000 0.082731
v -0.087965 0.435000 0.077143
v -0.092822 0.435000 0.071225
v -0.097282 0.435000 0.065002
v -0.101325 0.435000 0.058500
v -0.104934 0.435000 0.051748
v -0.108094 0.435000 0.044774
v -0.110791 0.435000 0.037608
v -0.113013 0.435000 0.030282
v -0.114752 0.435000 0.022826
v -0.115999 0.435000 0.015272
v -0.116749 0.435000 0.007652
v -0.117000 0.435000 0.000000
v -0.116749 0.435000 -0.007652
v -0.115999 0.435000 -0.015272
v -0.114752 0.435000 -0.022826
v -0.113013 0.435000 -0.030282
v -0.110791 0.435000 -0.037608
v -0.108094 0.435000 -0.044774
v -0.104934 0.435000 -0.051748
v -0.101325 0.435000 -0.058500
v -0.097282 0.435000 -0.065002
v -0.092822 0.435000 -0.071225
v -0.087965 0.435000 -0.077143
v -0.082731 0.435000 -0.082731
v -0.077143 0.435000 -0.087965
v -0.071225 0.435000 -0.092822
v -0.065002 0.435000 -0.097282
v -0.058500 0.435000 -0.101325
v -0.051748 0.435000 -0.104934
v -0.044774 0.435000 -0.108094
v -0.037608 0.435000 -0.110791
v -0.030282 0.435000 -0.113013
v -0.022826 0.435000 -0.114752
v -0.015272 0.435000 -0.115999
v -0.007652 0.435000 -0.116749
v -0.000000 0.435000 -0.117000
v 0.007652 0.435000 -0.116749
v 0.015272 0.435000 -0.115999
v 0.022826 0.435000 -0.114752
v 0.030282 0.435000 -0.113013
v 0.037608 0.435000 -0.110791
v 0.044774 0.435000 -0.108094
v 0.051748 0.435000 -0.104934
v 0.058500 0.435000 -0.101325
v 0.065002 0.435000 -0.097282
v 0.071225 0.435000 -0.092822
v 0.077143 0.435000 -0.087965
v 0.082731 0.435000 -0.082731
v 0.087965 0.435000 -0.077143
v 0.092822 0.435000 -0.071225
v 0.097282 0.435000 -0.065002
v 0.101325 0.435000 -0.058500
v 0.104934 0.435000 -0.051748
v 0.108094 0.435000 -0.044774
v 0.110791 0.435000 -0.037608
v 0.113013 0.435000 -0.030282
v 0.114752 0.435000 -0.022826
v 0.115999 0.435000 -0.015272
v 0.116749 0.435000 -0.007652
v 0.124496 0.443200 0.000000
v 0.124229 0.443200 0.008142
v 0.123431 0.443200 0.016250
v 0.122104 0.443200 0.024288
v 0.120254 0.443200 0.032222
v 0.117889 0.443200 0.040018
v 0.115019 0.443200 0.047643
v 0.111657 0.443200 0.055063
v 0.107817 0.443200 0.062248
v 0.103515 0.443200 0.069166
v 0.098769 0.443200 0.075788
v 0.093601 0.443200 0.082086
v 0.088032 0.443200 0.088032
v 0.082086 0.443200 0.093601
v 0.075788 0.443200 0.098769
v 0.069166 0.443200 0.103515
v 0.062248 0.443200 0.107817
v 0.055063 0.443200 0.111657
v 0.047643 0.443200 0.115019
v 0.040018 0.443200 0.117889
v 0.032222 0.443200 0.120254
v 0.024288 0.443200 0.122104
v 0.016250 0.443200 0.123431
v 0.008142 0.443200 0.124229
v 0.000000 0.443200 0.124496
v -0.008142 0.443200 0.124229
v -0.016250 0.443200 0.123431
v -0.024288 0.443200 0.122104
v -0.032222 0.443200 0.120254
v -0.040018 0.443200 0.117889
v -0.047643 0.443200 0.115019
v -0.055063 0.443200 0.111657
v -0.062248 0.443200 0.107817
v -0.069166 0.443200 0.103515
v -0.075788 0.443200 0.098769
v -0.082086 0.443200 0.093601
v -0.088032 0.443200 0.088032
v -0.093601 0.443200 0.082086
v -0.098769 0.443200 0.075788
v -0.103515 0.443200 0.069166
v -0.107817 0.443200 0.062248
v -0.111657 0.443200 0.055063
v -0.115019 0.443200 0.047643
v -0.117889 0.443200 0.040018
v -0.120254 0.443200 0.032222
v -0.122104 0.443200 0.024288
v -0.123431 0.443200 0.016250
v -0.124229 0.443200 0.008142
v -0.124496 0.443200 0.000000
v -0.124229 0.443200 -0.008142
v -0.123431 0.443200 -0.016250
v -0.122104 0.443200 -0.024288
v -0.120254 0.443200 -0.032222
v -0.117889 0.443200 -0.040018
v -0.115019 0.443200 -0.047643
v -0.111657 0.443200 -0.055063
v -0.107817 0.443200 -0.062248
v -0.103515 0.443200 -0.069166
v -0.098769 0.443200 -0.075788
v -0.093601 0.443200 -0.082086
v -0.088032 0.443200 -0.088032
v -0.082086 0.443200 -0.093601
v -0.075788 0.443200 -0.098769
v -0.069166 0.443200 -0.103515
v -0.062248 0.443200 -0.107817
v -0.055063 0.443200 -0.111657
v -0.047643 0.443200 -0.115019
v -0.040018 0.443200 -0.117889
v -0.032222 0.443200 -0.120254
v -0.024288 0.443200 -0.122104
v -0.016250 0.443200 -0.123431
v -0.008142 0.443200 -0.124229
v -0.000000 0.443200 -0.124496
v 0.008142 0.443200 -0.124229
v 0.016250 0.443200 -0.123431
v 0.024288 0.443200 -0.122104
v 0.032222 0.443200 -0.120254
v 0.040018 0.443200 -0.117889
v 0.047643 0.443200 -0.115019
v 0.055063 0.443200 -0.111657
v 0.062248 0.443200 -0.107817
v 0.069166 0.443200 -0.103515
v 0.075788 0.443200 -0.098769
v 0.082086 0.443200 -0.093601
v 0.088032 0.443200 -0.088032
v 0.093601 0.443200 -0.082086
v 0.098769 0.443200 -0.075788
v 0.103515 0.443200 -0.069166
v 0.107817 0.443200 -0.062248
v 0.111657 0.443200 -0.055063
v 0.115019 0.443200 -0.047643
v 0.117889 0.443200 -0.040018
v 0.120254 0.443200 -0.032222
v 0.122104 0.443200 -0.024288
v 0.123431 0.443200 -0.016250
v 0.124229 0.443200 -0.008142
v 0.131688 0.451800 0.000000
v 0.131406 0.451800 0.008613
v 0.130561 0.451800 0.017189
v 0.129158 0.451800 0.025691
v 0.127201 0.451800 0.034083
v 0.124699 0.451800 0.042330
v 0.121664 0.451800 0.050395
v 0.118107 0.451800 0.058244
v 0.114045 0.451800 0.065844
v 0.109495 0.451800 0.073162
v 0.104475 0.451800 0.080167
v 0.099008 0.451800 0.086828
v 0.093117 0.451800 0.093117
v 0.086828 0.451800 0.099008
v 0.080167 0.451800 0.104475
v 0.073162 0.451800 0.109495
v 0.065844 0.451800 0.114045
v 0.058244 0.451800 0.118107
v 0.050395 0.451800 0.121664
v 0.042330 0.451800 0.124699
v 0.034083 0.451800 0.127201
v 0.025691 0.451800 0.129158
v 0.017189 0.451800 0.130561
v 0.008613 0.451800 0.131406
v 0.000000 0.451800 0.131688
v -0.008613 0.451800 0.131406
v -0.017189 0.451800 0.130561
v -0.025691 0.451800 0.129158
v -0.034083 0.451800 0.127201
v -0.042330 0.451800 0.124699
v -0.050395 0.451800 0.121664
v -0.058244 0.451800 0.118107
v -0.065844 0.451800 0.114045
v -0.073162 0.451800 0.109495
v -0.080167 0.451800 0.104475
v -0.086828 0.451800 0.099008
v -0.093117 0.451800 0.093117
v -0.099008 0.451800 0.086828
v -0.104475 0.451800 0.080167
v -0.109495 0.451800 0.073162
v -0.114045 0.451800 0.065844
v -0.118107 0.451800 0.058244
v -0.121664 0.451800 0.050395
v -0.124699 0.451800 0.042330
v -0.127201 0.451800 0.034083
v -0.129158 0.451800 0.025691
v -0.130561 0.451800 0.017189
v -0.131406 0.451800 0.008613
v -0.131688 0.451800 0.000000
v -0.131406 0.451800 -0.008613
v -0.130561 0.451800 -0.017189
v -0.129158 0.451800 -0.025691
v -0.127201 0.451800 -0.034083
v -0.124699 0.451800 -0.042330
v -0.121664 0.451800 -0.050395
v -0.118107 0.451800 -0.058244
v -0.114045 0.451800 -0.065844
v -0.109495 0.451800 -0.073162
v -0.104475 0.451800 -0.080167
v -0.099008 0.451800 -0.086828
v -0.093117 0.451800 -0.093117
v -0.086828 0.451800 -0.099008
v -0.080167 0.451800 -0.104475
v -0.073162 0.451800 -0.109495
v -0.065844 0.451800 -0.114045
v -0.058244 0.451800 -0.118107
v -0.050395 0.451800 -0.121664
v -0.042330 0.451800 -0.124699
v -0.034083 0.451800 -0.127201
v -0.025691 0.451800 -0.129158
v -0.017189 0.451800 -0.130561
v -0.008613 0.451800 -0.131406
v -0.000000 0.451800 -0.131688
v 0.008613 0.451800 -0.131406
v 0.017189 0.451800 -0.130561
v 0.025691 0.451800 -0.129158
v 0.034083 0.451800 -0.127201
v 0.042330 0.451800 -0.124699
v 0.050395 0.451800 -0.121664
v 0.058244 0.451800 -0.118107
v 0.065844 0.451800 -0.114045
v 0.073162 0.451800 -0.109495
v 0.080167 0.451800 -0.104475
v 0.086828 0.451800 -0.099008
v 0.093117 0.451800 -0.093117
v 0.099008 0.451800 -0.086828
v 0.104475 0.451800 -0.080167
v 0.109495 0.451800 -0.073162
v 0.114045 0.451800 -0.065844
v 0.118107 0.451800 -0.058244
v 0.121664 0.451800 -0.050395
v 0.124699 0.451800 -0.042330
v 0.127201 0.451800 -0.034083
v 0.129158 0.451800 -0.025691
v 0.130561 0.451800 -0.017189
v 0.131406 0.451800 -0.008613
v 0.138432 0.460800 0.000000
v 0.138136 0.460800 0.009054
v 0.137248 0.460800 0.018069
v 0.135772 0.460800 0.027007
v 0.133715 0.460800 0.035829
v 0.131085 0.460800 0.044498
v 0.127894 0.460800 0.052976
v 0.124156 0.460800 0.061227
v 0.119886 0.460800 0.069216
v 0.115102 0.460800 0.076909
v 0.109825 0.460800 0.084272
v 0.104079 0.460800 0.091275
v 0.097886 0.460800 0.097886
v 0.091275 0.460800 0.104079
v 0.084272 0.460800 0.109825
v 0.076909 0.460800 0.115102
v 0.069216 0.460800 0.119886
v 0.061227 0.460800 0.124156
v 0.052976 0.460800 0.127894
v 0.044498 0.460800 0.131085
v 0.035829 0.460800 0.133715
v 0.027007 0.460800 0.135772
v 0.018069 0.460800 0.137248
v 0.009054 0.460800 0.138136
v 0.000000 0.460800 0.138432
v -0.009054 0.460800 0.138136
v -0.018069 0.460800 0.137248
v -0.027007 0.460800 0.135772
v -0.035829 0.460800 0.133715
v -0.044498 0.460800 0.131085
v -0.052976 0.460800 0.127894
v -0.061227 0.460800 0.124156
v -0.069216 0.460800 0.119886
v -0.076909 0.460800 0.115102
v -0.084272 0.460800 0.109825
v -0.091275 0.460800 0.104079
v -0.097886 0.460800 0.097886
v -0.104079 0.460800 0.091275
v -0.109825 0.460800 0.084272
v -0.115102 0.460800 0.076909
v -0.119886 0.460800 0.069216
v -0.124156 0.460800 0.061227
v -0.127894 0.460800 0.052976
v -0.131085 0.460800 0.044498
v -0.133715 0.460800 0.035829
v -0.135772 0.460800 0.027007
v -0.137248 0.460800 0.018069
v -0.138136 0.460800 0.009054
v -0.138432 0.460800 0.000000
v -0.138136 0.460800 -0.009054
v -0.137248 0.460800 -0.018069
v -0.135772 0.460800 -0.027007
v -0.133715 0.460800 -0.035829
v -0.131085 0.460800 -0.044498
v -0.127894 0.460800 -0.052976
v -0.124156 0.460800 -0.061227
v -0.119886 0.460800 -0.069216
v -0.115102 0.460800 -0.076909
v -0.109825 0.460800 -0.084272
v -0.104079 0.460800 -0.091275
v -0.097886 0.460800 -0.097886
v -0.091275 0.460800 -0.104079
v -0.084272 0.460800 -0.109825
v -0.076909 0.460800 -0.115102
v -0.069216 0.460800 -0.119886
v -0.061227 0.460800 -0.124156
v -0.052976 0.460800 -0.127894
v -0.044498 0.460800 -0.131085
v -0.035829 0.460800 -0.133715
v -0.027007 0.460800 -0.135772
v -0.018069 0.460800 -0.137248
v -0.009054 0.460800 -0.138136
v -0.000000 0.460800 -0.138432
v 0.009054 0.460800 -0.138136
v 0.018069 0.460800 -0.137248
v 0.027007 0.460800 -0.135772
v 0.035829 0.460800 -0.133715
v 0.044498 0.460800 -0.131085
v 0.052976 0.460800 -0.127894
v 0.061227 0.460800 -0.124156
v 0.069216 0.460800 -0.119886
v 0.076909 0.460800 -0.115102
v 0.084272 0.460800 -0.109825
v 0.091275 0.460800 -0.104079
v 0.097886 0.460800 -0.097886
v 0.104079 0.460800 -0.091275
v 0.109825 0.460800 -0.084272
v 0.115102 0.460800 -0.076909
v 0.119886 0.460800 -0.069216
v 0.124156 0.460800 -0.061227
v 0.127894 0.460800 -0.052976
v 0.131085 0.460800 -0.044498
v 0.133715 0.460800 -0.035829
v 0.135772 0.460800 -0.027007
v 0.137248 0.460800 -0.018069
v 0.138136 0.460800 -0.009054
v 0.144584 0.470200 0.000000
v 0.144274 0.470200 0.009456
v 0.143347 0.470200 0.018872
v 0.141806 0.470200 0.028207
v 0.139657 0.470200 0.037421
v 0.136911 0.470200 0.046475
v 0.133578 0.470200 0.055330
v 0.129673 0.470200 0.063948
v 0.125213 0.470200 0.072292
v 0.120217 0.470200 0.080327
v 0.114706 0.470200 0.088017
v 0.108704 0.470200 0.095331
v 0.102236 0.470200 0.102236
v 0.095331 0.470200 0.108704
v 0.088017 0.470200 0.114706
v 0.080327 0.470200 0.120217
v 0.072292 0.470200 0.125213
v 0.063948 0.470200 0.129673
v 0.055330 0.470200 0.133578
v 0.046475 0.470200 0.136911
v 0.037421 0.470200 0.139657
v 0.028207 0.470200 0.141806
v 0.018872 0.470200 0.143347
v 0.009456 0.470200 0.144274
v 0.000000 0.470200 0.144584
v -0.009456 0.470200 0.144274
v -0.018872 0.470200 0.143347
v -0.028207 0.470200 0.141806
v -0.037421 0.470200 0.139657
v -0.046475 0.470200 0.136911
v -0.055330 0.470200 0.133578
v -0.063948 0.470200 0.129673
v -0.072292 0.470200 0.125213
v -0.080327 0.470200 0.120217
v -0.088017 0.470200 0.114706
v -0.095331 0.470200 0.108704
v -0.102236 0.470200 0.102236
v -0.108704 0.470200 0.095331
v -0.114706 0.470200 0.088017
v -0.120217 0.470200 0.080327
v -0.125213 0.470200 0.072292
v -0.129673 0.470200 0.063948
v -0.133578 0.470200 0.055330
v -0.136911 0.470200 0.046475
v -0.139657 0.470200 0.037421
v -0.141806 0.470200 0.028207
v -0.143347 0.470200 0.018872
v -0.144274 0.470200 0.009456
v -0.144584 0.470200 0.000000
v -0.144274 0.470200 -0.009456
v -0.143347 0.470200 -0.018872
v -0.141806 0.470200 -0.028207
v -0.139657 0.470200 -0.037421
v -0.136911 0.470200 -0.046475
v -0.133578 0.470200 -0.055330
v -0.129673 0.470200 -0.063948
v -0.125213 0.470200 -0.072292
v -0.120217 0.470200 -0.080327
v -0.114706 0.470200 -0.088017
v -0.108704 0.470200 -0.095331
v -0.102236 0.470200 -0.102236
v -0.095331 0.470200 -0.108704
v -0.088017 0.470200 -0.114706
v -0.080327 0.470200 -0.120217
v -0.072292 0.470200 -0.125213
v -0.063948 0.470200 -0.129673
v -0.055330 0.470200 -0.133578
v -0.046475 0.470200 -0.136911
v -0.037421 0.470200 -0.139657
v -0.028207 0.470200 -0.141806
v -0.018872 0.470200 -0.143347
v -0.009456 0.470200 -0.144274
v -0.000000 0.470200 -0.144584
v 0.009456 0.470200 -0.144274
v 0.018872 0.470200 -0.143347
v 0.028207 0.470200 -0.141806
v 0.037421 0.470200 -0.139657
v 0.046475 0.470200 -0.136911
v 0.055330 0.470200 -0.133578
v 0.063948 0.470200 -0.129673
v 0.072292 0.470200 -0.125213
v 0.080327 0.470200 -0.120217
v 0.088017 0.470200 -0.114706
v 0.095331 0.470200 -0.108704
v 0.102236 0.470200 -0.102236
v 0.108704 0.470200 -0.095331
v 0.114706 0.470200 -0.088017
v 0.120217 0.470200 -0.080327
v 0.125213 0.470200 -0.072292
v 0.129673 0.470200 -0.063948
v 0.133578 0.470200 -0.055330
v 0.136911 0.470200 -0.046475
v 0.139657 0.470200 -0.037421
v 0.141806 0.470200 -0.028207
v 0.143347 0.470200 -0.018872
v 0.144274 0.470200 -0.009456
v 0.150000 0.480000 0.000000
v 0.149679 0.480000 0.009810
v 0.148717 0.480000 0.019579
v 0.147118 0.480000 0.029264
v 0.144889 0.480000 0.038823
v 0.142040 0.480000 0.048216
v 0.138582 0.480000 0.057403
v 0.134531 0.480000 0.066343
v 0.129904 0.480000 0.075000
v 0.124720 0.480000 0.083336
v 0.119003 0.480000 0.091314
v 0.112776 0.480000 0.098902
v 0.106066 0.480000 0.106066
v 0.098902 0.480000 0.112776
v 0.091314 0.480000 0.119003
v 0.083336 0.480000 0.124720
v 0.075000 0.480000 0.129904
v 0.066343 0.480000 0.134531
v 0.057403 0.480000 0.138582
v 0.048216 0.480000 0.142040
v 0.038823 0.480000 0.144889
v 0.029264 0.480000 0.147118
v 0.019579 0.480000 0.148717
v 0.009810 0.480000 0.149679
v 0.000000 0.480000 0.150000
v -0.009810 0.480000 0.149679
v -0.019579 0.480000 0.148717
v -0.029264 0.480000 0.147118
v -0.038823 0.480000 0.144889
v -0.048216 0.480000 0.142040
v -0.057403 0.480000 0.138582
v -0.066343 0.480000 0.134531
v -0.075000 0.480000 0.129904
v -0.083336 0.480000 0.124720
v -0.091314 0.480000 0.119003
v -0.098902 0.480000 0.112776
v -0.106066 0.480000 0.106066
v -0.112776 0.480000 0.098902
v -0.119003 0.480000 0.091314
v -0.124720 0.480000 0.083336
v -0.129904 0.480000 0.075000
v -0.134531 0.480000 0.066343
v -0.138582 0.480000 0.057403
v -0.142040 0.480000 0.048216
v -0.144889 0.480000 0.038823
v -0.147118 0.480000 0.029264
v -0.148717 0.480000 0.019579
v -0.149679 0.480000 0.009810
v -0.150000 0.480000 0.000000
v -0.149679 0.480000 -0.009810
v -0.148717 0.480000 -0.019579
v -0.147118 0.480000 -0.029264
v -0.144889 0.480000 -0.038823
v -0.142040 0.480000 -0.048216
v -0.138582 0.480000 -0.057403
v -0.134531 0.480000 -0.066343
v -0.129904 0.480000 -0.075000
v -0.124720 0.480000 -0.083336
v -0.119003 0.480000 -0.091314
v -0.112776 0.480000 -0.098902
v -0.106066 0.480000 -0.106066
v -0.098902 0.480000 -0.112776
v -0.091314 0.480000 -0.119003
v -0.083336 0.480000 -0.124720
v -0.075000 0.480000 -0.129904
v -0.066343 0.480000 -0.134531
v -0.057403 0.480000 -0.138582
v -0.048216 0.480000 -0.142040
v -0.038823 0.480000 -0.144889
v -0.029264 0.480000 -0.147118
v -0.019579 0.480000 -0.148717
v -0.009810 0.480000 -0.149679
v -0.000000 0.480000 -0.150000
v 0.009810 0.480000 -0.149679
v 0.019579 0.480000 -0.148717
v 0.029264 0.480000 -0.147118
v 0.038823 0.480000 -0.144889
v 0.048216 0.480000 -0.142040
v 0.057403 0.480000 -0.138582
v 0.066343 0.480000 -0.134531
v 0.075000 0.480000 -0.129904
v 0.083336 0.480000 -0.124720
v 0.091314 0.480000 -0.119003
v 0.098902 0.480000 -0.112776
v 0.106066 0.480000 -0.106066
v 0.112776 0.480000 -0.098902
v 0.119003 0.480000 -0.091314
v 0.124720 0.480000 -0.083336
v 0.129904 0.480000 -0.075000
v 0.134531 0.480000 -0.066343
v 0.138582 0.480000 -0.057403
v 0.142040 0.480000 -0.048216
v 0.144889 0.480000 -0.038823
v 0.147118 0.480000 -0.029264
v 0.148717 0.480000 -0.019579
v 0.149679 0.480000 -0.009810
v 0.154800 0.490380 0.000000
v 0.154469 0.490380 0.010124
v 0.153476 0.490380 0.020205
v 0.151826 0.490380 0.030200
v 0.149525 0.490380 0.040065
v 0.146585 0.490380 0.049759
v 0.143017 0.490380 0.059239
v 0.138836 0.490380 0.068466
v 0.134061 0.490380 0.077400
v 0.128711 0.490380 0.086002
v 0.122811 0.490380 0.094236
v 0.116385 0.490380 0.102067
v 0.109460 0.490380 0.109460
v 0.102067 0.490380 0.116385
v 0.094236 0.490380 0.122811
v 0.086002 0.490380 0.128711
v 0.077400 0.490380 0.134061
v 0.068466 0.490380 0.138836
v 0.059239 0.490380 0.143017
v 0.049759 0.490380 0.146585
v 0.040065 0.490380 0.149525
v 0.030200 0.490380 0.151826
v 0.020205 0.490380 0.153476
v 0.010124 0.490380 0.154469
v 0.000000 0.490380 0.154800
v -0.010124 0.490380 0.154469
v -0.020205 0.490380 0.153476
v -0.030200 0.490380 0.151826
v -0.040065 0.490380 0.149525
v -0.049759 0.490380 0.146585
v -0.059239 0.490380 0.143017
v -0.068466 0.490380 0.138836
v -0.077400 0.490380 0.134061
v -0.086002 0.490380 0.128711
v -0.094236 0.490380 0.122811
v -0.102067 0.490380 0.116385
v -0.109460 0.490380 0.109460
v -0.116385 0.490380 0.102067
v -0.122811 0.490380 0.094236
v -0.128711 0.490380 0.086002
v -0.134061 0.490380 0.077400
v -0.138836 0.490380 0.068466
v -0.143017 0.490380 0.059239
v -0.146585 0.490380 0.049759
v -0.149525 0.490380 0.040065
v -0.151826 0.490380 0.030200
v -0.153476 0.490380 0.020205
v -0.154469 0.490380 0.010124
v -0.154800 0.490380 0.000000
v -0.154469 0.490380 -0.010124
v -0.153476 0.490380 -0.020205
v -0.151826 0.490380 -0.030200
v -0.149525 0.490380 -0.040065
v -0.146585 0.490380 -0.049759
v -0.143017 0.490380 -0.059239
v -0.138836 0.490380 -0.068466
v -0.134061 0.490380 -0.077400
v -0.128711 0.490380 -0.086002
v -0.122811 0.490380 -0.094236
v -0.116385 0.490380 -0.102067
v -0.109460 0.490380 -0.109460
v -0.102067 0.490380 -0.116385
v -0.094236 0.490380 -0.122811
v -0.086002 0.490380 -0.128711
v -0.077400 0.490380 -0.134061
v -0.068466 0.490380 -0.138836
v -0.059239 0.490380 -0.143017
v -0.049759 0.490380 -0.146585
v -0.040065 0.490380 -0.149525
v -0.030200 0.490380 -0.151826
v -0.020205 0.490380 -0.153476
v -0.010124 0.490380 -0.154469
v -0.000000 0.490380 -0.154800
v 0.010124 0.490380 -0.154469
v 0.020205 0.490380 -0.153476
v 0.030200 0.490380 -0.151826
v 0.040065 0.490380 -0.149525
v 0.049759 0.490380 -0.146585
v 0.059239 0.490380 -0.143017
v 0.068466 0.490380 -0.138836
v 0.077400 0.490380 -0.134061
v 0.086002 0.490380 -0.128711
v 0.094236 0.490380 -0.122811
v 0.102067 0.490380 -0.116385
v 0.109460 0.490380 -0.109460
v 0.116385 0.490380 -0.102067
v 0.122811 0.490380 -0.094236
v 0.128711 0.490380 -0.086002
v 0.134061 0.490380 -0.077400
v 0.138836 0.490380 -0.068466
v 0.143017 0.490380 -0.059239
v 0.146585 0.490380 -0.049759
v 0.149525 0.490380 -0.040065
v 0.151826 0.490380 -0.030200
v 0.153476 0.490380 -0.020205
v 0.154469 0.490380 -0.010124
v 0.159200 0.501440 0.000000
v 0.158859 0.501440 0.010412
v 0.157838 0.501440 0.020780
v 0.156141 0.501440 0.031058
v 0.153775 0.501440 0.041204
v 0.150751 0.501440 0.051173
v 0.147082 0.501440 0.060923
v 0.142782 0.501440 0.070412
v 0.137871 0.501440 0.079600
v 0.132370 0.501440 0.088447
v 0.126302 0.501440 0.096915
v 0.119693 0.501440 0.104968
v 0.112571 0.501440 0.112571
v 0.104968 0.501440 0.119693
v 0.096915 0.501440 0.126302
v 0.088447 0.501440 0.132370
v 0.079600 0.501440 0.137871
v 0.070412 0.501440 0.142782
v 0.060923 0.501440 0.147082
v 0.051173 0.501440 0.150751
v 0.041204 0.501440 0.153775
v 0.031058 0.501440 0.156141
v 0.020780 0.501440 0.157838
v 0.010412 0.501440 0.158859
v 0.000000 0.501440 0.159200
v -0.010412 0.501440 0.158859
v -0.020780 0.501440 0.157838
v -0.031058 0.501440 0.156141
v -0.041204 0.501440 0.153775
v -0.051173 0.501440 0.150751
v -0.060923 0.501440 0.147082
v -0.070412 0.501440 0.142782
v -0.079600 0.501440 0.137871
v -0.088447 0.501440 0.132370
v -0.096915 0.501440 0.126302
v -0.104968 0.501440 0.119693
v -0.112571 0.501440 0.112571
v -0.119693 0.501440 0.104968
v -0.126302 0.501440 0.096915
v -0.132370 0.501440 0.088447
v -0.137871 0.501440 0.079600
v -0.142782 0.501440 0.070412
v -0.147082 0.501440 0.060923
v -0.150751 0.501440 0.051173
v -0.153775 0.501440 0.041204
v -0.156141 0.501440 0.031058
v -0.157838 0.501440 0.020780
v -0.158859 0.501440 0.010412
v -0.159200 0.501440 0.000000
v -0.158859 0.501440 -0.010412
v -0.157838 0.501440 -0.020780
v -0.156141 0.501440 -0.031058
v -0.153775 0.501440 -0.041204
v -0.150751 0.501440 -0.051173
v -0.147082 0.501440 -0.060923
v -0.142782 0.501440 -0.070412
v -0.137871 0.501440 -0.079600
v -0.132370 0.501440 -0.088447
v -0.126302 0.501440 -0.096915
v -0.119693 0.501440 -0.104968
v -0.112571 0.501440 -0.112571
v -0.104968 0.501440 -0.119693
v -0.096915 0.501440 -0.126302
v -0.088447 0.501440 -0.132370
v -0.079600 0.501440 -0.137871
v -0.070412 0.501440 -0.142782
v -0.060923 0.501440 -0.147082
v -0.051173 0.501440 -0.150751
v -0.041204 0.501440 -0.153775
v -0.031058 0.501440 -0.156141
v -0.020780 0.501440 -0.157838
v -0.010412 0.501440 -0.158859
v -0.000000 0.501440 -0.159200
v 0.010412 0.501440 -0.158859
v 0.020780 0.501440 -0.157838
v 0.031058 0.501440 -0.156141
v 0.041204 0.501440 -0.153775
v 0.051173 0.501440 -0.150751
v 0.060923 0.501440 -0.147082
v 0.070412 0.501440 -0.142782
v 0.079600 0.501440 -0.137871
v 0.088447 0.501440 -0.132370
v 0.096915 0.501440 -0.126302
v 0.104968 0.501440 -0.119693
v 0.112571 0.501440 -0.112571
v 0.119693 0.501440 -0.104968
v 0.126302 0.501440 -0.096915
v 0.132370 0.501440 -0.088447
v 0.137871 0.501440 -0.079600
v 0.142782 0.501440 -0.070412
v 0.147082 0.501440 -0.060923
v 0.150751 0.501440 -0.051173
v 0.153775 0.501440 -0.041204
v 0.156141 0.501440 -0.031058
v 0.157838 0.501440 -0.020780
v 0.158859 0.501440 -0.010412
v 0.163200 0.513060 0.000000
v 0.162851 0.513060 0.010674
v 0.161804 0.513060 0.021302
v 0.160064 0.513060 0.031839
v 0.157639 0.513060 0.042239
v 0.154539 0.513060 0.052459
v 0.150777 0.513060 0.062454
v 0.146370 0.513060 0.072182
v 0.141335 0.513060 0.081600
v 0.135696 0.513060 0.090669
v 0.129475 0.513060 0.099350
v 0.122700 0.513060 0.107605
v 0.115400 0.513060 0.115400
v 0.107605 0.513060 0.122700
v 0.099350 0.513060 0.129475
v 0.090669 0.513060 0.135696
v 0.081600 0.513060 0.141335
v 0.072182 0.513060 0.146370
v 0.062454 0.513060 0.150777
v 0.052459 0.513060 0.154539
v 0.042239 0.513060 0.157639
v 0.031839 0.513060 0.160064
v 0.021302 0.513060 0.161804
v 0.010674 0.513060 0.162851
v 0.000000 0.513060 0.163200
v -0.010674 0.513060 0.162851
v -0.021302 0.513060 0.161804
v -0.031839 0.513060 0.160064
v -0.042239 0.513060 0.157639
v -0.052459 0.513060 0.154539
v -0.062454 0.513060 0.150777
v -0.072182 0.513060 0.146370
v -0.081600 0.513060 0.141335
v -0.090669 0.513060 0.135696
v -0.099350 0.513060 0.129475
v -0.107605 0.513060 0.122700
v -0.115400 0.513060 0.115400
v -0.122700 0.513060 0.107605
v -0.129475 0.513060 0.099350
v -0.135696 0.513060 0.090669
v -0.141335 0.513060 0.081600
v -0.146370 0.513060 0.072182
v -0.150777 0.513060 0.062454
v -0.154539 0.513060 0.052459
v -0.157639 0.513060 0.042239
v -0.160064 0.513060 0.031839
v -0.161804 0.513060 0.021302
v -0.162851 0.513060 0.010674
v -0.163200 0.513060 0.000000
v -0.162851 0.513060 -0.010674
v -0.161804 0.513060 -0.021302
v -0.160064 0.513060 -0.031839
v -0.157639 0.513060 -0.042239
v -0.154539 0.513060 -0.052459
v -0.150777 0.513060 -0.062454
v -0.146370 0.513060 -0.072182
v -0.141335 0.513060 -0.081600
v -0.135696 0.513060 -0.090669
v -0.129475 0.513060 -0.099350
v -0.122700 0.513060 -0.107605
v -0.115400 0.513060 -0.115400
v -0.107605 0.513060 -0.122700
v -0.099350 0.513060 -0.129475
v -0.090669 0.513060 -0.135696
v -0.081600 0.513060 -0.141335
v -0.072182 0.513060 -0.146370
v -0.062454 0.513060 -0.150777
v -0.052459 0.513060 -0.154539
v -0.042239 0.513060 -0.157639
v -0.031839 0.513060 -0.160064
v -0.021302 0.513060 -0.161804
v -0.010674 0.513060 -0.162851
v -0.000000 0.513060 -0.163200
v 0.010674 0.513060 -0.162851
v 0.021302 0.513060 -0.161804
v 0.031839 0.513060 -0.160064
v 0.042239 0.513060 -0.157639
v 0.052459 0.513060 -0.154539
v 0.062454 0.513060 -0.150777
v 0.072182 0.513060 -0.146370
v 0.081600 0.513060 -0.141335
v 0.090669 0.513060 -0.135696
v 0.099350 0.513060 -0.129475
v 0.107605 0.513060 -0.122700
v 0.115400 0.513060 -0.115400
v 0.122700 0.513060 -0.107605
v 0.129475 0.513060 -0.099350
v 0.135696 0.513060 -0.090669
v 0.141335 0.513060 -0.081600
v 0.146370 0.513060 -0.072182
v 0.150777 0.513060 -0.062454
v 0.154539 0.513060 -0.052459
v 0.157639 0.513060 -0.042239
v 0.160064 0.513060 -0.031839
v 0.161804 0.513060 -0.021302
v 0.162851 0.513060 -0.010674
v 0.166800 0.525120 0.000000
v 0.166443 0.525120 0.010909
v 0.165373 0.525120 0.021772
v 0.163595 0.525120 0.032541
v 0.161116 0.525120 0.043171
v 0.157948 0.525120 0.053616
v 0.154103 0.525120 0.063832
v 0.149598 0.525120 0.073774
v 0.144453 0.525120 0.083400
v 0.138689 0.525120 0.092669
v 0.132331 0.525120 0.101541
v 0.125407 0.525120 0.109979
v 0.117945 0.525120 0.117945
v 0.109979 0.525120 0.125407
v 0.101541 0.525120 0.132331
v 0.092669 0.525120 0.138689
v 0.083400 0.525120 0.144453
v 0.073774 0.525120 0.149598
v 0.063832 0.525120 0.154103
v 0.053616 0.525120 0.157948
v 0.043171 0.525120 0.161116
v 0.032541 0.525120 0.163595
v 0.021772 0.525120 0.165373
v 0.010909 0.525120 0.166443
v 0.000000 0.525120 0.166800
v -0.010909 0.525120 0.166443
v -0.021772 0.525120 0.165373
v -0.032541 0.525120 0.163595
v -0.043171 0.525120 0.161116
v -0.053616 0.525120 0.157948
v -0.063832 0.525120 0.154103
v -0.073774 0.525120 0.149598
v -0.083400 0.525120 0.144453
v -0.092669 0.525120 0.138689
v -0.101541 0.525120 0.132331
v -0.109979 0.525120 0.125407
v -0.117945 0.525120 0.117945
v -0.125407 0.525120 0.109979
v -0.132331 0.525120 0.101541
v -0.138689 0.525120 0.092669
v -0.144453 0.525120 0.083400
v -0.149598 0.525120 0.073774
v -0.154103 0.525120 0.063832
v -0.157948 0.525120 0.053616
v -0.161116 0.525120 0.043171
v -0.163595 0.525120 0.032541
v -0.165373 0.525120 0.021772
v -0.166443 0.525120 0.010909
v -0.166800 0.525120 0.000000
v -0.166443 0.525120 -0.010909
v -0.165373 0.525120 -0.021772
v -0.163595 0.525120 -0.032541
v -0.161116 0.525120 -0.043171
v -0.157948 0.525120 -0.053616
v -0.154103 0.525120 -0.063832
v -0.149598 0.525120 -0.073774
v -0.144453 0.525120 -0.083400
v -0.138689 0.525120 -0.092669
v -0.132331 0.525120 -0.101541
v -0.125407 0.525120 -0.109979
v -0.117945 0.525120 -0.117945
v -0.109979 0.525120 -0.125407
v -0.101541 0.525120 -0.132331
v -0.092669 0.525120 -0.138689
v -0.083400 0.525120 -0.144453
v -0.073774 0.525120 -0.149598
v -0.063832 0.525120 -0.154103
v -0.053616 0.525120 -0.157948
v -0.043171 0.525120 -0.161116
v -0.032541 0.525120 -0.163595
v -0.021772 0.525120 -0.165373
v -0.010909 0.525120 -0.166443
v -0.000000 0.525120 -0.166800
v 0.010909 0.525120 -0.166443
v 0.021772 0.525120 -0.165373
v 0.032541 0.525120 -0.163595
v 0.043171 0.525120 -0.161116
v 0.053616 0.525120 -0.157948
v 0.063832 0.525120 -0.154103
v 0.073774 0.525120 -0.149598
v 0.083400 0.525120 -0.144453
v 0.092669 0.525120 -0.138689
v 0.101541 0.525120 -0.132331
v 0.109979 0.525120 -0.125407
v 0.117945 0.525120 -0.117945
v 0.125407 0.525120 -0.109979
v 0.132331 0.525120 -0.101541
v 0.138689 0.525120 -0.092669
v 0.144453 0.525120 -0.083400
v 0.149598 0.525120 -0.073774
v 0.154103 0.525120 -0.063832
v 0.157948 0.525120 -0.053616
v 0.161116 0.525120 -0.043171
v 0.163595 0.525120 -0.032541
v 0.165373 0.525120 -0.021772
v 0.166443 0.525120 -0.010909
v 0.170000 0.537500 0.000000
v 0.169636 0.537500 0.011119
v 0.168546 0.537500 0.022189
v 0.166733 0.537500 0.033165
v 0.164207 0.537500 0.043999
v 0.160978 0.537500 0.054645
v 0.157060 0.537500 0.065056
v 0.152468 0.537500 0.075189
v 0.147224 0.537500 0.085000
v 0.141350 0.537500 0.094447
v 0.134870 0.537500 0.103489
v 0.127813 0.537500 0.112089
v 0.120208 0.537500 0.120208
v 0.112089 0.537500 0.127813
v 0.103489 0.537500 0.134870
v 0.094447 0.537500 0.141350
v 0.085000 0.537500 0.147224
v 0.075189 0.537500 0.152468
v 0.065056 0.537500 0.157060
v 0.054645 0.537500 0.160978
v 0.043999 0.537500 0.164207
v 0.033165 0.537500 0.166733
v 0.022189 0.537500 0.168546
v 0.011119 0.537500 0.169636
v 0.000000 0.537500 0.170000
v -0.011119 0.537500 0.169636
v -0.022189 0.537500 0.168546
v -0.033165 0.537500 0.166733
v -0.043999 0.537500 0.164207
v -0.054645 0.537500 0.160978
v -0.065056 0.537500 0.157060
v -0.075189 0.537500 0.152468
v -0.085000 0.537500 0.147224
v -0.094447 0.537500 0.141350
v -0.103489 0.537500 0.134870
v -0.112089 0.537500 0.127813
v -0.120208 0.537500 0.120208
v -0.127813 0.537500 0.112089
v -0.134870 0.537500 0.103489
v -0.141350 0.537500 0.094447
v -0.147224 0.537500 0.085000
v -0.152468 0.537500 0.075189
v -0.157060 0.537500 0.065056
v -0.160978 0.537500 0.054645
v -0.164207 0.537500 0.043999
v -0.166733 0.537500 0.033165
v -0.168546 0.537500 0.022189
v -0.169636 0.537500 0.011119
v -0.170000 0.537500 0.000000
v -0.169636 0.537500 -0.011119
v -0.168546 0.537500 -0.022189
v -0.166733 0.537500 -0.033165
v -0.164207 0.537500 -0.043999
v -0.160978 0.537500 -0.054645
v -0.157060 0.537500 -0.065056
v -0.152468 0.537500 -0.075189
v -0.147224 0.537500 -0.085000
v -0.141350 0.537500 -0.094447
v -0.134870 0.537500 -0.103489
v -0.127813 0.537500 -0.112089
v -0.120208 0.537500 -0.120208
v -0.112089 0.537500 -0.127813
v -0.103489 0.537500 -0.134870
v -0.094447 0.537500 -0.141350
v -0.085000 0.537500 -0.147224
v -0.075189 0.537500 -0.152468
v -0.065056 0.537500 -0.157060
v -0.054645 0.537500 -0.160978
v -0.043999 0.537500 -0.164207
v -0.033165 0.537500 -0.166733
v -0.022189 0.537500 -0.168546
v -0.011119 0.537500 -0.169636
v -0.000000 0.537500 -0.170000
v 0.011119 0.537500 -0.169636
v 0.022189 0.537500 -0.168546
v 0.033165 0.537500 -0.166733
v 0.043999 0.537500 -0.164207
v 0.054645 0.537500 -0.160978
v 0.065056 0.537500 -0.157060
v 0.075189 0.537500 -0.152468
v 0.085000 0.537500 -0.147224
v 0.094447 0.537500 -0.141350
v 0.103489 0.537500 -0.134870
v 0.112089 0.537500 -0.127813
v 0.120208 0.537500 -0.120208
v 0.127813 0.537500 -0.112089
v 0.134870 0.537500 -0.103489
v 0.141350 0.537500 -0.094447
v 0.147224 0.537500 -0.085000
v 0.152468 0.537500 -0.075189
v 0.157060 0.537500 -0.065056
v 0.160978 0.537500 -0.054645
v 0.164207 0.537500 -0.043999
v 0.166733 0.537500 -0.033165
v 0.168546 0.537500 -0.022189
v 0.169636 0.537500 -0.011119
v 0.172800 0.550080 0.000000
v 0.172430 0.550080 0.011302
v 0.171322 0.550080 0.022555
v 0.169480 0.550080 0.033712
v 0.166912 0.550080 0.044724
v 0.163630 0.550080 0.055545
v 0.159646 0.550080 0.066128
v 0.154980 0.550080 0.076427
v 0.149649 0.550080 0.086400
v 0.143678 0.550080 0.096003
v 0.137091 0.550080 0.105194
v 0.129918 0.550080 0.113935
v 0.122188 0.550080 0.122188
v 0.113935 0.550080 0.129918
v 0.105194 0.550080 0.137091
v 0.096003 0.550080 0.143678
v 0.086400 0.550080 0.149649
v 0.076427 0.550080 0.154980
v 0.066128 0.550080 0.159646
v 0.055545 0.550080 0.163630
v 0.044724 0.550080 0.166912
v 0.033712 0.550080 0.169480
v 0.022555 0.550080 0.171322
v 0.011302 0.550080 0.172430
v 0.000000 0.550080 0.172800
v -0.011302 0.550080 0.172430
v -0.022555 0.550080 0.171322
v -0.033712 0.550080 0.169480
v -0.044724 0.550080 0.166912
v -0.055545 0.550080 0.163630
v -0.066128 0.550080 0.159646
v -0.076427 0.550080 0.154980
v -0.086400 0.550080 0.149649
v -0.096003 0.550080 0.143678
v -0.105194 0.550080 0.137091
v -0.113935 0.550080 0.129918
v -0.122188 0.550080 0.122188
v -0.129918 0.550080 0.113935
v -0.137091 0.550080 0.105194
v -0.143678 0.550080 0.096003
v -0.149649 0.550080 0.086400
v -0.154980 0.550080 0.076427
v -0.159646 0.550080 0.066128
v -0.163630 0.550080 0.055545
v -0.166912 0.550080 0.044724
v -0.169480 0.550080 0.033712
v -0.171322 0.550080 0.022555
v -0.172430 0.550080 0.011302
v -0.172800 0.550080 0.000000
v -0.172430 0.550080 -0.011302
v -0.171322 0.550080 -0.022555
v -0.169480 0.550080 -0.033712
v -0.166912 0.550080 -0.044724
v -0.163630 0.550080 -0.055545
v -0.159646 0.550080 -0.066128
v -0.154980 0.550080 -0.076427
v -0.149649 0.550080 -0.086400
v -0.143678 0.550080 -0.096003
v -0.137091 0.550080 -0.105194
v -0.129918 0.550080 -0.113935
v -0.122188 0.550080 -0.122188
v -0.113935 0.550080 -0.129918
v -0.105194 0.550080 -0.137091
v -0.096003 0.550080 -0.143678
v -0.086400 0.550080 -0.149649
v -0.076427 0.550080 -0.154980
v -0.066128 0.550080 -0.159646
v -0.055545 0.550080 -0.163630
v -0.044724 0.550080 -0.166912
v -0.033712 0.550080 -0.169480
v -0.022555 0.550080 -0.171322
v -0.011302 0.550080 -0.172430
v -0.000000 0.550080 -0.172800
v 0.011302 0.550080 -0.172430
v 0.022555 0.550080 -0.171322
v 0.033712 0.550080 -0.169480
v 0.044724 0.550080 -0.166912
v 0.055545 0.550080 -0.163630
v 0.066128 0.550080 -0.159646
v 0.076427 0.550080 -0.154980
v 0.086400 0.550080 -0.149649
v 0.096003 0.550080 -0.143678
v 0.105194 0.550080 -0.137091
v 0.113935 0.550080 -0.129918
v 0.122188 0.550080 -0.122188
v 0.129918 0.550080 -0.113935
v 0.137091 0.550080 -0.105194
v 0.143678 0.550080 -0.096003
v 0.149649 0.550080 -0.086400
v 0.154980 0.550080 -0.076427
v 0.159646 0.550080 -0.066128
v 0.163630 0.550080 -0.055545
v 0.166912 0.550080 -0.044724
v 0.169480 0.550080 -0.033712
v 0.171322 0.550080 -0.022555
v 0.172430 0.550080 -0.011302
v 0.175200 0.562740 0.000000
v 0.174825 0.562740 0.011459
v 0.173701 0.562740 0.022868
v 0.171834 0.562740 0.034180
v 0.169230 0.562740 0.045345
v 0.165902 0.562740 0.056316
v 0.161864 0.562740 0.067046
v 0.157132 0.562740 0.077489
v 0.151728 0.562740 0.087600
v 0.145673 0.562740 0.097336
v 0.138996 0.562740 0.106655
v 0.131722 0.562740 0.115517
v 0.123885 0.562740 0.123885
v 0.115517 0.562740 0.131722
v 0.106655 0.562740 0.138996
v 0.097336 0.562740 0.145673
v 0.087600 0.562740 0.151728
v 0.077489 0.562740 0.157132
v 0.067046 0.562740 0.161864
v 0.056316 0.562740 0.165902
v 0.045345 0.562740 0.169230
v 0.034180 0.562740 0.171834
v 0.022868 0.562740 0.173701
v 0.011459 0.562740 0.174825
v 0.000000 0.562740 0.175200
v -0.011459 0.562740 0.174825
v -0.022868 0.562740 0.173701
v -0.034180 0.562740 0.171834
v -0.045345 0.562740 0.169230
v -0.056316 0.562740 0.165902
v -0.067046 0.562740 0.161864
v -0.077489 0.562740 0.157132
v -0.087600 0.562740 0.151728
v -0.097336 0.562740 0.145673
v -0.106655 0.562740 0.138996
v -0.115517 0.562740 0.131722
v -0.123885 0.562740 0.123885
v -0.131722 0.562740 0.115517
v -0.138996 0.562740 0.106655
v -0.145673 0.562740 0.097336
v -0.151728 0.562740 0.087600
v -0.157132 0.562740 0.077489
v -0.161864 0.562740 0.067046
v -0.165902 0.562740 0.056316
v -0.169230 0.562740 0.045345
v -0.171834 0.562740 0.034180
v -0.173701 0.562740 0.022868
v -0.174825 0.562740 0.011459
v -0.175200 0.562740 0.000000
v -0.174825 0.562740 -0.011459
v -0.173701 0.562740 -0.022868
v -0.171834 0.562740 -0.034180
v -0.169230 0.562740 -0.045345
v -0.165902 0.562740 -0.056316
v -0.161864 0.562740 -0.067046
v -0.157132 0.562740 -0.077489
v -0.151728 0.562740 -0.087600
v -0.145673 0.562740 -0.097336
v -0.138996 0.562740 -0.106655
v -0.131722 0.562740 -0.115517
v -0.123885 0.562740 -0.123885
v -0.115517 0.562740 -0.131722
v -0.106655 0.562740 -0.138996
v -0.097336 0.562740 -0.145673
v -0.087600 0.562740 -0.151728
v -0.077489 0.562740 -0.157132
v -0.067046 0.562740 -0.161864
v -0.056316 0.562740 -0.165902
v -0.045345 0.562740 -0.169230
v -0.034180 0.562740 -0.171834
v -0.022868 0.562740 -0.173701
v -0.011459 0.562740 -0.174825
v -0.000000 0.562740 -0.175200
v 0.011459 0.562740 -0.174825
v 0.022868 0.562740 -0.173701
v 0.034180 0.562740 -0.171834
v 0.045345 0.562740 -0.169230
v 0.056316 0.562740 -0.165902
v 0.067046 0.562740 -0.161864
v 0.077489 0.562740 -0.157132
v 0.087600 0.562740 -0.151728
v 0.097336 0.562740 -0.145673
v 0.106655 0.562740 -0.138996
v 0.115517 0.562740 -0.131722
v 0.123885 0.562740 -0.123885
v 0.131722 0.562740 -0.115517
v 0.138996 0.562740 -0.106655
v 0.145673 0.562740 -0.097336
v 0.151728 0.562740 -0.087600
v 0.157132 0.562740 -0.077489
v 0.161864 0.562740 -0.067046
v 0.165902 0.562740 -0.056316
v 0.169230 0.562740 -0.045345
v 0.171834 0.562740 -0.034180
v 0.173701 0.562740 -0.022868
v 0.174825 0.562740 -0.011459
v 0.177200 0.575360 0.000000
v 0.176821 0.575360 0.011589
v 0.175684 0.575360 0.023129
v 0.173795 0.575360 0.034570
v 0.171162 0.575360 0.045863
v 0.167796 0.575360 0.056959
v 0.163711 0.575360 0.067812
v 0.158926 0.575360 0.078374
v 0.153460 0.575360 0.088600
v 0.147336 0.575360 0.098447
v 0.140582 0.575360 0.107873
v 0.133226 0.575360 0.116836
v 0.125299 0.575360 0.125299
v 0.116836 0.575360 0.133226
v 0.107873 0.575360 0.140582
v 0.098447 0.575360 0.147336
v 0.088600 0.575360 0.153460
v 0.078374 0.575360 0.158926
v 0.067812 0.575360 0.163711
v 0.056959 0.575360 0.167796
v 0.045863 0.575360 0.171162
v 0.034570 0.575360 0.173795
v 0.023129 0.575360 0.175684
v 0.011589 0.575360 0.176821
v 0.000000 0.575360 0.177200
v -0.011589 0.575360 0.176821
v -0.023129 0.575360 0.175684
v -0.034570 0.575360 0.173795
v -0.045863 0.575360 0.171162
v -0.056959 0.575360 0.167796
v -0.067812 0.575360 0.163711
v -0.078374 0.575360 0.158926
v -0.088600 0.575360 0.153460
v -0.098447 0.575360 0.147336
v -0.107873 0.575360 0.140582
v -0.116836 0.575360 0.133226
v -0.125299 0.575360 0.125299
v -0.133226 0.575360 0.116836
v -0.140582 0.575360 0.107873
v -0.147336 0.575360 0.098447
v -0.153460 0.575360 0.088600
v -0.158926 0.575360 0.078374
v -0.163711 0.575360 0.067812
v -0.167796 0.575360 0.056959
v -0.171162 0.575360 0.045863
v -0.173795 0.575360 0.034570
v -0.175684 0.575360 0.023129
v -0.176821 0.575360 0.011589
v -0.177200 0.575360 0.000000
v -0.176821 0.575360 -0.011589
v -0.175684 0.575360 -0.023129
v -0.173795 0.575360 -0.034570
v -0.171162 0.575360 -0.045863
v -0.167796 0.575360 -0.056959
v -0.163711 0.575360 -0.067812
v -0.158926 0.575360 -0.078374
v -0.153460 0.575360 -0.088600
v -0.147336 0.575360 -0.098447
v -0.140582 0.575360 -0.107873
v -0.133226 0.575360 -0.116836
v -0.125299 0.575360 -0.125299
v -0.116836 0.575360 -0.133226
v -0.107873 0.575360 -0.140582
v -0.098447 0.575360 -0.147336
v -0.088600 0.575360 -0.153460
v -0.078374 0.575360 -0.158926
v -0.067812 0.575360 -0.163711
v -0.056959 0.575360 -0.167796
v -0.045863 0.575360 -0.171162
v -0.034570 0.575360 -0.173795
v -0.023129 0.575360 -0.175684
v -0.011589 0.575360 -0.176821
v -0.000000 0.575360 -0.177200
v 0.011589 0.575360 -0.176821
v 0.023129 0.575360 -0.175684
v 0.034570 0.575360 -0.173795
v 0.045863 0.575360 -0.171162
v 0.056959 0.575360 -0.167796
v 0.067812 0.575360 -0.163711
v 0.078374 0.575360 -0.158926
v 0.088600 0.575360 -0.153460
v 0.098447 0.575360 -0.147336
v 0.107873 0.575360 -0.140582
v 0.116836 0.575360 -0.133226
v 0.125299 0.575360 -0.125299
v 0.133226 0.575360 -0.116836
v 0.140582 0.575360 -0.107873
v 0.147336 0.575360 -0.098447
v 0.153460 0.575360 -0.088600
v 0.158926 0.575360 -0.078374
v 0.163711 0.575360 -0.067812
v 0.167796 0.575360 -0.056959
v 0.171162 0.575360 -0.045863
v 0.173795 0.575360 -0.034570
v 0.175684 0.575360 -0.023129
v 0.176821 0.575360 -0.011589
v 0.178800 0.587820 0.000000
v 0.178417 0.587820 0.011694
v 0.177270 0.587820 0.023338
v 0.175364 0.587820 0.034882
v 0.172708 0.587820 0.046277
v 0.169311 0.587820 0.057473
v 0.165190 0.587820 0.068424
v 0.160361 0.587820 0.079081
v 0.154845 0.587820 0.089400
v 0.148667 0.587820 0.099336
v 0.141852 0.587820 0.108847
v 0.134429 0.587820 0.117891
v 0.126431 0.587820 0.126431
v 0.117891 0.587820 0.134429
v 0.108847 0.587820 0.141852
v 0.099336 0.587820 0.148667
v 0.089400 0.587820 0.154845
v 0.079081 0.587820 0.160361
v 0.068424 0.587820 0.165190
v 0.057473 0.587820 0.169311
v 0.046277 0.587820 0.172708
v 0.034882 0.587820 0.175364
v 0.023338 0.587820 0.177270
v 0.011694 0.587820 0.178417
v 0.000000 0.587820 0.178800
v -0.011694 0.587820 0.178417
v -0.023338 0.587820 0.177270
v -0.034882 0.587820 0.175364
v -0.046277 0.587820 0.172708
v -0.057473 0.587820 0.169311
v -0.068424 0.587820 0.165190
v -0.079081 0.587820 0.160361
v -0.089400 0.587820 0.154845
v -0.099336 0.587820 0.148667
v -0.108847 0.587820 0.141852
v -0.117891 0.587820 0.134429
v -0.126431 0.587820 0.126431
v -0.134429 0.587820 0.117891
v -0.141852 0.587820 0.108847
v -0.148667 0.587820 0.099336
v -0.154845 0.587820 0.089400
v -0.160361 0.587820 0.079081
v -0.165190 0.587820 0.068424
v -0.169311 0.587820 0.057473
v -0.172708 0.587820 0.046277
v -0.175364 0.587820 0.034882
v -0.177270 0.587820 0.023338
v -0.178417 0.587820 0.011694
v -0.178800 0.587820 0.000000
v -0.178417 0.587820 -0.011694
v -0.177270 0.587820 -0.023338
v -0.175364 0.587820 -0.034882
v -0.172708 0.587820 -0.046277
v -0.169311 0.587820 -0.057473
v -0.165190 0.587820 -0.068424
v -0.160361 0.587820 -0.079081
v -0.154845 0.587820 -0.089400
v -0.148667 0.587820 -0.099336
v -0.141852 0.587820 -0.108847
v -0.134429 0.587820 -0.117891
v -0.126431 0.587820 -0.126431
v -0.117891 0.587820 -0.134429
v -0.108847 0.587820 -0.141852
v -0.099336 0.587820 -0.148667
v -0.089400 0.587820 -0.154845
v -0.079081 0.587820 -0.160361
v -0.068424 0.587820 -0.165190
v -0.057473 0.587820 -0.169311
v -0.046277 0.587820 -0.172708
v -0.034882 0.587820 -0.175364
v -0.023338 0.587820 -0.177270
v -0.011694 0.587820 -0.178417
v -0.000000 0.587820 -0.178800
v 0.011694 0.587820 -0.178417
v 0.023338 0.587820 -0.177270
v 0.034882 0.587820 -0.175364
v 0.046277 0.587820 -0.172708
v 0.057473 0.587820 -0.169311
v 0.068424 0.587820 -0.165190
v 0.079081 0.587820 -0.160361
v 0.089400 0.587820 -0.154845
v 0.099336 0.587820 -0.148667
v 0.108847 0.587820 -0.141852
v 0.117891 0.587820 -0.134429
v 0.126431 0.587820 -0.126431
v 0.134429 0.587820 -0.117891
v 0.141852 0.587820 -0.108847
v 0.148667 0.587820 -0.099336
v 0.154845 0.587820 -0.089400
v 0.160361 0.587820 -0.079081
v 0.165190 0.587820 -0.068424
v 0.169311 0.587820 -0.057473
v 0.172708 0.587820 -0.046277
v 0.175364 0.587820 -0.034882
v 0.177270 0.587820 -0.023338
v 0.178417 0.587820 -0.011694
v 0.180000 0.600000 0.000000
v 0.179615 0.600000 0.011773
v 0.178460 0.600000 0.023495
v 0.176541 0.600000 0.035116
v 0.173867 0.600000 0.046587
v 0.170447 0.600000 0.057859
v 0.166298 0.600000 0.068883
v 0.161437 0.600000 0.079612
v 0.155885 0.600000 0.090000
v 0.149665 0.600000 0.100003
v 0.142804 0.600000 0.109577
v 0.135331 0.600000 0.118682
v 0.127279 0.600000 0.127279
v 0.118682 0.600000 0.135331
v 0.109577 0.600000 0.142804
v 0.100003 0.600000 0.149665
v 0.090000 0.600000 0.155885
v 0.079612 0.600000 0.161437
v 0.068883 0.600000 0.166298
v 0.057859 0.600000 0.170447
v 0.046587 0.600000 0.173867
v 0.035116 0.600000 0.176541
v 0.023495 0.600000 0.178460
v 0.011773 0.600000 0.179615
v 0.000000 0.600000 0.180000
v -0.011773 0.600000 0.179615
v -0.023495 0.600000 0.178460
v -0.035116 0.600000 0.176541
v -0.046587 0.600000 0.173867
v -0.057859 0.600000 0.170447
v -0.068883 0.600000 0.166298
v -0.079612 0.600000 0.161437
v -0.090000 0.600000 0.155885
v -0.100003 0.600000 0.149665
v -0.109577 0.600000 0.142804
v -0.118682 0.600000 0.135331
v -0.127279 0.600000 0.127279
v -0.135331 0.600000 0.118682
v -0.142804 0.600000 0.109577
v -0.149665 0.600000 0.100003
v -0.155885 0.600000 0.090000
v -0.161437 0.600000 0.079612
v -0.166298 0.600000 0.068883
v -0.170447 0.600000 0.057859
v -0.173867 0.600000 0.046587
v -0.176541 0.600000 0.035116
v -0.178460 0.600000 0.023495
v -0.179615 0.600000 0.011773
v -0.180000 0.600000 0.000000
v -0.179615 0.600000 -0.011773
v -0.178460 0.600000 -0.023495
v -0.176541 0.600000 -0.035116
v -0.173867 0.600000 -0.046587
v -0.170447 0.600000 -0.057859
v -0.166298 0.600000 -0.068883
v -0.161437 0.600000 -0.079612
v -0.155885 0.600000 -0.090000
v -0.149665 0.600000 -0.100003
v -0.142804 0.600000 -0.109577
v -0.135331 0.600000 -0.118682
v -0.127279 0.600000 -0.127279
v -0.118682 0.600000 -0.135331
v -0.109577 0.600000 -0.142804
v -0.100003 0.600000 -0.149665
v -0.090000 0.600000 -0.155885
v -0.079612 0.600000 -0.161437
v -0.068883 0.600000 -0.166298
v -0.057859 0.600000 -0.170447
v -0.046587 0.600000 -0.173867
v -0.035116 0.600000 -0.176541
v -0.023495 0.600000 -0.178460
v -0.011773 0.600000 -0.179615
v -0.000000 0.600000 -0.180000
v 0.011773 0.600000 -0.179615
v 0.023495 0.600000 -0.178460
v 0.035116 0.600000 -0.176541
v 0.046587 0.600000 -0.173867
v 0.057859 0.600000 -0.170447
v 0.068883 0.600000 -0.166298
v 0.079612 0.600000 -0.161437
v 0.090000 0.600000 -0.155885
v 0.100003 0.600000 -0.149665
v 0.109577 0.600000 -0.142804
v 0.118682 0.600000 -0.135331
v 0.127279 0.600000 -0.127279
v 0.135331 0.600000 -0.118682
v 0.142804 0.600000 -0.109577
v 0.149665 0.600000 -0.100003
v 0.155885 0.600000 -0.090000
v 0.161437 0.600000 -0.079612
v 0.166298 0.600000 -0.068883
v 0.170447 0.600000 -0.057859
v 0.173867 0.600000 -0.046587
v 0.176541 0.600000 -0.035116
v 0.178460 0.600000 -0.023495
v 0.179615 0.600000 -0.011773
v 0.180643 0.612180 0.000000
v 0.180256 0.612180 0.011815
v 0.179097 0.612180 0.023579
v 0.177172 0.612180 0.035242
v 0.174487 0.612180 0.046754
v 0.171056 0.612180 0.058066
v 0.166892 0.612180 0.069129
v 0.162013 0.612180 0.079896
v 0.156441 0.612180 0.090321
v 0.150199 0.612180 0.100360
v 0.143313 0.612180 0.109968
v 0.135814 0.612180 0.119106
v 0.127734 0.612180 0.127734
v 0.119106 0.612180 0.135814
v 0.109968 0.612180 0.143313
v 0.100360 0.612180 0.150199
v 0.090321 0.612180 0.156441
v 0.079896 0.612180 0.162013
v 0.069129 0.612180 0.166892
v 0.058066 0.612180 0.171056
v 0.046754 0.612180 0.174487
v 0.035242 0.612180 0.177172
v 0.023579 0.612180 0.179097
v 0.011815 0.612180 0.180256
v 0.000000 0.612180 0.180643
v -0.011815 0.612180 0.180256
v -0.023579 0.612180 0.179097
v -0.035242 0.612180 0.177172
v -0.046754 0.612180 0.174487
v -0.058066 0.612180 0.171056
v -0.069129 0.612180 0.166892
v -0.079896 0.612180 0.162013
v -0.090321 0.612180 0.156441
v -0.100360 0.612180 0.150199
v -0.109968 0.612180 0.143313
v -0.119106 0.612180 0.135814
v -0.127734 0.612180 0.127734
v -0.135814 0.612180 0.119106
v -0.143313 0.612180 0.109968
v -0.150199 0.612180 0.100360
v -0.156441 0.612180 0.090321
v -0.162013 0.612180 0.079896
v -0.166892 0.612180 0.069129
v -0.171056 0.612180 0.058066
v -0.174487 0.612180 0.046754
v -0.177172 0.612180 0.035242
v -0.179097 0.612180 0.023579
v -0.180256 0.612180 0.011815
v -0.180643 0.612180 0.000000
v -0.180256 0.612180 -0.011815
v -0.179097 0.612180 -0.023579
v -0.177172 0.612180 -0.035242
v -0.174487 0.612180 -0.046754
v -0.171056 0.612180 -0.058066
v -0.166892 0.612180 -0.069129
v -0.162013 0.612180 -0.079896
v -0.156441 0.612180 -0.090321
v -0.150199 0.612180 -0.100360
v -0.143313 0.612180 -0.109968
v -0.135814 0.612180 -0.119106
v -0.127734 0.612180 -0.127734
v -0.119106 0.612180 -0.135814
v -0.109968 0.612180 -0.143313
v -0.100360 0.612180 -0.150199
v -0.090321 0.612180 -0.156441
v -0.079896 0.612180 -0.162013
v -0.069129 0.612180 -0.166892
v -0.058066 0.612180 -0.171056
v -0.046754 0.612180 -0.174487
v -0.035242 0.612180 -0.177172
v -0.023579 0.612180 -0.179097
v -0.011815 0.612180 -0.180256
v -0.000000 0.612180 -0.180643
v 0.011815 0.612180 -0.180256
v 0.023579 0.612180 -0.179097
v 0.035242 0.612180 -0.177172
v 0.046754 0.612180 -0.174487
v 0.058066 0.612180 -0.171056
v 0.069129 0.612180 -0.166892
v 0.079896 0.612180 -0.162013
v 0.090321 0.612180 -0.156441
v 0.100360 0.612180 -0.150199
v 0.109968 0.612180 -0.143313
v 0.119106 0.612180 -0.135814
v 0.127734 0.612180 -0.127734
v 0.135814 0.612180 -0.119106
v 0.143313 0.612180 -0.109968
v 0.150199 0.612180 -0.100360
v 0.156441 0.612180 -0.090321
v 0.162013 0.612180 -0.079896
v 0.166892 0.612180 -0.069129
v 0.171056 0.612180 -0.058066
v 0.174487 0.612180 -0.046754
v 0.177172 0.612180 -0.035242
v 0.179097 0.612180 -0.023579
v 0.180256 0.612180 -0.011815
v 0.180640 0.624640 0.000000
v 0.180253 0.624640 0.011814
v 0.179095 0.624640 0.023578
v 0.177169 0.624640 0.035241
v 0.174485 0.624640 0.046753
v 0.171053 0.624640 0.058065
v 0.166890 0.624640 0.069128
v 0.162011 0.624640 0.079895
v 0.156439 0.624640 0.090320
v 0.150197 0.624640 0.100358
v 0.143311 0.624640 0.109967
v 0.135812 0.624640 0.119104
v 0.127732 0.624640 0.127732
v 0.119104 0.624640 0.135812
v 0.109967 0.624640 0.143311
v 0.100358 0.624640 0.150197
v 0.090320 0.624640 0.156439
v 0.079895 0.624640 0.162011
v 0.069128 0.624640 0.166890
v 0.058065 0.624640 0.171053
v 0.046753 0.624640 0.174485
v 0.035241 0.624640 0.177169
v 0.023578 0.624640 0.179095
v 0.011814 0.624640 0.180253
v 0.000000 0.624640 0.180640
v -0.011814 0.624640 0.180253
v -0.023578 0.624640 0.179095
v -0.035241 0.624640 0.177169
v -0.046753 0.624640 0.174485
v -0.058065 0.624640 0.171053
v -0.069128 0.624640 0.166890
v -0.079895 0.624640 0.162011
v -0.090320 0.624640 0.156439
v -0.100358 0.624640 0.150197
v -0.109967 0.624640 0.143311
v -0.119104 0.624640 0.135812
v -0.127732 0.624640 0.127732
v -0.135812 0.624640 0.119104
v -0.143311 0.624640 0.109967
v -0.150197 0.624640 0.100358
v -0.156439 0.624640 0.090320
v -0.162011 0.624640 0.079895
v -0.166890 0.624640 0.069128
v -0.171053 0.624640 0.058065
v -0.174485 0.624640 0.046753
v -0.177169 0.624640 0.035241
v -0.179095 0.624640 0.023578
v -0.180253 0.624640 0.011814
v -0.180640 0.624640 0.000000
v -0.180253 0.624640 -0.011814
v -0.179095 0.624640 -0.023578
v -0.177169 0.624640 -0.035241
v -0.174485 0.624640 -0.046753
v -0.171053 0.624640 -0.058065
v -0.166890 0.624640 -0.069128
v -0.162011 0.624640 -0.079895
v -0.156439 0.624640 -0.090320
v -0.150197 0.624640 -0.100358
v -0.143311 0.624640 -0.109967
v -0.135812 0.624640 -0.119104
v -0.127732 0.624640 -0.127732
v -0.119104 0.624640 -0.135812
v -0.109967 0.624640 -0.143311
v -0.100358 0.624640 -0.150197
v -0.090320 0.624640 -0.156439
v -0.079895 0.624640 -0.162011
v -0.069128 0.624640 -0.166890
v -0.058065 0.624640 -0.171053
v -0.046753 0.624640 -0.174485
v -0.035241 0.624640 -0.177169
v -0.023578 0.624640 -0.179095
v -0.011814 0.624640 -0.180253
v -0.000000 0.624640 -0.180640
v 0.011814 0.624640 -0.180253
v 0.023578 0.624640 -0.179095
v 0.035241 0.624640 -0.177169
v 0.046753 0.624640 -0.174485
v 0.058065 0.624640 -0.171053
v 0.069128 0.624640 -0.166890
v 0.079895 0.624640 -0.162011
v 0.090320 0.624640 -0.156439
v 0.100358 0.624640 -0.150197
v 0.109967 0.624640 -0.143311
v 0.119104 0.624640 -0.135812
v 0.127732 0.624640 -0.127732
v 0.135812 0.624640 -0.119104
v 0.143311 0.624640 -0.109967
v 0.150197 0.624640 -0.100358
v 0.156439 0.624640 -0.090320
v 0.162011 0.624640 -0.079895
v 0.166890 0.624640 -0.069128
v 0.171053 0.624640 -0.058065
v 0.174485 0.624640 -0.046753
v 0.177169 0.624640 -0.035241
v 0.179095 0.624640 -0.023578
v 0.180253 0.624640 -0.011814
v 0.180097 0.637260 0.000000
v 0.179712 0.637260 0.011779
v 0.178557 0.637260 0.023507
v 0.176637 0.637260 0.035135
v 0.173961 0.637260 0.046613
v 0.170540 0.637260 0.057890
v 0.166388 0.637260 0.068920
v 0.161525 0.637260 0.079655
v 0.155969 0.637260 0.090049
v 0.149746 0.637260 0.100057
v 0.142881 0.637260 0.109636
v 0.135404 0.637260 0.118747
v 0.127348 0.637260 0.127348
v 0.118747 0.637260 0.135404
v 0.109636 0.637260 0.142881
v 0.100057 0.637260 0.149746
v 0.090049 0.637260 0.155969
v 0.079655 0.637260 0.161525
v 0.068920 0.637260 0.166388
v 0.057890 0.637260 0.170540
v 0.046613 0.637260 0.173961
v 0.035135 0.637260 0.176637
v 0.023507 0.637260 0.178557
v 0.011779 0.637260 0.179712
v 0.000000 0.637260 0.180097
v -0.011779 0.637260 0.179712
v -0.023507 0.637260 0.178557
v -0.035135 0.637260 0.176637
v -0.046613 0.637260 0.173961
v -0.057890 0.637260 0.170540
v -0.068920 0.637260 0.166388
v -0.079655 0.637260 0.161525
v -0.090049 0.637260 0.155969
v -0.100057 0.637260 0.149746
v -0.109636 0.637260 0.142881
v -0.118747 0.637260 0.135404
v -0.127348 0.637260 0.127348
v -0.135404 0.637260 0.118747
v -0.142881 0.637260 0.109636
v -0.149746 0.637260 0.100057
v -0.155969 0.637260 0.090049
v -0.161525 0.637260 0.079655
v -0.166388 0.637260 0.068920
v -0.170540 0.637260 0.057890
v -0.173961 0.637260 0.046613
v -0.176637 0.637260 0.035135
v -0.178557 0.637260 0.023507
v -0.179712 0.637260 0.011779
v -0.180097 0.637260 0.000000
v -0.179712 0.637260 -0.011779
v -0.178557 0.637260 -0.023507
v -0.176637 0.637260 -0.035135
v -0.173961 0.637260 -0.046613
v -0.170540 0.637260 -0.057890
v -0.166388 0.637260 -0.068920
v -0.161525 0.637260 -0.079655
v -0.155969 0.637260 -0.090049
v -0.149746 0.637260 -0.100057
v -0.142881 0.637260 -0.109636
v -0.135404 0.637260 -0.118747
v -0.127348 0.637260 -0.127348
v -0.118747 0.637260 -0.135404
v -0.109636 0.637260 -0.142881
v -0.100057 0.637260 -0.149746
v -0.090049 0.637260 -0.155969
v -0.079655 0.637260 -0.161525
v -0.068920 0.637260 -0.166388
v -0.057890 0.637260 -0.170540
v -0.046613 0.637260 -0.173961
v -0.035135 0.637260 -0.176637
v -0.023507 0.637260 -0.178557
v -0.011779 0.637260 -0.179712
v -0.000000 0.637260 -0.180097
v 0.011779 0.637260 -0.179712
v 0.023507 0.637260 -0.178557
v 0.035135 0.637260 -0.176637
v 0.046613 0.637260 -0.173961
v 0.057890 0.637260 -0.170540
v 0.068920 0.637260 -0.166388
v 0.079655 0.637260 -0.161525
v 0.090049 0.637260 -0.155969
v 0.100057 0.637260 -0.149746
v 0.109636 0.637260 -0.142881
v 0.118747 0.637260 -0.135404
v 0.127348 0.637260 -0.127348
v 0.135404 0.637260 -0.118747
v 0.142881 0.637260 -0.109636
v 0.149746 0.637260 -0.100057
v 0.155969 0.637260 -0.090049
v 0.161525 0.637260 -0.079655
v 0.166388 0.637260 -0.068920
v 0.170540 0.637260 -0.057890
v 0.173961 0.637260 -0.046613
v 0.176637 0.637260 -0.035135
v 0.178557 0.637260 -0.023507
v 0.179712 0.637260 -0.011779
v 0.179120 0.649920 0.000000
v 0.178736 0.649920 0.011715
v 0.177588 0.649920 0.023380
v 0.175678 0.649920 0.034945
v 0.173017 0.649920 0.046360
v 0.169614 0.649920 0.057576
v 0.165485 0.649920 0.068546
v 0.160648 0.649920 0.079223
v 0.155122 0.649920 0.089560
v 0.148933 0.649920 0.099514
v 0.142105 0.649920 0.109041
v 0.134670 0.649920 0.118102
v 0.126657 0.649920 0.126657
v 0.118102 0.649920 0.134670
v 0.109041 0.649920 0.142105
v 0.099514 0.649920 0.148933
v 0.089560 0.649920 0.155122
v 0.079223 0.649920 0.160648
v 0.068546 0.649920 0.165485
v 0.057576 0.649920 0.169614
v 0.046360 0.649920 0.173017
v 0.034945 0.649920 0.175678
v 0.023380 0.649920 0.177588
v 0.011715 0.649920 0.178736
v 0.000000 0.649920 0.179120
v -0.011715 0.649920 0.178736
v -0.023380 0.649920 0.177588
v -0.034945 0.649920 0.175678
v -0.046360 0.649920 0.173017
v -0.057576 0.649920 0.169614
v -0.068546 0.649920 0.165485
v -0.079223 0.649920 0.160648
v -0.089560 0.649920 0.155122
v -0.099514 0.649920 0.148933
v -0.109041 0.649920 0.142105
v -0.118102 0.649920 0.134670
v -0.126657 0.649920 0.126657
v -0.134670 0.649920 0.118102
v -0.142105 0.649920 0.109041
v -0.148933 0.649920 0.099514
v -0.155122 0.649920 0.089560
v -0.160648 0.649920 0.079223
v -0.165485 0.649920 0.068546
v -0.169614 0.649920 0.057576
v -0.173017 0.649920 0.046360
v -0.175678 0.649920 0.034945
v -0.177588 0.649920 0.023380
v -0.178736 0.649920 0.011715
v -0.179120 0.649920 0.000000
v -0.178736 0.649920 -0.011715
v -0.177588 0.649920 -0.023380
v -0.175678 0.649920 -0.034945
v -0.173017 0.649920 -0.046360
v -0.169614 0.649920 -0.057576
v -0.165485 0.649920 -0.068546
v -0.160648 0.649920 -0.079223
v -0.155122 0.649920 -0.089560
v -0.148933 0.649920 -0.099514
v -0.142105 0.649920 -0.109041
v -0.134670 0.649920 -0.118102
v -0.126657 0.649920 -0.126657
v -0.118102 0.649920 -0.134670
v -0.109041 0.649920 -0.142105
v -0.099514 0.649920 -0.148933
v -0.089560 0.649920 -0.155122
v -0.079223 0.649920 -0.160648
v -0.068546 0.649920 -0.165485
v -0.057576 0.649920 -0.169614
v -0.046360 0.649920 -0.173017
v -0.034945 0.649920 -0.175678
v -0.023380 0.649920 -0.177588
v -0.011715 0.649920 -0.178736
v -0.000000 0.649920 -0.179120
v 0.011715 0.649920 -0.178736
v 0.023380 0.649920 -0.177588
v 0.034945 0.649920 -0.175678
v 0.046360 0.649920 -0.173017
v 0.057576 0.649920 -0.169614
v 0.068546 0.649920 -0.165485
v 0.079223 0.649920 -0.160648
v 0.089560 0.649920 -0.155122
v 0.099514 0.649920 -0.148933
v 0.109041 0.649920 -0.142105
v 0.118102 0.649920 -0.134670
v 0.126657 0.649920 -0.126657
v 0.134670 0.649920 -0.118102
v 0.142105 0.649920 -0.109041
v 0.148933 0.649920 -0.099514
v 0.155122 0.649920 -0.089560
v 0.160648 0.649920 -0.079223
v 0.165485 0.649920 -0.068546
v 0.169614 0.649920 -0.057576
v 0.173017 0.649920 -0.046360
v 0.175678 0.649920 -0.034945
v 0.177588 0.649920 -0.023380
v 0.178736 0.649920 -0.011715
v 0.177813 0.662500 0.000000
v 0.177432 0.662500 0.011629
v 0.176291 0.662500 0.023209
v 0.174396 0.662500 0.034689
v 0.171754 0.662500 0.046021
v 0.168376 0.662500 0.057156
v 0.164277 0.662500 0.068046
v 0.159475 0.662500 0.078644
v 0.153990 0.662500 0.088906
v 0.147846 0.662500 0.098787
v 0.141068 0.662500 0.108245
v 0.133687 0.662500 0.117240
v 0.125732 0.662500 0.125732
v 0.117240 0.662500 0.133687
v 0.108245 0.662500 0.141068
v 0.098787 0.662500 0.147846
v 0.088906 0.662500 0.153990
v 0.078644 0.662500 0.159475
v 0.068046 0.662500 0.164277
v 0.057156 0.662500 0.168376
v 0.046021 0.662500 0.171754
v 0.034689 0.662500 0.174396
v 0.023209 0.662500 0.176291
v 0.011629 0.662500 0.177432
v 0.000000 0.662500 0.177813
v -0.011629 0.662500 0.177432
v -0.023209 0.662500 0.176291
v -0.034689 0.662500 0.174396
v -0.046021 0.662500 0.171754
v -0.057156 0.662500 0.168376
v -0.068046 0.662500 0.164277
v -0.078644 0.662500 0.159475
v -0.088906 0.662500 0.153990
v -0.098787 0.662500 0.147846
v -0.108245 0.662500 0.141068
v -0.117240 0.662500 0.133687
v -0.125732 0.662500 0.125732
v -0.133687 0.662500 0.117240
v -0.141068 0.662500 0.108245
v -0.147846 0.662500 0.098787
v -0.153990 0.662500 0.088906
v -0.159475 0.662500 0.078644
v -0.164277 0.662500 0.068046
v -0.168376 0.662500 0.057156
v -0.171754 0.662500 0.046021
v -0.174396 0.662500 0.034689
v -0.176291 0.662500 0.023209
v -0.177432 0.662500 0.011629
v -0.177813 0.662500 0.000000
v -0.177432 0.662500 -0.011629
v -0.176291 0.662500 -0.023209
v -0.174396 0.662500 -0.034689
v -0.171754 0.662500 -0.046021
v -0.168376 0.662500 -0.057156
v -0.164277 0.662500 -0.068046
v -0.159475 0.662500 -0.078644
v -0.153990 0.662500 -0.088906
v -0.147846 0.662500 -0.098787
v -0.141068 0.662500 -0.108245
v -0.133687 0.662500 -0.117240
v -0.125732 0.662500 -0.125732
v -0.117240 0.662500 -0.133687
v -0.108245 0.662500 -0.141068
v -0.098787 0.662500 -0.147846
v -0.088906 0.662500 -0.153990
v -0.078644 0.662500 -0.159475
v -0.068046 0.662500 -0.164277
v -0.057156 0.662500 -0.168376
v -0.046021 0.662500 -0.171754
v -0.034689 0.662500 -0.174396
v -0.023209 0.662500 -0.176291
v -0.011629 0.662500 -0.177432
v -0.000000 0.662500 -0.177813
v 0.011629 0.662500 -0.177432
v 0.023209 0.662500 -0.176291
v 0.034689 0.662500 -0.174396
v 0.046021 0.662500 -0.171754
v 0.057156 0.662500 -0.168376
v 0.068046 0.662500 -0.164277
v 0.078644 0.662500 -0.159475
v 0.088906 0.662500 -0.153990
v 0.098787 0.662500 -0.147846
v 0.108245 0.662500 -0.141068
v 0.117240 0.662500 -0.133687
v 0.125732 0.662500 -0.125732
v 0.133687 0.662500 -0.117240
v 0.141068 0.662500 -0.108245
v 0.147846 0.662500 -0.098787
v 0.153990 0.662500 -0.088906
v 0.159475 0.662500 -0.078644
v 0.164277 0.662500 -0.068046
v 0.168376 0.662500 -0.057156
v 0.171754 0.662500 -0.046021
v 0.174396 0.662500 -0.034689
v 0.176291 0.662500 -0.023209
v 0.177432 0.662500 -0.011629
v 0.176280 0.674880 0.000000
v 0.175903 0.674880 0.011529
v 0.174772 0.674880 0.023009
v 0.172893 0.674880 0.034391
v 0.170273 0.674880 0.045625
v 0.166925 0.674880 0.056663
v 0.162861 0.674880 0.067459
v 0.158101 0.674880 0.077967
v 0.152663 0.674880 0.088140
v 0.146571 0.674880 0.097936
v 0.139852 0.674880 0.107312
v 0.132534 0.674880 0.116229
v 0.124649 0.674880 0.124649
v 0.116229 0.674880 0.132534
v 0.107312 0.674880 0.139852
v 0.097936 0.674880 0.146571
v 0.088140 0.674880 0.152663
v 0.077967 0.674880 0.158101
v 0.067459 0.674880 0.162861
v 0.056663 0.674880 0.166925
v 0.045625 0.674880 0.170273
v 0.034391 0.674880 0.172893
v 0.023009 0.674880 0.174772
v 0.011529 0.674880 0.175903
v 0.000000 0.674880 0.176280
v -0.011529 0.674880 0.175903
v -0.023009 0.674880 0.174772
v -0.034391 0.674880 0.172893
v -0.045625 0.674880 0.170273
v -0.056663 0.674880 0.166925
v -0.067459 0.674880 0.162861
v -0.077967 0.674880 0.158101
v -0.088140 0.674880 0.152663
v -0.097936 0.674880 0.146571
v -0.107312 0.674880 0.139852
v -0.116229 0.674880 0.132534
v -0.124649 0.674880 0.124649
v -0.132534 0.674880 0.116229
v -0.139852 0.674880 0.107312
v -0.146571 0.674880 0.097936
v -0.152663 0.674880 0.088140
v -0.158101 0.674880 0.077967
v -0.162861 0.674880 0.067459
v -0.166925 0.674880 0.056663
v -0.170273 0.674880 0.045625
v -0.172893 0.674880 0.034391
v -0.174772 0.674880 0.023009
v -0.175903 0.674880 0.011529
v -0.176280 0.674880 0.000000
v -0.175903 0.674880 -0.011529
v -0.174772 0.674880 -0.023009
v -0.172893 0.674880 -0.034391
v -0.170273 0.674880 -0.045625
v -0.166925 0.674880 -0.056663
v -0.162861 0.674880 -0.067459
v -0.158101 0.674880 -0.077967
v -0.152663 0.674880 -0.088140
v -0.146571 0.674880 -0.097936
v -0.139852 0.674880 -0.107312
v -0.132534 0.674880 -0.116229
v -0.124649 0.674880 -0.124649
v -0.116229 0.674880 -0.132534
v -0.107312 0.674880 -0.139852
v -0.097936 0.674880 -0.146571
v -0.088140 0.674880 -0.152663
v -0.077967 0.674880 -0.158101
v -0.067459 0.674880 -0.162861
v -0.056663 0.674880 -0.166925
v -0.045625 0.674880 -0.170273
v -0.034391 0.674880 -0.172893
v -0.023009 0.674880 -0.174772
v -0.011529 0.674880 -0.175903
v -0.000000 0.674880 -0.176280
v 0.011529 0.674880 -0.175903
v 0.023009 0.674880 -0.174772
v 0.034391 0.674880 -0.172893
v 0.045625 0.674880 -0.170273
v 0.056663 0.674880 -0.166925
v 0.067459 0.674880 -0.162861
v 0.077967 0.674880 -0.158101
v 0.088140 0.674880 -0.152663
v 0.097936 0.674880 -0.146571
v 0.107312 0.674880 -0.139852
v 0.116229 0.674880 -0.132534
v 0.124649 0.674880 -0.124649
v 0.132534 0.674880 -0.116229
v 0.139852 0.674880 -0.107312
v 0.146571 0.674880 -0.097936
v 0.152663 0.674880 -0.088140
v 0.158101 0.674880 -0.077967
v 0.162861 0.674880 -0.067459
v 0.166925 0.674880 -0.056663
v 0.170273 0.674880 -0.045625
v 0.172893 0.674880 -0.034391
v 0.174772 0.674880 -0.023009
v 0.175903 0.674880 -0.011529
v 0.174628 0.686940 0.000000
v 0.174254 0.686940 0.011421
v 0.173134 0.686940 0.022793
v 0.171272 0.686940 0.034068
v 0.168677 0.686940 0.045197
v 0.165360 0.686940 0.056132
v 0.161335 0.686940 0.066827
v 0.156619 0.686940 0.077236
v 0.151232 0.686940 0.087314
v 0.145197 0.686940 0.097018
v 0.138541 0.686940 0.106306
v 0.131292 0.686940 0.115140
v 0.123480 0.686940 0.123480
v 0.115140 0.686940 0.131292
v 0.106306 0.686940 0.138541
v 0.097018 0.686940 0.145197
v 0.087314 0.686940 0.151232
v 0.077236 0.686940 0.156619
v 0.066827 0.686940 0.161335
v 0.056132 0.686940 0.165360
v 0.045197 0.686940 0.168677
v 0.034068 0.686940 0.171272
v 0.022793 0.686940 0.173134
v 0.011421 0.686940 0.174254
v 0.000000 0.686940 0.174628
v -0.011421 0.686940 0.174254
v -0.022793 0.686940 0.173134
v -0.034068 0.686940 0.171272
v -0.045197 0.686940 0.168677
v -0.056132 0.686940 0.165360
v -0.066827 0.686940 0.161335
v -0.077236 0.686940 0.156619
v -0.087314 0.686940 0.151232
v -0.097018 0.686940 0.145197
v -0.106306 0.686940 0.138541
v -0.115140 0.686940 0.131292
v -0.123480 0.686940 0.123480
v -0.131292 0.686940 0.115140
v -0.138541 0.686940 0.106306
v -0.145197 0.686940 0.097018
v -0.151232 0.686940 0.087314
v -0.156619 0.686940 0.077236
v -0.161335 0.686940 0.066827
v -0.165360 0.686940 0.056132
v -0.168677 0.686940 0.045197
v -0.171272 0.686940 0.034068
v -0.173134 0.686940 0.022793
v -0.174254 0.686940 0.011421
v -0.174628 0.686940 0.000000
v -0.174254 0.686940 -0.011421
v -0.173134 0.686940 -0.022793
v -0.171272 0.686940 -0.034068
v -0.168677 0.686940 -0.045197
v -0.165360 0.686940 -0.056132
v -0.161335 0.686940 -0.066827
v -0.156619 0.686940 -0.077236
v -0.151232 0.686940 -0.087314
v -0.145197 0.686940 -0.097018
v -0.138541 0.686940 -0.106306
v -0.131292 0.686940 -0.115140
v -0.123480 0.686940 -0.123480
v -0.115140 0.686940 -0.131292
v -0.106306 0.686940 -0.138541
v -0.097018 0.686940 -0.145197
v -0.087314 0.686940 -0.151232
v -0.077236 0.686940 -0.156619
v -0.066827 0.686940 -0.161335
v -0.056132 0.686940 -0.165360
v -0.045197 0.686940 -0.168677
v -0.034068 0.686940 -0.171272
v -0.022793 0.686940 -0.173134
v -0.011421 0.686940 -0.174254
v -0.000000 0.686940 -0.174628
v 0.011421 0.686940 -0.174254
v 0.022793 0.686940 -0.173134
v 0.034068 0.686940 -0.171272
v 0.045197 0.686940 -0.168677
v 0.056132 0.686940 -0.165360
v 0.066827 0.686940 -0.161335
v 0.077236 0.686940 -0.156619
v 0.087314 0.686940 -0.151232
v 0.097018 0.686940 -0.145197
v 0.106306 0.686940 -0.138541
v 0.115140 0.686940 -0.131292
v 0.123480 0.686940 -0.123480
v 0.131292 0.686940 -0.115140
v 0.138541 0.686940 -0.106306
v 0.145197 0.686940 -0.097018
v 0.151232 0.686940 -0.087314
v 0.156619 0.686940 -0.077236
v 0.161335 0.686940 -0.066827
v 0.165360 0.686940 -0.056132
v 0.168677 0.686940 -0.045197
v 0.171272 0.686940 -0.034068
v 0.173134 0.686940 -0.022793
v 0.174254 0.686940 -0.011421
v 0.172960 0.698560 0.000000
v 0.172590 0.698560 0.011312
v 0.171480 0.698560 0.022576
v 0.169637 0.698560 0.033743
v 0.167067 0.698560 0.044765
v 0.163781 0.698560 0.055596
v 0.159794 0.698560 0.066189
v 0.155123 0.698560 0.076498
v 0.149788 0.698560 0.086480
v 0.143811 0.698560 0.096091
v 0.137218 0.698560 0.105291
v 0.130038 0.698560 0.114040
v 0.122301 0.698560 0.122301
v 0.114040 0.698560 0.130038
v 0.105291 0.698560 0.137218
v 0.096091 0.698560 0.143811
v 0.086480 0.698560 0.149788
v 0.076498 0.698560 0.155123
v 0.066189 0.698560 0.159794
v 0.055596 0.698560 0.163781
v 0.044765 0.698560 0.167067
v 0.033743 0.698560 0.169637
v 0.022576 0.698560 0.171480
v 0.011312 0.698560 0.172590
v 0.000000 0.698560 0.172960
v -0.011312 0.698560 0.172590
v -0.022576 0.698560 0.171480
v -0.033743 0.698560 0.169637
v -0.044765 0.698560 0.167067
v -0.055596 0.698560 0.163781
v -0.066189 0.698560 0.159794
v -0.076498 0.698560 0.155123
v -0.086480 0.698560 0.149788
v -0.096091 0.698560 0.143811
v -0.105291 0.698560 0.137218
v -0.114040 0.698560 0.130038
v -0.122301 0.698560 0.122301
v -0.130038 0.698560 0.114040
v -0.137218 0.698560 0.105291
v -0.143811 0.698560 0.096091
v -0.149788 0.698560 0.086480
v -0.155123 0.698560 0.076498
v -0.159794 0.698560 0.066189
v -0.163781 0.698560 0.055596
v -0.167067 0.698560 0.044765
v -0.169637 0.698560 0.033743
v -0.171480 0.698560 0.022576
v -0.172590 0.698560 0.011312
v -0.172960 0.698560 0.000000
v -0.172590 0.698560 -0.011312
v -0.171480 0.698560 -0.022576
v -0.169637 0.698560 -0.033743
v -0.167067 0.698560 -0.044765
v -0.163781 0.698560 -0.055596
v -0.159794 0.698560 -0.066189
v -0.155123 0.698560 -0.076498
v -0.149788 0.698560 -0.086480
v -0.143811 0.698560 -0.096091
v -0.137218 0.698560 -0.105291
v -0.130038 0.698560 -0.114040
v -0.122301 0.698560 -0.122301
v -0.114040 0.698560 -0.130038
v -0.105291 0.698560 -0.137218
v -0.096091 0.698560 -0.143811
v -0.086480 0.698560 -0.149788
v -0.076498 0.698560 -0.155123
v -0.066189 0.698560 -0.159794
v -0.055596 0.698560 -0.163781
v -0.044765 0.698560 -0.167067
v -0.033743 0.698560 -0.169637
v -0.022576 0.698560 -0.171480
v -0.011312 0.698560 -0.172590
v -0.000000 0.698560 -0.172960
v 0.011312 0.698560 -0.172590
v 0.022576 0.698560 -0.171480
v 0.033743 0.698560 -0.169637
v 0.044765 0.698560 -0.167067
v 0.055596 0.698560 -0.163781
v 0.066189 0.698560 -0.159794
v 0.076498 0.698560 -0.155123
v 0.086480 0.698560 -0.149788
v 0.096091 0.698560 -0.143811
v 0.105291 0.698560 -0.137218
v 0.114040 0.698560 -0.130038
v 0.122301 0.698560 -0.122301
v 0.130038 0.698560 -0.114040
v 0.137218 0.698560 -0.105291
v 0.143811 0.698560 -0.096091
v 0.149788 0.698560 -0.086480
v 0.155123 0.698560 -0.076498
v 0.159794 0.698560 -0.066189
v 0.163781 0.698560 -0.055596
v 0.167067 0.698560 -0.044765
v 0.169637 0.698560 -0.033743
v 0.171480 0.698560 -0.022576
v 0.172590 0.698560 -0.011312
v 0.171383 0.709620 0.000000
v 0.171016 0.709620 0.011209
v 0.169916 0.709620 0.022370
v 0.168089 0.709620 0.033435
v 0.165543 0.709620 0.044357
v 0.162287 0.709620 0.055089
v 0.158337 0.709620 0.065585
v 0.153708 0.709620 0.075801
v 0.148422 0.709620 0.085691
v 0.142499 0.709620 0.095215
v 0.135967 0.709620 0.104331
v 0.128852 0.709620 0.113000
v 0.121186 0.709620 0.121186
v 0.113000 0.709620 0.128852
v 0.104331 0.709620 0.135967
v 0.095215 0.709620 0.142499
v 0.085691 0.709620 0.148422
v 0.075801 0.709620 0.153708
v 0.065585 0.709620 0.158337
v 0.055089 0.709620 0.162287
v 0.044357 0.709620 0.165543
v 0.033435 0.709620 0.168089
v 0.022370 0.709620 0.169916
v 0.011209 0.709620 0.171016
v 0.000000 0.709620 0.171383
v -0.011209 0.709620 0.171016
v -0.022370 0.709620 0.169916
v -0.033435 0.709620 0.168089
v -0.044357 0.709620 0.165543
v -0.055089 0.709620 0.162287
v -0.065585 0.709620 0.158337
v -0.075801 0.709620 0.153708
v -0.085691 0.709620 0.148422
v -0.095215 0.709620 0.142499
v -0.104331 0.709620 0.135967
v -0.113000 0.709620 0.128852
v -0.121186 0.709620 0.121186
v -0.128852 0.709620 0.113000
v -0.135967 0.709620 0.104331
v -0.142499 0.709620 0.095215
v -0.148422 0.709620 0.085691
v -0.153708 0.709620 0.075801
v -0.158337 0.709620 0.065585
v -0.162287 0.709620 0.055089
v -0.165543 0.709620 0.044357
v -0.168089 0.709620 0.033435
v -0.169916 0.709620 0.022370
v -0.171016 0.709620 0.011209
v -0.171383 0.709620 0.000000
v -0.171016 0.709620 -0.011209
v -0.169916 0.709620 -0.022370
v -0.168089 0.709620 -0.033435
v -0.165543 0.709620 -0.044357
v -0.162287 0.709620 -0.055089
v -0.158337 0.709620 -0.065585
v -0.153708 0.709620 -0.075801
v -0.148422 0.709620 -0.085691
v -0.142499 0.709620 -0.095215
v -0.135967 0.709620 -0.104331
v -0.128852 0.709620 -0.113000
v -0.121186 0.709620 -0.121186
v -0.113000 0.709620 -0.128852
v -0.104331 0.709620 -0.135967
v -0.095215 0.709620 -0.142499
v -0.085691 0.709620 -0.148422
v -0.075801 0.709620 -0.153708
v -0.065585 0.709620 -0.158337
v -0.055089 0.709620 -0.162287
v -0.044357 0.709620 -0.165543
v -0.033435 0.709620 -0.168089
v -0.022370 0.709620 -0.169916
v -0.011209 0.709620 -0.171016
v -0.000000 0.709620 -0.171383
v 0.011209 0.709620 -0.171016
v 0.022370 0.709620 -0.169916
v 0.033435 0.709620 -0.168089
v 0.044357 0.709620 -0.165543
v 0.055089 0.709620 -0.162287
v 0.065585 0.709620 -0.158337
v 0.075801 0.709620 -0.153708
v 0.085691 0.709620 -0.148422
v 0.095215 0.709620 -0.142499
v 0.104331 0.709620 -0.135967
v 0.113000 0.709620 -0.128852
v 0.121186 0.709620 -0.121186
v 0.128852 0.709620 -0.113000
v 0.135967 0.709620 -0.104331
v 0.142499 0.709620 -0.095215
v 0.148422 0.709620 -0.085691
v 0.153708 0.709620 -0.075801
v 0.158337 0.709620 -0.065585
v 0.162287 0.709620 -0.055089
v 0.165543 0.709620 -0.044357
v 0.168089 0.709620 -0.033435
v 0.169916 0.709620 -0.022370
v 0.171016 0.709620 -0.011209
v 0.170000 0.720000 0.000000
v 0.169636 0.720000 0.011119
v 0.168546 0.720000 0.022189
v 0.166733 0.720000 0.033165
v 0.164207 0.720000 0.043999
v 0.160978 0.720000 0.054645
v 0.157060 0.720000 0.065056
v 0.152468 0.720000 0.075189
v 0.147224 0.720000 0.085000
v 0.141350 0.720000 0.094447
v 0.134870 0.720000 0.103489
v 0.127813 0.720000 0.112089
v 0.120208 0.720000 0.120208
v 0.112089 0.720000 0.127813
v 0.103489 0.720000 0.134870
v 0.094447 0.720000 0.141350
v 0.085000 0.720000 0.147224
v 0.075189 0.720000 0.152468
v 0.065056 0.720000 0.157060
v 0.054645 0.720000 0.160978
v 0.043999 0.720000 0.164207
v 0.033165 0.720000 0.166733
v 0.022189 0.720000 0.168546
v 0.011119 0.720000 0.169636
v 0.000000 0.720000 0.170000
v -0.011119 0.720000 0.169636
v -0.022189 0.720000 0.168546
v -0.033165 0.720000 0.166733
v -0.043999 0.720000 0.164207
v -0.054645 0.720000 0.160978
v -0.065056 0.720000 0.157060
v -0.075189 0.720000 0.152468
v -0.085000 0.720000 0.147224
v -0.094447 0.720000 0.141350
v -0.103489 0.720000 0.134870
v -0.112089 0.720000 0.127813
v -0.120208 0.720000 0.120208
v -0.127813 0.720000 0.112089
v -0.134870 0.720000 0.103489
v -0.141350 0.720000 0.094447
v -0.147224 0.720000 0.085000
v -0.152468 0.720000 0.075189
v -0.157060 0.720000 0.065056
v -0.160978 0.720000 0.054645
v -0.164207 0.720000 0.043999
v -0.166733 0.720000 0.033165
v -0.168546 0.720000 0.022189
v -0.169636 0.720000 0.011119
v -0.170000 0.720000 0.000000
v -0.169636 0.720000 -0.011119
v -0.168546 0.720000 -0.022189
v -0.166733 0.720000 -0.033165
v -0.164207 0.720000 -0.043999
v -0.160978 0.720000 -0.054645
v -0.157060 0.720000 -0.065056
v -0.152468 0.720000 -0.075189
v -0.147224 0.720000 -0.085000
v -0.141350 0.720000 -0.094447
v -0.134870 0.720000 -0.103489
v -0.127813 0.720000 -0.112089
v -0.120208 0.720000 -0.120208
v -0.112089 0.720000 -0.127813
v -0.103489 0.720000 -0.134870
v -0.094447 0.720000 -0.141350
v -0.085000 0.720000 -0.147224
v -0.075189 0.720000 -0.152468
v -0.065056 0.720000 -0.157060
v -0.054645 0.720000 -0.160978
v -0.043999 0.720000 -0.164207
v -0.033165 0.720000 -0.166733
v -0.022189 0.720000 -0.168546
v -0.011119 0.720000 -0.169636
v -0.000000 0.720000 -0.170000
v 0.011119 0.720000 -0.169636
v 0.022189 0.720000 -0.168546
v 0.033165 0.720000 -0.166733
v 0.043999 0.720000 -0.164207
v 0.054645 0.720000 -0.160978
v 0.065056 0.720000 -0.157060
v 0.075189 0.720000 -0.152468
v 0.085000 0.720000 -0.147224
v 0.094447 0.720000 -0.141350
v 0.103489 0.720000 -0.134870
v 0.112089 0.720000 -0.127813
v 0.120208 0.720000 -0.120208
v 0.127813 0.720000 -0.112089
v 0.134870 0.720000 -0.103489
v 0.141350 0.720000 -0.094447
v 0.147224 0.720000 -0.085000
v 0.152468 0.720000 -0.075189
v 0.157060 0.720000 -0.065056
v 0.160978 0.720000 -0.054645
v 0.164207 0.720000 -0.043999
v 0.166733 0.720000 -0.033165
v 0.168546 0.720000 -0.022189
v 0.169636 0.720000 -0.011119
v 0.168635 0.729980 0.000000
v 0.168274 0.729980 0.011029
v 0.167192 0.729980 0.022011
v 0.165395 0.729980 0.032899
v 0.162889 0.729980 0.043646
v 0.159686 0.729980 0.054206
v 0.155798 0.729980 0.064534
v 0.151244 0.729980 0.074585
v 0.146042 0.729980 0.084317
v 0.140215 0.729980 0.093689
v 0.133787 0.729980 0.102658
v 0.126787 0.729980 0.111189
v 0.119243 0.729980 0.119243
v 0.111189 0.729980 0.126787
v 0.102658 0.729980 0.133787
v 0.093689 0.729980 0.140215
v 0.084318 0.729980 0.146042
v 0.074585 0.729980 0.151244
v 0.064534 0.729980 0.155798
v 0.054206 0.729980 0.159686
v 0.043646 0.729980 0.162889
v 0.032899 0.729980 0.165395
v 0.022011 0.729980 0.167192
v 0.011029 0.729980 0.168274
v 0.000000 0.729980 0.168635
v -0.011029 0.729980 0.168274
v -0.022011 0.729980 0.167192
v -0.032899 0.729980 0.165395
v -0.043646 0.729980 0.162889
v -0.054206 0.729980 0.159686
v -0.064534 0.729980 0.155798
v -0.074585 0.729980 0.151244
v -0.084317 0.729980 0.146042
v -0.093689 0.729980 0.140215
v -0.102658 0.729980 0.133787
v -0.111189 0.729980 0.126787
v -0.119243 0.729980 0.119243
v -0.126787 0.729980 0.111189
v -0.133787 0.729980 0.102658
v -0.140215 0.729980 0.093689
v -0.146042 0.729980 0.084317
v -0.151244 0.729980 0.074585
v -0.155798 0.729980 0.064534
v -0.159686 0.729980 0.054206
v -0.162889 0.729980 0.043646
v -0.165395 0.729980 0.032899
v -0.167192 0.729980 0.022011
v -0.168274 0.729980 0.011029
v -0.168635 0.729980 0.000000
v -0.168274 0.729980 -0.011029
v -0.167192 0.729980 -0.022011
v -0.165395 0.729980 -0.032899
v -0.162889 0.729980 -0.043646
v -0.159686 0.729980 -0.054206
v -0.155798 0.729980 -0.064534
v -0.151244 0.729980 -0.074585
v -0.146042 0.729980 -0.084317
v -0.140215 0.729980 -0.093689
v -0.133787 0.729980 -0.102658
v -0.126787 0.729980 -0.111189
v -0.119243 0.729980 -0.119243
v -0.111189 0.729980 -0.126787
v -0.102658 0.729980 -0.133787
v -0.093689 0.729980 -0.140215
v -0.084318 0.729980 -0.146042
v -0.074585 0.729980 -0.151244
v -0.064534 0.729980 -0.155798
v -0.054206 0.729980 -0.159686
v -0.043646 0.729980 -0.162889
v -0.032899 0.729980 -0.165395
v -0.022011 0.729980 -0.167192
v -0.011029 0.729980 -0.168274
v -0.000000 0.729980 -0.168635
v 0.011029 0.729980 -0.168274
v 0.022011 0.729980 -0.167192
v 0.032899 0.729980 -0.165395
v 0.043646 0.729980 -0.162889
v 0.054206 0.729980 -0.159686
v 0.064534 0.729980 -0.155798
v 0.074585 0.729980 -0.151244
v 0.084318 0.729980 -0.146042
v 0.093689 0.729980 -0.140215
v 0.102658 0.729980 -0.133787
v 0.111189 0.729980 -0.126787
v 0.119243 0.729980 -0.119243
v 0.126787 0.729980 -0.111189
v 0.133787 0.729980 -0.102658
v 0.140215 0.729980 -0.093689
v 0.146042 0.729980 -0.084318
v 0.151244 0.729980 -0.074585
v 0.155798 0.729980 -0.064534
v 0.159686 0.729980 -0.054206
v 0.162889 0.729980 -0.043646
v 0.165395 0.729980 -0.032899
v 0.167192 0.729980 -0.022011
v 0.168274 0.729980 -0.011029
v 0.167080 0.739840 0.000000
v 0.166722 0.739840 0.010928
v 0.165651 0.739840 0.021808
v 0.163870 0.739840 0.032596
v 0.161387 0.739840 0.043243
v 0.158213 0.739840 0.053706
v 0.154362 0.739840 0.063939
v 0.149849 0.739840 0.073898
v 0.144696 0.739840 0.083540
v 0.138922 0.739840 0.092825
v 0.132553 0.739840 0.101712
v 0.125617 0.739840 0.110163
v 0.118143 0.739840 0.118143
v 0.110163 0.739840 0.125617
v 0.101712 0.739840 0.132553
v 0.092825 0.739840 0.138922
v 0.083540 0.739840 0.144696
v 0.073898 0.739840 0.149849
v 0.063939 0.739840 0.154362
v 0.053706 0.739840 0.158213
v 0.043243 0.739840 0.161387
v 0.032596 0.739840 0.163870
v 0.021808 0.739840 0.165651
v 0.010928 0.739840 0.166722
v 0.000000 0.739840 0.167080
v -0.010928 0.739840 0.166722
v -0.021808 0.739840 0.165651
v -0.032596 0.739840 0.163870
v -0.043243 0.739840 0.161387
v -0.053706 0.739840 0.158213
v -0.063939 0.739840 0.154362
v -0.073898 0.739840 0.149849
v -0.083540 0.739840 0.144696
v -0.092825 0.739840 0.138922
v -0.101712 0.739840 0.132553
v -0.110163 0.739840 0.125617
v -0.118143 0.739840 0.118143
v -0.125617 0.739840 0.110163
v -0.132553 0.739840 0.101712
v -0.138922 0.739840 0.092825
v -0.144696 0.739840 0.083540
v -0.149849 0.739840 0.073898
v -0.154362 0.739840 0.063939
v -0.158213 0.739840 0.053706
v -0.161387 0.739840 0.043243
v -0.163870 0.739840 0.032596
v -0.165651 0.739840 0.021808
v -0.166722 0.739840 0.010928
v -0.167080 0.739840 0.000000
v -0.166722 0.739840 -0.010928
v -0.165651 0.739840 -0.021808
v -0.163870 0.739840 -0.032596
v -0.161387 0.739840 -0.043243
v -0.158213 0.739840 -0.053706
v -0.154362 0.739840 -0.063939
v -0.149849 0.739840 -0.073898
v -0.144696 0.739840 -0.083540
v -0.138922 0.739840 -0.092825
v -0.132553 0.739840 -0.101712
v -0.125617 0.739840 -0.110163
v -0.118143 0.739840 -0.118143
v -0.110163 0.739840 -0.125617
v -0.101712 0.739840 -0.132553
v -0.092825 0.739840 -0.138922
v -0.083540 0.739840 -0.144696
v -0.073898 0.739840 -0.149849
v -0.063939 0.739840 -0.154362
v -0.053706 0.739840 -0.158213
v -0.043243 0.739840 -0.161387
v -0.032596 0.739840 -0.163870
v -0.021808 0.739840 -0.165651
v -0.010928 0.739840 -0.166722
v -0.000000 0.739840 -0.167080
v 0.010928 0.739840 -0.166722
v 0.021808 0.739840 -0.165651
v 0.032596 0.739840 -0.163870
v 0.043243 0.739840 -0.161387
v 0.053706 0.739840 -0.158213
v 0.063939 0.739840 -0.154362
v 0.073898 0.739840 -0.149849
v 0.083540 0.739840 -0.144696
v 0.092825 0.739840 -0.138922
v 0.101712 0.739840 -0.132553
v 0.110163 0.739840 -0.125617
v 0.118143 0.739840 -0.118143
v 0.125617 0.739840 -0.110163
v 0.132553 0.739840 -0.101712
v 0.138922 0.739840 -0.092825
v 0.144696 0.739840 -0.083540
v 0.149849 0.739840 -0.073898
v 0.154362 0.739840 -0.063939
v 0.158213 0.739840 -0.053706
v 0.161387 0.739840 -0.043243
v 0.163870 0.739840 -0.032596
v 0.165651 0.739840 -0.021808
v 0.166722 0.739840 -0.010928
v 0.165395 0.749460 0.000000
v 0.165041 0.749460 0.010817
v 0.163980 0.749460 0.021588
v 0.162217 0.749460 0.032267
v 0.159759 0.749460 0.042807
v 0.156618 0.749460 0.053164
v 0.152805 0.749460 0.063294
v 0.148338 0.749460 0.073152
v 0.143236 0.749460 0.082697
v 0.137521 0.749460 0.091889
v 0.131217 0.749460 0.100686
v 0.124351 0.749460 0.109053
v 0.116952 0.749460 0.116952
v 0.109053 0.749460 0.124351
v 0.100686 0.749460 0.131217
v 0.091889 0.749460 0.137521
v 0.082698 0.749460 0.143236
v 0.073152 0.749460 0.148338
v 0.063294 0.749460 0.152805
v 0.053164 0.749460 0.156618
v 0.042807 0.749460 0.159759
v 0.032267 0.749460 0.162217
v 0.021588 0.749460 0.163980
v 0.010817 0.749460 0.165041
v 0.000000 0.749460 0.165395
v -0.010817 0.749460 0.165041
v -0.021588 0.749460 0.163980
v -0.032267 0.749460 0.162217
v -0.042807 0.749460 0.159759
v -0.053164 0.749460 0.156618
v -0.063294 0.749460 0.152805
v -0.073152 0.749460 0.148338
v -0.082697 0.749460 0.143236
v -0.091889 0.749460 0.137521
v -0.100686 0.749460 0.131217
v -0.109053 0.749460 0.124351
v -0.116952 0.749460 0.116952
v -0.124351 0.749460 0.109053
v -0.131217 0.749460 0.100686
v -0.137521 0.749460 0.091889
v -0.143236 0.749460 0.082697
v -0.148338 0.749460 0.073152
v -0.152805 0.749460 0.063294
v -0.156618 0.749460 0.053164
v -0.159759 0.749460 0.042807
v -0.162217 0.749460 0.032267
v -0.163980 0.749460 0.021588
v -0.165041 0.749460 0.010817
v -0.165395 0.749460 0.000000
v -0.165041 0.749460 -0.010817
v -0.163980 0.749460 -0.021588
v -0.162217 0.749460 -0.032267
v -0.159759 0.749460 -0.042807
v -0.156618 0.749460 -0.053164
v -0.152805 0.749460 -0.063294
v -0.148338 0.749460 -0.073152
v -0.143236 0.749460 -0.082697
v -0.137521 0.749460 -0.091889
v -0.131217 0.749460 -0.100686
v -0.124351 0.749460 -0.109053
v -0.116952 0.749460 -0.116952
v -0.109053 0.749460 -0.124351
v -0.100686 0.749460 -0.131217
v -0.091889 0.749460 -0.137521
v -0.082698 0.749460 -0.143236
v -0.073152 0.749460 -0.148338
v -0.063294 0.749460 -0.152805
v -0.053164 0.749460 -0.156618
v -0.042807 0.749460 -0.159759
v -0.032267 0.749460 -0.162217
v -0.021588 0.749460 -0.163980
v -0.010817 0.749460 -0.165041
v -0.000000 0.749460 -0.165395
v 0.010817 0.749460 -0.165041
v 0.021588 0.749460 -0.163980
v 0.032267 0.749460 -0.162217
v 0.042807 0.749460 -0.159759
v 0.053164 0.749460 -0.156618
v 0.063294 0.749460 -0.152805
v 0.073152 0.749460 -0.148338
v 0.082698 0.749460 -0.143236
v 0.091889 0.749460 -0.137521
v 0.100686 0.749460 -0.131217
v 0.109053 0.749460 -0.124351
v 0.116952 0.749460 -0.116952
v 0.124351 0.749460 -0.109053
v 0.131217 0.749460 -0.100686
v 0.137521 0.749460 -0.091889
v 0.143236 0.749460 -0.082698
v 0.148338 0.749460 -0.073152
v 0.152805 0.749460 -0.063294
v 0.156618 0.749460 -0.053164
v 0.159759 0.749460 -0.042807
v 0.162217 0.749460 -0.032267
v 0.163980 0.749460 -0.021588
v 0.165041 0.749460 -0.010817
v 0.163640 0.758720 0.000000
v 0.163290 0.758720 0.010703
v 0.162240 0.758720 0.021359
v 0.160496 0.758720 0.031925
v 0.158064 0.758720 0.042353
v 0.154956 0.758720 0.052600
v 0.151184 0.758720 0.062622
v 0.146764 0.758720 0.072376
v 0.141716 0.758720 0.081820
v 0.136062 0.758720 0.090914
v 0.129824 0.758720 0.099618
v 0.123031 0.758720 0.107895
v 0.115711 0.758720 0.115711
v 0.107895 0.758720 0.123031
v 0.099618 0.758720 0.129824
v 0.090914 0.758720 0.136062
v 0.081820 0.758720 0.141716
v 0.072376 0.758720 0.146764
v 0.062622 0.758720 0.151184
v 0.052600 0.758720 0.154956
v 0.042353 0.758720 0.158064
v 0.031925 0.758720 0.160496
v 0.021359 0.758720 0.162240
v 0.010703 0.758720 0.163290
v 0.000000 0.758720 0.163640
v -0.010703 0.758720 0.163290
v -0.021359 0.758720 0.162240
v -0.031925 0.758720 0.160496
v -0.042353 0.758720 0.158064
v -0.052600 0.758720 0.154956
v -0.062622 0.758720 0.151184
v -0.072376 0.758720 0.146764
v -0.081820 0.758720 0.141716
v -0.090914 0.758720 0.136062
v -0.099618 0.758720 0.129824
v -0.107895 0.758720 0.123031
v -0.115711 0.758720 0.115711
v -0.123031 0.758720 0.107895
v -0.129824 0.758720 0.099618
v -0.136062 0.758720 0.090914
v -0.141716 0.758720 0.081820
v -0.146764 0.758720 0.072376
v -0.151184 0.758720 0.062622
v -0.154956 0.758720 0.052600
v -0.158064 0.758720 0.042353
v -0.160496 0.758720 0.031925
v -0.162240 0.758720 0.021359
v -0.163290 0.758720 0.010703
v -0.163640 0.758720 0.000000
v -0.163290 0.758720 -0.010703
v -0.162240 0.758720 -0.021359
v -0.160496 0.758720 -0.031925
v -0.158064 0.758720 -0.042353
v -0.154956 0.758720 -0.052600
v -0.151184 0.758720 -0.062622
v -0.146764 0.758720 -0.072376
v -0.141716 0.758720 -0.081820
v -0.136062 0.758720 -0.090914
v -0.129824 0.758720 -0.099618
v -0.123031 0.758720 -0.107895
v -0.115711 0.758720 -0.115711
v -0.107895 0.758720 -0.123031
v -0.099618 0.758720 -0.129824
v -0.090914 0.758720 -0.136062
v -0.081820 0.758720 -0.141716
v -0.072376 0.758720 -0.146764
v -0.062622 0.758720 -0.151184
v -0.052600 0.758720 -0.154956
v -0.042353 0.758720 -0.158064
v -0.031925 0.758720 -0.160496
v -0.021359 0.758720 -0.162240
v -0.010703 0.758720 -0.163290
v -0.000000 0.758720 -0.163640
v 0.010703 0.758720 -0.163290
v 0.021359 0.758720 -0.162240
v 0.031925 0.758720 -0.160496
v 0.042353 0.758720 -0.158064
v 0.052600 0.758720 -0.154956
v 0.062622 0.758720 -0.151184
v 0.072376 0.758720 -0.146764
v 0.081820 0.758720 -0.141716
v 0.090914 0.758720 -0.136062
v 0.099618 0.758720 -0.129824
v 0.107895 0.758720 -0.123031
v 0.115711 0.758720 -0.115711
v 0.123031 0.758720 -0.107895
v 0.129824 0.758720 -0.099618
v 0.136062 0.758720 -0.090914
v 0.141716 0.758720 -0.081820
v 0.146764 0.758720 -0.072376
v 0.151184 0.758720 -0.062622
v 0.154956 0.758720 -0.052600
v 0.158064 0.758720 -0.042353
v 0.160496 0.758720 -0.031925
v 0.162240 0.758720 -0.021359
v 0.163290 0.758720 -0.010703
v 0.161875 0.767500 0.000000
v 0.161528 0.767500 0.010587
v 0.160490 0.767500 0.021129
v 0.158765 0.767500 0.031580
v 0.156359 0.767500 0.041896
v 0.153284 0.767500 0.052033
v 0.149553 0.767500 0.061947
v 0.145181 0.767500 0.071595
v 0.140188 0.767500 0.080937
v 0.134594 0.767500 0.089933
v 0.128424 0.767500 0.098543
v 0.121704 0.767500 0.106732
v 0.114463 0.767500 0.114463
v 0.106732 0.767500 0.121704
v 0.098543 0.767500 0.128424
v 0.089933 0.767500 0.134594
v 0.080938 0.767500 0.140188
v 0.071595 0.767500 0.145181
v 0.061947 0.767500 0.149553
v 0.052033 0.767500 0.153284
v 0.041896 0.767500 0.156359
v 0.031580 0.767500 0.158765
v 0.021129 0.767500 0.160490
v 0.010587 0.767500 0.161528
v 0.000000 0.767500 0.161875
v -0.010587 0.767500 0.161528
v -0.021129 0.767500 0.160490
v -0.031580 0.767500 0.158765
v -0.041896 0.767500 0.156359
v -0.052033 0.767500 0.153284
v -0.061947 0.767500 0.149553
v -0.071595 0.767500 0.145181
v -0.080937 0.767500 0.140188
v -0.089933 0.767500 0.134594
v -0.098543 0.767500 0.128424
v -0.106732 0.767500 0.121704
v -0.114463 0.767500 0.114463
v -0.121704 0.767500 0.106732
v -0.128424 0.767500 0.098543
v -0.134594 0.767500 0.089933
v -0.140188 0.767500 0.080937
v -0.145181 0.767500 0.071595
v -0.149553 0.767500 0.061947
v -0.153284 0.767500 0.052033
v -0.156359 0.767500 0.041896
v -0.158765 0.767500 0.031580
v -0.160490 0.767500 0.021129
v -0.161528 0.767500 0.010587
v -0.161875 0.767500 0.000000
v -0.161528 0.767500 -0.010587
v -0.160490 0.767500 -0.021129
v -0.158765 0.767500 -0.031580
v -0.156359 0.767500 -0.041896
v -0.153284 0.767500 -0.052033
v -0.149553 0.767500 -0.061947
v -0.145181 0.767500 -0.071595
v -0.140188 0.767500 -0.080937
v -0.134594 0.767500 -0.089933
v -0.128424 0.767500 -0.098543
v -0.121704 0.767500 -0.106732
v -0.114463 0.767500 -0.114463
v -0.106732 0.767500 -0.121704
v -0.098543 0.767500 -0.128424
v -0.089933 0.767500 -0.134594
v -0.080938 0.767500 -0.140188
v -0.071595 0.767500 -0.145181
v -0.061947 0.767500 -0.149553
v -0.052033 0.767500 -0.153284
v -0.041896 0.767500 -0.156359
v -0.031580 0.767500 -0.158765
v -0.021129 0.767500 -0.160490
v -0.010587 0.767500 -0.161528
v -0.000000 0.767500 -0.161875
v 0.010587 0.767500 -0.161528
v 0.021129 0.767500 -0.160490
v 0.031580 0.767500 -0.158765
v 0.041896 0.767500 -0.156359
v 0.052033 0.767500 -0.153284
v 0.061947 0.767500 -0.149553
v 0.071595 0.767500 -0.145181
v 0.080938 0.767500 -0.140188
v 0.089933 0.767500 -0.134594
v 0.098543 0.767500 -0.128424
v 0.106732 0.767500 -0.121704
v 0.114463 0.767500 -0.114463
v 0.121704 0.767500 -0.106732
v 0.128424 0.767500 -0.098543
v 0.134594 0.767500 -0.089933
v 0.140188 0.767500 -0.080938
v 0.145181 0.767500 -0.071595
v 0.149553 0.767500 -0.061947
v 0.153284 0.767500 -0.052033
v 0.156359 0.767500 -0.041896
v 0.158765 0.767500 -0.031580
v 0.160490 0.767500 -0.021129
v 0.161528 0.767500 -0.010587
v 0.160160 0.775680 0.000000
v 0.159817 0.775680 0.010475
v 0.158790 0.775680 0.020905
v 0.157083 0.775680 0.031246
v 0.154703 0.775680 0.041452
v 0.151660 0.775680 0.051482
v 0.147969 0.775680 0.061291
v 0.143643 0.775680 0.070837
v 0.138703 0.775680 0.080080
v 0.133168 0.775680 0.088980
v 0.127063 0.775680 0.097499
v 0.120415 0.775680 0.105601
v 0.113250 0.775680 0.113250
v 0.105601 0.775680 0.120415
v 0.097499 0.775680 0.127063
v 0.088980 0.775680 0.133168
v 0.080080 0.775680 0.138703
v 0.070837 0.775680 0.143643
v 0.061291 0.775680 0.147969
v 0.051482 0.775680 0.151660
v 0.041452 0.775680 0.154703
v 0.031246 0.775680 0.157083
v 0.020905 0.775680 0.158790
v 0.010475 0.775680 0.159817
v 0.000000 0.775680 0.160160
v -0.010475 0.775680 0.159817
v -0.020905 0.775680 0.158790
v -0.031246 0.775680 0.157083
v -0.041452 0.775680 0.154703
v -0.051482 0.775680 0.151660
v -0.061291 0.775680 0.147969
v -0.070837 0.775680 0.143643
v -0.080080 0.775680 0.138703
v -0.088980 0.775680 0.133168
v -0.097499 0.775680 0.127063
v -0.105601 0.775680 0.120415
v -0.113250 0.775680 0.113250
v -0.120415 0.775680 0.105601
v -0.127063 0.775680 0.097499
v -0.133168 0.775680 0.088980
v -0.138703 0.775680 0.080080
v -0.143643 0.775680 0.070837
v -0.147969 0.775680 0.061291
v -0.151660 0.775680 0.051482
v -0.154703 0.775680 0.041452
v -0.157083 0.775680 0.031246
v -0.158790 0.775680 0.020905
v -0.159817 0.775680 0.010475
v -0.160160 0.775680 0.000000
v -0.159817 0.775680 -0.010475
v -0.158790 0.775680 -0.020905
v -0.157083 0.775680 -0.031246
v -0.154703 0.775680 -0.041452
v -0.151660 0.775680 -0.051482
v -0.147969 0.775680 -0.061291
v -0.143643 0.775680 -0.070837
v -0.138703 0.775680 -0.080080
v -0.133168 0.775680 -0.088980
v -0.127063 0.775680 -0.097499
v -0.120415 0.775680 -0.105601
v -0.113250 0.775680 -0.113250
v -0.105601 0.775680 -0.120415
v -0.097499 0.775680 -0.127063
v -0.088980 0.775680 -0.133168
v -0.080080 0.775680 -0.138703
v -0.070837 0.775680 -0.143643
v -0.061291 0.775680 -0.147969
v -0.051482 0.775680 -0.151660
v -0.041452 0.775680 -0.154703
v -0.031246 0.775680 -0.157083
v -0.020905 0.775680 -0.158790
v -0.010475 0.775680 -0.159817
v -0.000000 0.775680 -0.160160
v 0.010475 0.775680 -0.159817
v 0.020905 0.775680 -0.158790
v 0.031246 0.775680 -0.157083
v 0.041452 0.775680 -0.154703
v 0.051482 0.775680 -0.151660
v 0.061291 0.775680 -0.147969
v 0.070837 0.775680 -0.143643
v 0.080080 0.775680 -0.138703
v 0.088980 0.775680 -0.133168
v 0.097499 0.775680 -0.127063
v 0.105601 0.775680 -0.120415
v 0.113250 0.775680 -0.113250
v 0.120415 0.775680 -0.105601
v 0.127063 0.775680 -0.097499
v 0.133168 0.775680 -0.088980
v 0.138703 0.775680 -0.080080
v 0.143643 0.775680 -0.070837
v 0.147969 0.775680 -0.061291
v 0.151660 0.775680 -0.051482
v 0.154703 0.775680 -0.041452
v 0.157083 0.775680 -0.031246
v 0.158790 0.775680 -0.020905
v 0.159817 0.775680 -0.010475
v 0.158555 0.783140 0.000000
v 0.158216 0.783140 0.010370
v 0.157199 0.783140 0.020696
v 0.155508 0.783140 0.030933
v 0.153152 0.783140 0.041037
v 0.150141 0.783140 0.050966
v 0.146486 0.783140 0.060676
v 0.142204 0.783140 0.070127
v 0.137313 0.783140 0.079277
v 0.131834 0.783140 0.088088
v 0.125790 0.783140 0.096522
v 0.119208 0.783140 0.104543
v 0.112115 0.783140 0.112115
v 0.104543 0.783140 0.119208
v 0.096522 0.783140 0.125790
v 0.088088 0.783140 0.131834
v 0.079278 0.783140 0.137313
v 0.070127 0.783140 0.142204
v 0.060676 0.783140 0.146486
v 0.050966 0.783140 0.150141
v 0.041037 0.783140 0.153152
v 0.030933 0.783140 0.155508
v 0.020696 0.783140 0.157199
v 0.010370 0.783140 0.158216
v 0.000000 0.783140 0.158555
v -0.010370 0.783140 0.158216
v -0.020696 0.783140 0.157199
v -0.030933 0.783140 0.155508
v -0.041037 0.783140 0.153152
v -0.050966 0.783140 0.150141
v -0.060676 0.783140 0.146486
v -0.070127 0.783140 0.142204
v -0.079277 0.783140 0.137313
v -0.088088 0.783140 0.131834
v -0.096522 0.783140 0.125790
v -0.104543 0.783140 0.119208
v -0.112115 0.783140 0.112115
v -0.119208 0.783140 0.104543
v -0.125790 0.783140 0.096522
v -0.131834 0.783140 0.088088
v -0.137313 0.783140 0.079277
v -0.142204 0.783140 0.070127
v -0.146486 0.783140 0.060676
v -0.150141 0.783140 0.050966
v -0.153152 0.783140 0.041037
v -0.155508 0.783140 0.030933
v -0.157199 0.783140 0.020696
v -0.158216 0.783140 0.010370
v -0.158555 0.783140 0.000000
v -0.158216 0.783140 -0.010370
v -0.157199 0.783140 -0.020696
v -0.155508 0.783140 -0.030933
v -0.153152 0.783140 -0.041037
v -0.150141 0.783140 -0.050966
v -0.146486 0.783140 -0.060676
v -0.142204 0.783140 -0.070127
v -0.137313 0.783140 -0.079277
v -0.131834 0.783140 -0.088088
v -0.125790 0.783140 -0.096522
v -0.119208 0.783140 -0.104543
v -0.112115 0.783140 -0.112115
v -0.104543 0.783140 -0.119208
v -0.096522 0.783140 -0.125790
v -0.088088 0.783140 -0.131834
v -0.079278 0.783140 -0.137313
v -0.070127 0.783140 -0.142204
v -0.060676 0.783140 -0.146486
v -0.050966 0.783140 -0.150141
v -0.041037 0.783140 -0.153152
v -0.030933 0.783140 -0.155508
v -0.020696 0.783140 -0.157199
v -0.010370 0.783140 -0.158216
v -0.000000 0.783140 -0.158555
v 0.010370 0.783140 -0.158216
v 0.020696 0.783140 -0.157199
v 0.030933 0.783140 -0.155508
v 0.041037 0.783140 -0.153152
v 0.050966 0.783140 -0.150141
v 0.060676 0.783140 -0.146486
v 0.070127 0.783140 -0.142204
v 0.079278 0.783140 -0.137313
v 0.088088 0.783140 -0.131834
v 0.096522 0.783140 -0.125790
v 0.104543 0.783140 -0.119208
v 0.112115 0.783140 -0.112115
v 0.119208 0.783140 -0.104543
v 0.125790 0.783140 -0.096522
v 0.131834 0.783140 -0.088088
v 0.137313 0.783140 -0.079278
v 0.142204 0.783140 -0.070127
v 0.146486 0.783140 -0.060676
v 0.150141 0.783140 -0.050966
v 0.153152 0.783140 -0.041037
v 0.155508 0.783140 -0.030933
v 0.157199 0.783140 -0.020696
v 0.158216 0.783140 -0.010370
v 0.157120 0.789760 0.000000
v 0.156784 0.789760 0.010276
v 0.155776 0.789760 0.020508
v 0.154101 0.789760 0.030653
v 0.151766 0.789760 0.040666
v 0.148782 0.789760 0.050505
v 0.145160 0.789760 0.060127
v 0.140917 0.789760 0.069492
v 0.136070 0.789760 0.078560
v 0.130641 0.789760 0.087291
v 0.124652 0.789760 0.095649
v 0.118129 0.789760 0.103596
v 0.111101 0.789760 0.111101
v 0.103596 0.789760 0.118129
v 0.095649 0.789760 0.124652
v 0.087291 0.789760 0.130641
v 0.078560 0.789760 0.136070
v 0.069492 0.789760 0.140917
v 0.060127 0.789760 0.145160
v 0.050505 0.789760 0.148782
v 0.040666 0.789760 0.151766
v 0.030653 0.789760 0.154101
v 0.020508 0.789760 0.155776
v 0.010276 0.789760 0.156784
v 0.000000 0.789760 0.157120
v -0.010276 0.789760 0.156784
v -0.020508 0.789760 0.155776
v -0.030653 0.789760 0.154101
v -0.040666 0.789760 0.151766
v -0.050505 0.789760 0.148782
v -0.060127 0.789760 0.145160
v -0.069492 0.789760 0.140917
v -0.078560 0.789760 0.136070
v -0.087291 0.789760 0.130641
v -0.095649 0.789760 0.124652
v -0.103596 0.789760 0.118129
v -0.111101 0.789760 0.111101
v -0.118129 0.789760 0.103596
v -0.124652 0.789760 0.095649
v -0.130641 0.789760 0.087291
v -0.136070 0.789760 0.078560
v -0.140917 0.789760 0.069492
v -0.145160 0.789760 0.060127
v -0.148782 0.789760 0.050505
v -0.151766 0.789760 0.040666
v -0.154101 0.789760 0.030653
v -0.155776 0.789760 0.020508
v -0.156784 0.789760 0.010276
v -0.157120 0.789760 0.000000
v -0.156784 0.789760 -0.010276
v -0.155776 0.789760 -0.020508
v -0.154101 0.789760 -0.030653
v -0.151766 0.789760 -0.040666
v -0.148782 0.789760 -0.050505
v -0.145160 0.789760 -0.060127
v -0.140917 0.789760 -0.069492
v -0.136070 0.789760 -0.078560
v -0.130641 0.789760 -0.087291
v -0.124652 0.789760 -0.095649
v -0.118129 0.789760 -0.103596
v -0.111101 0.789760 -0.111101
v -0.103596 0.789760 -0.118129
v -0.095649 0.789760 -0.124652
v -0.087291 0.789760 -0.130641
v -0.078560 0.789760 -0.136070
v -0.069492 0.789760 -0.140917
v -0.060127 0.789760 -0.145160
v -0.050505 0.789760 -0.148782
v -0.040666 0.789760 -0.151766
v -0.030653 0.789760 -0.154101
v -0.020508 0.789760 -0.155776
v -0.010276 0.789760 -0.156784
v -0.000000 0.789760 -0.157120
v 0.010276 0.789760 -0.156784
v 0.020508 0.789760 -0.155776
v 0.030653 0.789760 -0.154101
v 0.040666 0.789760 -0.151766
v 0.050505 0.789760 -0.148782
v 0.060127 0.789760 -0.145160
v 0.069492 0.789760 -0.140917
v 0.078560 0.789760 -0.136070
v 0.087291 0.789760 -0.130641
v 0.095649 0.789760 -0.124652
v 0.103596 0.789760 -0.118129
v 0.111101 0.789760 -0.111101
v 0.118129 0.789760 -0.103596
v 0.124652 0.789760 -0.095649
v 0.130641 0.789760 -0.087291
v 0.136070 0.789760 -0.078560
v 0.140917 0.789760 -0.069492
v 0.145160 0.789760 -0.060127
v 0.148782 0.789760 -0.050505
v 0.151766 0.789760 -0.040666
v 0.154101 0.789760 -0.030653
v 0.155776 0.789760 -0.020508
v 0.156784 0.789760 -0.010276
v 0.155915 0.795420 0.000000
v 0.155581 0.795420 0.010197
v 0.154581 0.795420 0.020351
v 0.152919 0.795420 0.030418
v 0.150602 0.795420 0.040354
v 0.147641 0.795420 0.050117
v 0.144047 0.795420 0.059666
v 0.139836 0.795420 0.068959
v 0.135026 0.795420 0.077957
v 0.129639 0.795420 0.086622
v 0.123696 0.795420 0.094915
v 0.117223 0.795420 0.102802
v 0.110249 0.795420 0.110249
v 0.102802 0.795420 0.117223
v 0.094915 0.795420 0.123696
v 0.086622 0.795420 0.129639
v 0.077957 0.795420 0.135026
v 0.068959 0.795420 0.139836
v 0.059666 0.795420 0.144047
v 0.050117 0.795420 0.147641
v 0.040354 0.795420 0.150602
v 0.030418 0.795420 0.152919
v 0.020351 0.795420 0.154581
v 0.010197 0.795420 0.155581
v 0.000000 0.795420 0.155915
v -0.010197 0.795420 0.155581
v -0.020351 0.795420 0.154581
v -0.030418 0.795420 0.152919
v -0.040354 0.795420 0.150602
v -0.050117 0.795420 0.147641
v -0.059666 0.795420 0.144047
v -0.068959 0.795420 0.139836
v -0.077957 0.795420 0.135026
v -0.086622 0.795420 0.129639
v -0.094915 0.795420 0.123696
v -0.102802 0.795420 0.117223
v -0.110249 0.795420 0.110249
v -0.117223 0.795420 0.102802
v -0.123696 0.795420 0.094915
v -0.129639 0.795420 0.086622
v -0.135026 0.795420 0.077957
v -0.139836 0.795420 0.068959
v -0.144047 0.795420 0.059666
v -0.147641 0.795420 0.050117
v -0.150602 0.795420 0.040354
v -0.152919 0.795420 0.030418
v -0.154581 0.795420 0.020351
v -0.155581 0.795420 0.010197
v -0.155915 0.795420 0.000000
v -0.155581 0.795420 -0.010197
v -0.154581 0.795420 -0.020351
v -0.152919 0.795420 -0.030418
v -0.150602 0.795420 -0.040354
v -0.147641 0.795420 -0.050117
v -0.144047 0.795420 -0.059666
v -0.139836 0.795420 -0.068959
v -0.135026 0.795420 -0.077957
v -0.129639 0.795420 -0.086622
v -0.123696 0.795420 -0.094915
v -0.117223 0.795420 -0.102802
v -0.110249 0.795420 -0.110249
v -0.102802 0.795420 -0.117223
v -0.094915 0.795420 -0.123696
v -0.086622 0.795420 -0.129639
v -0.077958 0.795420 -0.135026
v -0.068959 0.795420 -0.139836
v -0.059666 0.795420 -0.144047
v -0.050117 0.795420 -0.147641
v -0.040354 0.795420 -0.150602
v -0.030418 0.795420 -0.152919
v -0.020351 0.795420 -0.154581
v -0.010197 0.795420 -0.155581
v -0.000000 0.795420 -0.155915
v 0.010197 0.795420 -0.155581
v 0.020351 0.795420 -0.154581
v 0.030418 0.795420 -0.152919
v 0.040354 0.795420 -0.150602
v 0.050117 0.795420 -0.147641
v 0.059666 0.795420 -0.144047
v 0.068959 0.795420 -0.139836
v 0.077957 0.795420 -0.135026
v 0.086622 0.795420 -0.129639
v 0.094915 0.795420 -0.123696
v 0.102802 0.795420 -0.117223
v 0.110249 0.795420 -0.110249
v 0.117223 0.795420 -0.102802
v 0.123696 0.795420 -0.094915
v 0.129639 0.795420 -0.086622
v 0.135026 0.795420 -0.077958
v 0.139836 0.795420 -0.068959
v 0.144047 0.795420 -0.059666
v 0.147641 0.795420 -0.050117
v 0.150602 0.795420 -0.040354
v 0.152919 0.795420 -0.030418
v 0.154581 0.795420 -0.020351
v 0.155581 0.795420 -0.010197
v 0.155000 0.800000 0.000000
v 0.154668 0.800000 0.010137
v 0.153674 0.800000 0.020232
v 0.152022 0.800000 0.030239
v 0.149719 0.800000 0.040117
v 0.146774 0.800000 0.049823
v 0.143201 0.800000 0.059316
v 0.139015 0.800000 0.068555
v 0.134234 0.800000 0.077500
v 0.128878 0.800000 0.086113
v 0.122970 0.800000 0.094358
v 0.116535 0.800000 0.102199
v 0.109602 0.800000 0.109602
v 0.102199 0.800000 0.116535
v 0.094358 0.800000 0.122970
v 0.086113 0.800000 0.128878
v 0.077500 0.800000 0.134234
v 0.068555 0.800000 0.139015
v 0.059316 0.800000 0.143201
v 0.049823 0.800000 0.146774
v 0.040117 0.800000 0.149719
v 0.030239 0.800000 0.152022
v 0.020232 0.800000 0.153674
v 0.010137 0.800000 0.154668
v 0.000000 0.800000 0.155000
v -0.010137 0.800000 0.154668
v -0.020232 0.800000 0.153674
v -0.030239 0.800000 0.152022
v -0.040117 0.800000 0.149719
v -0.049823 0.800000 0.146774
v -0.059316 0.800000 0.143201
v -0.068555 0.800000 0.139015
v -0.077500 0.800000 0.134234
v -0.086113 0.800000 0.128878
v -0.094358 0.800000 0.122970
v -0.102199 0.800000 0.116535
v -0.109602 0.800000 0.109602
v -0.116535 0.800000 0.102199
v -0.122970 0.800000 0.094358
v -0.128878 0.800000 0.086113
v -0.134234 0.800000 0.077500
v -0.139015 0.800000 0.068555
v -0.143201 0.800000 0.059316
v -0.146774 0.800000 0.049823
v -0.149719 0.800000 0.040117
v -0.152022 0.800000 0.030239
v -0.153674 0.800000 0.020232
v -0.154668 0.800000 0.010137
v -0.155000 0.800000 0.000000
v -0.154668 0.800000 -0.010137
v -0.153674 0.800000 -0.020232
v -0.152022 0.800000 -0.030239
v -0.149719 0.800000 -0.040117
v -0.146774 0.800000 -0.049823
v -0.143201 0.800000 -0.059316
v -0.139015 0.800000 -0.068555
v -0.134234 0.800000 -0.077500
v -0.128878 0.800000 -0.086113
v -0.122970 0.800000 -0.094358
v -0.116535 0.800000 -0.102199
v -0.109602 0.800000 -0.109602
v -0.102199 0.800000 -0.116535
v -0.094358 0.800000 -0.122970
v -0.086113 0.800000 -0.128878
v -0.077500 0.800000 -0.134234
v -0.068555 0.800000 -0.139015
v -0.059316 0.800000 -0.143201
v -0.049823 0.800000 -0.146774
v -0.040117 0.800000 -0.149719
v -0.030239 0.800000 -0.152022
v -0.020232 0.800000 -0.153674
v -0.010137 0.800000 -0.154668
v -0.000000 0.800000 -0.155000
v 0.010137 0.800000 -0.154668
v 0.020232 0.800000 -0.153674
v 0.030239 0.800000 -0.152022
v 0.040117 0.800000 -0.149719
v 0.049823 0.800000 -0.146774
v 0.059316 0.800000 -0.143201
v 0.068555 0.800000 -0.139015
v 0.077500 0.800000 -0.134234
v 0.086113 0.800000 -0.128878
v 0.094358 0.800000 -0.122970
v 0.102199 0.800000 -0.116535
v 0.109602 0.800000 -0.109602
v 0.116535 0.800000 -0.102199
v 0.122970 0.800000 -0.094358
v 0.128878 0.800000 -0.086113
v 0.134234 0.800000 -0.077500
v 0.139015 0.800000 -0.068555
v 0.143201 0.800000 -0.059316
v 0.146774 0.800000 -0.049823
v 0.149719 0.800000 -0.040117
v 0.152022 0.800000 -0.030239
v 0.153674 0.800000 -0.020232
v 0.154668 0.800000 -0.010137
v 0.155000 0.800000 0.000000
v 0.154668 0.800000 0.010137
v 0.153674 0.800000 0.020232
v 0.152022 0.800000 0.030239
v 0.149719 0.800000 0.040117
v 0.146774 0.800000 0.049823
v 0.143201 0.800000 0.059316
v 0.139015 0.800000 0.068555
v 0.134234 0.800000 0.077500
v 0.128878 0.800000 0.086113
v 0.122970 0.800000 0.094358
v 0.116535 0.800000 0.102199
v 0.109602 0.800000 0.109602
v 0.102199 0.800000 0.116535
v 0.094358 0.800000 0.122970
v 0.086113 0.800000 0.128878
v 0.077500 0.800000 0.134234
v 0.068555 0.800000 0.139015
v 0.059316 0.800000 0.143201
v 0.049823 0.800000 0.146774
v 0.040117 0.800000 0.149719
v 0.030239 0.800000 0.152022
v 0.020232 0.800000 0.153674
v 0.010137 0.800000 0.154668
v 0.000000 0.800000 0.155000
v -0.010137 0.800000 0.154668
v -0.020232 0.800000 0.153674
v -0.030239 0.800000 0.152022
v -0.040117 0.800000 0.149719
v -0.049823 0.800000 0.146774
v -0.059316 0.800000 0.143201
v -0.068555 0.800000 0.139015
v -0.077500 0.800000 0.134234
v -0.086113 0.800000 0.128878
v -0.094358 0.800000 0.122970
v -0.102199 0.800000 0.116535
v -0.109602 0.800000 0.109602
v -0.116535 0.800000 0.102199
v -0.122970 0.800000 0.094358
v -0.128878 0.800000 0.086113
v -0.134234 0.800000 0.077500
v -0.139015 0.800000 0.068555
v -0.143201 0.800000 0.059316
v -0.146774 0.800000 0.049823
v -0.149719 0.800000 0.040117
v -0.152022 0.800000 0.030239
v -0.153674 0.800000 0.020232
v -0.154668 0.800000 0.010137
v -0.155000 0.800000 0.000000
v -0.154668 0.800000 -0.010137
v -0.153674 0.800000 -0.020232
v -0.152022 0.800000 -0.030239
v -0.149719 0.800000 -0.040117
v -0.146774 0.800000 -0.049823
v -0.143201 0.800000 -0.059316
v -0.139015 0.800000 -0.068555
v -0.134234 0.800000 -0.077500
v -0.128878 0.800000 -0.086113
v -0.122970 0.800000 -0.094358
v -0.116535 0.800000 -0.102199
v -0.109602 0.800000 -0.109602
v -0.102199 0.800000 -0.116535
v -0.094358 0.800000 -0.122970
v -0.086113 0.800000 -0.128878
v -0.077500 0.800000 -0.134234
v -0.068555 0.800000 -0.139015
v -0.059316 0.800000 -0.143201
v -0.049823 0.800000 -0.146774
v -0.040117 0.800000 -0.149719
v -0.030239 0.800000 -0.152022
v -0.020232 0.800000 -0.153674
v -0.010137 0.800000 -0.154668
v -0.000000 0.800000 -0.155000
v 0.010137 0.800000 -0.154668
v 0.020232 0.800000 -0.153674
v 0.030239 0.800000 -0.152022
v 0.040117 0.800000 -0.149719
v 0.049823 0.800000 -0.146774
v 0.059316 0.800000 -0.143201
v 0.068555 0.800000 -0.139015
v 0.077500 0.800000 -0.134234
v 0.086113 0.800000 -0.128878
v 0.094358 0.800000 -0.122970
v 0.102199 0.800000 -0.116535
v 0.109602 0.800000 -0.109602
v 0.116535 0.800000 -0.102199
v 0.122970 0.800000 -0.094358
v 0.128878 0.800000 -0.086113
v 0.134234 0.800000 -0.077500
v 0.139015 0.800000 -0.068555
v 0.143201 0.800000 -0.059316
v 0.146774 0.800000 -0.049823
v 0.149719 0.800000 -0.040117
v 0.152022 0.800000 -0.030239
v 0.153674 0.800000 -0.020232
v 0.154668 0.800000 -0.010137
v 0.148000 0.800000 0.000000
v 0.147683 0.800000 0.009680
v 0.146734 0.800000 0.019318
v 0.145156 0.800000 0.028873
v 0.142957 0.800000 0.038305
v 0.140146 0.800000 0.047573
v 0.136734 0.800000 0.056637
v 0.132737 0.800000 0.065459
v 0.128172 0.800000 0.074000
v 0.123058 0.800000 0.082224
v 0.117416 0.800000 0.090097
v 0.111272 0.800000 0.097583
v 0.104652 0.800000 0.104652
v 0.097583 0.800000 0.111272
v 0.090097 0.800000 0.117416
v 0.082224 0.800000 0.123058
v 0.074000 0.800000 0.128172
v 0.065459 0.800000 0.132737
v 0.056637 0.800000 0.136734
v 0.047573 0.800000 0.140146
v 0.038305 0.800000 0.142957
v 0.028873 0.800000 0.145156
v 0.019318 0.800000 0.146734
v 0.009680 0.800000 0.147683
v 0.000000 0.800000 0.148000
v -0.009680 0.800000 0.147683
v -0.019318 0.800000 0.146734
v -0.028873 0.800000 0.145156
v -0.038305 0.800000 0.142957
v -0.047573 0.800000 0.140146
v -0.056637 0.800000 0.136734
v -0.065459 0.800000 0.132737
v -0.074000 0.800000 0.128172
v -0.082224 0.800000 0.123058
v -0.090097 0.800000 0.117416
v -0.097583 0.800000 0.111272
v -0.104652 0.800000 0.104652
v -0.111272 0.800000 0.097583
v -0.117416 0.800000 0.090097
v -0.123058 0.800000 0.082224
v -0.128172 0.800000 0.074000
v -0.132737 0.800000 0.065459
v -0.136734 0.800000 0.056637
v -0.140146 0.800000 0.047573
v -0.142957 0.800000 0.038305
v -0.145156 0.800000 0.028873
v -0.146734 0.800000 0.019318
v -0.147683 0.800000 0.009680
v -0.148000 0.800000 0.000000
v -0.147683 0.800000 -0.009680
v -0.146734 0.800000 -0.019318
v -0.145156 0.800000 -0.028873
v -0.142957 0.800000 -0.038305
v -0.140146 0.800000 -0.047573
v -0.136734 0.800000 -0.056637
v -0.132737 0.800000 -0.065459
v -0.128172 0.800000 -0.074000
v -0.123058 0.800000 -0.082224
v -0.117416 0.800000 -0.090097
v -0.111272 0.800000 -0.097583
v -0.104652 0.800000 -0.104652
v -0.097583 0.800000 -0.111272
v -0.090097 0.800000 -0.117416
v -0.082224 0.800000 -0.123058
v -0.074000 0.800000 -0.128172
v -0.065459 0.800000 -0.132737
v -0.056637 0.800000 -0.136734
v -0.047573 0.800000 -0.140146
v -0.038305 0.800000 -0.142957
v -0.028873 0.800000 -0.145156
v -0.019318 0.800000 -0.146734
v -0.009680 0.800000 -0.147683
v -0.000000 0.800000 -0.148000
v 0.009680 0.800000 -0.147683
v 0.019318 0.800000 -0.146734
v 0.028873 0.800000 -0.145156
v 0.038305 0.800000 -0.142957
v 0.047573 0.800000 -0.140146
v 0.056637 0.800000 -0.136734
v 0.065459 0.800000 -0.132737
v 0.074000 0.800000 -0.128172
v 0.082224 0.800000 -0.123058
v 0.090097 0.800000 -0.117416
v 0.097583 0.800000 -0.111272
v 0.104652 0.800000 -0.104652
v 0.111272 0.800000 -0.097583
v 0.117416 0.800000 -0.090097
v 0.123058 0.800000 -0.082224
v 0.128172 0.800000 -0.074000
v 0.132737 0.800000 -0.065459
v 0.136734 0.800000 -0.056637
v 0.140146 0.800000 -0.047573
v 0.142957 0.800000 -0.038305
v 0.145156 0.800000 -0.028873
v 0.146734 0.800000 -0.019318
v 0.147683 0.800000 -0.009680
v 0.148000 0.800000 0.000000
v 0.147683 0.800000 0.009680
v 0.146734 0.800000 0.019318
v 0.145156 0.800000 0.028873
v 0.142957 0.800000 0.038305
v 0.140146 0.800000 0.047573
v 0.136734 0.800000 0.056637
v 0.132737 0.800000 0.065459
v 0.128172 0.800000 0.074000
v 0.123058 0.800000 0.082224
v 0.117416 0.800000 0.090097
v 0.111272 0.800000 0.097583
v 0.104652 0.800000 0.104652
v 0.097583 0.800000 0.111272
v 0.090097 0.800000 0.117416
v 0.082224 0.800000 0.123058
v 0.074000 0.800000 0.128172
v 0.065459 0.800000 0.132737
v 0.056637 0.800000 0.136734
v 0.047573 0.800000 0.140146
v 0.038305 0.800000 0.142957
v 0.028873 0.800000 0.145156
v 0.019318 0.800000 0.146734
v 0.009680 0.800000 0.147683
v 0.000000 0.800000 0.148000
v -0.009680 0.800000 0.147683
v -0.019318 0.800000 0.146734
v -0.028873 0.800000 0.145156
v -0.038305 0.800000 0.142957
v -0.047573 0.800000 0.140146
v -0.056637 0.800000 0.136734
v -0.065459 0.800000 0.132737
v -0.074000 0.800000 0.128172
v -0.082224 0.800000 0.123058
v -0.090097 0.800000 0.117416
v -0.097583 0.800000 0.111272
v -0.104652 0.800000 0.104652
v -0.111272 0.800000 0.097583
v -0.117416 0.800000 0.090097
v -0.123058 0.800000 0.082224
v -0.128172 0.800000 0.074000
v -0.132737 0.800000 0.065459
v -0.136734 0.800000 0.056637
v -0.140146 0.800000 0.047573
v -0.142957 0.800000 0.038305
v -0.145156 0.800000 0.028873
v -0.146734 0.800000 0.019318
v -0.147683 0.800000 0.009680
v -0.148000 0.800000 0.000000
v -0.147683 0.800000 -0.009680
v -0.146734 0.800000 -0.019318
v -0.145156 0.800000 -0.028873
v -0.142957 0.800000 -0.038305
v -0.140146 0.800000 -0.047573
v -0.136734 0.800000 -0.056637
v -0.132737 0.800000 -0.065459
v -0.128172 0.800000 -0.074000
v -0.123058 0.800000 -0.082224
v -0.117416 0.800000 -0.090097
v -0.111272 0.800000 -0.097583
v -0.104652 0.800000 -0.104652
v -0.097583 0.800000 -0.111272
v -0.090097 0.800000 -0.117416
v -0.082224 0.800000 -0.123058
v -0.074000 0.800000 -0.128172
v -0.065459 0.800000 -0.132737
v -0.056637 0.800000 -0.136734
v -0.047573 0.800000 -0.140146
v -0.038305 0.800000 -0.142957
v -0.028873 0.800000 -0.145156
v -0.019318 0.800000 -0.146734
v -0.009680 0.800000 -0.147683
v -0.000000 0.800000 -0.148000
v 0.009680 0.800000 -0.147683
v 0.019318 0.800000 -0.146734
v 0.028873 0.800000 -0.145156
v 0.038305 0.800000 -0.142957
v 0.047573 0.800000 -0.140146
v 0.056637 0.800000 -0.136734
v 0.065459 0.800000 -0.132737
v 0.074000 0.800000 -0.128172
v 0.082224 0.800000 -0.123058
v 0.090097 0.800000 -0.117416
v 0.097583 0.800000 -0.111272
v 0.104652 0.800000 -0.104652
v 0.111272 0.800000 -0.097583
v 0.117416 0.800000 -0.090097
v 0.123058 0.800000 -0.082224
v 0.128172 0.800000 -0.074000
v 0.132737 0.800000 -0.065459
v 0.136734 0.800000 -0.056637
v 0.140146 0.800000 -0.047573
v 0.142957 0.800000 -0.038305
v 0.145156 0.800000 -0.028873
v 0.146734 0.800000 -0.019318
v 0.147683 0.800000 -0.009680
v 0.148851 0.795420 0.000000
v 0.148532 0.795420 0.009735
v 0.147578 0.795420 0.019429
v 0.145991 0.795420 0.029039
v 0.143779 0.795420 0.038525
v 0.140951 0.795420 0.047847
v 0.137520 0.795420 0.056963
v 0.133500 0.795420 0.065835
v 0.128909 0.795420 0.074425
v 0.123765 0.795420 0.082697
v 0.118091 0.795420 0.090615
v 0.111912 0.795420 0.098144
v 0.105254 0.795420 0.105254
v 0.098144 0.795420 0.111912
v 0.090615 0.795420 0.118091
v 0.082697 0.795420 0.123765
v 0.074426 0.795420 0.128909
v 0.065835 0.795420 0.133500
v 0.056963 0.795420 0.137520
v 0.047847 0.795420 0.140951
v 0.038525 0.795420 0.143779
v 0.029039 0.795420 0.145991
v 0.019429 0.795420 0.147578
v 0.009735 0.795420 0.148532
v 0.000000 0.795420 0.148851
v -0.009735 0.795420 0.148532
v -0.019429 0.795420 0.147578
v -0.029039 0.795420 0.145991
v -0.038525 0.795420 0.143779
v -0.047847 0.795420 0.140951
v -0.056963 0.795420 0.137520
v -0.065835 0.795420 0.133500
v -0.074425 0.795420 0.128909
v -0.082697 0.795420 0.123765
v -0.090615 0.795420 0.118091
v -0.098144 0.795420 0.111912
v -0.105254 0.795420 0.105254
v -0.111912 0.795420 0.098144
v -0.118091 0.795420 0.090615
v -0.123765 0.795420 0.082697
v -0.128909 0.795420 0.074425
v -0.133500 0.795420 0.065835
v -0.137520 0.795420 0.056963
v -0.140951 0.795420 0.047847
v -0.143779 0.795420 0.038525
v -0.145991 0.795420 0.029039
v -0.147578 0.795420 0.019429
v -0.148532 0.795420 0.009735
v -0.148851 0.795420 0.000000
v -0.148532 0.795420 -0.009735
v -0.147578 0.795420 -0.019429
v -0.145991 0.795420 -0.029039
v -0.143779 0.795420 -0.038525
v -0.140951 0.795420 -0.047847
v -0.137520 0.795420 -0.056963
v -0.133500 0.795420 -0.065835
v -0.128909 0.795420 -0.074425
v -0.123765 0.795420 -0.082697
v -0.118091 0.795420 -0.090615
v -0.111912 0.795420 -0.098144
v -0.105254 0.795420 -0.105254
v -0.098144 0.795420 -0.111912
v -0.090615 0.795420 -0.118091
v -0.082697 0.795420 -0.123765
v -0.074426 0.795420 -0.128909
v -0.065835 0.795420 -0.133500
v -0.056963 0.795420 -0.137520
v -0.047847 0.795420 -0.140951
v -0.038525 0.795420 -0.143779
v -0.029039 0.795420 -0.145991
v -0.019429 0.795420 -0.147578
v -0.009735 0.795420 -0.148532
v -0.000000 0.795420 -0.148851
v 0.009735 0.795420 -0.148532
v 0.019429 0.795420 -0.147578
v 0.029039 0.795420 -0.145991
v 0.038525 0.795420 -0.143779
v 0.047847 0.795420 -0.140951
v 0.056963 0.795420 -0.137520
v 0.065835 0.795420 -0.133500
v 0.074426 0.795420 -0.128909
v 0.082697 0.795420 -0.123765
v 0.090615 0.795420 -0.118091
v 0.098144 0.795420 -0.111912
v 0.105254 0.795420 -0.105254
v 0.111912 0.795420 -0.098144
v 0.118091 0.795420 -0.090615
v 0.123765 0.795420 -0.082697
v 0.128909 0.795420 -0.074426
v 0.133500 0.795420 -0.065835
v 0.137520 0.795420 -0.056963
v 0.140951 0.795420 -0.047847
v 0.143779 0.795420 -0.038525
v 0.145991 0.795420 -0.029039
v 0.147578 0.795420 -0.019429
v 0.148532 0.795420 -0.009735
v 0.149968 0.789760 0.000000
v 0.149647 0.789760 0.009808
v 0.148685 0.789760 0.019575
v 0.147086 0.789760 0.029257
v 0.144858 0.789760 0.038815
v 0.142009 0.789760 0.048206
v 0.138552 0.789760 0.057390
v 0.134502 0.789760 0.066329
v 0.129876 0.789760 0.074984
v 0.124694 0.789760 0.083318
v 0.118978 0.789760 0.091295
v 0.112752 0.789760 0.098881
v 0.106043 0.789760 0.106043
v 0.098881 0.789760 0.112752
v 0.091295 0.789760 0.118978
v 0.083318 0.789760 0.124694
v 0.074984 0.789760 0.129876
v 0.066329 0.789760 0.134502
v 0.057390 0.789760 0.138552
v 0.048206 0.789760 0.142009
v 0.038815 0.789760 0.144858
v 0.029257 0.789760 0.147086
v 0.019575 0.789760 0.148685
v 0.009808 0.789760 0.149647
v 0.000000 0.789760 0.149968
v -0.009808 0.789760 0.149647
v -0.019575 0.789760 0.148685
v -0.029257 0.789760 0.147086
v -0.038815 0.789760 0.144858
v -0.048206 0.789760 0.142009
v -0.057390 0.789760 0.138552
v -0.066329 0.789760 0.134502
v -0.074984 0.789760 0.129876
v -0.083318 0.789760 0.124694
v -0.091295 0.789760 0.118978
v -0.098881 0.789760 0.112752
v -0.106043 0.789760 0.106043
v -0.112752 0.789760 0.098881
v -0.118978 0.789760 0.091295
v -0.124694 0.789760 0.083318
v -0.129876 0.789760 0.074984
v -0.134502 0.789760 0.066329
v -0.138552 0.789760 0.057390
v -0.142009 0.789760 0.048206
v -0.144858 0.789760 0.038815
v -0.147086 0.789760 0.029257
v -0.148685 0.789760 0.019575
v -0.149647 0.789760 0.009808
v -0.149968 0.789760 0.000000
v -0.149647 0.789760 -0.009808
v -0.148685 0.789760 -0.019575
v -0.147086 0.789760 -0.029257
v -0.144858 0.789760 -0.038815
v -0.142009 0.789760 -0.048206
v -0.138552 0.789760 -0.057390
v -0.134502 0.789760 -0.066329
v -0.129876 0.789760 -0.074984
v -0.124694 0.789760 -0.083318
v -0.118978 0.789760 -0.091295
v -0.112752 0.789760 -0.098881
v -0.106043 0.789760 -0.106043
v -0.098881 0.789760 -0.112752
v -0.091295 0.789760 -0.118978
v -0.083318 0.789760 -0.124694
v -0.074984 0.789760 -0.129876
v -0.066329 0.789760 -0.134502
v -0.057390 0.789760 -0.138552
v -0.048206 0.789760 -0.142009
v -0.038815 0.789760 -0.144858
v -0.029257 0.789760 -0.147086
v -0.019575 0.789760 -0.148685
v -0.009808 0.789760 -0.149647
v -0.000000 0.789760 -0.149968
v 0.009808 0.789760 -0.149647
v 0.019575 0.789760 -0.148685
v 0.029257 0.789760 -0.147086
v 0.038815 0.789760 -0.144858
v 0.048206 0.789760 -0.142009
v 0.057390 0.789760 -0.138552
v 0.066329 0.789760 -0.134502
v 0.074984 0.789760 -0.129876
v 0.083318 0.789760 -0.124694
v 0.091295 0.789760 -0.118978
v 0.098881 0.789760 -0.112752
v 0.106043 0.789760 -0.106043
v 0.112752 0.789760 -0.098881
v 0.118978 0.789760 -0.091295
v 0.124694 0.789760 -0.083318
v 0.129876 0.789760 -0.074984
v 0.134502 0.789760 -0.066329
v 0.138552 0.789760 -0.057390
v 0.142009 0.789760 -0.048206
v 0.144858 0.789760 -0.038815
v 0.147086 0.789760 -0.029257
v 0.148685 0.789760 -0.019575
v 0.149647 0.789760 -0.009808
v 0.151297 0.783140 0.000000
v 0.150973 0.783140 0.009895
v 0.150003 0.783140 0.019748
v 0.148390 0.783140 0.029517
v 0.146142 0.783140 0.039159
v 0.143268 0.783140 0.048633
v 0.139780 0.783140 0.057899
v 0.135694 0.783140 0.066917
v 0.131027 0.783140 0.075648
v 0.125799 0.783140 0.084056
v 0.120032 0.783140 0.092104
v 0.113751 0.783140 0.099757
v 0.106983 0.783140 0.106983
v 0.099757 0.783140 0.113751
v 0.092104 0.783140 0.120032
v 0.084056 0.783140 0.125799
v 0.075649 0.783140 0.131027
v 0.066917 0.783140 0.135694
v 0.057899 0.783140 0.139780
v 0.048633 0.783140 0.143268
v 0.039159 0.783140 0.146142
v 0.029517 0.783140 0.148390
v 0.019748 0.783140 0.150003
v 0.009895 0.783140 0.150973
v 0.000000 0.783140 0.151297
v -0.009895 0.783140 0.150973
v -0.019748 0.783140 0.150003
v -0.029517 0.783140 0.148390
v -0.039159 0.783140 0.146142
v -0.048633 0.783140 0.143268
v -0.057899 0.783140 0.139780
v -0.066917 0.783140 0.135694
v -0.075648 0.783140 0.131027
v -0.084056 0.783140 0.125799
v -0.092104 0.783140 0.120032
v -0.099757 0.783140 0.113751
v -0.106983 0.783140 0.106983
v -0.113751 0.783140 0.099757
v -0.120032 0.783140 0.092104
v -0.125799 0.783140 0.084056
v -0.131027 0.783140 0.075648
v -0.135694 0.783140 0.066917
v -0.139780 0.783140 0.057899
v -0.143268 0.783140 0.048633
v -0.146142 0.783140 0.039159
v -0.148390 0.783140 0.029517
v -0.150003 0.783140 0.019748
v -0.150973 0.783140 0.009895
v -0.151297 0.783140 0.000000
v -0.150973 0.783140 -0.009895
v -0.150003 0.783140 -0.019748
v -0.148390 0.783140 -0.029517
v -0.146142 0.783140 -0.039159
v -0.143268 0.783140 -0.048633
v -0.139780 0.783140 -0.057899
v -0.135694 0.783140 -0.066917
v -0.131027 0.783140 -0.075648
v -0.125799 0.783140 -0.084056
v -0.120032 0.783140 -0.092104
v -0.113751 0.783140 -0.099757
v -0.106983 0.783140 -0.106983
v -0.099757 0.783140 -0.113751
v -0.092104 0.783140 -0.120032
v -0.084056 0.783140 -0.125799
v -0.075649 0.783140 -0.131027
v -0.066917 0.783140 -0.135694
v -0.057899 0.783140 -0.139780
v -0.048633 0.783140 -0.143268
v -0.039159 0.783140 -0.146142
v -0.029517 0.783140 -0.148390
v -0.019748 0.783140 -0.150003
v -0.009895 0.783140 -0.150973
v -0.000000 0.783140 -0.151297
v 0.009895 0.783140 -0.150973
v 0.019748 0.783140 -0.150003
v 0.029517 0.783140 -0.148390
v 0.039159 0.783140 -0.146142
v 0.048633 0.783140 -0.143268
v 0.057899 0.783140 -0.139780
v 0.066917 0.783140 -0.135694
v 0.075649 0.783140 -0.131027
v 0.084056 0.783140 -0.125799
v 0.092104 0.783140 -0.120032
v 0.099757 0.783140 -0.113751
v 0.106983 0.783140 -0.106983
v 0.113751 0.783140 -0.099757
v 0.120032 0.783140 -0.092104
v 0.125799 0.783140 -0.084056
v 0.131027 0.783140 -0.075649
v 0.135694 0.783140 -0.066917
v 0.139780 0.783140 -0.057899
v 0.143268 0.783140 -0.048633
v 0.146142 0.783140 -0.039159
v 0.148390 0.783140 -0.029517
v 0.150003 0.783140 -0.019748
v 0.150973 0.783140 -0.009895
v 0.152784 0.775680 0.000000
v 0.152457 0.775680 0.009993
v 0.151477 0.775680 0.019942
v 0.149848 0.775680 0.029807
v 0.147578 0.775680 0.039543
v 0.144676 0.775680 0.049111
v 0.141154 0.775680 0.058468
v 0.137028 0.775680 0.067575
v 0.132315 0.775680 0.076392
v 0.127035 0.775680 0.084882
v 0.121212 0.775680 0.093009
v 0.114869 0.775680 0.100737
v 0.108035 0.775680 0.108035
v 0.100737 0.775680 0.114869
v 0.093009 0.775680 0.121212
v 0.084882 0.775680 0.127035
v 0.076392 0.775680 0.132315
v 0.067575 0.775680 0.137028
v 0.058468 0.775680 0.141154
v 0.049111 0.775680 0.144676
v 0.039543 0.775680 0.147578
v 0.029807 0.775680 0.149848
v 0.019942 0.775680 0.151477
v 0.009993 0.775680 0.152457
v 0.000000 0.775680 0.152784
v -0.009993 0.775680 0.152457
v -0.019942 0.775680 0.151477
v -0.029807 0.775680 0.149848
v -0.039543 0.775680 0.147578
v -0.049111 0.775680 0.144676
v -0.058468 0.775680 0.141154
v -0.067575 0.775680 0.137028
v -0.076392 0.775680 0.132315
v -0.084882 0.775680 0.127035
v -0.093009 0.775680 0.121212
v -0.100737 0.775680 0.114869
v -0.108035 0.775680 0.108035
v -0.114869 0.775680 0.100737
v -0.121212 0.775680 0.093009
v -0.127035 0.775680 0.084882
v -0.132315 0.775680 0.076392
v -0.137028 0.775680 0.067575
v -0.141154 0.775680 0.058468
v -0.144676 0.775680 0.049111
v -0.147578 0.775680 0.039543
v -0.149848 0.775680 0.029807
v -0.151477 0.775680 0.019942
v -0.152457 0.775680 0.009993
v -0.152784 0.775680 0.000000
v -0.152457 0.775680 -0.009993
v -0.151477 0.775680 -0.019942
v -0.149848 0.775680 -0.029807
v -0.147578 0.775680 -0.039543
v -0.144676 0.775680 -0.049111
v -0.141154 0.775680 -0.058468
v -0.137028 0.775680 -0.067575
v -0.132315 0.775680 -0.076392
v -0.127035 0.775680 -0.084882
v -0.121212 0.775680 -0.093009
v -0.114869 0.775680 -0.100737
v -0.108035 0.775680 -0.108035
v -0.100737 0.775680 -0.114869
v -0.093009 0.775680 -0.121212
v -0.084882 0.775680 -0.127035
v -0.076392 0.775680 -0.132315
v -0.067575 0.775680 -0.137028
v -0.058468 0.775680 -0.141154
v -0.049111 0.775680 -0.144676
v -0.039543 0.775680 -0.147578
v -0.029807 0.775680 -0.149848
v -0.019942 0.775680 -0.151477
v -0.009993 0.775680 -0.152457
v -0.000000 0.775680 -0.152784
v 0.009993 0.775680 -0.152457
v 0.019942 0.775680 -0.151477
v 0.029807 0.775680 -0.149848
v 0.039543 0.775680 -0.147578
v 0.049111 0.775680 -0.144676
v 0.058468 0.775680 -0.141154
v 0.067575 0.775680 -0.137028
v 0.076392 0.775680 -0.132315
v 0.084882 0.775680 -0.127035
v 0.093009 0.775680 -0.121212
v 0.100737 0.775680 -0.114869
v 0.108035 0.775680 -0.108035
v 0.114869 0.775680 -0.100737
v 0.121212 0.775680 -0.093009
v 0.127035 0.775680 -0.084882
v 0.132315 0.775680 -0.076392
v 0.137028 0.775680 -0.067575
v 0.141154 0.775680 -0.058468
v 0.144676 0.775680 -0.049111
v 0.147578 0.775680 -0.039543
v 0.149848 0.775680 -0.029807
v 0.151477 0.775680 -0.019942
v 0.152457 0.775680 -0.009993
v 0.154375 0.767500 0.000000
v 0.154044 0.767500 0.010097
v 0.153054 0.767500 0.020150
v 0.151409 0.767500 0.030117
v 0.149115 0.767500 0.039955
v 0.146182 0.767500 0.049622
v 0.142624 0.767500 0.059077
v 0.138455 0.767500 0.068278
v 0.133693 0.767500 0.077187
v 0.128358 0.767500 0.085766
v 0.122474 0.767500 0.093978
v 0.116065 0.767500 0.101787
v 0.109160 0.767500 0.109160
v 0.101787 0.767500 0.116065
v 0.093978 0.767500 0.122474
v 0.085766 0.767500 0.128358
v 0.077188 0.767500 0.133693
v 0.068278 0.767500 0.138455
v 0.059077 0.767500 0.142624
v 0.049622 0.767500 0.146182
v 0.039955 0.767500 0.149115
v 0.030117 0.767500 0.151409
v 0.020150 0.767500 0.153054
v 0.010097 0.767500 0.154044
v 0.000000 0.767500 0.154375
v -0.010097 0.767500 0.154044
v -0.020150 0.767500 0.153054
v -0.030117 0.767500 0.151409
v -0.039955 0.767500 0.149115
v -0.049622 0.767500 0.146182
v -0.059077 0.767500 0.142624
v -0.068278 0.767500 0.138455
v -0.077187 0.767500 0.133693
v -0.085766 0.767500 0.128358
v -0.093978 0.767500 0.122474
v -0.101787 0.767500 0.116065
v -0.109160 0.767500 0.109160
v -0.116065 0.767500 0.101787
v -0.122474 0.767500 0.093978
v -0.128358 0.767500 0.085766
v -0.133693 0.767500 0.077187
v -0.138455 0.767500 0.068278
v -0.142624 0.767500 0.059077
v -0.146182 0.767500 0.049622
v -0.149115 0.767500 0.039955
v -0.151409 0.767500 0.030117
v -0.153054 0.767500 0.020150
v -0.154044 0.767500 0.010097
v -0.154375 0.767500 0.000000
v -0.154044 0.767500 -0.010097
v -0.153054 0.767500 -0.020150
v -0.151409 0.767500 -0.030117
v -0.149115 0.767500 -0.039955
v -0.146182 0.767500 -0.049622
v -0.142624 0.767500 -0.059077
v -0.138455 0.767500 -0.068278
v -0.133693 0.767500 -0.077187
v -0.128358 0.767500 -0.085766
v -0.122474 0.767500 -0.093978
v -0.116065 0.767500 -0.101787
v -0.109160 0.767500 -0.109160
v -0.101787 0.767500 -0.116065
v -0.093978 0.767500 -0.122474
v -0.085766 0.767500 -0.128358
v -0.077188 0.767500 -0.133693
v -0.068278 0.767500 -0.138455
v -0.059077 0.767500 -0.142624
v -0.049622 0.767500 -0.146182
v -0.039955 0.767500 -0.149115
v -0.030117 0.767500 -0.151409
v -0.020150 0.767500 -0.153054
v -0.010097 0.767500 -0.154044
v -0.000000 0.767500 -0.154375
v 0.010097 0.767500 -0.154044
v 0.020150 0.767500 -0.153054
v 0.030117 0.767500 -0.151409
v 0.039955 0.767500 -0.149115
v 0.049622 0.767500 -0.146182
v 0.059077 0.767500 -0.142624
v 0.068278 0.767500 -0.138455
v 0.077188 0.767500 -0.133693
v 0.085766 0.767500 -0.128358
v 0.093978 0.767500 -0.122474
v 0.101787 0.767500 -0.116065
v 0.109160 0.767500 -0.109160
v 0.116065 0.767500 -0.101787
v 0.122474 0.767500 -0.093978
v 0.128358 0.767500 -0.085766
v 0.133693 0.767500 -0.077188
v 0.138455 0.767500 -0.068278
v 0.142624 0.767500 -0.059077
v 0.146182 0.767500 -0.049622
v 0.149115 0.767500 -0.039955
v 0.151409 0.767500 -0.030117
v 0.153054 0.767500 -0.020150
v 0.154044 0.767500 -0.010097
v 0.156016 0.758720 0.000000
v 0.155682 0.758720 0.010204
v 0.154681 0.758720 0.020364
v 0.153018 0.758720 0.030437
v 0.150700 0.758720 0.040380
v 0.147736 0.758720 0.050150
v 0.144140 0.758720 0.059705
v 0.139926 0.758720 0.069004
v 0.135114 0.758720 0.078008
v 0.129723 0.758720 0.086678
v 0.123776 0.758720 0.094977
v 0.117299 0.758720 0.102868
v 0.110320 0.758720 0.110320
v 0.102868 0.758720 0.117299
v 0.094977 0.758720 0.123776
v 0.086678 0.758720 0.129723
v 0.078008 0.758720 0.135114
v 0.069004 0.758720 0.139926
v 0.059705 0.758720 0.144140
v 0.050150 0.758720 0.147736
v 0.040380 0.758720 0.150700
v 0.030437 0.758720 0.153018
v 0.020364 0.758720 0.154681
v 0.010204 0.758720 0.155682
v 0.000000 0.758720 0.156016
v -0.010204 0.758720 0.155682
v -0.020364 0.758720 0.154681
v -0.030437 0.758720 0.153018
v -0.040380 0.758720 0.150700
v -0.050150 0.758720 0.147736
v -0.059705 0.758720 0.144140
v -0.069004 0.758720 0.139926
v -0.078008 0.758720 0.135114
v -0.086678 0.758720 0.129723
v -0.094977 0.758720 0.123776
v -0.102868 0.758720 0.117299
v -0.110320 0.758720 0.110320
v -0.117299 0.758720 0.102868
v -0.123776 0.758720 0.094977
v -0.129723 0.758720 0.086678
v -0.135114 0.758720 0.078008
v -0.139926 0.758720 0.069004
v -0.144140 0.758720 0.059705
v -0.147736 0.758720 0.050150
v -0.150700 0.758720 0.040380
v -0.153018 0.758720 0.030437
v -0.154681 0.758720 0.020364
v -0.155682 0.758720 0.010204
v -0.156016 0.758720 0.000000
v -0.155682 0.758720 -0.010204
v -0.154681 0.758720 -0.020364
v -0.153018 0.758720 -0.030437
v -0.150700 0.758720 -0.040380
v -0.147736 0.758720 -0.050150
v -0.144140 0.758720 -0.059705
v -0.139926 0.758720 -0.069004
v -0.135114 0.758720 -0.078008
v -0.129723 0.758720 -0.086678
v -0.123776 0.758720 -0.094977
v -0.117299 0.758720 -0.102868
v -0.110320 0.758720 -0.110320
v -0.102868 0.758720 -0.117299
v -0.094977 0.758720 -0.123776
v -0.086678 0.758720 -0.129723
v -0.078008 0.758720 -0.135114
v -0.069004 0.758720 -0.139926
v -0.059705 0.758720 -0.144140
v -0.050150 0.758720 -0.147736
v -0.040380 0.758720 -0.150700
v -0.030437 0.758720 -0.153018
v -0.020364 0.758720 -0.154681
v -0.010204 0.758720 -0.155682
v -0.000000 0.758720 -0.156016
v 0.010204 0.758720 -0.155682
v 0.020364 0.758720 -0.154681
v 0.030437 0.758720 -0.153018
v 0.040380 0.758720 -0.150700
v 0.050150 0.758720 -0.147736
v 0.059705 0.758720 -0.144140
v 0.069004 0.758720 -0.139926
v 0.078008 0.758720 -0.135114
v 0.086678 0.758720 -0.129723
v 0.094977 0.758720 -0.123776
v 0.102868 0.758720 -0.117299
v 0.110320 0.758720 -0.110320
v 0.117299 0.758720 -0.102868
v 0.123776 0.758720 -0.094977
v 0.129723 0.758720 -0.086678
v 0.135114 0.758720 -0.078008
v 0.139926 0.758720 -0.069004
v 0.144140 0.758720 -0.059705
v 0.147736 0.758720 -0.050150
v 0.150700 0.758720 -0.040380
v 0.153018 0.758720 -0.030437
v 0.154681 0.758720 -0.020364
v 0.155682 0.758720 -0.010204
v 0.157653 0.749460 0.000000
v 0.157315 0.749460 0.010311
v 0.156304 0.749460 0.020578
v 0.154624 0.749460 0.030757
v 0.152281 0.749460 0.040804
v 0.149286 0.749460 0.050676
v 0.145652 0.749460 0.060331
v 0.141395 0.749460 0.069728
v 0.136532 0.749460 0.078826
v 0.131084 0.749460 0.087587
v 0.125075 0.749460 0.095973
v 0.118530 0.749460 0.103948
v 0.111478 0.749460 0.111478
v 0.103948 0.749460 0.118530
v 0.095973 0.749460 0.125075
v 0.087587 0.749460 0.131084
v 0.078827 0.749460 0.136532
v 0.069728 0.749460 0.141395
v 0.060331 0.749460 0.145652
v 0.050676 0.749460 0.149286
v 0.040804 0.749460 0.152281
v 0.030757 0.749460 0.154624
v 0.020578 0.749460 0.156304
v 0.010311 0.749460 0.157315
v 0.000000 0.749460 0.157653
v -0.010311 0.749460 0.157315
v -0.020578 0.749460 0.156304
v -0.030757 0.749460 0.154624
v -0.040804 0.749460 0.152281
v -0.050676 0.749460 0.149286
v -0.060331 0.749460 0.145652
v -0.069728 0.749460 0.141395
v -0.078826 0.749460 0.136532
v -0.087587 0.749460 0.131084
v -0.095973 0.749460 0.125075
v -0.103948 0.749460 0.118530
v -0.111478 0.749460 0.111478
v -0.118530 0.749460 0.103948
v -0.125075 0.749460 0.095973
v -0.131084 0.749460 0.087587
v -0.136532 0.749460 0.078826
v -0.141395 0.749460 0.069728
v -0.145652 0.749460 0.060331
v -0.149286 0.749460 0.050676
v -0.152281 0.749460 0.040804
v -0.154624 0.749460 0.030757
v -0.156304 0.749460 0.020578
v -0.157315 0.749460 0.010311
v -0.157653 0.749460 0.000000
v -0.157315 0.749460 -0.010311
v -0.156304 0.749460 -0.020578
v -0.154624 0.749460 -0.030757
v -0.152281 0.749460 -0.040804
v -0.149286 0.749460 -0.050676
v -0.145652 0.749460 -0.060331
v -0.141395 0.749460 -0.069728
v -0.136532 0.749460 -0.078826
v -0.131084 0.749460 -0.087587
v -0.125075 0.749460 -0.095973
v -0.118530 0.749460 -0.103948
v -0.111478 0.749460 -0.111478
v -0.103948 0.749460 -0.118530
v -0.095973 0.749460 -0.125075
v -0.087587 0.749460 -0.131084
v -0.078827 0.749460 -0.136532
v -0.069728 0.749460 -0.141395
v -0.060331 0.749460 -0.145652
v -0.050676 0.749460 -0.149286
v -0.040804 0.749460 -0.152281
v -0.030757 0.749460 -0.154624
v -0.020578 0.749460 -0.156304
v -0.010311 0.749460 -0.157315
v -0.000000 0.749460 -0.157653
v 0.010311 0.749460 -0.157315
v 0.020578 0.749460 -0.156304
v 0.030757 0.749460 -0.154624
v 0.040804 0.749460 -0.152281
v 0.050676 0.749460 -0.149286
v 0.060331 0.749460 -0.145652
v 0.069728 0.749460 -0.141395
v 0.078827 0.749460 -0.136532
v 0.087587 0.749460 -0.131084
v 0.095973 0.749460 -0.125075
v 0.103948 0.749460 -0.118530
v 0.111478 0.749460 -0.111478
v 0.118530 0.749460 -0.103948
v 0.125075 0.749460 -0.095973
v 0.131084 0.749460 -0.087587
v 0.136532 0.749460 -0.078827
v 0.141395 0.749460 -0.069728
v 0.145652 0.749460 -0.060331
v 0.149286 0.749460 -0.050676
v 0.152281 0.749460 -0.040804
v 0.154624 0.749460 -0.030757
v 0.156304 0.749460 -0.020578
v 0.157315 0.749460 -0.010311
v 0.159232 0.739840 0.000000
v 0.158891 0.739840 0.010414
v 0.157870 0.739840 0.020784
v 0.156172 0.739840 0.031065
v 0.153806 0.739840 0.041212
v 0.150782 0.739840 0.051183
v 0.147111 0.739840 0.060935
v 0.142811 0.739840 0.070427
v 0.137899 0.739840 0.079616
v 0.132397 0.739840 0.088465
v 0.126327 0.739840 0.096934
v 0.119717 0.739840 0.104989
v 0.112594 0.739840 0.112594
v 0.104989 0.739840 0.119717
v 0.096934 0.739840 0.126327
v 0.088465 0.739840 0.132397
v 0.079616 0.739840 0.137899
v 0.070427 0.739840 0.142811
v 0.060935 0.739840 0.147111
v 0.051183 0.739840 0.150782
v 0.041212 0.739840 0.153806
v 0.031065 0.739840 0.156172
v 0.020784 0.739840 0.157870
v 0.010414 0.739840 0.158891
v 0.000000 0.739840 0.159232
v -0.010414 0.739840 0.158891
v -0.020784 0.739840 0.157870
v -0.031065 0.739840 0.156172
v -0.041212 0.739840 0.153806
v -0.051183 0.739840 0.150782
v -0.060935 0.739840 0.147111
v -0.070427 0.739840 0.142811
v -0.079616 0.739840 0.137899
v -0.088465 0.739840 0.132397
v -0.096934 0.739840 0.126327
v -0.104989 0.739840 0.119717
v -0.112594 0.739840 0.112594
v -0.119717 0.739840 0.104989
v -0.126327 0.739840 0.096934
v -0.132397 0.739840 0.088465
v -0.137899 0.739840 0.079616
v -0.142811 0.739840 0.070427
v -0.147111 0.739840 0.060935
v -0.150782 0.739840 0.051183
v -0.153806 0.739840 0.041212
v -0.156172 0.739840 0.031065
v -0.157870 0.739840 0.020784
v -0.158891 0.739840 0.010414
v -0.159232 0.739840 0.000000
v -0.158891 0.739840 -0.010414
v -0.157870 0.739840 -0.020784
v -0.156172 0.739840 -0.031065
v -0.153806 0.739840 -0.041212
v -0.150782 0.739840 -0.051183
v -0.147111 0.739840 -0.060935
v -0.142811 0.739840 -0.070427
v -0.137899 0.739840 -0.079616
v -0.132397 0.739840 -0.088465
v -0.126327 0.739840 -0.096934
v -0.119717 0.739840 -0.104989
v -0.112594 0.739840 -0.112594
v -0.104989 0.739840 -0.119717
v -0.096934 0.739840 -0.126327
v -0.088465 0.739840 -0.132397
v -0.079616 0.739840 -0.137899
v -0.070427 0.739840 -0.142811
v -0.060935 0.739840 -0.147111
v -0.051183 0.739840 -0.150782
v -0.041212 0.739840 -0.153806
v -0.031065 0.739840 -0.156172
v -0.020784 0.739840 -0.157870
v -0.010414 0.739840 -0.158891
v -0.000000 0.739840 -0.159232
v 0.010414 0.739840 -0.158891
v 0.020784 0.739840 -0.157870
v 0.031065 0.739840 -0.156172
v 0.041212 0.739840 -0.153806
v 0.051183 0.739840 -0.150782
v 0.060935 0.739840 -0.147111
v 0.070427 0.739840 -0.142811
v 0.079616 0.739840 -0.137899
v 0.088465 0.739840 -0.132397
v 0.096934 0.739840 -0.126327
v 0.104989 0.739840 -0.119717
v 0.112594 0.739840 -0.112594
v 0.119717 0.739840 -0.104989
v 0.126327 0.739840 -0.096934
v 0.132397 0.739840 -0.088465
v 0.137899 0.739840 -0.079616
v 0.142811 0.739840 -0.070427
v 0.147111 0.739840 -0.060935
v 0.150782 0.739840 -0.051183
v 0.153806 0.739840 -0.041212
v 0.156172 0.739840 -0.031065
v 0.157870 0.739840 -0.020784
v 0.158891 0.739840 -0.010414
v 0.160699 0.729980 0.000000
v 0.160355 0.729980 0.010510
v 0.159324 0.729980 0.020975
v 0.157611 0.729980 0.031351
v 0.155223 0.729980 0.041592
v 0.152171 0.729980 0.051655
v 0.148467 0.729980 0.061497
v 0.144127 0.729980 0.071075
v 0.139169 0.729980 0.080349
v 0.133616 0.729980 0.089280
v 0.127491 0.729980 0.097827
v 0.120820 0.729980 0.105956
v 0.113631 0.729980 0.113631
v 0.105956 0.729980 0.120820
v 0.097827 0.729980 0.127491
v 0.089280 0.729980 0.133616
v 0.080350 0.729980 0.139169
v 0.071075 0.729980 0.144127
v 0.061497 0.729980 0.148467
v 0.051655 0.729980 0.152171
v 0.041592 0.729980 0.155223
v 0.031351 0.729980 0.157611
v 0.020975 0.729980 0.159324
v 0.010510 0.729980 0.160355
v 0.000000 0.729980 0.160699
v -0.010510 0.729980 0.160355
v -0.020975 0.729980 0.159324
v -0.031351 0.729980 0.157611
v -0.041592 0.729980 0.155223
v -0.051655 0.729980 0.152171
v -0.061497 0.729980 0.148467
v -0.071075 0.729980 0.144127
v -0.080349 0.729980 0.139169
v -0.089280 0.729980 0.133616
v -0.097827 0.729980 0.127491
v -0.105956 0.729980 0.120820
v -0.113631 0.729980 0.113631
v -0.120820 0.729980 0.105956
v -0.127491 0.729980 0.097827
v -0.133616 0.729980 0.089280
v -0.139169 0.729980 0.080349
v -0.144127 0.729980 0.071075
v -0.148467 0.729980 0.061497
v -0.152171 0.729980 0.051655
v -0.155223 0.729980 0.041592
v -0.157611 0.729980 0.031351
v -0.159324 0.729980 0.020975
v -0.160355 0.729980 0.010510
v -0.160699 0.729980 0.000000
v -0.160355 0.729980 -0.010510
v -0.159324 0.729980 -0.020975
v -0.157611 0.729980 -0.031351
v -0.155223 0.729980 -0.041592
v -0.152171 0.729980 -0.051655
v -0.148467 0.729980 -0.061497
v -0.144127 0.729980 -0.071075
v -0.139169 0.729980 -0.080349
v -0.133616 0.729980 -0.089280
v -0.127491 0.729980 -0.097827
v -0.120820 0.729980 -0.105956
v -0.113631 0.729980 -0.113631
v -0.105956 0.729980 -0.120820
v -0.097827 0.729980 -0.127491
v -0.089280 0.729980 -0.133616
v -0.080350 0.729980 -0.139169
v -0.071075 0.729980 -0.144127
v -0.061497 0.729980 -0.148467
v -0.051655 0.729980 -0.152171
v -0.041592 0.729980 -0.155223
v -0.031351 0.729980 -0.157611
v -0.020975 0.729980 -0.159324
v -0.010510 0.729980 -0.160355
v -0.000000 0.729980 -0.160699
v 0.010510 0.729980 -0.160355
v 0.020975 0.729980 -0.159324
v 0.031351 0.729980 -0.157611
v 0.041592 0.729980 -0.155223
v 0.051655 0.729980 -0.152171
v 0.061497 0.729980 -0.148467
v 0.071075 0.729980 -0.144127
v 0.080350 0.729980 -0.139169
v 0.089280 0.729980 -0.133616
v 0.097827 0.729980 -0.127491
v 0.105956 0.729980 -0.120820
v 0.113631 0.729980 -0.113631
v 0.120820 0.729980 -0.105956
v 0.127491 0.729980 -0.097827
v 0.133616 0.729980 -0.089280
v 0.139169 0.729980 -0.080350
v 0.144127 0.729980 -0.071075
v 0.148467 0.729980 -0.061497
v 0.152171 0.729980 -0.051655
v 0.155223 0.729980 -0.041592
v 0.157611 0.729980 -0.031351
v 0.159324 0.729980 -0.020975
v 0.160355 0.729980 -0.010510
v 0.162000 0.720000 0.000000
v 0.161653 0.720000 0.010595
v 0.160614 0.720000 0.021145
v 0.158887 0.720000 0.031605
v 0.156480 0.720000 0.041929
v 0.153403 0.720000 0.052073
v 0.149668 0.720000 0.061995
v 0.145293 0.720000 0.071651
v 0.140296 0.720000 0.081000
v 0.134698 0.720000 0.090002
v 0.128523 0.720000 0.098619
v 0.121798 0.720000 0.106814
v 0.114551 0.720000 0.114551
v 0.106814 0.720000 0.121798
v 0.098619 0.720000 0.128523
v 0.090002 0.720000 0.134698
v 0.081000 0.720000 0.140296
v 0.071651 0.720000 0.145293
v 0.061995 0.720000 0.149668
v 0.052073 0.720000 0.153403
v 0.041929 0.720000 0.156480
v 0.031605 0.720000 0.158887
v 0.021145 0.720000 0.160614
v 0.010595 0.720000 0.161653
v 0.000000 0.720000 0.162000
v -0.010595 0.720000 0.161653
v -0.021145 0.720000 0.160614
v -0.031605 0.720000 0.158887
v -0.041929 0.720000 0.156480
v -0.052073 0.720000 0.153403
v -0.061995 0.720000 0.149668
v -0.071651 0.720000 0.145293
v -0.081000 0.720000 0.140296
v -0.090002 0.720000 0.134698
v -0.098619 0.720000 0.128523
v -0.106814 0.720000 0.121798
v -0.114551 0.720000 0.114551
v -0.121798 0.720000 0.106814
v -0.128523 0.720000 0.098619
v -0.134698 0.720000 0.090002
v -0.140296 0.720000 0.081000
v -0.145293 0.720000 0.071651
v -0.149668 0.720000 0.061995
v -0.153403 0.720000 0.052073
v -0.156480 0.720000 0.041929
v -0.158887 0.720000 0.031605
v -0.160614 0.720000 0.021145
v -0.161653 0.720000 0.010595
v -0.162000 0.720000 0.000000
v -0.161653 0.720000 -0.010595
v -0.160614 0.720000 -0.021145
v -0.158887 0.720000 -0.031605
v -0.156480 0.720000 -0.041929
v -0.153403 0.720000 -0.052073
v -0.149668 0.720000 -0.061995
v -0.145293 0.720000 -0.071651
v -0.140296 0.720000 -0.081000
v -0.134698 0.720000 -0.090002
v -0.128523 0.720000 -0.098619
v -0.121798 0.720000 -0.106814
v -0.114551 0.720000 -0.114551
v -0.106814 0.720000 -0.121798
v -0.098619 0.720000 -0.128523
v -0.090002 0.720000 -0.134698
v -0.081000 0.720000 -0.140296
v -0.071651 0.720000 -0.145293
v -0.061995 0.720000 -0.149668
v -0.052073 0.720000 -0.153403
v -0.041929 0.720000 -0.156480
v -0.031605 0.720000 -0.158887
v -0.021145 0.720000 -0.160614
v -0.010595 0.720000 -0.161653
v -0.000000 0.720000 -0.162000
v 0.010595 0.720000 -0.161653
v 0.021145 0.720000 -0.160614
v 0.031605 0.720000 -0.158887
v 0.041929 0.720000 -0.156480
v 0.052073 0.720000 -0.153403
v 0.061995 0.720000 -0.149668
v 0.071651 0.720000 -0.145293
v 0.081000 0.720000 -0.140296
v 0.090002 0.720000 -0.134698
v 0.098619 0.720000 -0.128523
v 0.106814 0.720000 -0.121798
v 0.114551 0.720000 -0.114551
v 0.121798 0.720000 -0.106814
v 0.128523 0.720000 -0.098619
v 0.134698 0.720000 -0.090002
v 0.140296 0.720000 -0.081000
v 0.145293 0.720000 -0.071651
v 0.149668 0.720000 -0.061995
v 0.153403 0.720000 -0.052073
v 0.156480 0.720000 -0.041929
v 0.158887 0.720000 -0.031605
v 0.160614 0.720000 -0.021145
v 0.161653 0.720000 -0.010595
v 0.163342 0.709620 0.000000
v 0.162992 0.709620 0.010683
v 0.161945 0.709620 0.021320
v 0.160203 0.709620 0.031866
v 0.157776 0.709620 0.042276
v 0.154673 0.709620 0.052505
v 0.150908 0.709620 0.062508
v 0.146497 0.709620 0.072244
v 0.141458 0.709620 0.081671
v 0.135814 0.709620 0.090748
v 0.129588 0.709620 0.099436
v 0.122807 0.709620 0.107699
v 0.115500 0.709620 0.115500
v 0.107699 0.709620 0.122807
v 0.099436 0.709620 0.129588
v 0.090748 0.709620 0.135814
v 0.081671 0.709620 0.141458
v 0.072244 0.709620 0.146497
v 0.062508 0.709620 0.150908
v 0.052505 0.709620 0.154673
v 0.042276 0.709620 0.157776
v 0.031866 0.709620 0.160203
v 0.021320 0.709620 0.161945
v 0.010683 0.709620 0.162992
v 0.000000 0.709620 0.163342
v -0.010683 0.709620 0.162992
v -0.021320 0.709620 0.161945
v -0.031866 0.709620 0.160203
v -0.042276 0.709620 0.157776
v -0.052505 0.709620 0.154673
v -0.062508 0.709620 0.150908
v -0.072244 0.709620 0.146497
v -0.081671 0.709620 0.141458
v -0.090748 0.709620 0.135814
v -0.099436 0.709620 0.129588
v -0.107699 0.709620 0.122807
v -0.115500 0.709620 0.115500
v -0.122807 0.709620 0.107699
v -0.129588 0.709620 0.099436
v -0.135814 0.709620 0.090748
v -0.141458 0.709620 0.081671
v -0.146497 0.709620 0.072244
v -0.150908 0.709620 0.062508
v -0.154673 0.709620 0.052505
v -0.157776 0.709620 0.042276
v -0.160203 0.709620 0.031866
v -0.161945 0.709620 0.021320
v -0.162992 0.709620 0.010683
v -0.163342 0.709620 0.000000
v -0.162992 0.709620 -0.010683
v -0.161945 0.709620 -0.021320
v -0.160203 0.709620 -0.031866
v -0.157776 0.709620 -0.042276
v -0.154673 0.709620 -0.052505
v -0.150908 0.709620 -0.062508
v -0.146497 0.709620 -0.072244
v -0.141458 0.709620 -0.081671
v -0.135814 0.709620 -0.090748
v -0.129588 0.709620 -0.099436
v -0.122807 0.709620 -0.107699
v -0.115500 0.709620 -0.115500
v -0.107699 0.709620 -0.122807
v -0.099436 0.709620 -0.129588
v -0.090748 0.709620 -0.135814
v -0.081671 0.709620 -0.141458
v -0.072244 0.709620 -0.146497
v -0.062508 0.709620 -0.150908
v -0.052505 0.709620 -0.154673
v -0.042276 0.709620 -0.157776
v -0.031866 0.709620 -0.160203
v -0.021320 0.709620 -0.161945
v -0.010683 0.709620 -0.162992
v -0.000000 0.709620 -0.163342
v 0.010683 0.709620 -0.162992
v 0.021320 0.709620 -0.161945
v 0.031866 0.709620 -0.160203
v 0.042276 0.709620 -0.157776
v 0.052505 0.709620 -0.154673
v 0.062508 0.709620 -0.150908
v 0.072244 0.709620 -0.146497
v 0.081671 0.709620 -0.141458
v 0.090748 0.709620 -0.135814
v 0.099436 0.709620 -0.129588
v 0.107699 0.709620 -0.122807
v 0.115500 0.709620 -0.115500
v 0.122807 0.709620 -0.107699
v 0.129588 0.709620 -0.099436
v 0.135814 0.709620 -0.090748
v 0.141458 0.709620 -0.081671
v 0.146497 0.709620 -0.072244
v 0.150908 0.709620 -0.062508
v 0.154673 0.709620 -0.052505
v 0.157776 0.709620 -0.042276
v 0.160203 0.709620 -0.031866
v 0.161945 0.709620 -0.021320
v 0.162992 0.709620 -0.010683
v 0.164896 0.698560 0.000000
v 0.164543 0.698560 0.010785
v 0.163485 0.698560 0.021523
v 0.161728 0.698560 0.032170
v 0.159277 0.698560 0.042678
v 0.156145 0.698560 0.053004
v 0.152344 0.698560 0.063103
v 0.147891 0.698560 0.072932
v 0.142804 0.698560 0.082448
v 0.137106 0.698560 0.091611
v 0.130821 0.698560 0.100382
v 0.123975 0.698560 0.108723
v 0.116599 0.698560 0.116599
v 0.108723 0.698560 0.123975
v 0.100382 0.698560 0.130821
v 0.091611 0.698560 0.137106
v 0.082448 0.698560 0.142804
v 0.072932 0.698560 0.147891
v 0.063103 0.698560 0.152344
v 0.053004 0.698560 0.156145
v 0.042678 0.698560 0.159277
v 0.032170 0.698560 0.161728
v 0.021523 0.698560 0.163485
v 0.010785 0.698560 0.164543
v 0.000000 0.698560 0.164896
v -0.010785 0.698560 0.164543
v -0.021523 0.698560 0.163485
v -0.032170 0.698560 0.161728
v -0.042678 0.698560 0.159277
v -0.053004 0.698560 0.156145
v -0.063103 0.698560 0.152344
v -0.072932 0.698560 0.147891
v -0.082448 0.698560 0.142804
v -0.091611 0.698560 0.137106
v -0.100382 0.698560 0.130821
v -0.108723 0.698560 0.123975
v -0.116599 0.698560 0.116599
v -0.123975 0.698560 0.108723
v -0.130821 0.698560 0.100382
v -0.137106 0.698560 0.091611
v -0.142804 0.698560 0.082448
v -0.147891 0.698560 0.072932
v -0.152344 0.698560 0.063103
v -0.156145 0.698560 0.053004
v -0.159277 0.698560 0.042678
v -0.161728 0.698560 0.032170
v -0.163485 0.698560 0.021523
v -0.164543 0.698560 0.010785
v -0.164896 0.698560 0.000000
v -0.164543 0.698560 -0.010785
v -0.163485 0.698560 -0.021523
v -0.161728 0.698560 -0.032170
v -0.159277 0.698560 -0.042678
v -0.156145 0.698560 -0.053004
v -0.152344 0.698560 -0.063103
v -0.147891 0.698560 -0.072932
v -0.142804 0.698560 -0.082448
v -0.137106 0.698560 -0.091611
v -0.130821 0.698560 -0.100382
v -0.123975 0.698560 -0.108723
v -0.116599 0.698560 -0.116599
v -0.108723 0.698560 -0.123975
v -0.100382 0.698560 -0.130821
v -0.091611 0.698560 -0.137106
v -0.082448 0.698560 -0.142804
v -0.072932 0.698560 -0.147891
v -0.063103 0.698560 -0.152344
v -0.053004 0.698560 -0.156145
v -0.042678 0.698560 -0.159277
v -0.032170 0.698560 -0.161728
v -0.021523 0.698560 -0.163485
v -0.010785 0.698560 -0.164543
v -0.000000 0.698560 -0.164896
v 0.010785 0.698560 -0.164543
v 0.021523 0.698560 -0.163485
v 0.032170 0.698560 -0.161728
v 0.042678 0.698560 -0.159277
v 0.053004 0.698560 -0.156145
v 0.063103 0.698560 -0.152344
v 0.072932 0.698560 -0.147891
v 0.082448 0.698560 -0.142804
v 0.091611 0.698560 -0.137106
v 0.100382 0.698560 -0.130821
v 0.108723 0.698560 -0.123975
v 0.116599 0.698560 -0.116599
v 0.123975 0.698560 -0.108723
v 0.130821 0.698560 -0.100382
v 0.137106 0.698560 -0.091611
v 0.142804 0.698560 -0.082448
v 0.147891 0.698560 -0.072932
v 0.152344 0.698560 -0.063103
v 0.156145 0.698560 -0.053004
v 0.159277 0.698560 -0.042678
v 0.161728 0.698560 -0.032170
v 0.163485 0.698560 -0.021523
v 0.164543 0.698560 -0.010785
v 0.166554 0.686940 0.000000
v 0.166197 0.686940 0.010893
v 0.165129 0.686940 0.021740
v 0.163354 0.686940 0.032493
v 0.160879 0.686940 0.043107
v 0.157715 0.686940 0.053537
v 0.153876 0.686940 0.063737
v 0.149378 0.686940 0.073665
v 0.144240 0.686940 0.083277
v 0.138485 0.686940 0.092532
v 0.132136 0.686940 0.101392
v 0.125222 0.686940 0.109817
v 0.117771 0.686940 0.117771
v 0.109817 0.686940 0.125222
v 0.101392 0.686940 0.132136
v 0.092532 0.686940 0.138485
v 0.083277 0.686940 0.144240
v 0.073665 0.686940 0.149378
v 0.063737 0.686940 0.153876
v 0.053537 0.686940 0.157715
v 0.043107 0.686940 0.160879
v 0.032493 0.686940 0.163354
v 0.021740 0.686940 0.165129
v 0.010893 0.686940 0.166197
v 0.000000 0.686940 0.166554
v -0.010893 0.686940 0.166197
v -0.021740 0.686940 0.165129
v -0.032493 0.686940 0.163354
v -0.043107 0.686940 0.160879
v -0.053537 0.686940 0.157715
v -0.063737 0.686940 0.153876
v -0.073665 0.686940 0.149378
v -0.083277 0.686940 0.144240
v -0.092532 0.686940 0.138485
v -0.101392 0.686940 0.132136
v -0.109817 0.686940 0.125222
v -0.117771 0.686940 0.117771
v -0.125222 0.686940 0.109817
v -0.132136 0.686940 0.101392
v -0.138485 0.686940 0.092532
v -0.144240 0.686940 0.083277
v -0.149378 0.686940 0.073665
v -0.153876 0.686940 0.063737
v -0.157715 0.686940 0.053537
v -0.160879 0.686940 0.043107
v -0.163354 0.686940 0.032493
v -0.165129 0.686940 0.021740
v -0.166197 0.686940 0.010893
v -0.166554 0.686940 0.000000
v -0.166197 0.686940 -0.010893
v -0.165129 0.686940 -0.021740
v -0.163354 0.686940 -0.032493
v -0.160879 0.686940 -0.043107
v -0.157715 0.686940 -0.053537
v -0.153876 0.686940 -0.063737
v -0.149378 0.686940 -0.073665
v -0.144240 0.686940 -0.083277
v -0.138485 0.686940 -0.092532
v -0.132136 0.686940 -0.101392
v -0.125222 0.686940 -0.109817
v -0.117771 0.686940 -0.117771
v -0.109817 0.686940 -0.125222
v -0.101392 0.686940 -0.132136
v -0.092532 0.686940 -0.138485
v -0.083277 0.686940 -0.144240
v -0.073665 0.686940 -0.149378
v -0.063737 0.686940 -0.153876
v -0.053537 0.686940 -0.157715
v -0.043107 0.686940 -0.160879
v -0.032493 0.686940 -0.163354
v -0.021740 0.686940 -0.165129
v -0.010893 0.686940 -0.166197
v -0.000000 0.686940 -0.166554
v 0.010893 0.686940 -0.166197
v 0.021740 0.686940 -0.165129
v 0.032493 0.686940 -0.163354
v 0.043107 0.686940 -0.160879
v 0.053537 0.686940 -0.157715
v 0.063737 0.686940 -0.153876
v 0.073665 0.686940 -0.149378
v 0.083277 0.686940 -0.144240
v 0.092532 0.686940 -0.138485
v 0.101392 0.686940 -0.132136
v 0.109817 0.686940 -0.125222
v 0.117771 0.686940 -0.117771
v 0.125222 0.686940 -0.109817
v 0.132136 0.686940 -0.101392
v 0.138485 0.686940 -0.092532
v 0.144240 0.686940 -0.083277
v 0.149378 0.686940 -0.073665
v 0.153876 0.686940 -0.063737
v 0.157715 0.686940 -0.053537
v 0.160879 0.686940 -0.043107
v 0.163354 0.686940 -0.032493
v 0.165129 0.686940 -0.021740
v 0.166197 0.686940 -0.010893
v 0.168208 0.674880 0.000000
v 0.167848 0.674880 0.011001
v 0.166769 0.674880 0.021956
v 0.164976 0.674880 0.032816
v 0.162476 0.674880 0.043535
v 0.159281 0.674880 0.054069
v 0.155404 0.674880 0.064370
v 0.150861 0.674880 0.074396
v 0.145672 0.674880 0.084104
v 0.139860 0.674880 0.093451
v 0.133448 0.674880 0.102399
v 0.126465 0.674880 0.110907
v 0.118941 0.674880 0.118941
v 0.110907 0.674880 0.126465
v 0.102399 0.674880 0.133448
v 0.093451 0.674880 0.139860
v 0.084104 0.674880 0.145672
v 0.074396 0.674880 0.150861
v 0.064370 0.674880 0.155404
v 0.054069 0.674880 0.159281
v 0.043535 0.674880 0.162476
v 0.032816 0.674880 0.164976
v 0.021956 0.674880 0.166769
v 0.011001 0.674880 0.167848
v 0.000000 0.674880 0.168208
v -0.011001 0.674880 0.167848
v -0.021956 0.674880 0.166769
v -0.032816 0.674880 0.164976
v -0.043535 0.674880 0.162476
v -0.054069 0.674880 0.159281
v -0.064370 0.674880 0.155404
v -0.074396 0.674880 0.150861
v -0.084104 0.674880 0.145672
v -0.093451 0.674880 0.139860
v -0.102399 0.674880 0.133448
v -0.110907 0.674880 0.126465
v -0.118941 0.674880 0.118941
v -0.126465 0.674880 0.110907
v -0.133448 0.674880 0.102399
v -0.139860 0.674880 0.093451
v -0.145672 0.674880 0.084104
v -0.150861 0.674880 0.074396
v -0.155404 0.674880 0.064370
v -0.159281 0.674880 0.054069
v -0.162476 0.674880 0.043535
v -0.164976 0.674880 0.032816
v -0.166769 0.674880 0.021956
v -0.167848 0.674880 0.011001
v -0.168208 0.674880 0.000000
v -0.167848 0.674880 -0.011001
v -0.166769 0.674880 -0.021956
v -0.164976 0.674880 -0.032816
v -0.162476 0.674880 -0.043535
v -0.159281 0.674880 -0.054069
v -0.155404 0.674880 -0.064370
v -0.150861 0.674880 -0.074396
v -0.145672 0.674880 -0.084104
v -0.139860 0.674880 -0.093451
v -0.133448 0.674880 -0.102399
v -0.126465 0.674880 -0.110907
v -0.118941 0.674880 -0.118941
v -0.110907 0.674880 -0.126465
v -0.102399 0.674880 -0.133448
v -0.093451 0.674880 -0.139860
v -0.084104 0.674880 -0.145672
v -0.074396 0.674880 -0.150861
v -0.064370 0.674880 -0.155404
v -0.054069 0.674880 -0.159281
v -0.043535 0.674880 -0.162476
v -0.032816 0.674880 -0.164976
v -0.021956 0.674880 -0.166769
v -0.011001 0.674880 -0.167848
v -0.000000 0.674880 -0.168208
v 0.011001 0.674880 -0.167848
v 0.021956 0.674880 -0.166769
v 0.032816 0.674880 -0.164976
v 0.043535 0.674880 -0.162476
v 0.054069 0.674880 -0.159281
v 0.064370 0.674880 -0.155404
v 0.074396 0.674880 -0.150861
v 0.084104 0.674880 -0.145672
v 0.093451 0.674880 -0.139860
v 0.102399 0.674880 -0.133448
v 0.110907 0.674880 -0.126465
v 0.118941 0.674880 -0.118941
v 0.126465 0.674880 -0.110907
v 0.133448 0.674880 -0.102399
v 0.139860 0.674880 -0.093451
v 0.145672 0.674880 -0.084104
v 0.150861 0.674880 -0.074396
v 0.155404 0.674880 -0.064370
v 0.159281 0.674880 -0.054069
v 0.162476 0.674880 -0.043535
v 0.164976 0.674880 -0.032816
v 0.166769 0.674880 -0.021956
v 0.167848 0.674880 -0.011001
v 0.169750 0.662500 0.000000
v 0.169387 0.662500 0.011102
v 0.168298 0.662500 0.022157
v 0.166488 0.662500 0.033117
v 0.163966 0.662500 0.043935
v 0.160741 0.662500 0.054564
v 0.156829 0.662500 0.064961
v 0.152244 0.662500 0.075079
v 0.147008 0.662500 0.084875
v 0.141142 0.662500 0.094308
v 0.134672 0.662500 0.103337
v 0.127625 0.662500 0.111924
v 0.120031 0.662500 0.120031
v 0.111924 0.662500 0.127625
v 0.103337 0.662500 0.134672
v 0.094308 0.662500 0.141142
v 0.084875 0.662500 0.147008
v 0.075079 0.662500 0.152244
v 0.064961 0.662500 0.156829
v 0.054564 0.662500 0.160741
v 0.043935 0.662500 0.163966
v 0.033117 0.662500 0.166488
v 0.022157 0.662500 0.168298
v 0.011102 0.662500 0.169387
v 0.000000 0.662500 0.169750
v -0.011102 0.662500 0.169387
v -0.022157 0.662500 0.168298
v -0.033117 0.662500 0.166488
v -0.043935 0.662500 0.163966
v -0.054564 0.662500 0.160741
v -0.064961 0.662500 0.156829
v -0.075079 0.662500 0.152244
v -0.084875 0.662500 0.147008
v -0.094308 0.662500 0.141142
v -0.103337 0.662500 0.134672
v -0.111924 0.662500 0.127625
v -0.120031 0.662500 0.120031
v -0.127625 0.662500 0.111924
v -0.134672 0.662500 0.103337
v -0.141142 0.662500 0.094308
v -0.147008 0.662500 0.084875
v -0.152244 0.662500 0.075079
v -0.156829 0.662500 0.064961
v -0.160741 0.662500 0.054564
v -0.163966 0.662500 0.043935
v -0.166488 0.662500 0.033117
v -0.168298 0.662500 0.022157
v -0.169387 0.662500 0.011102
v -0.169750 0.662500 0.000000
v -0.169387 0.662500 -0.011102
v -0.168298 0.662500 -0.022157
v -0.166488 0.662500 -0.033117
v -0.163966 0.662500 -0.043935
v -0.160741 0.662500 -0.054564
v -0.156829 0.662500 -0.064961
v -0.152244 0.662500 -0.075079
v -0.147008 0.662500 -0.084875
v -0.141142 0.662500 -0.094308
v -0.134672 0.662500 -0.103337
v -0.127625 0.662500 -0.111924
v -0.120031 0.662500 -0.120031
v -0.111924 0.662500 -0.127625
v -0.103337 0.662500 -0.134672
v -0.094308 0.662500 -0.141142
v -0.084875 0.662500 -0.147008
v -0.075079 0.662500 -0.152244
v -0.064961 0.662500 -0.156829
v -0.054564 0.662500 -0.160741
v -0.043935 0.662500 -0.163966
v -0.033117 0.662500 -0.166488
v -0.022157 0.662500 -0.168298
v -0.011102 0.662500 -0.169387
v -0.000000 0.662500 -0.169750
v 0.011102 0.662500 -0.169387
v 0.022157 0.662500 -0.168298
v 0.033117 0.662500 -0.166488
v 0.043935 0.662500 -0.163966
v 0.054564 0.662500 -0.160741
v 0.064961 0.662500 -0.156829
v 0.075079 0.662500 -0.152244
v 0.084875 0.662500 -0.147008
v 0.094308 0.662500 -0.141142
v 0.103337 0.662500 -0.134672
v 0.111924 0.662500 -0.127625
v 0.120031 0.662500 -0.120031
v 0.127625 0.662500 -0.111924
v 0.134672 0.662500 -0.103337
v 0.141142 0.662500 -0.094308
v 0.147008 0.662500 -0.084875
v 0.152244 0.662500 -0.075079
v 0.156829 0.662500 -0.064961
v 0.160741 0.662500 -0.054564
v 0.163966 0.662500 -0.043935
v 0.166488 0.662500 -0.033117
v 0.168298 0.662500 -0.022157
v 0.169387 0.662500 -0.011102
v 0.171072 0.649920 0.000000
v 0.170706 0.649920 0.011189
v 0.169608 0.649920 0.022329
v 0.167785 0.649920 0.033374
v 0.165243 0.649920 0.044277
v 0.161993 0.649920 0.054989
v 0.158050 0.649920 0.065466
v 0.153430 0.649920 0.075663
v 0.148153 0.649920 0.085536
v 0.142241 0.649920 0.095043
v 0.135721 0.649920 0.104142
v 0.128619 0.649920 0.112796
v 0.120966 0.649920 0.120966
v 0.112796 0.649920 0.128619
v 0.104142 0.649920 0.135721
v 0.095043 0.649920 0.142241
v 0.085536 0.649920 0.148153
v 0.075663 0.649920 0.153430
v 0.065466 0.649920 0.158050
v 0.054989 0.649920 0.161993
v 0.044277 0.649920 0.165243
v 0.033374 0.649920 0.167785
v 0.022329 0.649920 0.169608
v 0.011189 0.649920 0.170706
v 0.000000 0.649920 0.171072
v -0.011189 0.649920 0.170706
v -0.022329 0.649920 0.169608
v -0.033374 0.649920 0.167785
v -0.044277 0.649920 0.165243
v -0.054989 0.649920 0.161993
v -0.065466 0.649920 0.158050
v -0.075663 0.649920 0.153430
v -0.085536 0.649920 0.148153
v -0.095043 0.649920 0.142241
v -0.104142 0.649920 0.135721
v -0.112796 0.649920 0.128619
v -0.120966 0.649920 0.120966
v -0.128619 0.649920 0.112796
v -0.135721 0.649920 0.104142
v -0.142241 0.649920 0.095043
v -0.148153 0.649920 0.085536
v -0.153430 0.649920 0.075663
v -0.158050 0.649920 0.065466
v -0.161993 0.649920 0.054989
v -0.165243 0.649920 0.044277
v -0.167785 0.649920 0.033374
v -0.169608 0.649920 0.022329
v -0.170706 0.649920 0.011189
v -0.171072 0.649920 0.000000
v -0.170706 0.649920 -0.011189
v -0.169608 0.649920 -0.022329
v -0.167785 0.649920 -0.033374
v -0.165243 0.649920 -0.044277
v -0.161993 0.649920 -0.054989
v -0.158050 0.649920 -0.065466
v -0.153430 0.649920 -0.075663
v -0.148153 0.649920 -0.085536
v -0.142241 0.649920 -0.095043
v -0.135721 0.649920 -0.104142
v -0.128619 0.649920 -0.112796
v -0.120966 0.649920 -0.120966
v -0.112796 0.649920 -0.128619
v -0.104142 0.649920 -0.135721
v -0.095043 0.649920 -0.142241
v -0.085536 0.649920 -0.148153
v -0.075663 0.649920 -0.153430
v -0.065466 0.649920 -0.158050
v -0.054989 0.649920 -0.161993
v -0.044277 0.649920 -0.165243
v -0.033374 0.649920 -0.167785
v -0.022329 0.649920 -0.169608
v -0.011189 0.649920 -0.170706
v -0.000000 0.649920 -0.171072
v 0.011189 0.649920 -0.170706
v 0.022329 0.649920 -0.169608
v 0.033374 0.649920 -0.167785
v 0.044277 0.649920 -0.165243
v 0.054989 0.649920 -0.161993
v 0.065466 0.649920 -0.158050
v 0.075663 0.649920 -0.153430
v 0.085536 0.649920 -0.148153
v 0.095043 0.649920 -0.142241
v 0.104142 0.649920 -0.135721
v 0.112796 0.649920 -0.128619
v 0.120966 0.649920 -0.120966
v 0.128619 0.649920 -0.112796
v 0.135721 0.649920 -0.104142
v 0.142241 0.649920 -0.095043
v 0.148153 0.649920 -0.085536
v 0.153430 0.649920 -0.075663
v 0.158050 0.649920 -0.065466
v 0.161993 0.649920 -0.054989
v 0.165243 0.649920 -0.044277
v 0.167785 0.649920 -0.033374
v 0.169608 0.649920 -0.022329
v 0.170706 0.649920 -0.011189
v 0.172066 0.637260 0.000000
v 0.171698 0.637260 0.011254
v 0.170594 0.637260 0.022459
v 0.168760 0.637260 0.033568
v 0.166203 0.637260 0.044534
v 0.162934 0.637260 0.055309
v 0.158968 0.637260 0.065847
v 0.154321 0.637260 0.076103
v 0.149014 0.637260 0.086033
v 0.143068 0.637260 0.095595
v 0.136509 0.637260 0.104747
v 0.129366 0.637260 0.113451
v 0.121669 0.637260 0.121669
v 0.113451 0.637260 0.129366
v 0.104747 0.637260 0.136509
v 0.095595 0.637260 0.143068
v 0.086033 0.637260 0.149014
v 0.076103 0.637260 0.154321
v 0.065847 0.637260 0.158968
v 0.055309 0.637260 0.162934
v 0.044534 0.637260 0.166203
v 0.033568 0.637260 0.168760
v 0.022459 0.637260 0.170594
v 0.011254 0.637260 0.171698
v 0.000000 0.637260 0.172066
v -0.011254 0.637260 0.171698
v -0.022459 0.637260 0.170594
v -0.033568 0.637260 0.168760
v -0.044534 0.637260 0.166203
v -0.055309 0.637260 0.162934
v -0.065847 0.637260 0.158968
v -0.076103 0.637260 0.154321
v -0.086033 0.637260 0.149014
v -0.095595 0.637260 0.143068
v -0.104747 0.637260 0.136509
v -0.113451 0.637260 0.129366
v -0.121669 0.637260 0.121669
v -0.129366 0.637260 0.113451
v -0.136509 0.637260 0.104747
v -0.143068 0.637260 0.095595
v -0.149014 0.637260 0.086033
v -0.154321 0.637260 0.076103
v -0.158968 0.637260 0.065847
v -0.162934 0.637260 0.055309
v -0.166203 0.637260 0.044534
v -0.168760 0.637260 0.033568
v -0.170594 0.637260 0.022459
v -0.171698 0.637260 0.011254
v -0.172066 0.637260 0.000000
v -0.171698 0.637260 -0.011254
v -0.170594 0.637260 -0.022459
v -0.168760 0.637260 -0.033568
v -0.166203 0.637260 -0.044534
v -0.162934 0.637260 -0.055309
v -0.158968 0.637260 -0.065847
v -0.154321 0.637260 -0.076103
v -0.149014 0.637260 -0.086033
v -0.143068 0.637260 -0.095595
v -0.136509 0.637260 -0.104747
v -0.129366 0.637260 -0.113451
v -0.121669 0.637260 -0.121669
v -0.113451 0.637260 -0.129366
v -0.104747 0.637260 -0.136509
v -0.095595 0.637260 -0.143068
v -0.086033 0.637260 -0.149014
v -0.076103 0.637260 -0.154321
v -0.065847 0.637260 -0.158968
v -0.055309 0.637260 -0.162934
v -0.044534 0.637260 -0.166203
v -0.033568 0.637260 -0.168760
v -0.022459 0.637260 -0.170594
v -0.011254 0.637260 -0.171698
v -0.000000 0.637260 -0.172066
v 0.011254 0.637260 -0.171698
v 0.022459 0.637260 -0.170594
v 0.033568 0.637260 -0.168760
v 0.044534 0.637260 -0.166203
v 0.055309 0.637260 -0.162934
v 0.065847 0.637260 -0.158968
v 0.076103 0.637260 -0.154321
v 0.086033 0.637260 -0.149014
v 0.095595 0.637260 -0.143068
v 0.104747 0.637260 -0.136509
v 0.113451 0.637260 -0.129366
v 0.121669 0.637260 -0.121669
v 0.129366 0.637260 -0.113451
v 0.136509 0.637260 -0.104747
v 0.143068 0.637260 -0.095595
v 0.149014 0.637260 -0.086033
v 0.154321 0.637260 -0.076103
v 0.158968 0.637260 -0.065847
v 0.162934 0.637260 -0.055309
v 0.166203 0.637260 -0.044534
v 0.168760 0.637260 -0.033568
v 0.170594 0.637260 -0.022459
v 0.171698 0.637260 -0.011254
v 0.172624 0.624640 0.000000
v 0.172254 0.624640 0.011290
v 0.171147 0.624640 0.022532
v 0.169307 0.624640 0.033677
v 0.166742 0.624640 0.044678
v 0.163463 0.624640 0.055488
v 0.159484 0.624640 0.066060
v 0.154822 0.624640 0.076350
v 0.149497 0.624640 0.086312
v 0.143532 0.624640 0.095905
v 0.136952 0.624640 0.105087
v 0.129786 0.624640 0.113819
v 0.122064 0.624640 0.122064
v 0.113819 0.624640 0.129786
v 0.105087 0.624640 0.136952
v 0.095905 0.624640 0.143532
v 0.086312 0.624640 0.149497
v 0.076350 0.624640 0.154822
v 0.066060 0.624640 0.159484
v 0.055488 0.624640 0.163463
v 0.044678 0.624640 0.166742
v 0.033677 0.624640 0.169307
v 0.022532 0.624640 0.171147
v 0.011290 0.624640 0.172254
v 0.000000 0.624640 0.172624
v -0.011290 0.624640 0.172254
v -0.022532 0.624640 0.171147
v -0.033677 0.624640 0.169307
v -0.044678 0.624640 0.166742
v -0.055488 0.624640 0.163463
v -0.066060 0.624640 0.159484
v -0.076350 0.624640 0.154822
v -0.086312 0.624640 0.149497
v -0.095905 0.624640 0.143532
v -0.105087 0.624640 0.136952
v -0.113819 0.624640 0.129786
v -0.122064 0.624640 0.122064
v -0.129786 0.624640 0.113819
v -0.136952 0.624640 0.105087
v -0.143532 0.624640 0.095905
v -0.149497 0.624640 0.086312
v -0.154822 0.624640 0.076350
v -0.159484 0.624640 0.066060
v -0.163463 0.624640 0.055488
v -0.166742 0.624640 0.044678
v -0.169307 0.624640 0.033677
v -0.171147 0.624640 0.022532
v -0.172254 0.624640 0.011290
v -0.172624 0.624640 0.000000
v -0.172254 0.624640 -0.011290
v -0.171147 0.624640 -0.022532
v -0.169307 0.624640 -0.033677
v -0.166742 0.624640 -0.044678
v -0.163463 0.624640 -0.055488
v -0.159484 0.624640 -0.066060
v -0.154822 0.624640 -0.076350
v -0.149497 0.624640 -0.086312
v -0.143532 0.624640 -0.095905
v -0.136952 0.624640 -0.105087
v -0.129786 0.624640 -0.113819
v -0.122064 0.624640 -0.122064
v -0.113819 0.624640 -0.129786
v -0.105087 0.624640 -0.136952
v -0.095905 0.624640 -0.143532
v -0.086312 0.624640 -0.149497
v -0.076350 0.624640 -0.154822
v -0.066060 0.624640 -0.159484
v -0.055488 0.624640 -0.163463
v -0.044678 0.624640 -0.166742
v -0.033677 0.624640 -0.169307
v -0.022532 0.624640 -0.171147
v -0.011290 0.624640 -0.172254
v -0.000000 0.624640 -0.172624
v 0.011290 0.624640 -0.172254
v 0.022532 0.624640 -0.171147
v 0.033677 0.624640 -0.169307
v 0.044678 0.624640 -0.166742
v 0.055488 0.624640 -0.163463
v 0.066060 0.624640 -0.159484
v 0.076350 0.624640 -0.154822
v 0.086312 0.624640 -0.149497
v 0.095905 0.624640 -0.143532
v 0.105087 0.624640 -0.136952
v 0.113819 0.624640 -0.129786
v 0.122064 0.624640 -0.122064
v 0.129786 0.624640 -0.113819
v 0.136952 0.624640 -0.105087
v 0.143532 0.624640 -0.095905
v 0.149497 0.624640 -0.086312
v 0.154822 0.624640 -0.076350
v 0.159484 0.624640 -0.066060
v 0.163463 0.624640 -0.055488
v 0.166742 0.624640 -0.044678
v 0.169307 0.624640 -0.033677
v 0.171147 0.624640 -0.022532
v 0.172254 0.624640 -0.011290
v 0.172638 0.612180 0.000000
v 0.172268 0.612180 0.011291
v 0.171161 0.612180 0.022534
v 0.169321 0.612180 0.033680
v 0.166756 0.612180 0.044682
v 0.163476 0.612180 0.055493
v 0.159497 0.612180 0.066066
v 0.154834 0.612180 0.076356
v 0.149509 0.612180 0.086319
v 0.143543 0.612180 0.095913
v 0.136963 0.612180 0.105095
v 0.129796 0.612180 0.113828
v 0.122074 0.612180 0.122074
v 0.113828 0.612180 0.129796
v 0.105095 0.612180 0.136963
v 0.095913 0.612180 0.143543
v 0.086319 0.612180 0.149509
v 0.076356 0.612180 0.154834
v 0.066066 0.612180 0.159497
v 0.055493 0.612180 0.163476
v 0.044682 0.612180 0.166756
v 0.033680 0.612180 0.169321
v 0.022534 0.612180 0.171161
v 0.011291 0.612180 0.172268
v 0.000000 0.612180 0.172638
v -0.011291 0.612180 0.172268
v -0.022534 0.612180 0.171161
v -0.033680 0.612180 0.169321
v -0.044682 0.612180 0.166756
v -0.055493 0.612180 0.163476
v -0.066066 0.612180 0.159497
v -0.076356 0.612180 0.154834
v -0.086319 0.612180 0.149509
v -0.095913 0.612180 0.143543
v -0.105095 0.612180 0.136963
v -0.113828 0.612180 0.129796
v -0.122074 0.612180 0.122074
v -0.129796 0.612180 0.113828
v -0.136963 0.612180 0.105095
v -0.143543 0.612180 0.095913
v -0.149509 0.612180 0.086319
v -0.154834 0.612180 0.076356
v -0.159497 0.612180 0.066066
v -0.163476 0.612180 0.055493
v -0.166756 0.612180 0.044682
v -0.169321 0.612180 0.033680
v -0.171161 0.612180 0.022534
v -0.172268 0.612180 0.011291
v -0.172638 0.612180 0.000000
v -0.172268 0.612180 -0.011291
v -0.171161 0.612180 -0.022534
v -0.169321 0.612180 -0.033680
v -0.166756 0.612180 -0.044682
v -0.163476 0.612180 -0.055493
v -0.159497 0.612180 -0.066066
v -0.154834 0.612180 -0.076356
v -0.149509 0.612180 -0.086319
v -0.143543 0.612180 -0.095913
v -0.136963 0.612180 -0.105095
v -0.129796 0.612180 -0.113828
v -0.122074 0.612180 -0.122074
v -0.113828 0.612180 -0.129796
v -0.105095 0.612180 -0.136963
v -0.095913 0.612180 -0.143543
v -0.086319 0.612180 -0.149509
v -0.076356 0.612180 -0.154834
v -0.066066 0.612180 -0.159497
v -0.055493 0.612180 -0.163476
v -0.044682 0.612180 -0.166756
v -0.033680 0.612180 -0.169321
v -0.022534 0.612180 -0.171161
v -0.011291 0.612180 -0.172268
v -0.000000 0.612180 -0.172638
v 0.011291 0.612180 -0.172268
v 0.022534 0.612180 -0.171161
v 0.033680 0.612180 -0.169321
v 0.044682 0.612180 -0.166756
v 0.055493 0.612180 -0.163476
v 0.066066 0.612180 -0.159497
v 0.076356 0.612180 -0.154834
v 0.086319 0.612180 -0.149509
v 0.095913 0.612180 -0.143543
v 0.105095 0.612180 -0.136963
v 0.113828 0.612180 -0.129796
v 0.122074 0.612180 -0.122074
v 0.129796 0.612180 -0.113828
v 0.136963 0.612180 -0.105095
v 0.143543 0.612180 -0.095913
v 0.149509 0.612180 -0.086319
v 0.154834 0.612180 -0.076356
v 0.159497 0.612180 -0.066066
v 0.163476 0.612180 -0.055493
v 0.166756 0.612180 -0.044682
v 0.169321 0.612180 -0.033680
v 0.171161 0.612180 -0.022534
v 0.172268 0.612180 -0.011291
v 0.172000 0.600000 0.000000
v 0.171632 0.600000 0.011249
v 0.170529 0.600000 0.022451
v 0.168695 0.600000 0.033556
v 0.166139 0.600000 0.044517
v 0.162872 0.600000 0.055288
v 0.158907 0.600000 0.065822
v 0.154262 0.600000 0.076074
v 0.148956 0.600000 0.086000
v 0.143013 0.600000 0.095558
v 0.136457 0.600000 0.104707
v 0.129316 0.600000 0.113407
v 0.121622 0.600000 0.121622
v 0.113407 0.600000 0.129316
v 0.104707 0.600000 0.136457
v 0.095558 0.600000 0.143013
v 0.086000 0.600000 0.148956
v 0.076074 0.600000 0.154262
v 0.065822 0.600000 0.158907
v 0.055288 0.600000 0.162872
v 0.044517 0.600000 0.166139
v 0.033556 0.600000 0.168695
v 0.022451 0.600000 0.170529
v 0.011249 0.600000 0.171632
v 0.000000 0.600000 0.172000
v -0.011249 0.600000 0.171632
v -0.022451 0.600000 0.170529
v -0.033556 0.600000 0.168695
v -0.044517 0.600000 0.166139
v -0.055288 0.600000 0.162872
v -0.065822 0.600000 0.158907
v -0.076074 0.600000 0.154262
v -0.086000 0.600000 0.148956
v -0.095558 0.600000 0.143013
v -0.104707 0.600000 0.136457
v -0.113407 0.600000 0.129316
v -0.121622 0.600000 0.121622
v -0.129316 0.600000 0.113407
v -0.136457 0.600000 0.104707
v -0.143013 0.600000 0.095558
v -0.148956 0.600000 0.086000
v -0.154262 0.600000 0.076074
v -0.158907 0.600000 0.065822
v -0.162872 0.600000 0.055288
v -0.166139 0.600000 0.044517
v -0.168695 0.600000 0.033556
v -0.170529 0.600000 0.022451
v -0.171632 0.600000 0.011249
v -0.172000 0.600000 0.000000
v -0.171632 0.600000 -0.011249
v -0.170529 0.600000 -0.022451
v -0.168695 0.600000 -0.033556
v -0.166139 0.600000 -0.044517
v -0.162872 0.600000 -0.055288
v -0.158907 0.600000 -0.065822
v -0.154262 0.600000 -0.076074
v -0.148956 0.600000 -0.086000
v -0.143013 0.600000 -0.095558
v -0.136457 0.600000 -0.104707
v -0.129316 0.600000 -0.113407
v -0.121622 0.600000 -0.121622
v -0.113407 0.600000 -0.129316
v -0.104707 0.600000 -0.136457
v -0.095558 0.600000 -0.143013
v -0.086000 0.600000 -0.148956
v -0.076074 0.600000 -0.154262
v -0.065822 0.600000 -0.158907
v -0.055288 0.600000 -0.162872
v -0.044517 0.600000 -0.166139
v -0.033556 0.600000 -0.168695
v -0.022451 0.600000 -0.170529
v -0.011249 0.600000 -0.171632
v -0.000000 0.600000 -0.172000
v 0.011249 0.600000 -0.171632
v 0.022451 0.600000 -0.170529
v 0.033556 0.600000 -0.168695
v 0.044517 0.600000 -0.166139
v 0.055288 0.600000 -0.162872
v 0.065822 0.600000 -0.158907
v 0.076074 0.600000 -0.154262
v 0.086000 0.600000 -0.148956
v 0.095558 0.600000 -0.143013
v 0.104707 0.600000 -0.136457
v 0.113407 0.600000 -0.129316
v 0.121622 0.600000 -0.121622
v 0.129316 0.600000 -0.113407
v 0.136457 0.600000 -0.104707
v 0.143013 0.600000 -0.095558
v 0.148956 0.600000 -0.086000
v 0.154262 0.600000 -0.076074
v 0.158907 0.600000 -0.065822
v 0.162872 0.600000 -0.055288
v 0.166139 0.600000 -0.044517
v 0.168695 0.600000 -0.033556
v 0.170529 0.600000 -0.022451
v 0.171632 0.600000 -0.011249
v 0.170809 0.587775 0.000000
v 0.170443 0.587775 0.011171
v 0.169348 0.587775 0.022295
v 0.167527 0.587775 0.033323
v 0.164989 0.587775 0.044209
v 0.161744 0.587775 0.054905
v 0.157807 0.587775 0.065366
v 0.153194 0.587775 0.075547
v 0.147925 0.587775 0.085404
v 0.142022 0.587775 0.094896
v 0.135512 0.587775 0.103982
v 0.128421 0.587775 0.112622
v 0.120780 0.587775 0.120780
v 0.112622 0.587775 0.128421
v 0.103982 0.587775 0.135512
v 0.094896 0.587775 0.142022
v 0.085405 0.587775 0.147925
v 0.075547 0.587775 0.153194
v 0.065366 0.587775 0.157807
v 0.054905 0.587775 0.161744
v 0.044209 0.587775 0.164989
v 0.033323 0.587775 0.167527
v 0.022295 0.587775 0.169348
v 0.011171 0.587775 0.170443
v 0.000000 0.587775 0.170809
v -0.011171 0.587775 0.170443
v -0.022295 0.587775 0.169348
v -0.033323 0.587775 0.167527
v -0.044209 0.587775 0.164989
v -0.054905 0.587775 0.161744
v -0.065366 0.587775 0.157807
v -0.075547 0.587775 0.153194
v -0.085404 0.587775 0.147925
v -0.094896 0.587775 0.142022
v -0.103982 0.587775 0.135512
v -0.112622 0.587775 0.128421
v -0.120780 0.587775 0.120780
v -0.128421 0.587775 0.112622
v -0.135512 0.587775 0.103982
v -0.142022 0.587775 0.094896
v -0.147925 0.587775 0.085404
v -0.153194 0.587775 0.075547
v -0.157807 0.587775 0.065366
v -0.161744 0.587775 0.054905
v -0.164989 0.587775 0.044209
v -0.167527 0.587775 0.033323
v -0.169348 0.587775 0.022295
v -0.170443 0.587775 0.011171
v -0.170809 0.587775 0.000000
v -0.170443 0.587775 -0.011171
v -0.169348 0.587775 -0.022295
v -0.167527 0.587775 -0.033323
v -0.164989 0.587775 -0.044209
v -0.161744 0.587775 -0.054905
v -0.157807 0.587775 -0.065366
v -0.153194 0.587775 -0.075547
v -0.147925 0.587775 -0.085404
v -0.142022 0.587775 -0.094896
v -0.135512 0.587775 -0.103982
v -0.128421 0.587775 -0.112622
v -0.120780 0.587775 -0.120780
v -0.112622 0.587775 -0.128421
v -0.103982 0.587775 -0.135512
v -0.094896 0.587775 -0.142022
v -0.085405 0.587775 -0.147925
v -0.075547 0.587775 -0.153194
v -0.065366 0.587775 -0.157807
v -0.054905 0.587775 -0.161744
v -0.044209 0.587775 -0.164989
v -0.033323 0.587775 -0.167527
v -0.022295 0.587775 -0.169348
v -0.011171 0.587775 -0.170443
v -0.000000 0.587775 -0.170809
v 0.011171 0.587775 -0.170443
v 0.022295 0.587775 -0.169348
v 0.033323 0.587775 -0.167527
v 0.044209 0.587775 -0.164989
v 0.054905 0.587775 -0.161744
v 0.065366 0.587775 -0.157807
v 0.075547 0.587775 -0.153194
v 0.085405 0.587775 -0.147925
v 0.094896 0.587775 -0.142022
v 0.103982 0.587775 -0.135512
v 0.112622 0.587775 -0.128421
v 0.120780 0.587775 -0.120780
v 0.128421 0.587775 -0.112622
v 0.135512 0.587775 -0.103982
v 0.142022 0.587775 -0.094896
v 0.147925 0.587775 -0.085405
v 0.153194 0.587775 -0.075547
v 0.157807 0.587775 -0.065366
v 0.161744 0.587775 -0.054905
v 0.164989 0.587775 -0.044209
v 0.167527 0.587775 -0.033323
v 0.169348 0.587775 -0.022295
v 0.170443 0.587775 -0.011171
v 0.169232 0.575200 0.000000
v 0.168870 0.575200 0.011068
v 0.167784 0.575200 0.022089
v 0.165980 0.575200 0.033016
v 0.163466 0.575200 0.043800
v 0.160251 0.575200 0.054398
v 0.156350 0.575200 0.064762
v 0.151780 0.575200 0.074849
v 0.146559 0.575200 0.084616
v 0.140711 0.575200 0.094020
v 0.134261 0.575200 0.103022
v 0.127235 0.575200 0.111582
v 0.119665 0.575200 0.119665
v 0.111582 0.575200 0.127235
v 0.103022 0.575200 0.134261
v 0.094020 0.575200 0.140711
v 0.084616 0.575200 0.146559
v 0.074849 0.575200 0.151780
v 0.064762 0.575200 0.156350
v 0.054398 0.575200 0.160251
v 0.043800 0.575200 0.163466
v 0.033016 0.575200 0.165980
v 0.022089 0.575200 0.167784
v 0.011068 0.575200 0.168870
v 0.000000 0.575200 0.169232
v -0.011068 0.575200 0.168870
v -0.022089 0.575200 0.167784
v -0.033016 0.575200 0.165980
v -0.043800 0.575200 0.163466
v -0.054398 0.575200 0.160251
v -0.064762 0.575200 0.156350
v -0.074849 0.575200 0.151780
v -0.084616 0.575200 0.146559
v -0.094020 0.575200 0.140711
v -0.103022 0.575200 0.134261
v -0.111582 0.575200 0.127235
v -0.119665 0.575200 0.119665
v -0.127235 0.575200 0.111582
v -0.134261 0.575200 0.103022
v -0.140711 0.575200 0.094020
v -0.146559 0.575200 0.084616
v -0.151780 0.575200 0.074849
v -0.156350 0.575200 0.064762
v -0.160251 0.575200 0.054398
v -0.163466 0.575200 0.043800
v -0.165980 0.575200 0.033016
v -0.167784 0.575200 0.022089
v -0.168870 0.575200 0.011068
v -0.169232 0.575200 0.000000
v -0.168870 0.575200 -0.011068
v -0.167784 0.575200 -0.022089
v -0.165980 0.575200 -0.033016
v -0.163466 0.575200 -0.043800
v -0.160251 0.575200 -0.054398
v -0.156350 0.575200 -0.064762
v -0.151780 0.575200 -0.074849
v -0.146559 0.575200 -0.084616
v -0.140711 0.575200 -0.094020
v -0.134261 0.575200 -0.103022
v -0.127235 0.575200 -0.111582
v -0.119665 0.575200 -0.119665
v -0.111582 0.575200 -0.127235
v -0.103022 0.575200 -0.134261
v -0.094020 0.575200 -0.140711
v -0.084616 0.575200 -0.146559
v -0.074849 0.575200 -0.151780
v -0.064762 0.575200 -0.156350
v -0.054398 0.575200 -0.160251
v -0.043800 0.575200 -0.163466
v -0.033016 0.575200 -0.165980
v -0.022089 0.575200 -0.167784
v -0.011068 0.575200 -0.168870
v -0.000000 0.575200 -0.169232
v 0.011068 0.575200 -0.168870
v 0.022089 0.575200 -0.167784
v 0.033016 0.575200 -0.165980
v 0.043800 0.575200 -0.163466
v 0.054398 0.575200 -0.160251
v 0.064762 0.575200 -0.156350
v 0.074849 0.575200 -0.151780
v 0.084616 0.575200 -0.146559
v 0.094020 0.575200 -0.140711
v 0.103022 0.575200 -0.134261
v 0.111582 0.575200 -0.127235
v 0.119665 0.575200 -0.119665
v 0.127235 0.575200 -0.111582
v 0.134261 0.575200 -0.103022
v 0.140711 0.575200 -0.094020
v 0.146559 0.575200 -0.084616
v 0.151780 0.575200 -0.074849
v 0.156350 0.575200 -0.064762
v 0.160251 0.575200 -0.054398
v 0.163466 0.575200 -0.043800
v 0.165980 0.575200 -0.033016
v 0.167784 0.575200 -0.022089
v 0.168870 0.575200 -0.011068
v 0.167263 0.562425 0.000000
v 0.166905 0.562425 0.010940
v 0.165832 0.562425 0.021832
v 0.164049 0.562425 0.032631
v 0.161564 0.562425 0.043291
v 0.158386 0.562425 0.053765
v 0.154531 0.562425 0.064009
v 0.150014 0.562425 0.073979
v 0.144854 0.562425 0.083631
v 0.139074 0.562425 0.092926
v 0.132699 0.562425 0.101823
v 0.125755 0.562425 0.110284
v 0.118273 0.562425 0.118273
v 0.110284 0.562425 0.125755
v 0.101823 0.562425 0.132699
v 0.092926 0.562425 0.139074
v 0.083632 0.562425 0.144854
v 0.073979 0.562425 0.150014
v 0.064009 0.562425 0.154531
v 0.053765 0.562425 0.158386
v 0.043291 0.562425 0.161564
v 0.032631 0.562425 0.164049
v 0.021832 0.562425 0.165832
v 0.010940 0.562425 0.166905
v 0.000000 0.562425 0.167263
v -0.010940 0.562425 0.166905
v -0.021832 0.562425 0.165832
v -0.032631 0.562425 0.164049
v -0.043291 0.562425 0.161564
v -0.053765 0.562425 0.158386
v -0.064009 0.562425 0.154531
v -0.073979 0.562425 0.150014
v -0.083631 0.562425 0.144854
v -0.092926 0.562425 0.139074
v -0.101823 0.562425 0.132699
v -0.110284 0.562425 0.125755
v -0.118273 0.562425 0.118273
v -0.125755 0.562425 0.110284
v -0.132699 0.562425 0.101823
v -0.139074 0.562425 0.092926
v -0.144854 0.562425 0.083631
v -0.150014 0.562425 0.073979
v -0.154531 0.562425 0.064009
v -0.158386 0.562425 0.053765
v -0.161564 0.562425 0.043291
v -0.164049 0.562425 0.032631
v -0.165832 0.562425 0.021832
v -0.166905 0.562425 0.010940
v -0.167263 0.562425 0.000000
v -0.166905 0.562425 -0.010940
v -0.165832 0.562425 -0.021832
v -0.164049 0.562425 -0.032631
v -0.161564 0.562425 -0.043291
v -0.158386 0.562425 -0.053765
v -0.154531 0.562425 -0.064009
v -0.150014 0.562425 -0.073979
v -0.144854 0.562425 -0.083631
v -0.139074 0.562425 -0.092926
v -0.132699 0.562425 -0.101823
v -0.125755 0.562425 -0.110284
v -0.118273 0.562425 -0.118273
v -0.110284 0.562425 -0.125755
v -0.101823 0.562425 -0.132699
v -0.092926 0.562425 -0.139074
v -0.083632 0.562425 -0.144854
v -0.073979 0.562425 -0.150014
v -0.064009 0.562425 -0.154531
v -0.053765 0.562425 -0.158386
v -0.043291 0.562425 -0.161564
v -0.032631 0.562425 -0.164049
v -0.021832 0.562425 -0.165832
v -0.010940 0.562425 -0.166905
v -0.000000 0.562425 -0.167263
v 0.010940 0.562425 -0.166905
v 0.021832 0.562425 -0.165832
v 0.032631 0.562425 -0.164049
v 0.043291 0.562425 -0.161564
v 0.053765 0.562425 -0.158386
v 0.064009 0.562425 -0.154531
v 0.073979 0.562425 -0.150014
v 0.083632 0.562425 -0.144854
v 0.092926 0.562425 -0.139074
v 0.101823 0.562425 -0.132699
v 0.110284 0.562425 -0.125755
v 0.118273 0.562425 -0.118273
v 0.125755 0.562425 -0.110284
v 0.132699 0.562425 -0.101823
v 0.139074 0.562425 -0.092926
v 0.144854 0.562425 -0.083632
v 0.150014 0.562425 -0.073979
v 0.154531 0.562425 -0.064009
v 0.158386 0.562425 -0.053765
v 0.161564 0.562425 -0.043291
v 0.164049 0.562425 -0.032631
v 0.165832 0.562425 -0.021832
v 0.166905 0.562425 -0.010940
v 0.164896 0.549600 0.000000
v 0.164543 0.549600 0.010785
v 0.163485 0.549600 0.021523
v 0.161728 0.549600 0.032170
v 0.159277 0.549600 0.042678
v 0.156145 0.549600 0.053004
v 0.152344 0.549600 0.063103
v 0.147891 0.549600 0.072932
v 0.142804 0.549600 0.082448
v 0.137106 0.549600 0.091611
v 0.130821 0.549600 0.100382
v 0.123975 0.549600 0.108723
v 0.116599 0.549600 0.116599
v 0.108723 0.549600 0.123975
v 0.100382 0.549600 0.130821
v 0.091611 0.549600 0.137106
v 0.082448 0.549600 0.142804
v 0.072932 0.549600 0.147891
v 0.063103 0.549600 0.152344
v 0.053004 0.549600 0.156145
v 0.042678 0.549600 0.159277
v 0.032170 0.549600 0.161728
v 0.021523 0.549600 0.163485
v 0.010785 0.549600 0.164543
v 0.000000 0.549600 0.164896
v -0.010785 0.549600 0.164543
v -0.021523 0.549600 0.163485
v -0.032170 0.549600 0.161728
v -0.042678 0.549600 0.159277
v -0.053004 0.549600 0.156145
v -0.063103 0.549600 0.152344
v -0.072932 0.549600 0.147891
v -0.082448 0.549600 0.142804
v -0.091611 0.549600 0.137106
v -0.100382 0.549600 0.130821
v -0.108723 0.549600 0.123975
v -0.116599 0.549600 0.116599
v -0.123975 0.549600 0.108723
v -0.130821 0.549600 0.100382
v -0.137106 0.549600 0.091611
v -0.142804 0.549600 0.082448
v -0.147891 0.549600 0.072932
v -0.152344 0.549600 0.063103
v -0.156145 0.549600 0.053004
v -0.159277 0.549600 0.042678
v -0.161728 0.549600 0.032170
v -0.163485 0.549600 0.021523
v -0.164543 0.549600 0.010785
v -0.164896 0.549600 0.000000
v -0.164543 0.549600 -0.010785
v -0.163485 0.549600 -0.021523
v -0.161728 0.549600 -0.032170
v -0.159277 0.549600 -0.042678
v -0.156145 0.549600 -0.053004
v -0.152344 0.549600 -0.063103
v -0.147891 0.549600 -0.072932
v -0.142804 0.549600 -0.082448
v -0.137106 0.549600 -0.091611
v -0.130821 0.549600 -0.100382
v -0.123975 0.549600 -0.108723
v -0.116599 0.549600 -0.116599
v -0.108723 0.549600 -0.123975
v -0.100382 0.549600 -0.130821
v -0.091611 0.549600 -0.137106
v -0.082448 0.549600 -0.142804
v -0.072932 0.549600 -0.147891
v -0.063103 0.549600 -0.152344
v -0.053004 0.549600 -0.156145
v -0.042678 0.549600 -0.159277
v -0.032170 0.549600 -0.161728
v -0.021523 0.549600 -0.163485
v -0.010785 0.549600 -0.164543
v -0.000000 0.549600 -0.164896
v 0.010785 0.549600 -0.164543
v 0.021523 0.549600 -0.163485
v 0.032170 0.549600 -0.161728
v 0.042678 0.549600 -0.159277
v 0.053004 0.549600 -0.156145
v 0.063103 0.549600 -0.152344
v 0.072932 0.549600 -0.147891
v 0.082448 0.549600 -0.142804
v 0.091611 0.549600 -0.137106
v 0.100382 0.549600 -0.130821
v 0.108723 0.549600 -0.123975
v 0.116599 0.549600 -0.116599
v 0.123975 0.549600 -0.108723
v 0.130821 0.549600 -0.100382
v 0.137106 0.549600 -0.091611
v 0.142804 0.549600 -0.082448
v 0.147891 0.549600 -0.072932
v 0.152344 0.549600 -0.063103
v 0.156145 0.549600 -0.053004
v 0.159277 0.549600 -0.042678
v 0.161728 0.549600 -0.032170
v 0.163485 0.549600 -0.021523
v 0.164543 0.549600 -0.010785
v 0.162125 0.536875 0.000000
v 0.161778 0.536875 0.010603
v 0.160738 0.536875 0.021162
v 0.159010 0.536875 0.031629
v 0.156601 0.536875 0.041961
v 0.153521 0.536875 0.052113
v 0.149784 0.536875 0.062043
v 0.145405 0.536875 0.071706
v 0.140404 0.536875 0.081062
v 0.134802 0.536875 0.090072
v 0.128622 0.536875 0.098695
v 0.121892 0.536875 0.106896
v 0.114640 0.536875 0.114640
v 0.106896 0.536875 0.121892
v 0.098695 0.536875 0.128622
v 0.090072 0.536875 0.134802
v 0.081063 0.536875 0.140404
v 0.071706 0.536875 0.145405
v 0.062043 0.536875 0.149784
v 0.052113 0.536875 0.153521
v 0.041961 0.536875 0.156601
v 0.031629 0.536875 0.159010
v 0.021162 0.536875 0.160738
v 0.010603 0.536875 0.161778
v 0.000000 0.536875 0.162125
v -0.010603 0.536875 0.161778
v -0.021162 0.536875 0.160738
v -0.031629 0.536875 0.159010
v -0.041961 0.536875 0.156601
v -0.052113 0.536875 0.153521
v -0.062043 0.536875 0.149784
v -0.071706 0.536875 0.145405
v -0.081062 0.536875 0.140404
v -0.090072 0.536875 0.134802
v -0.098695 0.536875 0.128622
v -0.106896 0.536875 0.121892
v -0.114640 0.536875 0.114640
v -0.121892 0.536875 0.106896
v -0.128622 0.536875 0.098695
v -0.134802 0.536875 0.090072
v -0.140404 0.536875 0.081062
v -0.145405 0.536875 0.071706
v -0.149784 0.536875 0.062043
v -0.153521 0.536875 0.052113
v -0.156601 0.536875 0.041961
v -0.159010 0.536875 0.031629
v -0.160738 0.536875 0.021162
v -0.161778 0.536875 0.010603
v -0.162125 0.536875 0.000000
v -0.161778 0.536875 -0.010603
v -0.160738 0.536875 -0.021162
v -0.159010 0.536875 -0.031629
v -0.156601 0.536875 -0.041961
v -0.153521 0.536875 -0.052113
v -0.149784 0.536875 -0.062043
v -0.145405 0.536875 -0.071706
v -0.140404 0.536875 -0.081062
v -0.134802 0.536875 -0.090072
v -0.128622 0.536875 -0.098695
v -0.121892 0.536875 -0.106896
v -0.114640 0.536875 -0.114640
v -0.106896 0.536875 -0.121892
v -0.098695 0.536875 -0.128622
v -0.090072 0.536875 -0.134802
v -0.081063 0.536875 -0.140404
v -0.071706 0.536875 -0.145405
v -0.062043 0.536875 -0.149784
v -0.052113 0.536875 -0.153521
v -0.041961 0.536875 -0.156601
v -0.031629 0.536875 -0.159010
v -0.021162 0.536875 -0.160738
v -0.010603 0.536875 -0.161778
v -0.000000 0.536875 -0.162125
v 0.010603 0.536875 -0.161778
v 0.021162 0.536875 -0.160738
v 0.031629 0.536875 -0.159010
v 0.041961 0.536875 -0.156601
v 0.052113 0.536875 -0.153521
v 0.062043 0.536875 -0.149784
v 0.071706 0.536875 -0.145405
v 0.081063 0.536875 -0.140404
v 0.090072 0.536875 -0.134802
v 0.098695 0.536875 -0.128622
v 0.106896 0.536875 -0.121892
v 0.114640 0.536875 -0.114640
v 0.121892 0.536875 -0.106896
v 0.128622 0.536875 -0.098695
v 0.134802 0.536875 -0.090072
v 0.140404 0.536875 -0.081063
v 0.145405 0.536875 -0.071706
v 0.149784 0.536875 -0.062043
v 0.153521 0.536875 -0.052113
v 0.156601 0.536875 -0.041961
v 0.159010 0.536875 -0.031629
v 0.160738 0.536875 -0.021162
v 0.161778 0.536875 -0.010603
v 0.158944 0.524400 0.000000
v 0.158604 0.524400 0.010395
v 0.157584 0.524400 0.020746
v 0.155890 0.524400 0.031008
v 0.153528 0.524400 0.041138
v 0.150509 0.524400 0.051091
v 0.146845 0.524400 0.060825
v 0.142553 0.524400 0.070299
v 0.137650 0.524400 0.079472
v 0.132157 0.524400 0.088305
v 0.126099 0.524400 0.096759
v 0.119500 0.524400 0.104799
v 0.112390 0.524400 0.112390
v 0.104799 0.524400 0.119500
v 0.096759 0.524400 0.126099
v 0.088305 0.524400 0.132157
v 0.079472 0.524400 0.137650
v 0.070299 0.524400 0.142553
v 0.060825 0.524400 0.146845
v 0.051091 0.524400 0.150509
v 0.041138 0.524400 0.153528
v 0.031008 0.524400 0.155890
v 0.020746 0.524400 0.157584
v 0.010395 0.524400 0.158604
v 0.000000 0.524400 0.158944
v -0.010395 0.524400 0.158604
v -0.020746 0.524400 0.157584
v -0.031008 0.524400 0.155890
v -0.041138 0.524400 0.153528
v -0.051091 0.524400 0.150509
v -0.060825 0.524400 0.146845
v -0.070299 0.524400 0.142553
v -0.079472 0.524400 0.137650
v -0.088305 0.524400 0.132157
v -0.096759 0.524400 0.126099
v -0.104799 0.524400 0.119500
v -0.112390 0.524400 0.112390
v -0.119500 0.524400 0.104799
v -0.126099 0.524400 0.096759
v -0.132157 0.524400 0.088305
v -0.137650 0.524400 0.079472
v -0.142553 0.524400 0.070299
v -0.146845 0.524400 0.060825
v -0.150509 0.524400 0.051091
v -0.153528 0.524400 0.041138
v -0.155890 0.524400 0.031008
v -0.157584 0.524400 0.020746
v -0.158604 0.524400 0.010395
v -0.158944 0.524400 0.000000
v -0.158604 0.524400 -0.010395
v -0.157584 0.524400 -0.020746
v -0.155890 0.524400 -0.031008
v -0.153528 0.524400 -0.041138
v -0.150509 0.524400 -0.051091
v -0.146845 0.524400 -0.060825
v -0.142553 0.524400 -0.070299
v -0.137650 0.524400 -0.079472
v -0.132157 0.524400 -0.088305
v -0.126099 0.524400 -0.096759
v -0.119500 0.524400 -0.104799
v -0.112390 0.524400 -0.112390
v -0.104799 0.524400 -0.119500
v -0.096759 0.524400 -0.126099
v -0.088305 0.524400 -0.132157
v -0.079472 0.524400 -0.137650
v -0.070299 0.524400 -0.142553
v -0.060825 0.524400 -0.146845
v -0.051091 0.524400 -0.150509
v -0.041138 0.524400 -0.153528
v -0.031008 0.524400 -0.155890
v -0.020746 0.524400 -0.157584
v -0.010395 0.524400 -0.158604
v -0.000000 0.524400 -0.158944
v 0.010395 0.524400 -0.158604
v 0.020746 0.524400 -0.157584
v 0.031008 0.524400 -0.155890
v 0.041138 0.524400 -0.153528
v 0.051091 0.524400 -0.150509
v 0.060825 0.524400 -0.146845
v 0.070299 0.524400 -0.142553
v 0.079472 0.524400 -0.137650
v 0.088305 0.524400 -0.132157
v 0.096759 0.524400 -0.126099
v 0.104799 0.524400 -0.119500
v 0.112390 0.524400 -0.112390
v 0.119500 0.524400 -0.104799
v 0.126099 0.524400 -0.096759
v 0.132157 0.524400 -0.088305
v 0.137650 0.524400 -0.079472
v 0.142553 0.524400 -0.070299
v 0.146845 0.524400 -0.060825
v 0.150509 0.524400 -0.051091
v 0.153528 0.524400 -0.041138
v 0.155890 0.524400 -0.031008
v 0.157584 0.524400 -0.020746
v 0.158604 0.524400 -0.010395
v 0.155347 0.512325 0.000000
v 0.155014 0.512325 0.010160
v 0.154018 0.512325 0.020277
v 0.152362 0.512325 0.030307
v 0.150054 0.512325 0.040207
v 0.147103 0.512325 0.049935
v 0.143522 0.512325 0.059449
v 0.139326 0.512325 0.068708
v 0.134534 0.512325 0.077674
v 0.129166 0.512325 0.086306
v 0.123245 0.512325 0.094569
v 0.116796 0.512325 0.102427
v 0.109847 0.512325 0.109847
v 0.102427 0.512325 0.116796
v 0.094569 0.512325 0.123245
v 0.086306 0.512325 0.129166
v 0.077674 0.512325 0.134534
v 0.068708 0.512325 0.139326
v 0.059449 0.512325 0.143522
v 0.049935 0.512325 0.147103
v 0.040207 0.512325 0.150054
v 0.030307 0.512325 0.152362
v 0.020277 0.512325 0.154018
v 0.010160 0.512325 0.155014
v 0.000000 0.512325 0.155347
v -0.010160 0.512325 0.155014
v -0.020277 0.512325 0.154018
v -0.030307 0.512325 0.152362
v -0.040207 0.512325 0.150054
v -0.049935 0.512325 0.147103
v -0.059449 0.512325 0.143522
v -0.068708 0.512325 0.139326
v -0.077673 0.512325 0.134534
v -0.086306 0.512325 0.129166
v -0.094569 0.512325 0.123245
v -0.102427 0.512325 0.116796
v -0.109847 0.512325 0.109847
v -0.116796 0.512325 0.102427
v -0.123245 0.512325 0.094569
v -0.129166 0.512325 0.086306
v -0.134534 0.512325 0.077674
v -0.139326 0.512325 0.068708
v -0.143522 0.512325 0.059449
v -0.147103 0.512325 0.049935
v -0.150054 0.512325 0.040207
v -0.152362 0.512325 0.030307
v -0.154018 0.512325 0.020277
v -0.155014 0.512325 0.010160
v -0.155347 0.512325 0.000000
v -0.155014 0.512325 -0.010160
v -0.154018 0.512325 -0.020277
v -0.152362 0.512325 -0.030307
v -0.150054 0.512325 -0.040207
v -0.147103 0.512325 -0.049935
v -0.143522 0.512325 -0.059449
v -0.139326 0.512325 -0.068708
v -0.134534 0.512325 -0.077673
v -0.129166 0.512325 -0.086306
v -0.123245 0.512325 -0.094569
v -0.116796 0.512325 -0.102427
v -0.109847 0.512325 -0.109847
v -0.102427 0.512325 -0.116796
v -0.094569 0.512325 -0.123245
v -0.086306 0.512325 -0.129166
v -0.077674 0.512325 -0.134534
v -0.068708 0.512325 -0.139326
v -0.059449 0.512325 -0.143522
v -0.049935 0.512325 -0.147103
v -0.040207 0.512325 -0.150054
v -0.030307 0.512325 -0.152362
v -0.020277 0.512325 -0.154018
v -0.010160 0.512325 -0.155014
v -0.000000 0.512325 -0.155347
v 0.010160 0.512325 -0.155014
v 0.020277 0.512325 -0.154018
v 0.030307 0.512325 -0.152362
v 0.040207 0.512325 -0.150054
v 0.049935 0.512325 -0.147103
v 0.059449 0.512325 -0.143522
v 0.068708 0.512325 -0.139326
v 0.077674 0.512325 -0.134534
v 0.086306 0.512325 -0.129166
v 0.094569 0.512325 -0.123245
v 0.102427 0.512325 -0.116796
v 0.109847 0.512325 -0.109847
v 0.116796 0.512325 -0.102427
v 0.123245 0.512325 -0.094569
v 0.129166 0.512325 -0.086306
v 0.134534 0.512325 -0.077674
v 0.139326 0.512325 -0.068708
v 0.143522 0.512325 -0.059449
v 0.147103 0.512325 -0.049935
v 0.150054 0.512325 -0.040207
v 0.152362 0.512325 -0.030307
v 0.154018 0.512325 -0.020277
v 0.155014 0.512325 -0.010160
v 0.151328 0.500800 0.000000
v 0.151004 0.500800 0.009897
v 0.150033 0.500800 0.019752
v 0.148420 0.500800 0.029523
v 0.146172 0.500800 0.039167
v 0.143297 0.500800 0.048643
v 0.139809 0.500800 0.057911
v 0.135722 0.500800 0.066931
v 0.131054 0.500800 0.075664
v 0.125825 0.500800 0.084073
v 0.120057 0.500800 0.092123
v 0.113774 0.500800 0.099777
v 0.107005 0.500800 0.107005
v 0.099777 0.500800 0.113774
v 0.092123 0.500800 0.120057
v 0.084073 0.500800 0.125825
v 0.075664 0.500800 0.131054
v 0.066931 0.500800 0.135722
v 0.057911 0.500800 0.139809
v 0.048643 0.500800 0.143297
v 0.039167 0.500800 0.146172
v 0.029523 0.500800 0.148420
v 0.019752 0.500800 0.150033
v 0.009897 0.500800 0.151004
v 0.000000 0.500800 0.151328
v -0.009897 0.500800 0.151004
v -0.019752 0.500800 0.150033
v -0.029523 0.500800 0.148420
v -0.039167 0.500800 0.146172
v -0.048643 0.500800 0.143297
v -0.057911 0.500800 0.139809
v -0.066931 0.500800 0.135722
v -0.075664 0.500800 0.131054
v -0.084073 0.500800 0.125825
v -0.092123 0.500800 0.120057
v -0.099777 0.500800 0.113774
v -0.107005 0.500800 0.107005
v -0.113774 0.500800 0.099777
v -0.120057 0.500800 0.092123
v -0.125825 0.500800 0.084073
v -0.131054 0.500800 0.075664
v -0.135722 0.500800 0.066931
v -0.139809 0.500800 0.057911
v -0.143297 0.500800 0.048643
v -0.146172 0.500800 0.039167
v -0.148420 0.500800 0.029523
v -0.150033 0.500800 0.019752
v -0.151004 0.500800 0.009897
v -0.151328 0.500800 0.000000
v -0.151004 0.500800 -0.009897
v -0.150033 0.500800 -0.019752
v -0.148420 0.500800 -0.029523
v -0.146172 0.500800 -0.039167
v -0.143297 0.500800 -0.048643
v -0.139809 0.500800 -0.057911
v -0.135722 0.500800 -0.066931
v -0.131054 0.500800 -0.075664
v -0.125825 0.500800 -0.084073
v -0.120057 0.500800 -0.092123
v -0.113774 0.500800 -0.099777
v -0.107005 0.500800 -0.107005
v -0.099777 0.500800 -0.113774
v -0.092123 0.500800 -0.120057
v -0.084073 0.500800 -0.125825
v -0.075664 0.500800 -0.131054
v -0.066931 0.500800 -0.135722
v -0.057911 0.500800 -0.139809
v -0.048643 0.500800 -0.143297
v -0.039167 0.500800 -0.146172
v -0.029523 0.500800 -0.148420
v -0.019752 0.500800 -0.150033
v -0.009897 0.500800 -0.151004
v -0.000000 0.500800 -0.151328
v 0.009897 0.500800 -0.151004
v 0.019752 0.500800 -0.150033
v 0.029523 0.500800 -0.148420
v 0.039167 0.500800 -0.146172
v 0.048643 0.500800 -0.143297
v 0.057911 0.500800 -0.139809
v 0.066931 0.500800 -0.135722
v 0.075664 0.500800 -0.131054
v 0.084073 0.500800 -0.125825
v 0.092123 0.500800 -0.120057
v 0.099777 0.500800 -0.113774
v 0.107005 0.500800 -0.107005
v 0.113774 0.500800 -0.099777
v 0.120057 0.500800 -0.092123
v 0.125825 0.500800 -0.084073
v 0.131054 0.500800 -0.075664
v 0.135722 0.500800 -0.066931
v 0.139809 0.500800 -0.057911
v 0.143297 0.500800 -0.048643
v 0.146172 0.500800 -0.039167
v 0.148420 0.500800 -0.029523
v 0.150033 0.500800 -0.019752
v 0.151004 0.500800 -0.009897
v 0.146881 0.489975 0.000000
v 0.146567 0.489975 0.009606
v 0.145624 0.489975 0.019172
v 0.144059 0.489975 0.028655
v 0.141876 0.489975 0.038016
v 0.139086 0.489975 0.047213
v 0.135700 0.489975 0.056209
v 0.131734 0.489975 0.064964
v 0.127203 0.489975 0.073441
v 0.122127 0.489975 0.081603
v 0.116529 0.489975 0.089415
v 0.110431 0.489975 0.096845
v 0.103861 0.489975 0.103861
v 0.096845 0.489975 0.110431
v 0.089415 0.489975 0.116529
v 0.081603 0.489975 0.122127
v 0.073441 0.489975 0.127203
v 0.064964 0.489975 0.131734
v 0.056209 0.489975 0.135700
v 0.047213 0.489975 0.139086
v 0.038016 0.489975 0.141876
v 0.028655 0.489975 0.144059
v 0.019172 0.489975 0.145624
v 0.009606 0.489975 0.146567
v 0.000000 0.489975 0.146881
v -0.009606 0.489975 0.146567
v -0.019172 0.489975 0.145624
v -0.028655 0.489975 0.144059
v -0.038016 0.489975 0.141876
v -0.047213 0.489975 0.139086
v -0.056209 0.489975 0.135700
v -0.064964 0.489975 0.131734
v -0.073440 0.489975 0.127203
v -0.081603 0.489975 0.122127
v -0.089415 0.489975 0.116529
v -0.096845 0.489975 0.110431
v -0.103861 0.489975 0.103861
v -0.110431 0.489975 0.096845
v -0.116529 0.489975 0.089415
v -0.122127 0.489975 0.081603
v -0.127203 0.489975 0.073441
v -0.131734 0.489975 0.064964
v -0.135700 0.489975 0.056209
v -0.139086 0.489975 0.047213
v -0.141876 0.489975 0.038016
v -0.144059 0.489975 0.028655
v -0.145624 0.489975 0.019172
v -0.146567 0.489975 0.009606
v -0.146881 0.489975 0.000000
v -0.146567 0.489975 -0.009606
v -0.145624 0.489975 -0.019172
v -0.144059 0.489975 -0.028655
v -0.141876 0.489975 -0.038016
v -0.139086 0.489975 -0.047213
v -0.135700 0.489975 -0.056209
v -0.131734 0.489975 -0.064964
v -0.127203 0.489975 -0.073440
v -0.122127 0.489975 -0.081603
v -0.116529 0.489975 -0.089415
v -0.110431 0.489975 -0.096845
v -0.103861 0.489975 -0.103861
v -0.096845 0.489975 -0.110431
v -0.089415 0.489975 -0.116529
v -0.081603 0.489975 -0.122127
v -0.073441 0.489975 -0.127203
v -0.064964 0.489975 -0.131734
v -0.056209 0.489975 -0.135700
v -0.047213 0.489975 -0.139086
v -0.038016 0.489975 -0.141876
v -0.028655 0.489975 -0.144059
v -0.019172 0.489975 -0.145624
v -0.009606 0.489975 -0.146567
v -0.000000 0.489975 -0.146881
v 0.009606 0.489975 -0.146567
v 0.019172 0.489975 -0.145624
v 0.028655 0.489975 -0.144059
v 0.038016 0.489975 -0.141876
v 0.047213 0.489975 -0.139086
v 0.056209 0.489975 -0.135700
v 0.064964 0.489975 -0.131734
v 0.073441 0.489975 -0.127203
v 0.081603 0.489975 -0.122127
v 0.089415 0.489975 -0.116529
v 0.096845 0.489975 -0.110431
v 0.103861 0.489975 -0.103861
v 0.110431 0.489975 -0.096845
v 0.116529 0.489975 -0.089415
v 0.122127 0.489975 -0.081603
v 0.127203 0.489975 -0.073441
v 0.131734 0.489975 -0.064964
v 0.135700 0.489975 -0.056209
v 0.139086 0.489975 -0.047213
v 0.141876 0.489975 -0.038016
v 0.144059 0.489975 -0.028655
v 0.145624 0.489975 -0.019172
v 0.146567 0.489975 -0.009606
v 0.142000 0.480000 0.000000
v 0.141696 0.480000 0.009287
v 0.140785 0.480000 0.018535
v 0.139272 0.480000 0.027703
v 0.137161 0.480000 0.036752
v 0.134464 0.480000 0.045644
v 0.131191 0.480000 0.054341
v 0.127356 0.480000 0.062805
v 0.122976 0.480000 0.071000
v 0.118069 0.480000 0.078891
v 0.112656 0.480000 0.086444
v 0.106761 0.480000 0.093627
v 0.100409 0.480000 0.100409
v 0.093627 0.480000 0.106761
v 0.086444 0.480000 0.112656
v 0.078891 0.480000 0.118069
v 0.071000 0.480000 0.122976
v 0.062805 0.480000 0.127356
v 0.054341 0.480000 0.131191
v 0.045644 0.480000 0.134464
v 0.036752 0.480000 0.137161
v 0.027703 0.480000 0.139272
v 0.018535 0.480000 0.140785
v 0.009287 0.480000 0.141696
v 0.000000 0.480000 0.142000
v -0.009287 0.480000 0.141696
v -0.018535 0.480000 0.140785
v -0.027703 0.480000 0.139272
v -0.036752 0.480000 0.137161
v -0.045644 0.480000 0.134464
v -0.054341 0.480000 0.131191
v -0.062805 0.480000 0.127356
v -0.071000 0.480000 0.122976
v -0.078891 0.480000 0.118069
v -0.086444 0.480000 0.112656
v -0.093627 0.480000 0.106761
v -0.100409 0.480000 0.100409
v -0.106761 0.480000 0.093627
v -0.112656 0.480000 0.086444
v -0.118069 0.480000 0.078891
v -0.122976 0.480000 0.071000
v -0.127356 0.480000 0.062805
v -0.131191 0.480000 0.054341
v -0.134464 0.480000 0.045644
v -0.137161 0.480000 0.036752
v -0.139272 0.480000 0.027703
v -0.140785 0.480000 0.018535
v -0.141696 0.480000 0.009287
v -0.142000 0.480000 0.000000
v -0.141696 0.480000 -0.009287
v -0.140785 0.480000 -0.018535
v -0.139272 0.480000 -0.027703
v -0.137161 0.480000 -0.036752
v -0.134464 0.480000 -0.045644
v -0.131191 0.480000 -0.054341
v -0.127356 0.480000 -0.062805
v -0.122976 0.480000 -0.071000
v -0.118069 0.480000 -0.078891
v -0.112656 0.480000 -0.086444
v -0.106761 0.480000 -0.093627
v -0.100409 0.480000 -0.100409
v -0.093627 0.480000 -0.106761
v -0.086444 0.480000 -0.112656
v -0.078891 0.480000 -0.118069
v -0.071000 0.480000 -0.122976
v -0.062805 0.480000 -0.127356
v -0.054341 0.480000 -0.131191
v -0.045644 0.480000 -0.134464
v -0.036752 0.480000 -0.137161
v -0.027703 0.480000 -0.139272
v -0.018535 0.480000 -0.140785
v -0.009287 0.480000 -0.141696
v -0.000000 0.480000 -0.142000
v 0.009287 0.480000 -0.141696
v 0.018535 0.480000 -0.140785
v 0.027703 0.480000 -0.139272
v 0.036752 0.480000 -0.137161
v 0.045644 0.480000 -0.134464
v 0.054341 0.480000 -0.131191
v 0.062805 0.480000 -0.127356
v 0.071000 0.480000 -0.122976
v 0.078891 0.480000 -0.118069
v 0.086444 0.480000 -0.112656
v 0.093627 0.480000 -0.106761
v 0.100409 0.480000 -0.100409
v 0.106761 0.480000 -0.093627
v 0.112656 0.480000 -0.086444
v 0.118069 0.480000 -0.078891
v 0.122976 0.480000 -0.071000
v 0.127356 0.480000 -0.062805
v 0.131191 0.480000 -0.054341
v 0.134464 0.480000 -0.045644
v 0.137161 0.480000 -0.036752
v 0.139272 0.480000 -0.027703
v 0.140785 0.480000 -0.018535
v 0.141696 0.480000 -0.009287
v 0.136492 0.470750 0.000000
v 0.136200 0.470750 0.008927
v 0.135324 0.470750 0.017816
v 0.133869 0.470750 0.026628
v 0.131841 0.470750 0.035327
v 0.129248 0.470750 0.043874
v 0.126102 0.470750 0.052233
v 0.122416 0.470750 0.060369
v 0.118206 0.470750 0.068246
v 0.113489 0.470750 0.075831
v 0.108286 0.470750 0.083091
v 0.102620 0.470750 0.089995
v 0.096514 0.470750 0.096514
v 0.089995 0.470750 0.102620
v 0.083091 0.470750 0.108286
v 0.075831 0.470750 0.113489
v 0.068246 0.470750 0.118206
v 0.060369 0.470750 0.122416
v 0.052233 0.470750 0.126102
v 0.043874 0.470750 0.129248
v 0.035327 0.470750 0.131841
v 0.026628 0.470750 0.133869
v 0.017816 0.470750 0.135324
v 0.008927 0.470750 0.136200
v 0.000000 0.470750 0.136492
v -0.008927 0.470750 0.136200
v -0.017816 0.470750 0.135324
v -0.026628 0.470750 0.133869
v -0.035327 0.470750 0.131841
v -0.043874 0.470750 0.129248
v -0.052233 0.470750 0.126102
v -0.060369 0.470750 0.122416
v -0.068246 0.470750 0.118206
v -0.075831 0.470750 0.113489
v -0.083091 0.470750 0.108286
v -0.089995 0.470750 0.102620
v -0.096514 0.470750 0.096514
v -0.102620 0.470750 0.089995
v -0.108286 0.470750 0.083091
v -0.113489 0.470750 0.075831
v -0.118206 0.470750 0.068246
v -0.122416 0.470750 0.060369
v -0.126102 0.470750 0.052233
v -0.129248 0.470750 0.043874
v -0.131841 0.470750 0.035327
v -0.133869 0.470750 0.026628
v -0.135324 0.470750 0.017816
v -0.136200 0.470750 0.008927
v -0.136492 0.470750 0.000000
v -0.136200 0.470750 -0.008927
v -0.135324 0.470750 -0.017816
v -0.133869 0.470750 -0.026628
v -0.131841 0.470750 -0.035327
v -0.129248 0.470750 -0.043874
v -0.126102 0.470750 -0.052233
v -0.122416 0.470750 -0.060369
v -0.118206 0.470750 -0.068246
v -0.113489 0.470750 -0.075831
v -0.108286 0.470750 -0.083091
v -0.102620 0.470750 -0.089995
v -0.096514 0.470750 -0.096514
v -0.089995 0.470750 -0.102620
v -0.083091 0.470750 -0.108286
v -0.075831 0.470750 -0.113489
v -0.068246 0.470750 -0.118206
v -0.060369 0.470750 -0.122416
v -0.052233 0.470750 -0.126102
v -0.043874 0.470750 -0.129248
v -0.035327 0.470750 -0.131841
v -0.026628 0.470750 -0.133869
v -0.017816 0.470750 -0.135324
v -0.008927 0.470750 -0.136200
v -0.000000 0.470750 -0.136492
v 0.008927 0.470750 -0.136200
v 0.017816 0.470750 -0.135324
v 0.026628 0.470750 -0.133869
v 0.035327 0.470750 -0.131841
v 0.043874 0.470750 -0.129248
v 0.052233 0.470750 -0.126102
v 0.060369 0.470750 -0.122416
v 0.068246 0.470750 -0.118206
v 0.075831 0.470750 -0.113489
v 0.083091 0.470750 -0.108286
v 0.089995 0.470750 -0.102620
v 0.096514 0.470750 -0.096514
v 0.102620 0.470750 -0.089995
v 0.108286 0.470750 -0.083091
v 0.113489 0.470750 -0.075831
v 0.118206 0.470750 -0.068246
v 0.122416 0.470750 -0.060369
v 0.126102 0.470750 -0.052233
v 0.129248 0.470750 -0.043874
v 0.131841 0.470750 -0.035327
v 0.133869 0.470750 -0.026628
v 0.135324 0.470750 -0.017816
v 0.136200 0.470750 -0.008927
v 0.130256 0.462000 0.000000
v 0.129977 0.462000 0.008519
v 0.129142 0.462000 0.017002
v 0.127753 0.462000 0.025412
v 0.125818 0.462000 0.033713
v 0.123343 0.462000 0.041869
v 0.120341 0.462000 0.049847
v 0.116823 0.462000 0.057611
v 0.112805 0.462000 0.065128
v 0.108304 0.462000 0.072366
v 0.103339 0.462000 0.079295
v 0.097932 0.462000 0.085884
v 0.092105 0.462000 0.092105
v 0.085884 0.462000 0.097932
v 0.079295 0.462000 0.103339
v 0.072366 0.462000 0.108304
v 0.065128 0.462000 0.112805
v 0.057611 0.462000 0.116823
v 0.049847 0.462000 0.120341
v 0.041869 0.462000 0.123343
v 0.033713 0.462000 0.125818
v 0.025412 0.462000 0.127753
v 0.017002 0.462000 0.129142
v 0.008519 0.462000 0.129977
v 0.000000 0.462000 0.130256
v -0.008519 0.462000 0.129977
v -0.017002 0.462000 0.129142
v -0.025412 0.462000 0.127753
v -0.033713 0.462000 0.125818
v -0.041869 0.462000 0.123343
v -0.049847 0.462000 0.120341
v -0.057611 0.462000 0.116823
v -0.065128 0.462000 0.112805
v -0.072366 0.462000 0.108304
v -0.079295 0.462000 0.103339
v -0.085884 0.462000 0.097932
v -0.092105 0.462000 0.092105
v -0.097932 0.462000 0.085884
v -0.103339 0.462000 0.079295
v -0.108304 0.462000 0.072366
v -0.112805 0.462000 0.065128
v -0.116823 0.462000 0.057611
v -0.120341 0.462000 0.049847
v -0.123343 0.462000 0.041869
v -0.125818 0.462000 0.033713
v -0.127753 0.462000 0.025412
v -0.129142 0.462000 0.017002
v -0.129977 0.462000 0.008519
v -0.130256 0.462000 0.000000
v -0.129977 0.462000 -0.008519
v -0.129142 0.462000 -0.017002
v -0.127753 0.462000 -0.025412
v -0.125818 0.462000 -0.033713
v -0.123343 0.462000 -0.041869
v -0.120341 0.462000 -0.049847
v -0.116823 0.462000 -0.057611
v -0.112805 0.462000 -0.065128
v -0.108304 0.462000 -0.072366
v -0.103339 0.462000 -0.079295
v -0.097932 0.462000 -0.085884
v -0.092105 0.462000 -0.092105
v -0.085884 0.462000 -0.097932
v -0.079295 0.462000 -0.103339
v -0.072366 0.462000 -0.108304
v -0.065128 0.462000 -0.112805
v -0.057611 0.462000 -0.116823
v -0.049847 0.462000 -0.120341
v -0.041869 0.462000 -0.123343
v -0.033713 0.462000 -0.125818
v -0.025412 0.462000 -0.127753
v -0.017002 0.462000 -0.129142
v -0.008519 0.462000 -0.129977
v -0.000000 0.462000 -0.130256
v 0.008519 0.462000 -0.129977
v 0.017002 0.462000 -0.129142
v 0.025412 0.462000 -0.127753
v 0.033713 0.462000 -0.125818
v 0.041869 0.462000 -0.123343
v 0.049847 0.462000 -0.120341
v 0.057611 0.462000 -0.116823
v 0.065128 0.462000 -0.112805
v 0.072366 0.462000 -0.108304
v 0.079295 0.462000 -0.103339
v 0.085884 0.462000 -0.097932
v 0.092105 0.462000 -0.092105
v 0.097932 0.462000 -0.085884
v 0.103339 0.462000 -0.079295
v 0.108304 0.462000 -0.072366
v 0.112805 0.462000 -0.065128
v 0.116823 0.462000 -0.057611
v 0.120341 0.462000 -0.049847
v 0.123343 0.462000 -0.041869
v 0.125818 0.462000 -0.033713
v 0.127753 0.462000 -0.025412
v 0.129142 0.462000 -0.017002
v 0.129977 0.462000 -0.008519
v 0.123424 0.453750 0.000000
v 0.123160 0.453750 0.008072
v 0.122368 0.453750 0.016110
v 0.121052 0.453750 0.024079
v 0.119218 0.453750 0.031944
v 0.116874 0.453750 0.039673
v 0.114029 0.453750 0.047232
v 0.110696 0.453750 0.054589
v 0.106888 0.453750 0.061712
v 0.102623 0.453750 0.068571
v 0.097919 0.453750 0.075136
v 0.092795 0.453750 0.081379
v 0.087274 0.453750 0.087274
v 0.081379 0.453750 0.092795
v 0.075136 0.453750 0.097919
v 0.068571 0.453750 0.102623
v 0.061712 0.453750 0.106888
v 0.054589 0.453750 0.110696
v 0.047232 0.453750 0.114029
v 0.039673 0.453750 0.116874
v 0.031944 0.453750 0.119218
v 0.024079 0.453750 0.121052
v 0.016110 0.453750 0.122368
v 0.008072 0.453750 0.123160
v 0.000000 0.453750 0.123424
v -0.008072 0.453750 0.123160
v -0.016110 0.453750 0.122368
v -0.024079 0.453750 0.121052
v -0.031944 0.453750 0.119218
v -0.039673 0.453750 0.116874
v -0.047232 0.453750 0.114029
v -0.054589 0.453750 0.110696
v -0.061712 0.453750 0.106888
v -0.068571 0.453750 0.102623
v -0.075136 0.453750 0.097919
v -0.081379 0.453750 0.092795
v -0.087274 0.453750 0.087274
v -0.092795 0.453750 0.081379
v -0.097919 0.453750 0.075136
v -0.102623 0.453750 0.068571
v -0.106888 0.453750 0.061712
v -0.110696 0.453750 0.054589
v -0.114029 0.453750 0.047232
v -0.116874 0.453750 0.039673
v -0.119218 0.453750 0.031944
v -0.121052 0.453750 0.024079
v -0.122368 0.453750 0.016110
v -0.123160 0.453750 0.008072
v -0.123424 0.453750 0.000000
v -0.123160 0.453750 -0.008072
v -0.122368 0.453750 -0.016110
v -0.121052 0.453750 -0.024079
v -0.119218 0.453750 -0.031944
v -0.116874 0.453750 -0.039673
v -0.114029 0.453750 -0.047232
v -0.110696 0.453750 -0.054589
v -0.106888 0.453750 -0.061712
v -0.102623 0.453750 -0.068571
v -0.097919 0.453750 -0.075136
v -0.092795 0.453750 -0.081379
v -0.087274 0.453750 -0.087274
v -0.081379 0.453750 -0.092795
v -0.075136 0.453750 -0.097919
v -0.068571 0.453750 -0.102623
v -0.061712 0.453750 -0.106888
v -0.054589 0.453750 -0.110696
v -0.047232 0.453750 -0.114029
v -0.039673 0.453750 -0.116874
v -0.031944 0.453750 -0.119218
v -0.024079 0.453750 -0.121052
v -0.016110 0.453750 -0.122368
v -0.008072 0.453750 -0.123160
v -0.000000 0.453750 -0.123424
v 0.008072 0.453750 -0.123160
v 0.016110 0.453750 -0.122368
v 0.024079 0.453750 -0.121052
v 0.031944 0.453750 -0.119218
v 0.039673 0.453750 -0.116874
v 0.047232 0.453750 -0.114029
v 0.054589 0.453750 -0.110696
v 0.061712 0.453750 -0.106888
v 0.068571 0.453750 -0.102623
v 0.075136 0.453750 -0.097919
v 0.081379 0.453750 -0.092795
v 0.087274 0.453750 -0.087274
v 0.092795 0.453750 -0.081379
v 0.097919 0.453750 -0.075136
v 0.102623 0.453750 -0.068571
v 0.106888 0.453750 -0.061712
v 0.110696 0.453750 -0.054589
v 0.114029 0.453750 -0.047232
v 0.116874 0.453750 -0.039673
v 0.119218 0.453750 -0.031944
v 0.121052 0.453750 -0.024079
v 0.122368 0.453750 -0.016110
v 0.123160 0.453750 -0.008072
v 0.116128 0.446000 0.000000
v 0.115879 0.446000 0.007595
v 0.115135 0.446000 0.015158
v 0.113897 0.446000 0.022655
v 0.112171 0.446000 0.030056
v 0.109965 0.446000 0.037328
v 0.107288 0.446000 0.044440
v 0.104152 0.446000 0.051362
v 0.100570 0.446000 0.058064
v 0.096557 0.446000 0.064517
v 0.092131 0.446000 0.070694
v 0.087310 0.446000 0.076569
v 0.082115 0.446000 0.082115
v 0.076569 0.446000 0.087310
v 0.070694 0.446000 0.092131
v 0.064517 0.446000 0.096557
v 0.058064 0.446000 0.100570
v 0.051362 0.446000 0.104152
v 0.044440 0.446000 0.107288
v 0.037328 0.446000 0.109965
v 0.030056 0.446000 0.112171
v 0.022655 0.446000 0.113897
v 0.015158 0.446000 0.115135
v 0.007595 0.446000 0.115879
v 0.000000 0.446000 0.116128
v -0.007595 0.446000 0.115879
v -0.015158 0.446000 0.115135
v -0.022655 0.446000 0.113897
v -0.030056 0.446000 0.112171
v -0.037328 0.446000 0.109965
v -0.044440 0.446000 0.107288
v -0.051362 0.446000 0.104152
v -0.058064 0.446000 0.100570
v -0.064517 0.446000 0.096557
v -0.070694 0.446000 0.092131
v -0.076569 0.446000 0.087310
v -0.082115 0.446000 0.082115
v -0.087310 0.446000 0.076569
v -0.092131 0.446000 0.070694
v -0.096557 0.446000 0.064517
v -0.100570 0.446000 0.058064
v -0.104152 0.446000 0.051362
v -0.107288 0.446000 0.044440
v -0.109965 0.446000 0.037328
v -0.112171 0.446000 0.030056
v -0.113897 0.446000 0.022655
v -0.115135 0.446000 0.015158
v -0.115879 0.446000 0.007595
v -0.116128 0.446000 0.000000
v -0.115879 0.446000 -0.007595
v -0.115135 0.446000 -0.015158
v -0.113897 0.446000 -0.022655
v -0.112171 0.446000 -0.030056
v -0.109965 0.446000 -0.037328
v -0.107288 0.446000 -0.044440
v -0.104152 0.446000 -0.051362
v -0.100570 0.446000 -0.058064
v -0.096557 0.446000 -0.064517
v -0.092131 0.446000 -0.070694
v -0.087310 0.446000 -0.076569
v -0.082115 0.446000 -0.082115
v -0.076569 0.446000 -0.087310
v -0.070694 0.446000 -0.092131
v -0.064517 0.446000 -0.096557
v -0.058064 0.446000 -0.100570
v -0.051362 0.446000 -0.104152
v -0.044440 0.446000 -0.107288
v -0.037328 0.446000 -0.109965
v -0.030056 0.446000 -0.112171
v -0.022655 0.446000 -0.113897
v -0.015158 0.446000 -0.115135
v -0.007595 0.446000 -0.115879
v -0.000000 0.446000 -0.116128
v 0.007595 0.446000 -0.115879
v 0.015158 0.446000 -0.115135
v 0.022655 0.446000 -0.113897
v 0.030056 0.446000 -0.112171
v 0.037328 0.446000 -0.109965
v 0.044440 0.446000 -0.107288
v 0.051362 0.446000 -0.104152
v 0.058064 0.446000 -0.100570
v 0.064517 0.446000 -0.096557
v 0.070694 0.446000 -0.092131
v 0.076569 0.446000 -0.087310
v 0.082115 0.446000 -0.082115
v 0.087310 0.446000 -0.076569
v 0.092131 0.446000 -0.070694
v 0.096557 0.446000 -0.064517
v 0.100570 0.446000 -0.058064
v 0.104152 0.446000 -0.051362
v 0.107288 0.446000 -0.044440
v 0.109965 0.446000 -0.037328
v 0.112171 0.446000 -0.030056
v 0.113897 0.446000 -0.022655
v 0.115135 0.446000 -0.015158
v 0.115879 0.446000 -0.007595
v 0.108500 0.438750 0.000000
v 0.108268 0.438750 0.007096
v 0.107572 0.438750 0.014162
v 0.106415 0.438750 0.021167
v 0.104803 0.438750 0.028082
v 0.102742 0.438750 0.034876
v 0.100241 0.438750 0.041521
v 0.097311 0.438750 0.047988
v 0.093964 0.438750 0.054250
v 0.090214 0.438750 0.060279
v 0.086079 0.438750 0.066051
v 0.081575 0.438750 0.071539
v 0.076721 0.438750 0.076721
v 0.071539 0.438750 0.081575
v 0.066051 0.438750 0.086079
v 0.060279 0.438750 0.090214
v 0.054250 0.438750 0.093964
v 0.047988 0.438750 0.097311
v 0.041521 0.438750 0.100241
v 0.034876 0.438750 0.102742
v 0.028082 0.438750 0.104803
v 0.021167 0.438750 0.106415
v 0.014162 0.438750 0.107572
v 0.007096 0.438750 0.108268
v 0.000000 0.438750 0.108500
v -0.007096 0.438750 0.108268
v -0.014162 0.438750 0.107572
v -0.021167 0.438750 0.106415
v -0.028082 0.438750 0.104803
v -0.034876 0.438750 0.102742
v -0.041521 0.438750 0.100241
v -0.047988 0.438750 0.097311
v -0.054250 0.438750 0.093964
v -0.060279 0.438750 0.090214
v -0.066051 0.438750 0.086079
v -0.071539 0.438750 0.081575
v -0.076721 0.438750 0.076721
v -0.081575 0.438750 0.071539
v -0.086079 0.438750 0.066051
v -0.090214 0.438750 0.060279
v -0.093964 0.438750 0.054250
v -0.097311 0.438750 0.047988
v -0.100241 0.438750 0.041521
v -0.102742 0.438750 0.034876
v -0.104803 0.438750 0.028082
v -0.106415 0.438750 0.021167
v -0.107572 0.438750 0.014162
v -0.108268 0.438750 0.007096
v -0.108500 0.438750 0.000000
v -0.108268 0.438750 -0.007096
v -0.107572 0.438750 -0.014162
v -0.106415 0.438750 -0.021167
v -0.104803 0.438750 -0.028082
v -0.102742 0.438750 -0.034876
v -0.100241 0.438750 -0.041521
v -0.097311 0.438750 -0.047988
v -0.093964 0.438750 -0.054250
v -0.090214 0.438750 -0.060279
v -0.086079 0.438750 -0.066051
v -0.081575 0.438750 -0.071539
v -0.076721 0.438750 -0.076721
v -0.071539 0.438750 -0.081575
v -0.066051 0.438750 -0.086079
v -0.060279 0.438750 -0.090214
v -0.054250 0.438750 -0.093964
v -0.047988 0.438750 -0.097311
v -0.041521 0.438750 -0.100241
v -0.034876 0.438750 -0.102742
v -0.028082 0.438750 -0.104803
v -0.021167 0.438750 -0.106415
v -0.014162 0.438750 -0.107572
v -0.007096 0.438750 -0.108268
v -0.000000 0.438750 -0.108500
v 0.007096 0.438750 -0.108268
v 0.014162 0.438750 -0.107572
v 0.021167 0.438750 -0.106415
v 0.028082 0.438750 -0.104803
v 0.034876 0.438750 -0.102742
v 0.041521 0.438750 -0.100241
v 0.047988 0.438750 -0.097311
v 0.054250 0.438750 -0.093964
v 0.060279 0.438750 -0.090214
v 0.066051 0.438750 -0.086079
v 0.071539 0.438750 -0.081575
v 0.076721 0.438750 -0.076721
v 0.081575 0.438750 -0.071539
v 0.086079 0.438750 -0.066051
v 0.090214 0.438750 -0.060279
v 0.093964 0.438750 -0.054250
v 0.097311 0.438750 -0.047988
v 0.100241 0.438750 -0.041521
v 0.102742 0.438750 -0.034876
v 0.104803 0.438750 -0.028082
v 0.106415 0.438750 -0.021167
v 0.107572 0.438750 -0.014162
v 0.108268 0.438750 -0.007096
v 0.100672 0.432000 0.000000
v 0.100456 0.432000 0.006584
v 0.099811 0.432000 0.013140
v 0.098738 0.432000 0.019640
v 0.097242 0.432000 0.026056
v 0.095329 0.432000 0.032360
v 0.093009 0.432000 0.038526
v 0.090290 0.432000 0.044526
v 0.087185 0.432000 0.050336
v 0.083706 0.432000 0.055930
v 0.079868 0.432000 0.061285
v 0.075689 0.432000 0.066378
v 0.071186 0.432000 0.071186
v 0.066378 0.432000 0.075689
v 0.061285 0.432000 0.079868
v 0.055930 0.432000 0.083706
v 0.050336 0.432000 0.087185
v 0.044526 0.432000 0.090290
v 0.038526 0.432000 0.093009
v 0.032360 0.432000 0.095329
v 0.026056 0.432000 0.097242
v 0.019640 0.432000 0.098738
v 0.013140 0.432000 0.099811
v 0.006584 0.432000 0.100456
v 0.000000 0.432000 0.100672
v -0.006584 0.432000 0.100456
v -0.013140 0.432000 0.099811
v -0.019640 0.432000 0.098738
v -0.026056 0.432000 0.097242
v -0.032360 0.432000 0.095329
v -0.038526 0.432000 0.093009
v -0.044526 0.432000 0.090290
v -0.050336 0.432000 0.087185
v -0.055930 0.432000 0.083706
v -0.061285 0.432000 0.079868
v -0.066378 0.432000 0.075689
v -0.071186 0.432000 0.071186
v -0.075689 0.432000 0.066378
v -0.079868 0.432000 0.061285
v -0.083706 0.432000 0.055930
v -0.087185 0.432000 0.050336
v -0.090290 0.432000 0.044526
v -0.093009 0.432000 0.038526
v -0.095329 0.432000 0.032360
v -0.097242 0.432000 0.026056
v -0.098738 0.432000 0.019640
v -0.099811 0.432000 0.013140
v -0.100456 0.432000 0.006584
v -0.100672 0.432000 0.000000
v -0.100456 0.432000 -0.006584
v -0.099811 0.432000 -0.013140
v -0.098738 0.432000 -0.019640
v -0.097242 0.432000 -0.026056
v -0.095329 0.432000 -0.032360
v -0.093009 0.432000 -0.038526
v -0.090290 0.432000 -0.044526
v -0.087185 0.432000 -0.050336
v -0.083706 0.432000 -0.055930
v -0.079868 0.432000 -0.061285
v -0.075689 0.432000 -0.066378
v -0.071186 0.432000 -0.071186
v -0.066378 0.432000 -0.075689
v -0.061285 0.432000 -0.079868
v -0.055930 0.432000 -0.083706
v -0.050336 0.432000 -0.087185
v -0.044526 0.432000 -0.090290
v -0.038526 0.432000 -0.093009
v -0.032360 0.432000 -0.095329
v -0.026056 0.432000 -0.097242
v -0.019640 0.432000 -0.098738
v -0.013140 0.432000 -0.099811
v -0.006584 0.432000 -0.100456
v -0.000000 0.432000 -0.100672
v 0.006584 0.432000 -0.100456
v 0.013140 0.432000 -0.099811
v 0.019640 0.432000 -0.098738
v 0.026056 0.432000 -0.097242
v 0.032360 0.432000 -0.095329
v 0.038526 0.432000 -0.093009
v 0.044526 0.432000 -0.090290
v 0.050336 0.432000 -0.087185
v 0.055930 0.432000 -0.083706
v 0.061285 0.432000 -0.079868
v 0.066378 0.432000 -0.075689
v 0.071186 0.432000 -0.071186
v 0.075689 0.432000 -0.066378
v 0.079868 0.432000 -0.061285
v 0.083706 0.432000 -0.055930
v 0.087185 0.432000 -0.050336
v 0.090290 0.432000 -0.044526
v 0.093009 0.432000 -0.038526
v 0.095329 0.432000 -0.032360
v 0.097242 0.432000 -0.026056
v 0.098738 0.432000 -0.019640
v 0.099811 0.432000 -0.013140
v 0.100456 0.432000 -0.006584
v 0.092776 0.425750 0.000000
v 0.092577 0.425750 0.006068
v 0.091982 0.425750 0.012110
v 0.090993 0.425750 0.018100
v 0.089615 0.425750 0.024012
v 0.087852 0.425750 0.029822
v 0.085714 0.425750 0.035504
v 0.083208 0.425750 0.041034
v 0.080346 0.425750 0.046388
v 0.077140 0.425750 0.051544
v 0.073604 0.425750 0.056478
v 0.069753 0.425750 0.061171
v 0.065603 0.425750 0.065603
v 0.061171 0.425750 0.069753
v 0.056478 0.425750 0.073604
v 0.051544 0.425750 0.077140
v 0.046388 0.425750 0.080346
v 0.041034 0.425750 0.083208
v 0.035504 0.425750 0.085714
v 0.029822 0.425750 0.087852
v 0.024012 0.425750 0.089615
v 0.018100 0.425750 0.090993
v 0.012110 0.425750 0.091982
v 0.006068 0.425750 0.092577
v 0.000000 0.425750 0.092776
v -0.006068 0.425750 0.092577
v -0.012110 0.425750 0.091982
v -0.018100 0.425750 0.090993
v -0.024012 0.425750 0.089615
v -0.029822 0.425750 0.087852
v -0.035504 0.425750 0.085714
v -0.041034 0.425750 0.083208
v -0.046388 0.425750 0.080346
v -0.051544 0.425750 0.077140
v -0.056478 0.425750 0.073604
v -0.061171 0.425750 0.069753
v -0.065603 0.425750 0.065603
v -0.069753 0.425750 0.061171
v -0.073604 0.425750 0.056478
v -0.077140 0.425750 0.051544
v -0.080346 0.425750 0.046388
v -0.083208 0.425750 0.041034
v -0.085714 0.425750 0.035504
v -0.087852 0.425750 0.029822
v -0.089615 0.425750 0.024012
v -0.090993 0.425750 0.018100
v -0.091982 0.425750 0.012110
v -0.092577 0.425750 0.006068
v -0.092776 0.425750 0.000000
v -0.092577 0.425750 -0.006068
v -0.091982 0.425750 -0.012110
v -0.090993 0.425750 -0.018100
v -0.089615 0.425750 -0.024012
v -0.087852 0.425750 -0.029822
v -0.085714 0.425750 -0.035504
v -0.083208 0.425750 -0.041034
v -0.080346 0.425750 -0.046388
v -0.077140 0.425750 -0.051544
v -0.073604 0.425750 -0.056478
v -0.069753 0.425750 -0.061171
v -0.065603 0.425750 -0.065603
v -0.061171 0.425750 -0.069753
v -0.056478 0.425750 -0.073604
v -0.051544 0.425750 -0.077140
v -0.046388 0.425750 -0.080346
v -0.041034 0.425750 -0.083208
v -0.035504 0.425750 -0.085714
v -0.029822 0.425750 -0.087852
v -0.024012 0.425750 -0.089615
v -0.018100 0.425750 -0.090993
v -0.012110 0.425750 -0.091982
v -0.006068 0.425750 -0.092577
v -0.000000 0.425750 -0.092776
v 0.006068 0.425750 -0.092577
v 0.012110 0.425750 -0.091982
v 0.018100 0.425750 -0.090993
v 0.024012 0.425750 -0.089615
v 0.029822 0.425750 -0.087852
v 0.035504 0.425750 -0.085714
v 0.041034 0.425750 -0.083208
v 0.046388 0.425750 -0.080346
v 0.051544 0.425750 -0.077140
v 0.056478 0.425750 -0.073604
v 0.061171 0.425750 -0.069753
v 0.065603 0.425750 -0.065603
v 0.069753 0.425750 -0.061171
v 0.073604 0.425750 -0.056478
v 0.077140 0.425750 -0.051544
v 0.080346 0.425750 -0.046388
v 0.083208 0.425750 -0.041034
v 0.085714 0.425750 -0.035504
v 0.087852 0.425750 -0.029822
v 0.089615 0.425750 -0.024012
v 0.090993 0.425750 -0.018100
v 0.091982 0.425750 -0.012110
v 0.092577 0.425750 -0.006068
v 0.084944 0.420000 0.000000
v 0.084762 0.420000 0.005556
v 0.084217 0.420000 0.011087
v 0.083312 0.420000 0.016572
v 0.082050 0.420000 0.021985
v 0.080436 0.420000 0.027304
v 0.078478 0.420000 0.032507
v 0.076184 0.420000 0.037570
v 0.073564 0.420000 0.042472
v 0.070628 0.420000 0.047192
v 0.067391 0.420000 0.051711
v 0.063864 0.420000 0.056007
v 0.060064 0.420000 0.060064
v 0.056007 0.420000 0.063864
v 0.051711 0.420000 0.067391
v 0.047192 0.420000 0.070628
v 0.042472 0.420000 0.073564
v 0.037570 0.420000 0.076184
v 0.032507 0.420000 0.078478
v 0.027304 0.420000 0.080436
v 0.021985 0.420000 0.082050
v 0.016572 0.420000 0.083312
v 0.011087 0.420000 0.084217
v 0.005556 0.420000 0.084762
v 0.000000 0.420000 0.084944
v -0.005556 0.420000 0.084762
v -0.011087 0.420000 0.084217
v -0.016572 0.420000 0.083312
v -0.021985 0.420000 0.082050
v -0.027304 0.420000 0.080436
v -0.032507 0.420000 0.078478
v -0.037570 0.420000 0.076184
v -0.042472 0.420000 0.073564
v -0.047192 0.420000 0.070628
v -0.051711 0.420000 0.067391
v -0.056007 0.420000 0.063864
v -0.060064 0.420000 0.060064
v -0.063864 0.420000 0.056007
v -0.067391 0.420000 0.051711
v -0.070628 0.420000 0.047192
v -0.073564 0.420000 0.042472
v -0.076184 0.420000 0.037570
v -0.078478 0.420000 0.032507
v -0.080436 0.420000 0.027304
v -0.082050 0.420000 0.021985
v -0.083312 0.420000 0.016572
v -0.084217 0.420000 0.011087
v -0.084762 0.420000 0.005556
v -0.084944 0.420000 0.000000
v -0.084762 0.420000 -0.005556
v -0.084217 0.420000 -0.011087
v -0.083312 0.420000 -0.016572
v -0.082050 0.420000 -0.021985
v -0.080436 0.420000 -0.027304
v -0.078478 0.420000 -0.032507
v -0.076184 0.420000 -0.037570
v -0.073564 0.420000 -0.042472
v -0.070628 0.420000 -0.047192
v -0.067391 0.420000 -0.051711
v -0.063864 0.420000 -0.056007
v -0.060064 0.420000 -0.060064
v -0.056007 0.420000 -0.063864
v -0.051711 0.420000 -0.067391
v -0.047192 0.420000 -0.070628
v -0.042472 0.420000 -0.073564
v -0.037570 0.420000 -0.076184
v -0.032507 0.420000 -0.078478
v -0.027304 0.420000 -0.080436
v -0.021985 0.420000 -0.082050
v -0.016572 0.420000 -0.083312
v -0.011087 0.420000 -0.084217
v -0.005556 0.420000 -0.084762
v -0.000000 0.420000 -0.084944
v 0.005556 0.420000 -0.084762
v 0.011087 0.420000 -0.084217
v 0.016572 0.420000 -0.083312
v 0.021985 0.420000 -0.082050
v 0.027304 0.420000 -0.080436
v 0.032507 0.420000 -0.078478
v 0.037570 0.420000 -0.076184
v 0.042472 0.420000 -0.073564
v 0.047192 0.420000 -0.070628
v 0.051711 0.420000 -0.067391
v 0.056007 0.420000 -0.063864
v 0.060064 0.420000 -0.060064
v 0.063864 0.420000 -0.056007
v 0.067391 0.420000 -0.051711
v 0.070628 0.420000 -0.047192
v 0.073564 0.420000 -0.042472
v 0.076184 0.420000 -0.037570
v 0.078478 0.420000 -0.032507
v 0.080436 0.420000 -0.027304
v 0.082050 0.420000 -0.021985
v 0.083312 0.420000 -0.016572
v 0.084217 0.420000 -0.011087
v 0.084762 0.420000 -0.005556
v 0.077308 0.414750 0.000000
v 0.077142 0.414750 0.005056
v 0.076647 0.414750 0.010091
v 0.075823 0.414750 0.015082
v 0.074674 0.414750 0.020009
v 0.073205 0.414750 0.024850
v 0.071423 0.414750 0.029584
v 0.069335 0.414750 0.034192
v 0.066951 0.414750 0.038654
v 0.064279 0.414750 0.042950
v 0.061333 0.414750 0.047062
v 0.058123 0.414750 0.050973
v 0.054665 0.414750 0.054665
v 0.050973 0.414750 0.058123
v 0.047062 0.414750 0.061333
v 0.042950 0.414750 0.064279
v 0.038654 0.414750 0.066951
v 0.034192 0.414750 0.069335
v 0.029584 0.414750 0.071423
v 0.024850 0.414750 0.073205
v 0.020009 0.414750 0.074674
v 0.015082 0.414750 0.075823
v 0.010091 0.414750 0.076647
v 0.005056 0.414750 0.077142
v 0.000000 0.414750 0.077308
v -0.005056 0.414750 0.077142
v -0.010091 0.414750 0.076647
v -0.015082 0.414750 0.075823
v -0.020009 0.414750 0.074674
v -0.024850 0.414750 0.073205
v -0.029584 0.414750 0.071423
v -0.034192 0.414750 0.069335
v -0.038654 0.414750 0.066951
v -0.042950 0.414750 0.064279
v -0.047062 0.414750 0.061333
v -0.050973 0.414750 0.058123
v -0.054665 0.414750 0.054665
v -0.058123 0.414750 0.050973
v -0.061333 0.414750 0.047062
v -0.064279 0.414750 0.042950
v -0.066951 0.414750 0.038654
v -0.069335 0.414750 0.034192
v -0.071423 0.414750 0.029584
v -0.073205 0.414750 0.024850
v -0.074674 0.414750 0.020009
v -0.075823 0.414750 0.015082
v -0.076647 0.414750 0.010091
v -0.077142 0.414750 0.005056
v -0.077308 0.414750 0.000000
v -0.077142 0.414750 -0.005056
v -0.076647 0.414750 -0.010091
v -0.075823 0.414750 -0.015082
v -0.074674 0.414750 -0.020009
v -0.073205 0.414750 -0.024850
v -0.071423 0.414750 -0.029584
v -0.069335 0.414750 -0.034192
v -0.066951 0.414750 -0.038654
v -0.064279 0.414750 -0.042950
v -0.061333 0.414750 -0.047062
v -0.058123 0.414750 -0.050973
v -0.054665 0.414750 -0.054665
v -0.050973 0.414750 -0.058123
v -0.047062 0.414750 -0.061333
v -0.042950 0.414750 -0.064279
v -0.038654 0.414750 -0.066951
v -0.034192 0.414750 -0.069335
v -0.029584 0.414750 -0.071423
v -0.024850 0.414750 -0.073205
v -0.020009 0.414750 -0.074674
v -0.015082 0.414750 -0.075823
v -0.010091 0.414750 -0.076647
v -0.005056 0.414750 -0.077142
v -0.000000 0.414750 -0.077308
v 0.005056 0.414750 -0.077142
v 0.010091 0.414750 -0.076647
v 0.015082 0.414750 -0.075823
v 0.020009 0.414750 -0.074674
v 0.024850 0.414750 -0.073205
v 0.029584 0.414750 -0.071423
v 0.034192 0.414750 -0.069335
v 0.038654 0.414750 -0.066951
v 0.042950 0.414750 -0.064279
v 0.047062 0.414750 -0.061333
v 0.050973 0.414750 -0.058123
v 0.054665 0.414750 -0.054665
v 0.058123 0.414750 -0.050973
v 0.061333 0.414750 -0.047062
v 0.064279 0.414750 -0.042950
v 0.066951 0.414750 -0.038654
v 0.069335 0.414750 -0.034192
v 0.071423 0.414750 -0.029584
v 0.073205 0.414750 -0.024850
v 0.074674 0.414750 -0.020009
v 0.075823 0.414750 -0.015082
v 0.076647 0.414750 -0.010091
v 0.077142 0.414750 -0.005056
v 0.070000 0.410000 0.000000
v 0.069850 0.410000 0.004578
v 0.069401 0.410000 0.009137
v 0.068655 0.410000 0.013656
v 0.067615 0.410000 0.018117
v 0.066285 0.410000 0.022501
v 0.064672 0.410000 0.026788
v 0.062781 0.410000 0.030960
v 0.060622 0.410000 0.035000
v 0.058203 0.410000 0.038890
v 0.055535 0.410000 0.042613
v 0.052629 0.410000 0.046154
v 0.049497 0.410000 0.049497
v 0.046154 0.410000 0.052629
v 0.042613 0.410000 0.055535
v 0.038890 0.410000 0.058203
v 0.035000 0.410000 0.060622
v 0.030960 0.410000 0.062781
v 0.026788 0.410000 0.064672
v 0.022501 0.410000 0.066285
v 0.018117 0.410000 0.067615
v 0.013656 0.410000 0.068655
v 0.009137 0.410000 0.069401
v 0.004578 0.410000 0.069850
v 0.000000 0.410000 0.070000
v -0.004578 0.410000 0.069850
v -0.009137 0.410000 0.069401
v -0.013656 0.410000 0.068655
v -0.018117 0.410000 0.067615
v -0.022501 0.410000 0.066285
v -0.026788 0.410000 0.064672
v -0.030960 0.410000 0.062781
v -0.035000 0.410000 0.060622
v -0.038890 0.410000 0.058203
v -0.042613 0.410000 0.055535
v -0.046154 0.410000 0.052629
v -0.049497 0.410000 0.049497
v -0.052629 0.410000 0.046154
v -0.055535 0.410000 0.042613
v -0.058203 0.410000 0.038890
v -0.060622 0.410000 0.035000
v -0.062781 0.410000 0.030960
v -0.064672 0.410000 0.026788
v -0.066285 0.410000 0.022501
v -0.067615 0.410000 0.018117
v -0.068655 0.410000 0.013656
v -0.069401 0.410000 0.009137
v -0.069850 0.410000 0.004578
v -0.070000 0.410000 0.000000
v -0.069850 0.410000 -0.004578
v -0.069401 0.410000 -0.009137
v -0.068655 0.410000 -0.013656
v -0.067615 0.410000 -0.018117
v -0.066285 0.410000 -0.022501
v -0.064672 0.410000 -0.026788
v -0.062781 0.410000 -0.030960
v -0.060622 0.410000 -0.035000
v -0.058203 0.410000 -0.038890
v -0.055535 0.410000 -0.042613
v -0.052629 0.410000 -0.046154
v -0.049497 0.410000 -0.049497
v -0.046154 0.410000 -0.052629
v -0.042613 0.410000 -0.055535
v -0.038890 0.410000 -0.058203
v -0.035000 0.410000 -0.060622
v -0.030960 0.410000 -0.062781
v -0.026788 0.410000 -0.064672
v -0.022501 0.410000 -0.066285
v -0.018117 0.410000 -0.067615
v -0.013656 0.410000 -0.068655
v -0.009137 0.410000 -0.069401
v -0.004578 0.410000 -0.069850
v -0.000000 0.410000 -0.070000
v 0.004578 0.410000 -0.069850
v 0.009137 0.410000 -0.069401
v 0.013656 0.410000 -0.068655
v 0.018117 0.410000 -0.067615
v 0.022501 0.410000 -0.066285
v 0.026788 0.410000 -0.064672
v 0.030960 0.410000 -0.062781
v 0.035000 0.410000 -0.060622
v 0.038890 0.410000 -0.058203
v 0.042613 0.410000 -0.055535
v 0.046154 0.410000 -0.052629
v 0.049497 0.410000 -0.049497
v 0.052629 0.410000 -0.046154
v 0.055535 0.410000 -0.042613
v 0.058203 0.410000 -0.038890
v 0.060622 0.410000 -0.035000
v 0.062781 0.410000 -0.030960
v 0.064672 0.410000 -0.026788
v 0.066285 0.410000 -0.022501
v 0.067615 0.410000 -0.018117
v 0.068655 0.410000 -0.013656
v 0.069401 0.410000 -0.009137
v 0.069850 0.410000 -0.004578
v 0.062604 0.405885 0.000000
v 0.062470 0.405885 0.004094
v 0.062068 0.405885 0.008171
v 0.061401 0.405885 0.012213
v 0.060471 0.405885 0.016203
v 0.059282 0.405885 0.020123
v 0.057839 0.405885 0.023958
v 0.056148 0.405885 0.027689
v 0.054217 0.405885 0.031302
v 0.052053 0.405885 0.034781
v 0.049667 0.405885 0.038111
v 0.047068 0.405885 0.041278
v 0.044268 0.405885 0.044268
v 0.041278 0.405885 0.047068
v 0.038111 0.405885 0.049667
v 0.034781 0.405885 0.052053
v 0.031302 0.405885 0.054217
v 0.027689 0.405885 0.056148
v 0.023958 0.405885 0.057839
v 0.020123 0.405885 0.059282
v 0.016203 0.405885 0.060471
v 0.012213 0.405885 0.061401
v 0.008171 0.405885 0.062068
v 0.004094 0.405885 0.062470
v 0.000000 0.405885 0.062604
v -0.004094 0.405885 0.062470
v -0.008171 0.405885 0.062068
v -0.012213 0.405885 0.061401
v -0.016203 0.405885 0.060471
v -0.020123 0.405885 0.059282
v -0.023958 0.405885 0.057839
v -0.027689 0.405885 0.056148
v -0.031302 0.405885 0.054217
v -0.034781 0.405885 0.052053
v -0.038111 0.405885 0.049667
v -0.041278 0.405885 0.047068
v -0.044268 0.405885 0.044268
v -0.047068 0.405885 0.041278
v -0.049667 0.405885 0.038111
v -0.052053 0.405885 0.034781
v -0.054217 0.405885 0.031302
v -0.056148 0.405885 0.027689
v -0.057839 0.405885 0.023958
v -0.059282 0.405885 0.020123
v -0.060471 0.405885 0.016203
v -0.061401 0.405885 0.012213
v -0.062068 0.405885 0.008171
v -0.062470 0.405885 0.004094
v -0.062604 0.405885 0.000000
v -0.062470 0.405885 -0.004094
v -0.062068 0.405885 -0.008171
v -0.061401 0.405885 -0.012213
v -0.060471 0.405885 -0.016203
v -0.059282 0.405885 -0.020123
v -0.057839 0.405885 -0.023958
v -0.056148 0.405885 -0.027689
v -0.054217 0.405885 -0.031302
v -0.052053 0.405885 -0.034781
v -0.049667 0.405885 -0.038111
v -0.047068 0.405885 -0.041278
v -0.044268 0.405885 -0.044268
v -0.041278 0.405885 -0.047068
v -0.038111 0.405885 -0.049667
v -0.034781 0.405885 -0.052053
v -0.031302 0.405885 -0.054217
v -0.027689 0.405885 -0.056148
v -0.023958 0.405885 -0.057839
v -0.020123 0.405885 -0.059282
v -0.016203 0.405885 -0.060471
v -0.012213 0.405885 -0.061401
v -0.008171 0.405885 -0.062068
v -0.004094 0.405885 -0.062470
v -0.000000 0.405885 -0.062604
v 0.004094 0.405885 -0.062470
v 0.008171 0.405885 -0.062068
v 0.012213 0.405885 -0.061401
v 0.016203 0.405885 -0.060471
v 0.020123 0.405885 -0.059282
v 0.023958 0.405885 -0.057839
v 0.027689 0.405885 -0.056148
v 0.031302 0.405885 -0.054217
v 0.034781 0.405885 -0.052053
v 0.038111 0.405885 -0.049667
v 0.041278 0.405885 -0.047068
v 0.044268 0.405885 -0.044268
v 0.047068 0.405885 -0.041278
v 0.049667 0.405885 -0.038111
v 0.052053 0.405885 -0.034781
v 0.054217 0.405885 -0.031302
v 0.056148 0.405885 -0.027689
v 0.057839 0.405885 -0.023958
v 0.059282 0.405885 -0.020123
v 0.060471 0.405885 -0.016203
v 0.061401 0.405885 -0.012213
v 0.062068 0.405885 -0.008171
v 0.062470 0.405885 -0.004094
v 0.054752 0.402480 0.000000
v 0.054635 0.402480 0.003581
v 0.054284 0.402480 0.007147
v 0.053700 0.402480 0.010682
v 0.052886 0.402480 0.014171
v 0.051846 0.402480 0.017599
v 0.050584 0.402480 0.020953
v 0.049106 0.402480 0.024216
v 0.047417 0.402480 0.027376
v 0.045525 0.402480 0.030419
v 0.043438 0.402480 0.033331
v 0.041165 0.402480 0.036101
v 0.038716 0.402480 0.038716
v 0.036101 0.402480 0.041165
v 0.033331 0.402480 0.043438
v 0.030419 0.402480 0.045525
v 0.027376 0.402480 0.047417
v 0.024216 0.402480 0.049106
v 0.020953 0.402480 0.050584
v 0.017599 0.402480 0.051846
v 0.014171 0.402480 0.052886
v 0.010682 0.402480 0.053700
v 0.007147 0.402480 0.054284
v 0.003581 0.402480 0.054635
v 0.000000 0.402480 0.054752
v -0.003581 0.402480 0.054635
v -0.007147 0.402480 0.054284
v -0.010682 0.402480 0.053700
v -0.014171 0.402480 0.052886
v -0.017599 0.402480 0.051846
v -0.020953 0.402480 0.050584
v -0.024216 0.402480 0.049106
v -0.027376 0.402480 0.047417
v -0.030419 0.402480 0.045525
v -0.033331 0.402480 0.043438
v -0.036101 0.402480 0.041165
v -0.038716 0.402480 0.038716
v -0.041165 0.402480 0.036101
v -0.043438 0.402480 0.033331
v -0.045525 0.402480 0.030419
v -0.047417 0.402480 0.027376
v -0.049106 0.402480 0.024216
v -0.050584 0.402480 0.020953
v -0.051846 0.402480 0.017599
v -0.052886 0.402480 0.014171
v -0.053700 0.402480 0.010682
v -0.054284 0.402480 0.007147
v -0.054635 0.402480 0.003581
v -0.054752 0.402480 0.000000
v -0.054635 0.402480 -0.003581
v -0.054284 0.402480 -0.007147
v -0.053700 0.402480 -0.010682
v -0.052886 0.402480 -0.014171
v -0.051846 0.402480 -0.017599
v -0.050584 0.402480 -0.020953
v -0.049106 0.402480 -0.024216
v -0.047417 0.402480 -0.027376
v -0.045525 0.402480 -0.030419
v -0.043438 0.402480 -0.033331
v -0.041165 0.402480 -0.036101
v -0.038716 0.402480 -0.038716
v -0.036101 0.402480 -0.041165
v -0.033331 0.402480 -0.043438
v -0.030419 0.402480 -0.045525
v -0.027376 0.402480 -0.047417
v -0.024216 0.402480 -0.049106
v -0.020953 0.402480 -0.050584
v -0.017599 0.402480 -0.051846
v -0.014171 0.402480 -0.052886
v -0.010682 0.402480 -0.053700
v -0.007147 0.402480 -0.054284
v -0.003581 0.402480 -0.054635
v -0.000000 0.402480 -0.054752
v 0.003581 0.402480 -0.054635
v 0.007147 0.402480 -0.054284
v 0.010682 0.402480 -0.053700
v 0.014171 0.402480 -0.052886
v 0.017599 0.402480 -0.051846
v 0.020953 0.402480 -0.050584
v 0.024216 0.402480 -0.049106
v 0.027376 0.402480 -0.047417
v 0.030419 0.402480 -0.045525
v 0.033331 0.402480 -0.043438
v 0.036101 0.402480 -0.041165
v 0.038716 0.402480 -0.038716
v 0.041165 0.402480 -0.036101
v 0.043438 0.402480 -0.033331
v 0.045525 0.402480 -0.030419
v 0.047417 0.402480 -0.027376
v 0.049106 0.402480 -0.024216
v 0.050584 0.402480 -0.020953
v 0.051846 0.402480 -0.017599
v 0.052886 0.402480 -0.014171
v 0.053700 0.402480 -0.010682
v 0.054284 0.402480 -0.007147
v 0.054635 0.402480 -0.003581
v 0.046648 0.399695 0.000000
v 0.046548 0.399695 0.003051
v 0.046249 0.399695 0.006089
v 0.045752 0.399695 0.009101
v 0.045059 0.399695 0.012073
v 0.044172 0.399695 0.014995
v 0.043097 0.399695 0.017851
v 0.041837 0.399695 0.020632
v 0.040398 0.399695 0.023324
v 0.038786 0.399695 0.025916
v 0.037008 0.399695 0.028398
v 0.035072 0.399695 0.030757
v 0.032985 0.399695 0.032985
v 0.030757 0.399695 0.035072
v 0.028398 0.399695 0.037008
v 0.025916 0.399695 0.038786
v 0.023324 0.399695 0.040398
v 0.020632 0.399695 0.041837
v 0.017851 0.399695 0.043097
v 0.014995 0.399695 0.044172
v 0.012073 0.399695 0.045059
v 0.009101 0.399695 0.045752
v 0.006089 0.399695 0.046249
v 0.003051 0.399695 0.046548
v 0.000000 0.399695 0.046648
v -0.003051 0.399695 0.046548
v -0.006089 0.399695 0.046249
v -0.009101 0.399695 0.045752
v -0.012073 0.399695 0.045059
v -0.014995 0.399695 0.044172
v -0.017851 0.399695 0.043097
v -0.020632 0.399695 0.041837
v -0.023324 0.399695 0.040398
v -0.025916 0.399695 0.038786
v -0.028398 0.399695 0.037008
v -0.030757 0.399695 0.035072
v -0.032985 0.399695 0.032985
v -0.035072 0.399695 0.030757
v -0.037008 0.399695 0.028398
v -0.038786 0.399695 0.025916
v -0.040398 0.399695 0.023324
v -0.041837 0.399695 0.020632
v -0.043097 0.399695 0.017851
v -0.044172 0.399695 0.014995
v -0.045059 0.399695 0.012073
v -0.045752 0.399695 0.009101
v -0.046249 0.399695 0.006089
v -0.046548 0.399695 0.003051
v -0.046648 0.399695 0.000000
v -0.046548 0.399695 -0.003051
v -0.046249 0.399695 -0.006089
v -0.045752 0.399695 -0.009101
v -0.045059 0.399695 -0.012073
v -0.044172 0.399695 -0.014995
v -0.043097 0.399695 -0.017851
v -0.041837 0.399695 -0.020632
v -0.040398 0.399695 -0.023324
v -0.038786 0.399695 -0.025916
v -0.037008 0.399695 -0.028398
v -0.035072 0.399695 -0.030757
v -0.032985 0.399695 -0.032985
v -0.030757 0.399695 -0.035072
v -0.028398 0.399695 -0.037008
v -0.025916 0.399695 -0.038786
v -0.023324 0.399695 -0.040398
v -0.020632 0.399695 -0.041837
v -0.017851 0.399695 -0.043097
v -0.014995 0.399695 -0.044172
v -0.012073 0.399695 -0.045059
v -0.009101 0.399695 -0.045752
v -0.006089 0.399695 -0.046249
v -0.003051 0.399695 -0.046548
v -0.000000 0.399695 -0.046648
v 0.003051 0.399695 -0.046548
v 0.006089 0.399695 -0.046249
v 0.009101 0.399695 -0.045752
v 0.012073 0.399695 -0.045059
v 0.014995 0.399695 -0.044172
v 0.017851 0.399695 -0.043097
v 0.020632 0.399695 -0.041837
v 0.023324 0.399695 -0.040398
v 0.025916 0.399695 -0.038786
v 0.028398 0.399695 -0.037008
v 0.030757 0.399695 -0.035072
v 0.032985 0.399695 -0.032985
v 0.035072 0.399695 -0.030757
v 0.037008 0.399695 -0.028398
v 0.038786 0.399695 -0.025916
v 0.040398 0.399695 -0.023324
v 0.041837 0.399695 -0.020632
v 0.043097 0.399695 -0.017851
v 0.044172 0.399695 -0.014995
v 0.045059 0.399695 -0.012073
v 0.045752 0.399695 -0.009101
v 0.046249 0.399695 -0.006089
v 0.046548 0.399695 -0.003051
v 0.038496 0.397440 0.000000
v 0.038414 0.397440 0.002518
v 0.038167 0.397440 0.005025
v 0.037756 0.397440 0.007510
v 0.037184 0.397440 0.009963
v 0.036453 0.397440 0.012374
v 0.035566 0.397440 0.014732
v 0.034526 0.397440 0.017026
v 0.033339 0.397440 0.019248
v 0.032008 0.397440 0.021387
v 0.030541 0.397440 0.023435
v 0.028943 0.397440 0.025382
v 0.027221 0.397440 0.027221
v 0.025382 0.397440 0.028943
v 0.023435 0.397440 0.030541
v 0.021387 0.397440 0.032008
v 0.019248 0.397440 0.033339
v 0.017026 0.397440 0.034526
v 0.014732 0.397440 0.035566
v 0.012374 0.397440 0.036453
v 0.009963 0.397440 0.037184
v 0.007510 0.397440 0.037756
v 0.005025 0.397440 0.038167
v 0.002518 0.397440 0.038414
v 0.000000 0.397440 0.038496
v -0.002518 0.397440 0.038414
v -0.005025 0.397440 0.038167
v -0.007510 0.397440 0.037756
v -0.009963 0.397440 0.037184
v -0.012374 0.397440 0.036453
v -0.014732 0.397440 0.035566
v -0.017026 0.397440 0.034526
v -0.019248 0.397440 0.033339
v -0.021387 0.397440 0.032008
v -0.023435 0.397440 0.030541
v -0.025382 0.397440 0.028943
v -0.027221 0.397440 0.027221
v -0.028943 0.397440 0.025382
v -0.030541 0.397440 0.023435
v -0.032008 0.397440 0.021387
v -0.033339 0.397440 0.019248
v -0.034526 0.397440 0.017026
v -0.035566 0.397440 0.014732
v -0.036453 0.397440 0.012374
v -0.037184 0.397440 0.009963
v -0.037756 0.397440 0.007510
v -0.038167 0.397440 0.005025
v -0.038414 0.397440 0.002518
v -0.038496 0.397440 0.000000
v -0.038414 0.397440 -0.002518
v -0.038167 0.397440 -0.005025
v -0.037756 0.397440 -0.007510
v -0.037184 0.397440 -0.009963
v -0.036453 0.397440 -0.012374
v -0.035566 0.397440 -0.014732
v -0.034526 0.397440 -0.017026
v -0.033339 0.397440 -0.019248
v -0.032008 0.397440 -0.021387
v -0.030541 0.397440 -0.023435
v -0.028943 0.397440 -0.025382
v -0.027221 0.397440 -0.027221
v -0.025382 0.397440 -0.028943
v -0.023435 0.397440 -0.030541
v -0.021387 0.397440 -0.032008
v -0.019248 0.397440 -0.033339
v -0.017026 0.397440 -0.034526
v -0.014732 0.397440 -0.035566
v -0.012374 0.397440 -0.036453
v -0.009963 0.397440 -0.037184
v -0.007510 0.397440 -0.037756
v -0.005025 0.397440 -0.038167
v -0.002518 0.397440 -0.038414
v -0.000000 0.397440 -0.038496
v 0.002518 0.397440 -0.038414
v 0.005025 0.397440 -0.038167
v 0.007510 0.397440 -0.037756
v 0.009963 0.397440 -0.037184
v 0.012374 0.397440 -0.036453
v 0.014732 0.397440 -0.035566
v 0.017026 0.397440 -0.034526
v 0.019248 0.397440 -0.033339
v 0.021387 0.397440 -0.032008
v 0.023435 0.397440 -0.030541
v 0.025382 0.397440 -0.028943
v 0.027221 0.397440 -0.027221
v 0.028943 0.397440 -0.025382
v 0.030541 0.397440 -0.023435
v 0.032008 0.397440 -0.021387
v 0.033339 0.397440 -0.019248
v 0.034526 0.397440 -0.017026
v 0.035566 0.397440 -0.014732
v 0.036453 0.397440 -0.012374
v 0.037184 0.397440 -0.009963
v 0.037756 0.397440 -0.007510
v 0.038167 0.397440 -0.005025
v 0.038414 0.397440 -0.002518
v 0.030500 0.395625 0.000000
v 0.030435 0.395625 0.001995
v 0.030239 0.395625 0.003981
v 0.029914 0.395625 0.005950
v 0.029461 0.395625 0.007894
v 0.028881 0.395625 0.009804
v 0.028178 0.395625 0.011672
v 0.027355 0.395625 0.013490
v 0.026414 0.395625 0.015250
v 0.025360 0.395625 0.016945
v 0.024197 0.395625 0.018567
v 0.022931 0.395625 0.020110
v 0.021567 0.395625 0.021567
v 0.020110 0.395625 0.022931
v 0.018567 0.395625 0.024197
v 0.016945 0.395625 0.025360
v 0.015250 0.395625 0.026414
v 0.013490 0.395625 0.027355
v 0.011672 0.395625 0.028178
v 0.009804 0.395625 0.028881
v 0.007894 0.395625 0.029461
v 0.005950 0.395625 0.029914
v 0.003981 0.395625 0.030239
v 0.001995 0.395625 0.030435
v 0.000000 0.395625 0.030500
v -0.001995 0.395625 0.030435
v -0.003981 0.395625 0.030239
v -0.005950 0.395625 0.029914
v -0.007894 0.395625 0.029461
v -0.009804 0.395625 0.028881
v -0.011672 0.395625 0.028178
v -0.013490 0.395625 0.027355
v -0.015250 0.395625 0.026414
v -0.016945 0.395625 0.025360
v -0.018567 0.395625 0.024197
v -0.020110 0.395625 0.022931
v -0.021567 0.395625 0.021567
v -0.022931 0.395625 0.020110
v -0.024197 0.395625 0.018567
v -0.025360 0.395625 0.016945
v -0.026414 0.395625 0.015250
v -0.027355 0.395625 0.013490
v -0.028178 0.395625 0.011672
v -0.028881 0.395625 0.009804
v -0.029461 0.395625 0.007894
v -0.029914 0.395625 0.005950
v -0.030239 0.395625 0.003981
v -0.030435 0.395625 0.001995
v -0.030500 0.395625 0.000000
v -0.030435 0.395625 -0.001995
v -0.030239 0.395625 -0.003981
v -0.029914 0.395625 -0.005950
v -0.029461 0.395625 -0.007894
v -0.028881 0.395625 -0.009804
v -0.028178 0.395625 -0.011672
v -0.027355 0.395625 -0.013490
v -0.026414 0.395625 -0.015250
v -0.025360 0.395625 -0.016945
v -0.024197 0.395625 -0.018567
v -0.022931 0.395625 -0.020110
v -0.021567 0.395625 -0.021567
v -0.020110 0.395625 -0.022931
v -0.018567 0.395625 -0.024197
v -0.016945 0.395625 -0.025360
v -0.015250 0.395625 -0.026414
v -0.013490 0.395625 -0.027355
v -0.011672 0.395625 -0.028178
v -0.009804 0.395625 -0.028881
v -0.007894 0.395625 -0.029461
v -0.005950 0.395625 -0.029914
v -0.003981 0.395625 -0.030239
v -0.001995 0.395625 -0.030435
v -0.000000 0.395625 -0.030500
v 0.001995 0.395625 -0.030435
v 0.003981 0.395625 -0.030239
v 0.005950 0.395625 -0.029914
v 0.007894 0.395625 -0.029461
v 0.009804 0.395625 -0.028881
v 0.011672 0.395625 -0.028178
v 0.013490 0.395625 -0.027355
v 0.015250 0.395625 -0.026414
v 0.016945 0.395625 -0.025360
v 0.018567 0.395625 -0.024197
v 0.020110 0.395625 -0.022931
v 0.021567 0.395625 -0.021567
v 0.022931 0.395625 -0.020110
v 0.024197 0.395625 -0.018567
v 0.025360 0.395625 -0.016945
v 0.026414 0.395625 -0.015250
v 0.027355 0.395625 -0.013490
v 0.028178 0.395625 -0.011672
v 0.028881 0.395625 -0.009804
v 0.029461 0.395625 -0.007894
v 0.029914 0.395625 -0.005950
v 0.030239 0.395625 -0.003981
v 0.030435 0.395625 -0.001995
v 0.022864 0.394160 0.000000
v 0.022815 0.394160 0.001495
v 0.022668 0.394160 0.002984
v 0.022425 0.394160 0.004461
v 0.022085 0.394160 0.005918
v 0.021651 0.394160 0.007349
v 0.021124 0.394160 0.008750
v 0.020506 0.394160 0.010112
v 0.019801 0.394160 0.011432
v 0.019011 0.394160 0.012703
v 0.018139 0.394160 0.013919
v 0.017190 0.394160 0.015075
v 0.016167 0.394160 0.016167
v 0.015075 0.394160 0.017190
v 0.013919 0.394160 0.018139
v 0.012703 0.394160 0.019011
v 0.011432 0.394160 0.019801
v 0.010112 0.394160 0.020506
v 0.008750 0.394160 0.021124
v 0.007349 0.394160 0.021651
v 0.005918 0.394160 0.022085
v 0.004461 0.394160 0.022425
v 0.002984 0.394160 0.022668
v 0.001495 0.394160 0.022815
v 0.000000 0.394160 0.022864
v -0.001495 0.394160 0.022815
v -0.002984 0.394160 0.022668
v -0.004461 0.394160 0.022425
v -0.005918 0.394160 0.022085
v -0.007349 0.394160 0.021651
v -0.008750 0.394160 0.021124
v -0.010112 0.394160 0.020506
v -0.011432 0.394160 0.019801
v -0.012703 0.394160 0.019011
v -0.013919 0.394160 0.018139
v -0.015075 0.394160 0.017190
v -0.016167 0.394160 0.016167
v -0.017190 0.394160 0.015075
v -0.018139 0.394160 0.013919
v -0.019011 0.394160 0.012703
v -0.019801 0.394160 0.011432
v -0.020506 0.394160 0.010112
v -0.021124 0.394160 0.008750
v -0.021651 0.394160 0.007349
v -0.022085 0.394160 0.005918
v -0.022425 0.394160 0.004461
v -0.022668 0.394160 0.002984
v -0.022815 0.394160 0.001495
v -0.022864 0.394160 0.000000
v -0.022815 0.394160 -0.001495
v -0.022668 0.394160 -0.002984
v -0.022425 0.394160 -0.004461
v -0.022085 0.394160 -0.005918
v -0.021651 0.394160 -0.007349
v -0.021124 0.394160 -0.008750
v -0.020506 0.394160 -0.010112
v -0.019801 0.394160 -0.011432
v -0.019011 0.394160 -0.012703
v -0.018139 0.394160 -0.013919
v -0.017190 0.394160 -0.015075
v -0.016167 0.394160 -0.016167
v -0.015075 0.394160 -0.017190
v -0.013919 0.394160 -0.018139
v -0.012703 0.394160 -0.019011
v -0.011432 0.394160 -0.019801
v -0.010112 0.394160 -0.020506
v -0.008750 0.394160 -0.021124
v -0.007349 0.394160 -0.021651
v -0.005918 0.394160 -0.022085
v -0.004461 0.394160 -0.022425
v -0.002984 0.394160 -0.022668
v -0.001495 0.394160 -0.022815
v -0.000000 0.394160 -0.022864
v 0.001495 0.394160 -0.022815
v 0.002984 0.394160 -0.022668
v 0.004461 0.394160 -0.022425
v 0.005918 0.394160 -0.022085
v 0.007349 0.394160 -0.021651
v 0.008750 0.394160 -0.021124
v 0.010112 0.394160 -0.020506
v 0.011432 0.394160 -0.019801
v 0.012703 0.394160 -0.019011
v 0.013919 0.394160 -0.018139
v 0.015075 0.394160 -0.017190
v 0.016167 0.394160 -0.016167
v 0.017190 0.394160 -0.015075
v 0.018139 0.394160 -0.013919
v 0.019011 0.394160 -0.012703
v 0.019801 0.394160 -0.011432
v 0.020506 0.394160 -0.010112
v 0.021124 0.394160 -0.008750
v 0.021651 0.394160 -0.007349
v 0.022085 0.394160 -0.005918
v 0.022425 0.394160 -0.004461
v 0.022668 0.394160 -0.002984
v 0.022815 0.394160 -0.001495
v 0.015792 0.392955 0.000000
v 0.015758 0.392955 0.001033
v 0.015657 0.392955 0.002061
v 0.015489 0.392955 0.003081
v 0.015254 0.392955 0.004087
v 0.014954 0.392955 0.005076
v 0.014590 0.392955 0.006043
v 0.014163 0.392955 0.006985
v 0.013676 0.392955 0.007896
v 0.013131 0.392955 0.008774
v 0.012529 0.392955 0.009614
v 0.011873 0.392955 0.010412
v 0.011167 0.392955 0.011167
v 0.010412 0.392955 0.011873
v 0.009614 0.392955 0.012529
v 0.008774 0.392955 0.013131
v 0.007896 0.392955 0.013676
v 0.006985 0.392955 0.014163
v 0.006043 0.392955 0.014590
v 0.005076 0.392955 0.014954
v 0.004087 0.392955 0.015254
v 0.003081 0.392955 0.015489
v 0.002061 0.392955 0.015657
v 0.001033 0.392955 0.015758
v 0.000000 0.392955 0.015792
v -0.001033 0.392955 0.015758
v -0.002061 0.392955 0.015657
v -0.003081 0.392955 0.015489
v -0.004087 0.392955 0.015254
v -0.005076 0.392955 0.014954
v -0.006043 0.392955 0.014590
v -0.006985 0.392955 0.014163
v -0.007896 0.392955 0.013676
v -0.008774 0.392955 0.013131
v -0.009614 0.392955 0.012529
v -0.010412 0.392955 0.011873
v -0.011167 0.392955 0.011167
v -0.011873 0.392955 0.010412
v -0.012529 0.392955 0.009614
v -0.013131 0.392955 0.008774
v -0.013676 0.392955 0.007896
v -0.014163 0.392955 0.006985
v -0.014590 0.392955 0.006043
v -0.014954 0.392955 0.005076
v -0.015254 0.392955 0.004087
v -0.015489 0.392955 0.003081
v -0.015657 0.392955 0.002061
v -0.015758 0.392955 0.001033
v -0.015792 0.392955 0.000000
v -0.015758 0.392955 -0.001033
v -0.015657 0.392955 -0.002061
v -0.015489 0.392955 -0.003081
v -0.015254 0.392955 -0.004087
v -0.014954 0.392955 -0.005076
v -0.014590 0.392955 -0.006043
v -0.014163 0.392955 -0.006985
v -0.013676 0.392955 -0.007896
v -0.013131 0.392955 -0.008774
v -0.012529 0.392955 -0.009614
v -0.011873 0.392955 -0.010412
v -0.011167 0.392955 -0.011167
v -0.010412 0.392955 -0.011873
v -0.009614 0.392955 -0.012529
v -0.008774 0.392955 -0.013131
v -0.007896 0.392955 -0.013676
v -0.006985 0.392955 -0.014163
v -0.006043 0.392955 -0.014590
v -0.005076 0.392955 -0.014954
v -0.004087 0.392955 -0.015254
v -0.003081 0.392955 -0.015489
v -0.002061 0.392955 -0.015657
v -0.001033 0.392955 -0.015758
v -0.000000 0.392955 -0.015792
v 0.001033 0.392955 -0.015758
v 0.002061 0.392955 -0.015657
v 0.003081 0.392955 -0.015489
v 0.004087 0.392955 -0.015254
v 0.005076 0.392955 -0.014954
v 0.006043 0.392955 -0.014590
v 0.006985 0.392955 -0.014163
v 0.007896 0.392955 -0.013676
v 0.008774 0.392955 -0.013131
v 0.009614 0.392955 -0.012529
v 0.010412 0.392955 -0.011873
v 0.011167 0.392955 -0.011167
v 0.011873 0.392955 -0.010412
v 0.012529 0.392955 -0.009614
v 0.013131 0.392955 -0.008774
v 0.013676 0.392955 -0.007896
v 0.014163 0.392955 -0.006985
v 0.014590 0.392955 -0.006043
v 0.014954 0.392955 -0.005076
v 0.015254 0.392955 -0.004087
v 0.015489 0.392955 -0.003081
v 0.015657 0.392955 -0.002061
v 0.015758 0.392955 -0.001033
v 0.009488 0.391920 0.000000
v 0.009468 0.391920 0.000621
v 0.009407 0.391920 0.001238
v 0.009306 0.391920 0.001851
v 0.009165 0.391920 0.002456
v 0.008984 0.391920 0.003050
v 0.008766 0.391920 0.003631
v 0.008510 0.391920 0.004196
v 0.008217 0.391920 0.004744
v 0.007889 0.391920 0.005271
v 0.007527 0.391920 0.005776
v 0.007133 0.391920 0.006256
v 0.006709 0.391920 0.006709
v 0.006256 0.391920 0.007133
v 0.005776 0.391920 0.007527
v 0.005271 0.391920 0.007889
v 0.004744 0.391920 0.008217
v 0.004196 0.391920 0.008510
v 0.003631 0.391920 0.008766
v 0.003050 0.391920 0.008984
v 0.002456 0.391920 0.009165
v 0.001851 0.391920 0.009306
v 0.001238 0.391920 0.009407
v 0.000621 0.391920 0.009468
v 0.000000 0.391920 0.009488
v -0.000621 0.391920 0.009468
v -0.001238 0.391920 0.009407
v -0.001851 0.391920 0.009306
v -0.002456 0.391920 0.009165
v -0.003050 0.391920 0.008984
v -0.003631 0.391920 0.008766
v -0.004196 0.391920 0.008510
v -0.004744 0.391920 0.008217
v -0.005271 0.391920 0.007889
v -0.005776 0.391920 0.007527
v -0.006256 0.391920 0.007133
v -0.006709 0.391920 0.006709
v -0.007133 0.391920 0.006256
v -0.007527 0.391920 0.005776
v -0.007889 0.391920 0.005271
v -0.008217 0.391920 0.004744
v -0.008510 0.391920 0.004196
v -0.008766 0.391920 0.003631
v -0.008984 0.391920 0.003050
v -0.009165 0.391920 0.002456
v -0.009306 0.391920 0.001851
v -0.009407 0.391920 0.001238
v -0.009468 0.391920 0.000621
v -0.009488 0.391920 0.000000
v -0.009468 0.391920 -0.000621
v -0.009407 0.391920 -0.001238
v -0.009306 0.391920 -0.001851
v -0.009165 0.391920 -0.002456
v -0.008984 0.391920 -0.003050
v -0.008766 0.391920 -0.003631
v -0.008510 0.391920 -0.004196
v -0.008217 0.391920 -0.004744
v -0.007889 0.391920 -0.005271
v -0.007527 0.391920 -0.005776
v -0.007133 0.391920 -0.006256
v -0.006709 0.391920 -0.006709
v -0.006256 0.391920 -0.007133
v -0.005776 0.391920 -0.007527
v -0.005271 0.391920 -0.007889
v -0.004744 0.391920 -0.008217
v -0.004196 0.391920 -0.008510
v -0.003631 0.391920 -0.008766
v -0.003050 0.391920 -0.008984
v -0.002456 0.391920 -0.009165
v -0.001851 0.391920 -0.009306
v -0.001238 0.391920 -0.009407
v -0.000621 0.391920 -0.009468
v -0.000000 0.391920 -0.009488
v 0.000621 0.391920 -0.009468
v 0.001238 0.391920 -0.009407
v 0.001851 0.391920 -0.009306
v 0.002456 0.391920 -0.009165
v 0.003050 0.391920 -0.008984
v 0.003631 0.391920 -0.008766
v 0.004196 0.391920 -0.008510
v 0.004744 0.391920 -0.008217
v 0.005271 0.391920 -0.007889
v 0.005776 0.391920 -0.007527
v 0.006256 0.391920 -0.007133
v 0.006709 0.391920 -0.006709
v 0.007133 0.391920 -0.006256
v 0.007527 0.391920 -0.005776
v 0.007889 0.391920 -0.005271
v 0.008217 0.391920 -0.004744
v 0.008510 0.391920 -0.004196
v 0.008766 0.391920 -0.003631
v 0.008984 0.391920 -0.003050
v 0.009165 0.391920 -0.002456
v 0.009306 0.391920 -0.001851
v 0.009407 0.391920 -0.001238
v 0.009468 0.391920 -0.000621
v 0.004156 0.390965 0.000000
v 0.004147 0.390965 0.000272
v 0.004120 0.390965 0.000542
v 0.004076 0.390965 0.000811
v 0.004014 0.390965 0.001076
v 0.003935 0.390965 0.001336
v 0.003840 0.390965 0.001590
v 0.003727 0.390965 0.001838
v 0.003599 0.390965 0.002078
v 0.003456 0.390965 0.002309
v 0.003297 0.390965 0.002530
v 0.003125 0.390965 0.002740
v 0.002939 0.390965 0.002939
v 0.002740 0.390965 0.003125
v 0.002530 0.390965 0.003297
v 0.002309 0.390965 0.003456
v 0.002078 0.390965 0.003599
v 0.001838 0.390965 0.003727
v 0.001590 0.390965 0.003840
v 0.001336 0.390965 0.003935
v 0.001076 0.390965 0.004014
v 0.000811 0.390965 0.004076
v 0.000542 0.390965 0.004120
v 0.000272 0.390965 0.004147
v 0.000000 0.390965 0.004156
v -0.000272 0.390965 0.004147
v -0.000542 0.390965 0.004120
v -0.000811 0.390965 0.004076
v -0.001076 0.390965 0.004014
v -0.001336 0.390965 0.003935
v -0.001590 0.390965 0.003840
v -0.001838 0.390965 0.003727
v -0.002078 0.390965 0.003599
v -0.002309 0.390965 0.003456
v -0.002530 0.390965 0.003297
v -0.002740 0.390965 0.003125
v -0.002939 0.390965 0.002939
v -0.003125 0.390965 0.002740
v -0.003297 0.390965 0.002530
v -0.003456 0.390965 0.002309
v -0.003599 0.390965 0.002078
v -0.003727 0.390965 0.001838
v -0.003840 0.390965 0.001590
v -0.003935 0.390965 0.001336
v -0.004014 0.390965 0.001076
v -0.004076 0.390965 0.000811
v -0.004120 0.390965 0.000542
v -0.004147 0.390965 0.000272
v -0.004156 0.390965 0.000000
v -0.004147 0.390965 -0.000272
v -0.004120 0.390965 -0.000542
v -0.004076 0.390965 -0.000811
v -0.004014 0.390965 -0.001076
v -0.003935 0.390965 -0.001336
v -0.003840 0.390965 -0.001590
v -0.003727 0.390965 -0.001838
v -0.003599 0.390965 -0.002078
v -0.003456 0.390965 -0.002309
v -0.003297 0.390965 -0.002530
v -0.003125 0.390965 -0.002740
v -0.002939 0.390965 -0.002939
v -0.002740 0.390965 -0.003125
v -0.002530 0.390965 -0.003297
v -0.002309 0.390965 -0.003456
v -0.002078 0.390965 -0.003599
v -0.001838 0.390965 -0.003727
v -0.001590 0.390965 -0.003840
v -0.001336 0.390965 -0.003935
v -0.001076 0.390965 -0.004014
v -0.000811 0.390965 -0.004076
v -0.000542 0.390965 -0.004120
v -0.000272 0.390965 -0.004147
v -0.000000 0.390965 -0.004156
v 0.000272 0.390965 -0.004147
v 0.000542 0.390965 -0.004120
v 0.000811 0.390965 -0.004076
v 0.001076 0.390965 -0.004014
v 0.001336 0.390965 -0.003935
v 0.001590 0.390965 -0.003840
v 0.001838 0.390965 -0.003727
v 0.002078 0.390965 -0.003599
v 0.002309 0.390965 -0.003456
v 0.002530 0.390965 -0.003297
v 0.002740 0.390965 -0.003125
v 0.002939 0.390965 -0.002939
v 0.003125 0.390965 -0.002740
v 0.003297 0.390965 -0.002530
v 0.003456 0.390965 -0.002309
v 0.003599 0.390965 -0.002078
v 0.003727 0.390965 -0.001838
v 0.003840 0.390965 -0.001590
v 0.003935 0.390965 -0.001336
v 0.004014 0.390965 -0.001076
v 0.004076 0.390965 -0.000811
v 0.004120 0.390965 -0.000542
v 0.004147 0.390965 -0.000272
v 0.000000 0.390000 0.000000
f 1 2 3
f 1 3 4
f 1 4 5
f 1 5 6
f 1 6 7
f 1 7 8
f 1 8 9
f 1 9 10
f 1 10 11
f 1 11 12
f 1 12 13
f 1 13 14
f 1 14 15
f 1 15 16
f 1 16 17
f 1 17 18
f 1 18 19
f 1 19 20
f 1 20 21
f 1 21 22
f 1 22 23
f 1 23 24
f 1 24 25
f 1 25 26
f 1 26 27
f 1 27 28
f 1 28 29
f 1 29 30
f 1 30 31
f 1 31 32
f 1 32 33
f 1 33 34
f 1 34 35
f 1 35 36
f 1 36 37
f 1 37 38
f 1 38 39
f 1 39 40
f 1 40 41
f 1 41 42
f 1 42 43
f 1 43 44
f 1 44 45
f 1 45 46
f 1 46 47
f 1 47 48
f 1 48 49
f 1 49 50
f 1 50 51
f 1 51 52
f 1 52 53
f 1 53 54
f 1 54 55
f 1 55 56
f 1 56 57
f 1 57 58
f 1 58 59
f 1 59 60
f 1 60 61
f 1 61 62
f 1 62 63
f 1 63 64
f 1 64 65
f 1 65 66
f 1 66 67
f 1 67 68
f 1 68 69
f 1 69 70
f 1 70 71
f 1 71 72
f 1 72 73
f 1 73 74
f 1 74 75
f 1 75 76
f 1 76 77
f 1 77 78
f 1 78 79
f 1 79 80
f 1 80 81
f 1 81 82
f 1 82 83
f 1 83 84
f 1 84 85
f 1 85 86
f 1 86 87
f 1 87 88
f 1 88 89
f 1 89 90
f 1 90 91
f 1 91 92
f 1 92 93
f 1 93 94
f 1 94 95
f 1 95 96
f 1 96 97
f 1 97 2
f 98 195 99
f 98 194 195
f 99 196 100
f 99 195 196
f 100 197 101
f 100 196 197
f 101 198 102
f 101 197 198
f 102 199 103
f 102 198 199
f 103 200 104
f 103 199 200
f 104 201 105
f 104 200 201
f 105 202 106
f 105 201 202
f 106 203 107
f 106 202 203
f 107 204 108
f 107 203 204
f 108 205 109
f 108 204 205
f 109 206 110
f 109 205 206
f 110 207 111
f 110 206 207
f 111 208 112
f 111 207 208
f 112 209 113
f 112 208 209
f 113 210 114
f 113 209 210
f 114 211 115
f 114 210 211
f 115 212 116
f 115 211 212
f 116 213 117
f 116 212 213
f 117 214 118
f 117 213 214
f 118 215 119
f 118 214 215
f 119 216 120
f 119 215 216
f 120 217 121
f 120 216 217
f 121 218 122
f 121 217 218
f 122 219 123
f 122 218 219
f 123 220 124
f 123 219 220
f 124 221 125
f 124 220 221
f 125 222 126
f 125 221 222
f 126 223 127
f 126 222 223
f 127 224 128
f 127 223 224
f 128 225 129
f 128 224 225
f 129 226 130
f 129 225 226
f 130 227 131
f 130 226 227
f 131 228 132
f 131 227 228
f 132 229 133
f 132 228 229
f 133 230 134
f 133 229 230
f 134 231 135
f 134 230 231
f 135 232 136
f 135 231 232
f 136 233 137
f 136 232 233
f 137 234 138
f 137 233 234
f 138 235 139
f 138 234 235
f 139 236 140
f 139 235 236
f 140 237 141
f 140 236 237
f 141 238 142
f 141 237 238
f 142 239 143
f 142 238 239
f 143 240 144
f 143 239 240
f 144 241 145
f 144 240 241
f 145 242 146
f 145 241 242
f 146 243 147
f 146 242 243
f 147 244 148
f 147 243 244
f 148 245 149
f 148 244 245
f 149 246 150
f 149 245 246
f 150 247 151
f 150 246 247
f 151 248 152
f 151 247 248
f 152 249 153
f 152 248 249
f 153 250 154
f 153 249 250
f 154 251 155
f 154 250 251
f 155 252 156
f 155 251 252
f 156 253 157
f 156 252 253
f 157 254 158
f 157 253 254
f 158 255 159
f 158 254 255
f 159 256 160
f 159 255 256
f 160 257 161
f 160 256 257
f 161 258 162
f 161 257 258
f 162 259 163
f 162 258 259
f 163 260 164
f 163 259 260
f 164 261 165
f 164 260 261
f 165 262 166
f 165 261 262
f 166 263 167
f 166 262 263
f 167 264 168
f 167 263 264
f 168 265 169
f 168 264 265
f 169 266 170
f 169 265 266
f 170 267 171
f 170 266 267
f 171 268 172
f 171 267 268
f 172 269 173
f 172 268 269
f 173 270 174
f 173 269 270
f 174 271 175
f 174 270 271
f 175 272 176
f 175 271 272
f 176 273 177
f 176 272 273
f 177 274 178
f 177 273 274
f 178 275 179
f 178 274 275
f 179 276 180
f 179 275 276
f 180 277 181
f 180 276 277
f 181 278 182
f 181 277 278
f 182 279 183
f 182 278 279
f 183 280 184
f 183 279 280
f 184 281 185
f 184 280 281
f 185 282 186
f 185 281 282
f 186 283 187
f 186 282 283
f 187 284 188
f 187 283 284
f 188 285 189
f 188 284 285
f 189 286 190
f 189 285 286
f 190 287 191
f 190 286 287
f 191 288 192
f 191 287 288
f 192 289 193
f 192 288 289
f 193 194 98
f 193 289 194
f 290 387 291
f 290 386 387
f 291 388 292
f 291 387 388
f 292 389 293
f 292 388 389
f 293 390 294
f 293 389 390
f 294 391 295
f 294 390 391
f 295 392 296
f 295 391 392
f 296 393 297
f 296 392 393
f 297 394 298
f 297 393 394
f 298 395 299
f 298 394 395
f 299 396 300
f 299 395 396
f 300 397 301
f 300 396 397
f 301 398 302
f 301 397 398
f 302 399 303
f 302 398 399
f 303 400 304
f 303 399 400
f 304 401 305
f 304 400 401
f 305 402 306
f 305 401 402
f 306 403 307
f 306 402 403
f 307 404 308
f 307 403 404
f 308 405 309
f 308 404 405
f 309 406 310
f 309 405 406
f 310 407 311
f 310 406 407
f 311 408 312
f 311 407 408
f 312 409 313
f 312 408 409
f 313 410 314
f 313 409 410
f 314 411 315
f 314 410 411
f 315 412 316
f 315 411 412
f 316 413 317
f 316 412 413
f 317 414 318
f 317 413 414
f 318 415 319
f 318 414 415
f 319 416 320
f 319 415 416
f 320 417 321
f 320 416 417
f 321 418 322
f 321 417 418
f 322 419 323
f 322 418 419
f 323 420 324
f 323 419 420
f 324 421 325
f 324 420 421
f 325 422 326
f 325 421 422
f 326 423 327
f 326 422 423
f 327 424 328
f 327 423 424
f 328 425 329
f 328 424 425
f 329 426 330
f 329 425 426
f 330 427 331
f 330 426 427
f 331 428 332
f 331 427 428
f 332 429 333
f 332 428 429
f 333 430 334
f 333 429 430
f 334 431 335
f 334 430 431
f 335 432 336
f 335 431 432
f 336 433 337
f 336 432 433
f 337 434 338
f 337 433 434
f 338 435 339
f 338 434 435
f 339 436 340
f 339 435 436
f 340 437 341
f 340 436 437
f 341 438 342
f 341 437 438
f 342 439 343
f 342 438 439
f 343 440 344
f 343 439 440
f 344 441 345
f 344 440 441
f 345 442 346
f 345 441 442
f 346 443 347
f 346 442 443
f 347 444 348
f 347 443 444
f 348 445 349
f 348 444 445
f 349 446 350
f 349 445 446
f 350 447 351
f 350 446 447
f 351 448 352
f 351 447 448
f 352 449 353
f 352 448 449
f 353 450 354
f 353 449 450
f 354 451 355
f 354 450 451
f 355 452 356
f 355 451 452
f 356 453 357
f 356 452 453
f 357 454 358
f 357 453 454
f 358 455 359
f 358 454 455
f 359 456 360
f 359 455 456
f 360 457 361
f 360 456 457
f 361 458 362
f 361 457 458
f 362 459 363
f 362 458 459
f 363 460 364
f 363 459 460
f 364 461 365
f 364 460 461
f 365 462 366
f 365 461 462
f 366 463 367
f 366 462 463
f 367 464 368
f 367 463 464
f 368 465 369
f 368 464 465
f 369 466 370
f 369 465 466
f 370 467 371
f 370 466 467
f 371 468 372
f 371 467 468
f 372 469 373
f 372 468 469
f 373 470 374
f 373 469 470
f 374 471 375
f 374 470 471
f 375 472 376
f 375 471 472
f 376 473 377
f 376 472 473
f 377 474 378
f 377 473 474
f 378 475 379
f 378 474 475
f 379 476 380
f 379 475 476
f 380 477 381
f 380 476 477
f 381 478 382
f 381 477 478
f 382 479 383
f 382 478 479
f 383 480 384
f 383 479 480
f 384 481 385
f 384 480 481
f 385 386 290
f 385 481 386
f 386 483 387
f 386 482 483
f 387 484 388
f 387 483 484
f 388 485 389
f 388 484 485
f 389 486 390
f 389 485 486
f 390 487 391
f 390 486 487
f 391 488 392
f 391 487 488
f 392 489 393
f 392 488 489
f 393 490 394
f 393 489 490
f 394 491 395
f 394 490 491
f 395 492 396
f 395 491 492
f 396 493 397
f 396 492 493
f 397 494 398
f 397 493 494
f 398 495 399
f 398 494 495
f 399 496 400
f 399 495 496
f 400 497 401
f 400 496 497
f 401 498 402
f 401 497 498
f 402 499 403
f 402 498 499
f 403 500 404
f 403 499 500
f 404 501 405
f 404 500 501
f 405 502 406
f 405 501 502
f 406 503 407
f 406 502 503
f 407 504 408
f 407 503 504
f 408 505 409
f 408 504 505
f 409 506 410
f 409 505 506
f 410 507 411
f 410 506 507
f 411 508 412
f 411 507 508
f 412 509 413
f 412 508 509
f 413 510 414
f 413 509 510
f 414 511 415
f 414 510 511
f 415 512 416
f 415 511 512
f 416 513 417
f 416 512 513
f 417 514 418
f 417 513 514
f 418 515 419
f 418 514 515
f 419 516 420
f 419 515 516
f 420 517 421
f 420 516 517
f 421 518 422
f 421 517 518
f 422 519 423
f 422 518 519
f 423 520 424
f 423 519 520
f 424 521 425
f 424 520 521
f 425 522 426
f 425 521 522
f 426 523 427
f 426 522 523
f 427 524 428
f 427 523 524
f 428 525 429
f 428 524 525
f 429 526 430
f 429 525 526
f 430 527 431
f 430 526 527
f 431 528 432
f 431 527 528
f 432 529 433
f 432 528 529
f 433 530 434
f 433 529 530
f 434 531 435
f 434 530 531
f 435 532 436
f 435 531 532
f 436 533 437
f 436 532 533
f 437 534 438
f 437 533 534
f 438 535 439
f 438 534 535
f 439 536 440
f 439 535 536
f 440 537 441
f 440 536 537
f 441 538 442
f 441 537 538
f 442 539 443
f 442 538 539
f 443 540 444
f 443 539 540
f 444 541 445
f 444 540 541
f 445 542 446
f 445 541 542
f 446 543 447
f 446 542 543
f 447 544 448
f 447 543 544
f 448 545 449
f 448 544 545
f 449 546 450
f 449 545 546
f 450 547 451
f 450 546 547
f 451 548 452
f 451 547 548
f 452 549 453
f 452 548 549
f 453 550 454
f 453 549 550
f 454 551 455
f 454 550 551
f 455 552 456
f 455 551 552
f 456 553 457
f 456 552 553
f 457 554 458
f 457 553 554
f 458 555 459
f 458 554 555
f 459 556 460
f 459 555 556
f 460 557 461
f 460 556 557
f 461 558 462
f 461 557 558
f 462 559 463
f 462 558 559
f 463 560 464
f 463 559 560
f 464 561 465
f 464 560 561
f 465 562 466
f 465 561 562
f 466 563 467
f 466 562 563
f 467 564 468
f 467 563 564
f 468 565 469
f 468 564 565
f 469 566 470
f 469 565 566
f 470 567 471
f 470 566 567
f 471 568 472
f 471 567 568
f 472 569 473
f 472 568 569
f 473 570 474
f 473 569 570
f 474 571 475
f 474 570 571
f 475 572 476
f 475 571 572
f 476 573 477
f 476 572 573
f 477 574 478
f 477 573 574
f 478 575 479
f 478 574 575
f 479 576 480
f 479 575 576
f 480 577 481
f 480 576 577
f 481 482 386
f 481 577 482
f 482 579 483
f 482 578 579
f 483 580 484
f 483 579 580
f 484 581 485
f 484 580 581
f 485 582 486
f 485 581 582
f 486 583 487
f 486 582 583
f 487 584 488
f 487 583 584
f 488 585 489
f 488 584 585
f 489 586 490
f 489 585 586
f 490 587 491
f 490 586 587
f 491 588 492
f 491 587 588
f 492 589 493
f 492 588 589
f 493 590 494
f 493 589 590
f 494 591 495
f 494 590 591
f 495 592 496
f 495 591 592
f 496 593 497
f 496 592 593
f 497 594 498
f 497 593 594
f 498 595 499
f 498 594 595
f 499 596 500
f 499 595 596
f 500 597 501
f 500 596 597
f 501 598 502
f 501 597 598
f 502 599 503
f 502 598 599
f 503 600 504
f 503 599 600
f 504 601 505
f 504 600 601
f 505 602 506
f 505 601 602
f 506 603 507
f 506 602 603
f 507 604 508
f 507 603 604
f 508 605 509
f 508 604 605
f 509 606 510
f 509 605 606
f 510 607 511
f 510 606 607
f 511 608 512
f 511 607 608
f 512 609 513
f 512 608 609
f 513 610 514
f 513 609 610
f 514 611 515
f 514 610 611
f 515 612 516
f 515 611 612
f 516 613 517
f 516 612 613
f 517 614 518
f 517 613 614
f 518 615 519
f 518 614 615
f 519 616 520
f 519 615 616
f 520 617 521
f 520 616 617
f 521 618 522
f 521 617 618
f 522 619 523
f 522 618 619
f 523 620 524
f 523 619 620
f 524 621 525
f 524 620 621
f 525 622 526
f 525 621 622
f 526 623 527
f 526 622 623
f 527 624 528
f 527 623 624
f 528 625 529
f 528 624 625
f 529 626 530
f 529 625 626
f 530 627 531
f 530 626 627
f 531 628 532
f 531 627 628
f 532 629 533
f 532 628 629
f 533 630 534
f 533 629 630
f 534 631 535
f 534 630 631
f 535 632 536
f 535 631 632
f 536 633 537
f 536 632 633
f 537 634 538
f 537 633 634
f 538 635 539
f 538 634 635
f 539 636 540
f 539 635 636
f 540 637 541
f 540 636 637
f 541 638 542
f 541 637 638
f 542 639 543
f 542 638 639
f 543 640 544
f 543 639 640
f 544 641 545
f 544 640 641
f 545 642 546
f 545 641 642
f 546 643 547
f 546 642 643
f 547 644 548
f 547 643 644
f 548 645 549
f 548 644 645
f 549 646 550
f 549 645 646
f 550 647 551
f 550 646 647
f 551 648 552
f 551 647 648
f 552 649 553
f 552 648 649
f 553 650 554
f 553 649 650
f 554 651 555
f 554 650 651
f 555 652 556
f 555 651 652
f 556 653 557
f 556 652 653
f 557 654 558
f 557 653 654
f 558 655 559
f 558 654 655
f 559 656 560
f 559 655 656
f 560 657 561
f 560 656 657
f 561 658 562
f 561 657 658
f 562 659 563
f 562 658 659
f 563 660 564
f 563 659 660
f 564 661 565
f 564 660 661
f 565 662 566
f 565 661 662
f 566 663 567
f 566 662 663
f 567 664 568
f 567 663 664
f 568 665 569
f 568 664 665
f 569 666 570
f 569 665 666
f 570 667 571
f 570 666 667
f 571 668 572
f 571 667 668
f 572 669 573
f 572 668 669
f 573 670 574
f 573 669 670
f 574 671 575
f 574 670 671
f 575 672 576
f 575 671 672
f 576 673 577
f 576 672 673
f 577 578 482
f 577 673 578
f 578 675 579
f 578 674 675
f 579 676 580
f 579 675 676
f 580 677 581
f 580 676 677
f 581 678 582
f 581 677 678
f 582 679 583
f 582 678 679
f 583 680 584
f 583 679 680
f 584 681 585
f 584 680 681
f 585 682 586
f 585 681 682
f 586 683 587
f 586 682 683
f 587 684 588
f 587 683 684
f 588 685 589
f 588 684 685
f 589 686 590
f 589 685 686
f 590 687 591
f 590 686 687
f 591 688 592
f 591 687 688
f 592 689 593
f 592 688 689
f 593 690 594
f 593 689 690
f 594 691 595
f 594 690 691
f 595 692 596
f 595 691 692
f 596 693 597
f 596 692 693
f 597 694 598
f 597 693 694
f 598 695 599
f 598 694 695
f 599 696 600
f 599 695 696
f 600 697 601
f 600 696 697
f 601 698 602
f 601 697 698
f 602 699 603
f 602 698 699
f 603 700 604
f 603 699 700
f 604 701 605
f 604 700 701
f 605 702 606
f 605 701 702
f 606 703 607
f 606 702 703
f 607 704 608
f 607 703 704
f 608 705 609
f 608 704 705
f 609 706 610
f 609 705 706
f 610 707 611
f 610 706 707
f 611 708 612
f 611 707 708
f 612 709 613
f 612 708 709
f 613 710 614
f 613 709 710
f 614 711 615
f 614 710 711
f 615 712 616
f 615 711 712
f 616 713 617
f 616 712 713
f 617 714 618
f 617 713 714
f 618 715 619
f 618 714 715
f 619 716 620
f 619 715 716
f 620 717 621
f 620 716 717
f 621 718 622
f 621 717 718
f 622 719 623
f 622 718 719
f 623 720 624
f 623 719 720
f 624 721 625
f 624 720 721
f 625 722 626
f 625 721 722
f 626 723 627
f 626 722 723
f 627 724 628
f 627 723 724
f 628 725 629
f 628 724 725
f 629 726 630
f 629 725 726
f 630 727 631
f 630 726 727
f 631 728 632
f 631 727 728
f 632 729 633
f 632 728 729
f 633 730 634
f 633 729 730
f 634 731 635
f 634 730 731
f 635 732 636
f 635 731 732
f 636 733 637
f 636 732 733
f 637 734 638
f 637 733 734
f 638 735 639
f 638 734 735
f 639 736 640
f 639 735 736
f 640 737 641
f 640 736 737
f 641 738 642
f 641 737 738
f 642 739 643
f 642 738 739
f 643 740 644
f 643 739 740
f 644 741 645
f 644 740 741
f 645 742 646
f 645 741 742
f 646 743 647
f 646 742 743
f 647 744 648
f 647 743 744
f 648 745 649
f 648 744 745
f 649 746 650
f 649 745 746
f 650 747 651
f 650 746 747
f 651 748 652
f 651 747 748
f 652 749 653
f 652 748 749
f 653 750 654
f 653 749 750
f 654 751 655
f 654 750 751
f 655 752 656
f 655 751 752
f 656 753 657
f 656 752 753
f 657 754 658
f 657 753 754
f 658 755 659
f 658 754 755
f 659 756 660
f 659 755 756
f 660 757 661
f 660 756 757
f 661 758 662
f 661 757 758
f 662 759 663
f 662 758 759
f 663 760 664
f 663 759 760
f 664 761 665
f 664 760 761
f 665 762 666
f 665 761 762
f 666 763 667
f 666 762 763
f 667 764 668
f 667 763 764
f 668 765 669
f 668 764 765
f 669 766 670
f 669 765 766
f 670 767 671
f 670 766 767
f 671 768 672
f 671 767 768
f 672 769 673
f 672 768 769
f 673 674 578
f 673 769 674
f 674 771 675
f 674 770 771
f 675 772 676
f 675 771 772
f 676 773 677
f 676 772 773
f 677 774 678
f 677 773 774
f 678 775 679
f 678 774 775
f 679 776 680
f 679 775 776
f 680 777 681
f 680 776 777
f 681 778 682
f 681 777 778
f 682 779 683
f 682 778 779
f 683 780 684
f 683 779 780
f 684 781 685
f 684 780 781
f 685 782 686
f 685 781 782
f 686 783 687
f 686 782 783
f 687 784 688
f 687 783 784
f 688 785 689
f 688 784 785
f 689 786 690
f 689 785 786
f 690 787 691
f 690 786 787
f 691 788 692
f 691 787 788
f 692 789 693
f 692 788 789
f 693 790 694
f 693 789 790
f 694 791 695
f 694 790 791
f 695 792 696
f 695 791 792
f 696 793 697
f 696 792 793
f 697 794 698
f 697 793 794
f 698 795 699
f 698 794 795
f 699 796 700
f 699 795 796
f 700 797 701
f 700 796 797
f 701 798 702
f 701 797 798
f 702 799 703
f 702 798 799
f 703 800 704
f 703 799 800
f 704 801 705
f 704 800 801
f 705 802 706
f 705 801 802
f 706 803 707
f 706 802 803
f 707 804 708
f 707 803 804
f 708 805 709
f 708 804 805
f 709 806 710
f 709 805 806
f 710 807 711
f 710 806 807
f 711 808 712
f 711 807 808
f 712 809 713
f 712 808 809
f 713 810 714
f 713 809 810
f 714 811 715
f 714 810 811
f 715 812 716
f 715 811 812
f 716 813 717
f 716 812 813
f 717 814 718
f 717 813 814
f 718 815 719
f 718 814 815
f 719 816 720
f 719 815 816
f 720 817 721
f 720 816 817
f 721 818 722
f 721 817 818
f 722 819 723
f 722 818 819
f 723 820 724
f 723 819 820
f 724 821 725
f 724 820 821
f 725 822 726
f 725 821 822
f 726 823 727
f 726 822 823
f 727 824 728
f 727 823 824
f 728 825 729
f 728 824 825
f 729 826 730
f 729 825 826
f 730 827 731
f 730 826 827
f 731 828 732
f 731 827 828
f 732 829 733
f 732 828 829
f 733 830 734
f 733 829 830
f 734 831 735
f 734 830 831
f 735 832 736
f 735 831 832
f 736 833 737
f 736 832 833
f 737 834 738
f 737 833 834
f 738 835 739
f 738 834 835
f 739 836 740
f 739 835 836
f 740 837 741
f 740 836 837
f 741 838 742
f 741 837 838
f 742 839 743
f 742 838 839
f 743 840 744
f 743 839 840
f 744 841 745
f 744 840 841
f 745 842 746
f 745 841 842
f 746 843 747
f 746 842 843
f 747 844 748
f 747 843 844
f 748 845 749
f 748 844 845
f 749 846 750
f 749 845 846
f 750 847 751
f 750 846 847
f 751 848 752
f 751 847 848
f 752 849 753
f 752 848 849
f 753 850 754
f 753 849 850
f 754 851 755
f 754 850 851
f 755 852 756
f 755 851 852
f 756 853 757
f 756 852 853
f 757 854 758
f 757 853 854
f 758 855 759
f 758 854 855
f 759 856 760
f 759 855 856
f 760 857 761
f 760 856 857
f 761 858 762
f 761 857 858
f 762 859 763
f 762 858 859
f 763 860 764
f 763 859 860
f 764 861 765
f 764 860 861
f 765 862 766
f 765 861 862
f 766 863 767
f 766 862 863
f 767 864 768
f 767 863 864
f 768 865 769
f 768 864 865
f 769 770 674
f 769 865 770
f 770 867 771
f 770 866 867
f 771 868 772
f 771 867 868
f 772 869 773
f 772 868 869
f 773 870 774
f 773 869 870
f 774 871 775
f 774 870 871
f 775 872 776
f 775 871 872
f 776 873 777
f 776 872 873
f 777 874 778
f 777 873 874
f 778 875 779
f 778 874 875
f 779 876 780
f 779 875 876
f 780 877 781
f 780 876 877
f 781 878 782
f 781 877 878
f 782 879 783
f 782 878 879
f 783 880 784
f 783 879 880
f 784 881 785
f 784 880 881
f 785 882 786
f 785 881 882
f 786 883 787
f 786 882 883
f 787 884 788
f 787 883 884
f 788 885 789
f 788 884 885
f 789 886 790
f 789 885 886
f 790 887 791
f 790 886 887
f 791 888 792
f 791 887 888
f 792 889 793
f 792 888 889
f 793 890 794
f 793 889 890
f 794 891 795
f 794 890 891
f 795 892 796
f 795 891 892
f 796 893 797
f 796 892 893
f 797 894 798
f 797 893 894
f 798 895 799
f 798 894 895
f 799 896 800
f 799 895 896
f 800 897 801
f 800 896 897
f 801 898 802
f 801 897 898
f 802 899 803
f 802 898 899
f 803 900 804
f 803 899 900
f 804 901 805
f 804 900 901
f 805 902 806
f 805 901 902
f 806 903 807
f 806 902 903
f 807 904 808
f 807 903 904
f 808 905 809
f 808 904 905
f 809 906 810
f 809 905 906
f 810 907 811
f 810 906 907
f 811 908 812
f 811 907 908
f 812 909 813
f 812 908 909
f 813 910 814
f 813 909 910
f 814 911 815
f 814 910 911
f 815 912 816
f 815 911 912
f 816 913 817
f 816 912 913
f 817 914 818
f 817 913 914
f 818 915 819
f 818 914 915
f 819 916 820
f 819 915 916
f 820 917 821
f 820 916 917
f 821 918 822
f 821 917 918
f 822 919 823
f 822 918 919
f 823 920 824
f 823 919 920
f 824 921 825
f 824 920 921
f 825 922 826
f 825 921 922
f 826 923 827
f 826 922 923
f 827 924 828
f 827 923 924
f 828 925 829
f 828 924 925
f 829 926 830
f 829 925 926
f 830 927 831
f 830 926 927
f 831 928 832
f 831 927 928
f 832 929 833
f 832 928 929
f 833 930 834
f 833 929 930
f 834 931 835
f 834 930 931
f 835 932 836
f 835 931 932
f 836 933 837
f 836 932 933
f 837 934 838
f 837 933 934
f 838 935 839
f 838 934 935
f 839 936 840
f 839 935 936
f 840 937 841
f 840 936 937
f 841 938 842
f 841 937 938
f 842 939 843
f 842 938 939
f 843 940 844
f 843 939 940
f 844 941 845
f 844 940 941
f 845 942 846
f 845 941 942
f 846 943 847
f 846 942 943
f 847 944 848
f 847 943 944
f 848 945 849
f 848 944 945
f 849 946 850
f 849 945 946
f 850 947 851
f 850 946 947
f 851 948 852
f 851 947 948
f 852 949 853
f 852 948 949
f 853 950 854
f 853 949 950
f 854 951 855
f 854 950 951
f 855 952 856
f 855 951 952
f 856 953 857
f 856 952 953
f 857 954 858
f 857 953 954
f 858 955 859
f 858 954 955
f 859 956 860
f 859 955 956
f 860 957 861
f 860 956 957
f 861 958 862
f 861 957 958
f 862 959 863
f 862 958 959
f 863 960 864
f 863 959 960
f 864 961 865
f 864 960 961
f 865 866 770
f 865 961 866
f 866 963 867
f 866 962 963
f 867 964 868
f 867 963 964
f 868 965 869
f 868 964 965
f 869 966 870
f 869 965 966
f 870 967 871
f 870 966 967
f 871 968 872
f 871 967 968
f 872 969 873
f 872 968 969
f 873 970 874
f 873 969 970
f 874 971 875
f 874 970 971
f 875 972 876
f 875 971 972
f 876 973 877
f 876 972 973
f 877 974 878
f 877 973 974
f 878 975 879
f 878 974 975
f 879 976 880
f 879 975 976
f 880 977 881
f 880 976 977
f 881 978 882
f 881 977 978
f 882 979 883
f 882 978 979
f 883 980 884
f 883 979 980
f 884 981 885
f 884 980 981
f 885 982 886
f 885 981 982
f 886 983 887
f 886 982 983
f 887 984 888
f 887 983 984
f 888 985 889
f 888 984 985
f 889 986 890
f 889 985 986
f 890 987 891
f 890 986 987
f 891 988 892
f 891 987 988
f 892 989 893
f 892 988 989
f 893 990 894
f 893 989 990
f 894 991 895
f 894 990 991
f 895 992 896
f 895 991 992
f 896 993 897
f 896 992 993
f 897 994 898
f 897 993 994
f 898 995 899
f 898 994 995
f 899 996 900
f 899 995 996
f 900 997 901
f 900 996 997
f 901 998 902
f 901 997 998
f 902 999 903
f 902 998 999
f 903 1000 904
f 903 999 1000
f 904 1001 905
f 904 1000 1001
f 905 1002 906
f 905 1001 1002
f 906 1003 907
f 906 1002 1003
f 907 1004 908
f 907 1003 1004
f 908 1005 909
f 908 1004 1005
f 909 1006 910
f 909 1005 1006
f 910 1007 911
f 910 1006 1007
f 911 1008 912
f 911 1007 1008
f 912 1009 913
f 912 1008 1009
f 913 1010 914
f 913 1009 1010
f 914 1011 915
f 914 1010 1011
f 915 1012 916
f 915 1011 1012
f 916 1013 917
f 916 1012 1013
f 917 1014 918
f 917 1013 1014
f 918 1015 919
f 918 1014 1015
f 919 1016 920
f 919 1015 1016
f 920 1017 921
f 920 1016 1017
f 921 1018 922
f 921 1017 1018
f 922 1019 923
f 922 1018 1019
f 923 1020 924
f 923 1019 1020
f 924 1021 925
f 924 1020 1021
f 925 1022 926
f 925 1021 1022
f 926 1023 927
f 926 1022 1023
f 927 1024 928
f 927 1023 1024
f 928 1025 929
f 928 1024 1025
f 929 1026 930
f 929 1025 1026
f 930 1027 931
f 930 1026 1027
f 931 1028 932
f 931 1027 1028
f 932 1029 933
f 932 1028 1029
f 933 1030 934
f 933 1029 1030
f 934 1031 935
f 934 1030 1031
f 935 1032 936
f 935 1031 1032
f 936 1033 937
f 936 1032 1033
f 937 1034 938
f 937 1033 1034
f 938 1035 939
f 938 1034 1035
f 939 1036 940
f 939 1035 1036
f 940 1037 941
f 940 1036 1037
f 941 1038 942
f 941 1037 1038
f 942 1039 943
f 942 1038 1039
f 943 1040 944
f 943 1039 1040
f 944 1041 945
f 944 1040 1041
f 945 1042 946
f 945 1041 1042
f 946 1043 947
f 946 1042 1043
f 947 1044 948
f 947 1043 1044
f 948 1045 949
f 948 1044 1045
f 949 1046 950
f 949 1045 1046
f 950 1047 951
f 950 1046 1047
f 951 1048 952
f 951 1047 1048
f 952 1049 953
f 952 1048 1049
f 953 1050 954
f 953 1049 1050
f 954 1051 955
f 954 1050 1051
f 955 1052 956
f 955 1051 1052
f 956 1053 957
f 956 1052 1053
f 957 1054 958
f 957 1053 1054
f 958 1055 959
f 958 1054 1055
f 959 1056 960
f 959 1055 1056
f 960 1057 961
f 960 1056 1057
f 961 962 866
f 961 1057 962
f 962 1059 963
f 962 1058 1059
f 963 1060 964
f 963 1059 1060
f 964 1061 965
f 964 1060 1061
f 965 1062 966
f 965 1061 1062
f 966 1063 967
f 966 1062 1063
f 967 1064 968
f 967 1063 1064
f 968 1065 969
f 968 1064 1065
f 969 1066 970
f 969 1065 1066
f 970 1067 971
f 970 1066 1067
f 971 1068 972
f 971 1067 1068
f 972 1069 973
f 972 1068 1069
f 973 1070 974
f 973 1069 1070
f 974 1071 975
f 974 1070 1071
f 975 1072 976
f 975 1071 1072
f 976 1073 977
f 976 1072 1073
f 977 1074 978
f 977 1073 1074
f 978 1075 979
f 978 1074 1075
f 979 1076 980
f 979 1075 1076
f 980 1077 981
f 980 1076 1077
f 981 1078 982
f 981 1077 1078
f 982 1079 983
f 982 1078 1079
f 983 1080 984
f 983 1079 1080
f 984 1081 985
f 984 1080 1081
f 985 1082 986
f 985 1081 1082
f 986 1083 987
f 986 1082 1083
f 987 1084 988
f 987 1083 1084
f 988 1085 989
f 988 1084 1085
f 989 1086 990
f 989 1085 1086
f 990 1087 991
f 990 1086 1087
f 991 1088 992
f 991 1087 1088
f 992 1089 993
f 992 1088 1089
f 993 1090 994
f 993 1089 1090
f 994 1091 995
f 994 1090 1091
f 995 1092 996
f 995 1091 1092
f 996 1093 997
f 996 1092 1093
f 997 1094 998
f 997 1093 1094
f 998 1095 999
f 998 1094 1095
f 999 1096 1000
f 999 1095 1096
f 1000 1097 1001
f 1000 1096 1097
f 1001 1098 1002
f 1001 1097 1098
f 1002 1099 1003
f 1002 1098 1099
f 1003 1100 1004
f 1003 1099 1100
f 1004 1101 1005
f 1004 1100 1101
f 1005 1102 1006
f 1005 1101 1102
f 1006 1103 1007
f 1006 1102 1103
f 1007 1104 1008
f 1007 1103 1104
f 1008 1105 1009
f 1008 1104 1105
f 1009 1106 1010
f 1009 1105 1106
f 1010 1107 1011
f 1010 1106 1107
f 1011 1108 1012
f 1011 1107 1108
f 1012 1109 1013
f 1012 1108 1109
f 1013 1110 1014
f 1013 1109 1110
f 1014 1111 1015
f 1014 1110 1111
f 1015 1112 1016
f 1015 1111 1112
f 1016 1113 1017
f 1016 1112 1113
f 1017 1114 1018
f 1017 1113 1114
f 1018 1115 1019
f 1018 1114 1115
f 1019 1116 1020
f 1019 1115 1116
f 1020 1117 1021
f 1020 1116 1117
f 1021 1118 1022
f 1021 1117 1118
f 1022 1119 1023
f 1022 1118 1119
f 1023 1120 1024
f 1023 1119 1120
f 1024 1121 1025
f 1024 1120 1121
f 1025 1122 1026
f 1025 1121 1122
f 1026 1123 1027
f 1026 1122 1123
f 1027 1124 1028
f 1027 1123 1124
f 1028 1125 1029
f 1028 1124 1125
f 1029 1126 1030
f 1029 1125 1126
f 1030 1127 1031
f 1030 1126 1127
f 1031 1128 1032
f 1031 1127 1128
f 1032 1129 1033
f 1032 1128 1129
f 1033 1130 1034
f 1033 1129 1130
f 1034 1131 1035
f 1034 1130 1131
f 1035 1132 1036
f 1035 1131 1132
f 1036 1133 1037
f 1036 1132 1133
f 1037 1134 1038
f 1037 1133 1134
f 1038 1135 1039
f 1038 1134 1135
f 1039 1136 1040
f 1039 1135 1136
f 1040 1137 1041
f 1040 1136 1137
f 1041 1138 1042
f 1041 1137 1138
f 1042 1139 1043
f 1042 1138 1139
f 1043 1140 1044
f 1043 1139 1140
f 1044 1141 1045
f 1044 1140 1141
f 1045 1142 1046
f 1045 1141 1142
f 1046 1143 1047
f 1046 1142 1143
f 1047 1144 1048
f 1047 1143 1144
f 1048 1145 1049
f 1048 1144 1145
f 1049 1146 1050
f 1049 1145 1146
f 1050 1147 1051
f 1050 1146 1147
f 1051 1148 1052
f 1051 1147 1148
f 1052 1149 1053
f 1052 1148 1149
f 1053 1150 1054
f 1053 1149 1150
f 1054 1151 1055
f 1054 1150 1151
f 1055 1152 1056
f 1055 1151 1152
f 1056 1153 1057
f 1056 1152 1153
f 1057 1058 962
f 1057 1153 1058
f 1058 1155 1059
f 1058 1154 1155
f 1059 1156 1060
f 1059 1155 1156
f 1060 1157 1061
f 1060 1156 1157
f 1061 1158 1062
f 1061 1157 1158
f 1062 1159 1063
f 1062 1158 1159
f 1063 1160 1064
f 1063 1159 1160
f 1064 1161 1065
f 1064 1160 1161
f 1065 1162 1066
f 1065 1161 1162
f 1066 1163 1067
f 1066 1162 1163
f 1067 1164 1068
f 1067 1163 1164
f 1068 1165 1069
f 1068 1164 1165
f 1069 1166 1070
f 1069 1165 1166
f 1070 1167 1071
f 1070 1166 1167
f 1071 1168 1072
f 1071 1167 1168
f 1072 1169 1073
f 1072 1168 1169
f 1073 1170 1074
f 1073 1169 1170
f 1074 1171 1075
f 1074 1170 1171
f 1075 1172 1076
f 1075 1171 1172
f 1076 1173 1077
f 1076 1172 1173
f 1077 1174 1078
f 1077 1173 1174
f 1078 1175 1079
f 1078 1174 1175
f 1079 1176 1080
f 1079 1175 1176
f 1080 1177 1081
f 1080 1176 1177
f 1081 1178 1082
f 1081 1177 1178
f 1082 1179 1083
f 1082 1178 1179
f 1083 1180 1084
f 1083 1179 1180
f 1084 1181 1085
f 1084 1180 1181
f 1085 1182 1086
f 1085 1181 1182
f 1086 1183 1087
f 1086 1182 1183
f 1087 1184 1088
f 1087 1183 1184
f 1088 1185 1089
f 1088 1184 1185
f 1089 1186 1090
f 1089 1185 1186
f 1090 1187 1091
f 1090 1186 1187
f 1091 1188 1092
f 1091 1187 1188
f 1092 1189 1093
f 1092 1188 1189
f 1093 1190 1094
f 1093 1189 1190
f 1094 1191 1095
f 1094 1190 1191
f 1095 1192 1096
f 1095 1191 1192
f 1096 1193 1097
f 1096 1192 1193
f 1097 1194 1098
f 1097 1193 1194
f 1098 1195 1099
f 1098 1194 1195
f 1099 1196 1100
f 1099 1195 1196
f 1100 1197 1101
f 1100 1196 1197
f 1101 1198 1102
f 1101 1197 1198
f 1102 1199 1103
f 1102 1198 1199
f 1103 1200 1104
f 1103 1199 1200
f 1104 1201 1105
f 1104 1200 1201
f 1105 1202 1106
f 1105 1201 1202
f 1106 1203 1107
f 1106 1202 1203
f 1107 1204 1108
f 1107 1203 1204
f 1108 1205 1109
f 1108 1204 1205
f 1109 1206 1110
f 1109 1205 1206
f 1110 1207 1111
f 1110 1206 1207
f 1111 1208 1112
f 1111 1207 1208
f 1112 1209 1113
f 1112 1208 1209
f 1113 1210 1114
f 1113 1209 1210
f 1114 1211 1115
f 1114 1210 1211
f 1115 1212 1116
f 1115 1211 1212
f 1116 1213 1117
f 1116 1212 1213
f 1117 1214 1118
f 1117 1213 1214
f 1118 1215 1119
f 1118 1214 1215
f 1119 1216 1120
f 1119 1215 1216
f 1120 1217 1121
f 1120 1216 1217
f 1121 1218 1122
f 1121 1217 1218
f 1122 1219 1123
f 1122 1218 1219
f 1123 1220 1124
f 1123 1219 1220
f 1124 1221 1125
f 1124 1220 1221
f 1125 1222 1126
f 1125 1221 1222
f 1126 1223 1127
f 1126 1222 1223
f 1127 1224 1128
f 1127 1223 1224
f 1128 1225 1129
f 1128 1224 1225
f 1129 1226 1130
f 1129 1225 1226
f 1130 1227 1131
f 1130 1226 1227
f 1131 1228 1132
f 1131 1227 1228
f 1132 1229 1133
f 1132 1228 1229
f 1133 1230 1134
f 1133 1229 1230
f 1134 1231 1135
f 1134 1230 1231
f 1135 1232 1136
f 1135 1231 1232
f 1136 1233 1137
f 1136 1232 1233
f 1137 1234 1138
f 1137 1233 1234
f 1138 1235 1139
f 1138 1234 1235
f 1139 1236 1140
f 1139 1235 1236
f 1140 1237 1141
f 1140 1236 1237
f 1141 1238 1142
f 1141 1237 1238
f 1142 1239 1143
f 1142 1238 1239
f 1143 1240 1144
f 1143 1239 1240
f 1144 1241 1145
f 1144 1240 1241
f 1145 1242 1146
f 1145 1241 1242
f 1146 1243 1147
f 1146 1242 1243
f 1147 1244 1148
f 1147 1243 1244
f 1148 1245 1149
f 1148 1244 1245
f 1149 1246 1150
f 1149 1245 1246
f 1150 1247 1151
f 1150 1246 1247
f 1151 1248 1152
f 1151 1247 1248
f 1152 1249 1153
f 1152 1248 1249
f 1153 1154 1058
f 1153 1249 1154
f 1154 1251 1155
f 1154 1250 1251
f 1155 1252 1156
f 1155 1251 1252
f 1156 1253 1157
f 1156 1252 1253
f 1157 1254 1158
f 1157 1253 1254
f 1158 1255 1159
f 1158 1254 1255
f 1159 1256 1160
f 1159 1255 1256
f 1160 1257 1161
f 1160 1256 1257
f 1161 1258 1162
f 1161 1257 1258
f 1162 1259 1163
f 1162 1258 1259
f 1163 1260 1164
f 1163 1259 1260
f 1164 1261 1165
f 1164 1260 1261
f 1165 1262 1166
f 1165 1261 1262
f 1166 1263 1167
f 1166 1262 1263
f 1167 1264 1168
f 1167 1263 1264
f 1168 1265 1169
f 1168 1264 1265
f 1169 1266 1170
f 1169 1265 1266
f 1170 1267 1171
f 1170 1266 1267
f 1171 1268 1172
f 1171 1267 1268
f 1172 1269 1173
f 1172 1268 1269
f 1173 1270 1174
f 1173 1269 1270
f 1174 1271 1175
f 1174 1270 1271
f 1175 1272 1176
f 1175 1271 1272
f 1176 1273 1177
f 1176 1272 1273
f 1177 1274 1178
f 1177 1273 1274
f 1178 1275 1179
f 1178 1274 1275
f 1179 1276 1180
f 1179 1275 1276
f 1180 1277 1181
f 1180 1276 1277
f 1181 1278 1182
f 1181 1277 1278
f 1182 1279 1183
f 1182 1278 1279
f 1183 1280 1184
f 1183 1279 1280
f 1184 1281 1185
f 1184 1280 1281
f 1185 1282 1186
f 1185 1281 1282
f 1186 1283 1187
f 1186 1282 1283
f 1187 1284 1188
f 1187 1283 1284
f 1188 1285 1189
f 1188 1284 1285
f 1189 1286 1190
f 1189 1285 1286
f 1190 1287 1191
f 1190 1286 1287
f 1191 1288 1192
f 1191 1287 1288
f 1192 1289 1193
f 1192 1288 1289
f 1193 1290 1194
f 1193 1289 1290
f 1194 1291 1195
f 1194 1290 1291
f 1195 1292 1196
f 1195 1291 1292
f 1196 1293 1197
f 1196 1292 1293
f 1197 1294 1198
f 1197 1293 1294
f 1198 1295 1199
f 1198 1294 1295
f 1199 1296 1200
f 1199 1295 1296
f 1200 1297 1201
f 1200 1296 1297
f 1201 1298 1202
f 1201 1297 1298
f 1202 1299 1203
f 1202 1298 1299
f 1203 1300 1204
f 1203 1299 1300
f 1204 1301 1205
f 1204 1300 1301
f 1205 1302 1206
f 1205 1301 1302
f 1206 1303 1207
f 1206 1302 1303
f 1207 1304 1208
f 1207 1303 1304
f 1208 1305 1209
f 1208 1304 1305
f 1209 1306 1210
f 1209 1305 1306
f 1210 1307 1211
f 1210 1306 1307
f 1211 1308 1212
f 1211 1307 1308
f 1212 1309 1213
f 1212 1308 1309
f 1213 1310 1214
f 1213 1309 1310
f 1214 1311 1215
f 1214 1310 1311
f 1215 1312 1216
f 1215 1311 1312
f 1216 1313 1217
f 1216 1312 1313
f 1217 1314 1218
f 1217 1313 1314
f 1218 1315 1219
f 1218 1314 1315
f 1219 1316 1220
f 1219 1315 1316
f 1220 1317 1221
f 1220 1316 1317
f 1221 1318 1222
f 1221 1317 1318
f 1222 1319 1223
f 1222 1318 1319
f 1223 1320 1224
f 1223 1319 1320
f 1224 1321 1225
f 1224 1320 1321
f 1225 1322 1226
f 1225 1321 1322
f 1226 1323 1227
f 1226 1322 1323
f 1227 1324 1228
f 1227 1323 1324
f 1228 1325 1229
f 1228 1324 1325
f 1229 1326 1230
f 1229 1325 1326
f 1230 1327 1231
f 1230 1326 1327
f 1231 1328 1232
f 1231 1327 1328
f 1232 1329 1233
f 1232 1328 1329
f 1233 1330 1234
f 1233 1329 1330
f 1234 1331 1235
f 1234 1330 1331
f 1235 1332 1236
f 1235 1331 1332
f 1236 1333 1237
f 1236 1332 1333
f 1237 1334 1238
f 1237 1333 1334
f 1238 1335 1239
f 1238 1334 1335
f 1239 1336 1240
f 1239 1335 1336
f 1240 1337 1241
f 1240 1336 1337
f 1241 1338 1242
f 1241 1337 1338
f 1242 1339 1243
f 1242 1338 1339
f 1243 1340 1244
f 1243 1339 1340
f 1244 1341 1245
f 1244 1340 1341
f 1245 1342 1246
f 1245 1341 1342
f 1246 1343 1247
f 1246 1342 1343
f 1247 1344 1248
f 1247 1343 1344
f 1248 1345 1249
f 1248 1344 1345
f 1249 1250 1154
f 1249 1345 1250
f 1250 1347 1251
f 1250 1346 1347
f 1251 1348 1252
f 1251 1347 1348
f 1252 1349 1253
f 1252 1348 1349
f 1253 1350 1254
f 1253 1349 1350
f 1254 1351 1255
f 1254 1350 1351
f 1255 1352 1256
f 1255 1351 1352
f 1256 1353 1257
f 1256 1352 1353
f 1257 1354 1258
f 1257 1353 1354
f 1258 1355 1259
f 1258 1354 1355
f 1259 1356 1260
f 1259 1355 1356
f 1260 1357 1261
f 1260 1356 1357
f 1261 1358 1262
f 1261 1357 1358
f 1262 1359 1263
f 1262 1358 1359
f 1263 1360 1264
f 1263 1359 1360
f 1264 1361 1265
f 1264 1360 1361
f 1265 1362 1266
f 1265 1361 1362
f 1266 1363 1267
f 1266 1362 1363
f 1267 1364 1268
f 1267 1363 1364
f 1268 1365 1269
f 1268 1364 1365
f 1269 1366 1270
f 1269 1365 1366
f 1270 1367 1271
f 1270 1366 1367
f 1271 1368 1272
f 1271 1367 1368
f 1272 1369 1273
f 1272 1368 1369
f 1273 1370 1274
f 1273 1369 1370
f 1274 1371 1275
f 1274 1370 1371
f 1275 1372 1276
f 1275 1371 1372
f 1276 1373 1277
f 1276 1372 1373
f 1277 1374 1278
f 1277 1373 1374
f 1278 1375 1279
f 1278 1374 1375
f 1279 1376 1280
f 1279 1375 1376
f 1280 1377 1281
f 1280 1376 1377
f 1281 1378 1282
f 1281 1377 1378
f 1282 1379 1283
f 1282 1378 1379
f 1283 1380 1284
f 1283 1379 1380
f 1284 1381 1285
f 1284 1380 1381
f 1285 1382 1286
f 1285 1381 1382
f 1286 1383 1287
f 1286 1382 1383
f 1287 1384 1288
f 1287 1383 1384
f 1288 1385 1289
f 1288 1384 1385
f 1289 1386 1290
f 1289 1385 1386
f 1290 1387 1291
f 1290 1386 1387
f 1291 1388 1292
f 1291 1387 1388
f 1292 1389 1293
f 1292 1388 1389
f 1293 1390 1294
f 1293 1389 1390
f 1294 1391 1295
f 1294 1390 1391
f 1295 1392 1296
f 1295 1391 1392
f 1296 1393 1297
f 1296 1392 1393
f 1297 1394 1298
f 1297 1393 1394
f 1298 1395 1299
f 1298 1394 1395
f 1299 1396 1300
f 1299 1395 1396
f 1300 1397 1301
f 1300 1396 1397
f 1301 1398 1302
f 1301 1397 1398
f 1302 1399 1303
f 1302 1398 1399
f 1303 1400 1304
f 1303 1399 1400
f 1304 1401 1305
f 1304 1400 1401
f 1305 1402 1306
f 1305 1401 1402
f 1306 1403 1307
f 1306 1402 1403
f 1307 1404 1308
f 1307 1403 1404
f 1308 1405 1309
f 1308 1404 1405
f 1309 1406 1310
f 1309 1405 1406
f 1310 1407 1311
f 1310 1406 1407
f 1311 1408 1312
f 1311 1407 1408
f 1312 1409 1313
f 1312 1408 1409
f 1313 1410 1314
f 1313 1409 1410
f 1314 1411 1315
f 1314 1410 1411
f 1315 1412 1316
f 1315 1411 1412
f 1316 1413 1317
f 1316 1412 1413
f 1317 1414 1318
f 1317 1413 1414
f 1318 1415 1319
f 1318 1414 1415
f 1319 1416 1320
f 1319 1415 1416
f 1320 1417 1321
f 1320 1416 1417
f 1321 1418 1322
f 1321 1417 1418
f 1322 1419 1323
f 1322 1418 1419
f 1323 1420 1324
f 1323 1419 1420
f 1324 1421 1325
f 1324 1420 1421
f 1325 1422 1326
f 1325 1421 1422
f 1326 1423 1327
f 1326 1422 1423
f 1327 1424 1328
f 1327 1423 1424
f 1328 1425 1329
f 1328 1424 1425
f 1329 1426 1330
f 1329 1425 1426
f 1330 1427 1331
f 1330 1426 1427
f 1331 1428 1332
f 1331 1427 1428
f 1332 1429 1333
f 1332 1428 1429
f 1333 1430 1334
f 1333 1429 1430
f 1334 1431 1335
f 1334 1430 1431
f 1335 1432 1336
f 1335 1431 1432
f 1336 1433 1337
f 1336 1432 1433
f 1337 1434 1338
f 1337 1433 1434
f 1338 1435 1339
f 1338 1434 1435
f 1339 1436 1340
f 1339 1435 1436
f 1340 1437 1341
f 1340 1436 1437
f 1341 1438 1342
f 1341 1437 1438
f 1342 1439 1343
f 1342 1438 1439
f 1343 1440 1344
f 1343 1439 1440
f 1344 1441 1345
f 1344 1440 1441
f 1345 1346 1250
f 1345 1441 1346
f 1346 1443 1347
f 1346 1442 1443
f 1347 1444 1348
f 1347 1443 1444
f 1348 1445 1349
f 1348 1444 1445
f 1349 1446 1350
f 1349 1445 1446
f 1350 1447 1351
f 1350 1446 1447
f 1351 1448 1352
f 1351 1447 1448
f 1352 1449 1353
f 1352 1448 1449
f 1353 1450 1354
f 1353 1449 1450
f 1354 1451 1355
f 1354 1450 1451
f 1355 1452 1356
f 1355 1451 1452
f 1356 1453 1357
f 1356 1452 1453
f 1357 1454 1358
f 1357 1453 1454
f 1358 1455 1359
f 1358 1454 1455
f 1359 1456 1360
f 1359 1455 1456
f 1360 1457 1361
f 1360 1456 1457
f 1361 1458 1362
f 1361 1457 1458
f 1362 1459 1363
f 1362 1458 1459
f 1363 1460 1364
f 1363 1459 1460
f 1364 1461 1365
f 1364 1460 1461
f 1365 1462 1366
f 1365 1461 1462
f 1366 1463 1367
f 1366 1462 1463
f 1367 1464 1368
f 1367 1463 1464
f 1368 1465 1369
f 1368 1464 1465
f 1369 1466 1370
f 1369 1465 1466
f 1370 1467 1371
f 1370 1466 1467
f 1371 1468 1372
f 1371 1467 1468
f 1372 1469 1373
f 1372 1468 1469
f 1373 1470 1374
f 1373 1469 1470
f 1374 1471 1375
f 1374 1470 1471
f 1375 1472 1376
f 1375 1471 1472
f 1376 1473 1377
f 1376 1472 1473
f 1377 1474 1378
f 1377 1473 1474
f 1378 1475 1379
f 1378 1474 1475
f 1379 1476 1380
f 1379 1475 1476
f 1380 1477 1381
f 1380 1476 1477
f 1381 1478 1382
f 1381 1477 1478
f 1382 1479 1383
f 1382 1478 1479
f 1383 1480 1384
f 1383 1479 1480
f 1384 1481 1385
f 1384 1480 1481
f 1385 1482 1386
f 1385 1481 1482
f 1386 1483 1387
f 1386 1482 1483
f 1387 1484 1388
f 1387 1483 1484
f 1388 1485 1389
f 1388 1484 1485
f 1389 1486 1390
f 1389 1485 1486
f 1390 1487 1391
f 1390 1486 1487
f 1391 1488 1392
f 1391 1487 1488
f 1392 1489 1393
f 1392 1488 1489
f 1393 1490 1394
f 1393 1489 1490
f 1394 1491 1395
f 1394 1490 1491
f 1395 1492 1396
f 1395 1491 1492
f 1396 1493 1397
f 1396 1492 1493
f 1397 1494 1398
f 1397 1493 1494
f 1398 1495 1399
f 1398 1494 1495
f 1399 1496 1400
f 1399 1495 1496
f 1400 1497 1401
f 1400 1496 1497
f 1401 1498 1402
f 1401 1497 1498
f 1402 1499 1403
f 1402 1498 1499
f 1403 1500 1404
f 1403 1499 1500
f 1404 1501 1405
f 1404 1500 1501
f 1405 1502 1406
f 1405 1501 1502
f 1406 1503 1407
f 1406 1502 1503
f 1407 1504 1408
f 1407 1503 1504
f 1408 1505 1409
f 1408 1504 1505
f 1409 1506 1410
f 1409 1505 1506
f 1410 1507 1411
f 1410 1506 1507
f 1411 1508 1412
f 1411 1507 1508
f 1412 1509 1413
f 1412 1508 1509
f 1413 1510 1414
f 1413 1509 1510
f 1414 1511 1415
f 1414 1510 1511
f 1415 1512 1416
f 1415 1511 1512
f 1416 1513 1417
f 1416 1512 1513
f 1417 1514 1418
f 1417 1513 1514
f 1418 1515 1419
f 1418 1514 1515
f 1419 1516 1420
f 1419 1515 1516
f 1420 1517 1421
f 1420 1516 1517
f 1421 1518 1422
f 1421 1517 1518
f 1422 1519 1423
f 1422 1518 1519
f 1423 1520 1424
f 1423 1519 1520
f 1424 1521 1425
f 1424 1520 1521
f 1425 1522 1426
f 1425 1521 1522
f 1426 1523 1427
f 1426 1522 1523
f 1427 1524 1428
f 1427 1523 1524
f 1428 1525 1429
f 1428 1524 1525
f 1429 1526 1430
f 1429 1525 1526
f 1430 1527 1431
f 1430 1526 1527
f 1431 1528 1432
f 1431 1527 1528
f 1432 1529 1433
f 1432 1528 1529
f 1433 1530 1434
f 1433 1529 1530
f 1434 1531 1435
f 1434 1530 1531
f 1435 1532 1436
f 1435 1531 1532
f 1436 1533 1437
f 1436 1532 1533
f 1437 1534 1438
f 1437 1533 1534
f 1438 1535 1439
f 1438 1534 1535
f 1439 1536 1440
f 1439 1535 1536
f 1440 1537 1441
f 1440 1536 1537
f 1441 1442 1346
f 1441 1537 1442
f 1442 1539 1443
f 1442 1538 1539
f 1443 1540 1444
f 1443 1539 1540
f 1444 1541 1445
f 1444 1540 1541
f 1445 1542 1446
f 1445 1541 1542
f 1446 1543 1447
f 1446 1542 1543
f 1447 1544 1448
f 1447 1543 1544
f 1448 1545 1449
f 1448 1544 1545
f 1449 1546 1450
f 1449 1545 1546
f 1450 1547 1451
f 1450 1546 1547
f 1451 1548 1452
f 1451 1547 1548
f 1452 1549 1453
f 1452 1548 1549
f 1453 1550 1454
f 1453 1549 1550
f 1454 1551 1455
f 1454 1550 1551
f 1455 1552 1456
f 1455 1551 1552
f 1456 1553 1457
f 1456 1552 1553
f 1457 1554 1458
f 1457 1553 1554
f 1458 1555 1459
f 1458 1554 1555
f 1459 1556 1460
f 1459 1555 1556
f 1460 1557 1461
f 1460 1556 1557
f 1461 1558 1462
f 1461 1557 1558
f 1462 1559 1463
f 1462 1558 1559
f 1463 1560 1464
f 1463 1559 1560
f 1464 1561 1465
f 1464 1560 1561
f 1465 1562 1466
f 1465 1561 1562
f 1466 1563 1467
f 1466 1562 1563
f 1467 1564 1468
f 1467 1563 1564
f 1468 1565 1469
f 1468 1564 1565
f 1469 1566 1470
f 1469 1565 1566
f 1470 1567 1471
f 1470 1566 1567
f 1471 1568 1472
f 1471 1567 1568
f 1472 1569 1473
f 1472 1568 1569
f 1473 1570 1474
f 1473 1569 1570
f 1474 1571 1475
f 1474 1570 1571
f 1475 1572 1476
f 1475 1571 1572
f 1476 1573 1477
f 1476 1572 1573
f 1477 1574 1478
f 1477 1573 1574
f 1478 1575 1479
f 1478 1574 1575
f 1479 1576 1480
f 1479 1575 1576
f 1480 1577 1481
f 1480 1576 1577
f 1481 1578 1482
f 1481 1577 1578
f 1482 1579 1483
f 1482 1578 1579
f 1483 1580 1484
f 1483 1579 1580
f 1484 1581 1485
f 1484 1580 1581
f 1485 1582 1486
f 1485 1581 1582
f 1486 1583 1487
f 1486 1582 1583
f 1487 1584 1488
f 1487 1583 1584
f 1488 1585 1489
f 1488 1584 1585
f 1489 1586 1490
f 1489 1585 1586
f 1490 1587 1491
f 1490 1586 1587
f 1491 1588 1492
f 1491 1587 1588
f 1492 1589 1493
f 1492 1588 1589
f 1493 1590 1494
f 1493 1589 1590
f 1494 1591 1495
f 1494 1590 1591
f 1495 1592 1496
f 1495 1591 1592
f 1496 1593 1497
f 1496 1592 1593
f 1497 1594 1498
f 1497 1593 1594
f 1498 1595 1499
f 1498 1594 1595
f 1499 1596 1500
f 1499 1595 1596
f 1500 1597 1501
f 1500 1596 1597
f 1501 1598 1502
f 1501 1597 1598
f 1502 1599 1503
f 1502 1598 1599
f 1503 1600 1504
f 1503 1599 1600
f 1504 1601 1505
f 1504 1600 1601
f 1505 1602 1506
f 1505 1601 1602
f 1506 1603 1507
f 1506 1602 1603
f 1507 1604 1508
f 1507 1603 1604
f 1508 1605 1509
f 1508 1604 1605
f 1509 1606 1510
f 1509 1605 1606
f 1510 1607 1511
f 1510 1606 1607
f 1511 1608 1512
f 1511 1607 1608
f 1512 1609 1513
f 1512 1608 1609
f 1513 1610 1514
f 1513 1609 1610
f 1514 1611 1515
f 1514 1610 1611
f 1515 1612 1516
f 1515 1611 1612
f 1516 1613 1517
f 1516 1612 1613
f 1517 1614 1518
f 1517 1613 1614
f 1518 1615 1519
f 1518 1614 1615
f 1519 1616 1520
f 1519 1615 1616
f 1520 1617 1521
f 1520 1616 1617
f 1521 1618 1522
f 1521 1617 1618
f 1522 1619 1523
f 1522 1618 1619
f 1523 1620 1524
f 1523 1619 1620
f 1524 1621 1525
f 1524 1620 1621
f 1525 1622 1526
f 1525 1621 1622
f 1526 1623 1527
f 1526 1622 1623
f 1527 1624 1528
f 1527 1623 1624
f 1528 1625 1529
f 1528 1624 1625
f 1529 1626 1530
f 1529 1625 1626
f 1530 1627 1531
f 1530 1626 1627
f 1531 1628 1532
f 1531 1627 1628
f 1532 1629 1533
f 1532 1628 1629
f 1533 1630 1534
f 1533 1629 1630
f 1534 1631 1535
f 1534 1630 1631
f 1535 1632 1536
f 1535 1631 1632
f 1536 1633 1537
f 1536 1632 1633
f 1537 1538 1442
f 1537 1633 1538
f 1538 1635 1539
f 1538 1634 1635
f 1539 1636 1540
f 1539 1635 1636
f 1540 1637 1541
f 1540 1636 1637
f 1541 1638 1542
f 1541 1637 1638
f 1542 1639 1543
f 1542 1638 1639
f 1543 1640 1544
f 1543 1639 1640
f 1544 1641 1545
f 1544 1640 1641
f 1545 1642 1546
f 1545 1641 1642
f 1546 1643 1547
f 1546 1642 1643
f 1547 1644 1548
f 1547 1643 1644
f 1548 1645 1549
f 1548 1644 1645
f 1549 1646 1550
f 1549 1645 1646
f 1550 1647 1551
f 1550 1646 1647
f 1551 1648 1552
f 1551 1647 1648
f 1552 1649 1553
f 1552 1648 1649
f 1553 1650 1554
f 1553 1649 1650
f 1554 1651 1555
f 1554 1650 1651
f 1555 1652 1556
f 1555 1651 1652
f 1556 1653 1557
f 1556 1652 1653
f 1557 1654 1558
f 1557 1653 1654
f 1558 1655 1559
f 1558 1654 1655
f 1559 1656 1560
f 1559 1655 1656
f 1560 1657 1561
f 1560 1656 1657
f 1561 1658 1562
f 1561 1657 1658
f 1562 1659 1563
f 1562 1658 1659
f 1563 1660 1564
f 1563 1659 1660
f 1564 1661 1565
f 1564 1660 1661
f 1565 1662 1566
f 1565 1661 1662
f 1566 1663 1567
f 1566 1662 1663
f 1567 1664 1568
f 1567 1663 1664
f 1568 1665 1569
f 1568 1664 1665
f 1569 1666 1570
f 1569 1665 1666
f 1570 1667 1571
f 1570 1666 1667
f 1571 1668 1572
f 1571 1667 1668
f 1572 1669 1573
f 1572 1668 1669
f 1573 1670 1574
f 1573 1669 1670
f 1574 1671 1575
f 1574 1670 1671
f 1575 1672 1576
f 1575 1671 1672
f 1576 1673 1577
f 1576 1672 1673
f 1577 1674 1578
f 1577 1673 1674
f 1578 1675 1579
f 1578 1674 1675
f 1579 1676 1580
f 1579 1675 1676
f 1580 1677 1581
f 1580 1676 1677
f 1581 1678 1582
f 1581 1677 1678
f 1582 1679 1583
f 1582 1678 1679
f 1583 1680 1584
f 1583 1679 1680
f 1584 1681 1585
f 1584 1680 1681
f 1585 1682 1586
f 1585 1681 1682
f 1586 1683 1587
f 1586 1682 1683
f 1587 1684 1588
f 1587 1683 1684
f 1588 1685 1589
f 1588 1684 1685
f 1589 1686 1590
f 1589 1685 1686
f 1590 1687 1591
f 1590 1686 1687
f 1591 1688 1592
f 1591 1687 1688
f 1592 1689 1593
f 1592 1688 1689
f 1593 1690 1594
f 1593 1689 1690
f 1594 1691 1595
f 1594 1690 1691
f 1595 1692 1596
f 1595 1691 1692
f 1596 1693 1597
f 1596 1692 1693
f 1597 1694 1598
f 1597 1693 1694
f 1598 1695 1599
f 1598 1694 1695
f 1599 1696 1600
f 1599 1695 1696
f 1600 1697 1601
f 1600 1696 1697
f 1601 1698 1602
f 1601 1697 1698
f 1602 1699 1603
f 1602 1698 1699
f 1603 1700 1604
f 1603 1699 1700
f 1604 1701 1605
f 1604 1700 1701
f 1605 1702 1606
f 1605 1701 1702
f 1606 1703 1607
f 1606 1702 1703
f 1607 1704 1608
f 1607 1703 1704
f 1608 1705 1609
f 1608 1704 1705
f 1609 1706 1610
f 1609 1705 1706
f 1610 1707 1611
f 1610 1706 1707
f 1611 1708 1612
f 1611 1707 1708
f 1612 1709 1613
f 1612 1708 1709
f 1613 1710 1614
f 1613 1709 1710
f 1614 1711 1615
f 1614 1710 1711
f 1615 1712 1616
f 1615 1711 1712
f 1616 1713 1617
f 1616 1712 1713
f 1617 1714 1618
f 1617 1713 1714
f 1618 1715 1619
f 1618 1714 1715
f 1619 1716 1620
f 1619 1715 1716
f 1620 1717 1621
f 1620 1716 1717
f 1621 1718 1622
f 1621 1717 1718
f 1622 1719 1623
f 1622 1718 1719
f 1623 1720 1624
f 1623 1719 1720
f 1624 1721 1625
f 1624 1720 1721
f 1625 1722 1626
f 1625 1721 1722
f 1626 1723 1627
f 1626 1722 1723
f 1627 1724 1628
f 1627 1723 1724
f 1628 1725 1629
f 1628 1724 1725
f 1629 1726 1630
f 1629 1725 1726
f 1630 1727 1631
f 1630 1726 1727
f 1631 1728 1632
f 1631 1727 1728
f 1632 1729 1633
f 1632 1728 1729
f 1633 1634 1538
f 1633 1729 1634
f 1634 1731 1635
f 1634 1730 1731
f 1635 1732 1636
f 1635 1731 1732
f 1636 1733 1637
f 1636 1732 1733
f 1637 1734 1638
f 1637 1733 1734
f 1638 1735 1639
f 1638 1734 1735
f 1639 1736 1640
f 1639 1735 1736
f 1640 1737 1641
f 1640 1736 1737
f 1641 1738 1642
f 1641 1737 1738
f 1642 1739 1643
f 1642 1738 1739
f 1643 1740 1644
f 1643 1739 1740
f 1644 1741 1645
f 1644 1740 1741
f 1645 1742 1646
f 1645 1741 1742
f 1646 1743 1647
f 1646 1742 1743
f 1647 1744 1648
f 1647 1743 1744
f 1648 1745 1649
f 1648 1744 1745
f 1649 1746 1650
f 1649 1745 1746
f 1650 1747 1651
f 1650 1746 1747
f 1651 1748 1652
f 1651 1747 1748
f 1652 1749 1653
f 1652 1748 1749
f 1653 1750 1654
f 1653 1749 1750
f 1654 1751 1655
f 1654 1750 1751
f 1655 1752 1656
f 1655 1751 1752
f 1656 1753 1657
f 1656 1752 1753
f 1657 1754 1658
f 1657 1753 1754
f 1658 1755 1659
f 1658 1754 1755
f 1659 1756 1660
f 1659 1755 1756
f 1660 1757 1661
f 1660 1756 1757
f 1661 1758 1662
f 1661 1757 1758
f 1662 1759 1663
f 1662 1758 1759
f 1663 1760 1664
f 1663 1759 1760
f 1664 1761 1665
f 1664 1760 1761
f 1665 1762 1666
f 1665 1761 1762
f 1666 1763 1667
f 1666 1762 1763
f 1667 1764 1668
f 1667 1763 1764
f 1668 1765 1669
f 1668 1764 1765
f 1669 1766 1670
f 1669 1765 1766
f 1670 1767 1671
f 1670 1766 1767
f 1671 1768 1672
f 1671 1767 1768
f 1672 1769 1673
f 1672 1768 1769
f 1673 1770 1674
f 1673 1769 1770
f 1674 1771 1675
f 1674 1770 1771
f 1675 1772 1676
f 1675 1771 1772
f 1676 1773 1677
f 1676 1772 1773
f 1677 1774 1678
f 1677 1773 1774
f 1678 1775 1679
f 1678 1774 1775
f 1679 1776 1680
f 1679 1775 1776
f 1680 1777 1681
f 1680 1776 1777
f 1681 1778 1682
f 1681 1777 1778
f 1682 1779 1683
f 1682 1778 1779
f 1683 1780 1684
f 1683 1779 1780
f 1684 1781 1685
f 1684 1780 1781
f 1685 1782 1686
f 1685 1781 1782
f 1686 1783 1687
f 1686 1782 1783
f 1687 1784 1688
f 1687 1783 1784
f 1688 1785 1689
f 1688 1784 1785
f 1689 1786 1690
f 1689 1785 1786
f 1690 1787 1691
f 1690 1786 1787
f 1691 1788 1692
f 1691 1787 1788
f 1692 1789 1693
f 1692 1788 1789
f 1693 1790 1694
f 1693 1789 1790
f 1694 1791 1695
f 1694 1790 1791
f 1695 1792 1696
f 1695 1791 1792
f 1696 1793 1697
f 1696 1792 1793
f 1697 1794 1698
f 1697 1793 1794
f 1698 1795 1699
f 1698 1794 1795
f 1699 1796 1700
f 1699 1795 1796
f 1700 1797 1701
f 1700 1796 1797
f 1701 1798 1702
f 1701 1797 1798
f 1702 1799 1703
f 1702 1798 1799
f 1703 1800 1704
f 1703 1799 1800
f 1704 1801 1705
f 1704 1800 1801
f 1705 1802 1706
f 1705 1801 1802
f 1706 1803 1707
f 1706 1802 1803
f 1707 1804 1708
f 1707 1803 1804
f 1708 1805 1709
f 1708 1804 1805
f 1709 1806 1710
f 1709 1805 1806
f 1710 1807 1711
f 1710 1806 1807
f 1711 1808 1712
f 1711 1807 1808
f 1712 1809 1713
f 1712 1808 1809
f 1713 1810 1714
f 1713 1809 1810
f 1714 1811 1715
f 1714 1810 1811
f 1715 1812 1716
f 1715 1811 1812
f 1716 1813 1717
f 1716 1812 1813
f 1717 1814 1718
f 1717 1813 1814
f 1718 1815 1719
f 1718 1814 1815
f 1719 1816 1720
f 1719 1815 1816
f 1720 1817 1721
f 1720 1816 1817
f 1721 1818 1722
f 1721 1817 1818
f 1722 1819 1723
f 1722 1818 1819
f 1723 1820 1724
f 1723 1819 1820
f 1724 1821 1725
f 1724 1820 1821
f 1725 1822 1726
f 1725 1821 1822
f 1726 1823 1727
f 1726 1822 1823
f 1727 1824 1728
f 1727 1823 1824
f 1728 1825 1729
f 1728 1824 1825
f 1729 1730 1634
f 1729 1825 1730
f 1730 1827 1731
f 1730 1826 1827
f 1731 1828 1732
f 1731 1827 1828
f 1732 1829 1733
f 1732 1828 1829
f 1733 1830 1734
f 1733 1829 1830
f 1734 1831 1735
f 1734 1830 1831
f 1735 1832 1736
f 1735 1831 1832
f 1736 1833 1737
f 1736 1832 1833
f 1737 1834 1738
f 1737 1833 1834
f 1738 1835 1739
f 1738 1834 1835
f 1739 1836 1740
f 1739 1835 1836
f 1740 1837 1741
f 1740 1836 1837
f 1741 1838 1742
f 1741 1837 1838
f 1742 1839 1743
f 1742 1838 1839
f 1743 1840 1744
f 1743 1839 1840
f 1744 1841 1745
f 1744 1840 1841
f 1745 1842 1746
f 1745 1841 1842
f 1746 1843 1747
f 1746 1842 1843
f 1747 1844 1748
f 1747 1843 1844
f 1748 1845 1749
f 1748 1844 1845
f 1749 1846 1750
f 1749 1845 1846
f 1750 1847 1751
f 1750 1846 1847
f 1751 1848 1752
f 1751 1847 1848
f 1752 1849 1753
f 1752 1848 1849
f 1753 1850 1754
f 1753 1849 1850
f 1754 1851 1755
f 1754 1850 1851
f 1755 1852 1756
f 1755 1851 1852
f 1756 1853 1757
f 1756 1852 1853
f 1757 1854 1758
f 1757 1853 1854
f 1758 1855 1759
f 1758 1854 1855
f 1759 1856 1760
f 1759 1855 1856
f 1760 1857 1761
f 1760 1856 1857
f 1761 1858 1762
f 1761 1857 1858
f 1762 1859 1763
f 1762 1858 1859
f 1763 1860 1764
f 1763 1859 1860
f 1764 1861 1765
f 1764 1860 1861
f 1765 1862 1766
f 1765 1861 1862
f 1766 1863 1767
f 1766 1862 1863
f 1767 1864 1768
f 1767 1863 1864
f 1768 1865 1769
f 1768 1864 1865
f 1769 1866 1770
f 1769 1865 1866
f 1770 1867 1771
f 1770 1866 1867
f 1771 1868 1772
f 1771 1867 1868
f 1772 1869 1773
f 1772 1868 1869
f 1773 1870 1774
f 1773 1869 1870
f 1774 1871 1775
f 1774 1870 1871
f 1775 1872 1776
f 1775 1871 1872
f 1776 1873 1777
f 1776 1872 1873
f 1777 1874 1778
f 1777 1873 1874
f 1778 1875 1779
f 1778 1874 1875
f 1779 1876 1780
f 1779 1875 1876
f 1780 1877 1781
f 1780 1876 1877
f 1781 1878 1782
f 1781 1877 1878
f 1782 1879 1783
f 1782 1878 1879
f 1783 1880 1784
f 1783 1879 1880
f 1784 1881 1785
f 1784 1880 1881
f 1785 1882 1786
f 1785 1881 1882
f 1786 1883 1787
f 1786 1882 1883
f 1787 1884 1788
f 1787 1883 1884
f 1788 1885 1789
f 1788 1884 1885
f 1789 1886 1790
f 1789 1885 1886
f 1790 1887 1791
f 1790 1886 1887
f 1791 1888 1792
f 1791 1887 1888
f 1792 1889 1793
f 1792 1888 1889
f 1793 1890 1794
f 1793 1889 1890
f 1794 1891 1795
f 1794 1890 1891
f 1795 1892 1796
f 1795 1891 1892
f 1796 1893 1797
f 1796 1892 1893
f 1797 1894 1798
f 1797 1893 1894
f 1798 1895 1799
f 1798 1894 1895
f 1799 1896 1800
f 1799 1895 1896
f 1800 1897 1801
f 1800 1896 1897
f 1801 1898 1802
f 1801 1897 1898
f 1802 1899 1803
f 1802 1898 1899
f 1803 1900 1804
f 1803 1899 1900
f 1804 1901 1805
f 1804 1900 1901
f 1805 1902 1806
f 1805 1901 1902
f 1806 1903 1807
f 1806 1902 1903
f 1807 1904 1808
f 1807 1903 1904
f 1808 1905 1809
f 1808 1904 1905
f 1809 1906 1810
f 1809 1905 1906
f 1810 1907 1811
f 1810 1906 1907
f 1811 1908 1812
f 1811 1907 1908
f 1812 1909 1813
f 1812 1908 1909
f 1813 1910 1814
f 1813 1909 1910
f 1814 1911 1815
f 1814 1910 1911
f 1815 1912 1816
f 1815 1911 1912
f 1816 1913 1817
f 1816 1912 1913
f 1817 1914 1818
f 1817 1913 1914
f 1818 1915 1819
f 1818 1914 1915
f 1819 1916 1820
f 1819 1915 1916
f 1820 1917 1821
f 1820 1916 1917
f 1821 1918 1822
f 1821 1917 1918
f 1822 1919 1823
f 1822 1918 1919
f 1823 1920 1824
f 1823 1919 1920
f 1824 1921 1825
f 1824 1920 1921
f 1825 1826 1730
f 1825 1921 1826
f 1826 1923 1827
f 1826 1922 1923
f 1827 1924 1828
f 1827 1923 1924
f 1828 1925 1829
f 1828 1924 1925
f 1829 1926 1830
f 1829 1925 1926
f 1830 1927 1831
f 1830 1926 1927
f 1831 1928 1832
f 1831 1927 1928
f 1832 1929 1833
f 1832 1928 1929
f 1833 1930 1834
f 1833 1929 1930
f 1834 1931 1835
f 1834 1930 1931
f 1835 1932 1836
f 1835 1931 1932
f 1836 1933 1837
f 1836 1932 1933
f 1837 1934 1838
f 1837 1933 1934
f 1838 1935 1839
f 1838 1934 1935
f 1839 1936 1840
f 1839 1935 1936
f 1840 1937 1841
f 1840 1936 1937
f 1841 1938 1842
f 1841 1937 1938
f 1842 1939 1843
f 1842 1938 1939
f 1843 1940 1844
f 1843 1939 1940
f 1844 1941 1845
f 1844 1940 1941
f 1845 1942 1846
f 1845 1941 1942
f 1846 1943 1847
f 1846 1942 1943
f 1847 1944 1848
f 1847 1943 1944
f 1848 1945 1849
f 1848 1944 1945
f 1849 1946 1850
f 1849 1945 1946
f 1850 1947 1851
f 1850 1946 1947
f 1851 1948 1852
f 1851 1947 1948
f 1852 1949 1853
f 1852 1948 1949
f 1853 1950 1854
f 1853 1949 1950
f 1854 1951 1855
f 1854 1950 1951
f 1855 1952 1856
f 1855 1951 1952
f 1856 1953 1857
f 1856 1952 1953
f 1857 1954 1858
f 1857 1953 1954
f 1858 1955 1859
f 1858 1954 1955
f 1859 1956 1860
f 1859 1955 1956
f 1860 1957 1861
f 1860 1956 1957
f 1861 1958 1862
f 1861 1957 1958
f 1862 1959 1863
f 1862 1958 1959
f 1863 1960 1864
f 1863 1959 1960
f 1864 1961 1865
f 1864 1960 1961
f 1865 1962 1866
f 1865 1961 1962
f 1866 1963 1867
f 1866 1962 1963
f 1867 1964 1868
f 1867 1963 1964
f 1868 1965 1869
f 1868 1964 1965
f 1869 1966 1870
f 1869 1965 1966
f 1870 1967 1871
f 1870 1966 1967
f 1871 1968 1872
f 1871 1967 1968
f 1872 1969 1873
f 1872 1968 1969
f 1873 1970 1874
f 1873 1969 1970
f 1874 1971 1875
f 1874 1970 1971
f 1875 1972 1876
f 1875 1971 1972
f 1876 1973 1877
f 1876 1972 1973
f 1877 1974 1878
f 1877 1973 1974
f 1878 1975 1879
f 1878 1974 1975
f 1879 1976 1880
f 1879 1975 1976
f 1880 1977 1881
f 1880 1976 1977
f 1881 1978 1882
f 1881 1977 1978
f 1882 1979 1883
f 1882 1978 1979
f 1883 1980 1884
f 1883 1979 1980
f 1884 1981 1885
f 1884 1980 1981
f 1885 1982 1886
f 1885 1981 1982
f 1886 1983 1887
f 1886 1982 1983
f 1887 1984 1888
f 1887 1983 1984
f 1888 1985 1889
f 1888 1984 1985
f 1889 1986 1890
f 1889 1985 1986
f 1890 1987 1891
f 1890 1986 1987
f 1891 1988 1892
f 1891 1987 1988
f 1892 1989 1893
f 1892 1988 1989
f 1893 1990 1894
f 1893 1989 1990
f 1894 1991 1895
f 1894 1990 1991
f 1895 1992 1896
f 1895 1991 1992
f 1896 1993 1897
f 1896 1992 1993
f 1897 1994 1898
f 1897 1993 1994
f 1898 1995 1899
f 1898 1994 1995
f 1899 1996 1900
f 1899 1995 1996
f 1900 1997 1901
f 1900 1996 1997
f 1901 1998 1902
f 1901 1997 1998
f 1902 1999 1903
f 1902 1998 1999
f 1903 2000 1904
f 1903 1999 2000
f 1904 2001 1905
f 1904 2000 2001
f 1905 2002 1906
f 1905 2001 2002
f 1906 2003 1907
f 1906 2002 2003
f 1907 2004 1908
f 1907 2003 2004
f 1908 2005 1909
f 1908 2004 2005
f 1909 2006 1910
f 1909 2005 2006
f 1910 2007 1911
f 1910 2006 2007
f 1911 2008 1912
f 1911 2007 2008
f 1912 2009 1913
f 1912 2008 2009
f 1913 2010 1914
f 1913 2009 2010
f 1914 2011 1915
f 1914 2010 2011
f 1915 2012 1916
f 1915 2011 2012
f 1916 2013 1917
f 1916 2012 2013
f 1917 2014 1918
f 1917 2013 2014
f 1918 2015 1919
f 1918 2014 2015
f 1919 2016 1920
f 1919 2015 2016
f 1920 2017 1921
f 1920 2016 2017
f 1921 1922 1826
f 1921 2017 1922
f 1922 2019 1923
f 1922 2018 2019
f 1923 2020 1924
f 1923 2019 2020
f 1924 2021 1925
f 1924 2020 2021
f 1925 2022 1926
f 1925 2021 2022
f 1926 2023 1927
f 1926 2022 2023
f 1927 2024 1928
f 1927 2023 2024
f 1928 2025 1929
f 1928 2024 2025
f 1929 2026 1930
f 1929 2025 2026
f 1930 2027 1931
f 1930 2026 2027
f 1931 2028 1932
f 1931 2027 2028
f 1932 2029 1933
f 1932 2028 2029
f 1933 2030 1934
f 1933 2029 2030
f 1934 2031 1935
f 1934 2030 2031
f 1935 2032 1936
f 1935 2031 2032
f 1936 2033 1937
f 1936 2032 2033
f 1937 2034 1938
f 1937 2033 2034
f 1938 2035 1939
f 1938 2034 2035
f 1939 2036 1940
f 1939 2035 2036
f 1940 2037 1941
f 1940 2036 2037
f 1941 2038 1942
f 1941 2037 2038
f 1942 2039 1943
f 1942 2038 2039
f 1943 2040 1944
f 1943 2039 2040
f 1944 2041 1945
f 1944 2040 2041
f 1945 2042 1946
f 1945 2041 2042
f 1946 2043 1947
f 1946 2042 2043
f 1947 2044 1948
f 1947 2043 2044
f 1948 2045 1949
f 1948 2044 2045
f 1949 2046 1950
f 1949 2045 2046
f 1950 2047 1951
f 1950 2046 2047
f 1951 2048 1952
f 1951 2047 2048
f 1952 2049 1953
f 1952 2048 2049
f 1953 2050 1954
f 1953 2049 2050
f 1954 2051 1955
f 1954 2050 2051
f 1955 2052 1956
f 1955 2051 2052
f 1956 2053 1957
f 1956 2052 2053
f 1957 2054 1958
f 1957 2053 2054
f 1958 2055 1959
f 1958 2054 2055
f 1959 2056 1960
f 1959 2055 2056
f 1960 2057 1961
f 1960 2056 2057
f 1961 2058 1962
f 1961 2057 2058
f 1962 2059 1963
f 1962 2058 2059
f 1963 2060 1964
f 1963 2059 2060
f 1964 2061 1965
f 1964 2060 2061
f 1965 2062 1966
f 1965 2061 2062
f 1966 2063 1967
f 1966 2062 2063
f 1967 2064 1968
f 1967 2063 2064
f 1968 2065 1969
f 1968 2064 2065
f 1969 2066 1970
f 1969 2065 2066
f 1970 2067 1971
f 1970 2066 2067
f 1971 2068 1972
f 1971 2067 2068
f 1972 2069 1973
f 1972 2068 2069
f 1973 2070 1974
f 1973 2069 2070
f 1974 2071 1975
f 1974 2070 2071
f 1975 2072 1976
f 1975 2071 2072
f 1976 2073 1977
f 1976 2072 2073
f 1977 2074 1978
f 1977 2073 2074
f 1978 2075 1979
f 1978 2074 2075
f 1979 2076 1980
f 1979 2075 2076
f 1980 2077 1981
f 1980 2076 2077
f 1981 2078 1982
f 1981 2077 2078
f 1982 2079 1983
f 1982 2078 2079
f 1983 2080 1984
f 1983 2079 2080
f 1984 2081 1985
f 1984 2080 2081
f 1985 2082 1986
f 1985 2081 2082
f 1986 2083 1987
f 1986 2082 2083
f 1987 2084 1988
f 1987 2083 2084
f 1988 2085 1989
f 1988 2084 2085
f 1989 2086 1990
f 1989 2085 2086
f 1990 2087 1991
f 1990 2086 2087
f 1991 2088 1992
f 1991 2087 2088
f 1992 2089 1993
f 1992 2088 2089
f 1993 2090 1994
f 1993 2089 2090
f 1994 2091 1995
f 1994 2090 2091
f 1995 2092 1996
f 1995 2091 2092
f 1996 2093 1997
f 1996 2092 2093
f 1997 2094 1998
f 1997 2093 2094
f 1998 2095 1999
f 1998 2094 2095
f 1999 2096 2000
f 1999 2095 2096
f 2000 2097 2001
f 2000 2096 2097
f 2001 2098 2002
f 2001 2097 2098
f 2002 2099 2003
f 2002 2098 2099
f 2003 2100 2004
f 2003 2099 2100
f 2004 2101 2005
f 2004 2100 2101
f 2005 2102 2006
f 2005 2101 2102
f 2006 2103 2007
f 2006 2102 2103
f 2007 2104 2008
f 2007 2103 2104
f 2008 2105 2009
f 2008 2104 2105
f 2009 2106 2010
f 2009 2105 2106
f 2010 2107 2011
f 2010 2106 2107
f 2011 2108 2012
f 2011 2107 2108
f 2012 2109 2013
f 2012 2108 2109
f 2013 2110 2014
f 2013 2109 2110
f 2014 2111 2015
f 2014 2110 2111
f 2015 2112 2016
f 2015 2111 2112
f 2016 2113 2017
f 2016 2112 2113
f 2017 2018 1922
f 2017 2113 2018
f 2018 2115 2019
f 2018 2114 2115
f 2019 2116 2020
f 2019 2115 2116
f 2020 2117 2021
f 2020 2116 2117
f 2021 2118 2022
f 2021 2117 2118
f 2022 2119 2023
f 2022 2118 2119
f 2023 2120 2024
f 2023 2119 2120
f 2024 2121 2025
f 2024 2120 2121
f 2025 2122 2026
f 2025 2121 2122
f 2026 2123 2027
f 2026 2122 2123
f 2027 2124 2028
f 2027 2123 2124
f 2028 2125 2029
f 2028 2124 2125
f 2029 2126 2030
f 2029 2125 2126
f 2030 2127 2031
f 2030 2126 2127
f 2031 2128 2032
f 2031 2127 2128
f 2032 2129 2033
f 2032 2128 2129
f 2033 2130 2034
f 2033 2129 2130
f 2034 2131 2035
f 2034 2130 2131
f 2035 2132 2036
f 2035 2131 2132
f 2036 2133 2037
f 2036 2132 2133
f 2037 2134 2038
f 2037 2133 2134
f 2038 2135 2039
f 2038 2134 2135
f 2039 2136 2040
f 2039 2135 2136
f 2040 2137 2041
f 2040 2136 2137
f 2041 2138 2042
f 2041 2137 2138
f 2042 2139 2043
f 2042 2138 2139
f 2043 2140 2044
f 2043 2139 2140
f 2044 2141 2045
f 2044 2140 2141
f 2045 2142 2046
f 2045 2141 2142
f 2046 2143 2047
f 2046 2142 2143
f 2047 2144 2048
f 2047 2143 2144
f 2048 2145 2049
f 2048 2144 2145
f 2049 2146 2050
f 2049 2145 2146
f 2050 2147 2051
f 2050 2146 2147
f 2051 2148 2052
f 2051 2147 2148
f 2052 2149 2053
f 2052 2148 2149
f 2053 2150 2054
f 2053 2149 2150
f 2054 2151 2055
f 2054 2150 2151
f 2055 2152 2056
f 2055 2151 2152
f 2056 2153 2057
f 2056 2152 2153
f 2057 2154 2058
f 2057 2153 2154
f 2058 2155 2059
f 2058 2154 2155
f 2059 2156 2060
f 2059 2155 2156
f 2060 2157 2061
f 2060 2156 2157
f 2061 2158 2062
f 2061 2157 2158
f 2062 2159 2063
f 2062 2158 2159
f 2063 2160 2064
f 2063 2159 2160
f 2064 2161 2065
f 2064 2160 2161
f 2065 2162 2066
f 2065 2161 2162
f 2066 2163 2067
f 2066 2162 2163
f 2067 2164 2068
f 2067 2163 2164
f 2068 2165 2069
f 2068 2164 2165
f 2069 2166 2070
f 2069 2165 2166
f 2070 2167 2071
f 2070 2166 2167
f 2071 2168 2072
f 2071 2167 2168
f 2072 2169 2073
f 2072 2168 2169
f 2073 2170 2074
f 2073 2169 2170
f 2074 2171 2075
f 2074 2170 2171
f 2075 2172 2076
f 2075 2171 2172
f 2076 2173 2077
f 2076 2172 2173
f 2077 2174 2078
f 2077 2173 2174
f 2078 2175 2079
f 2078 2174 2175
f 2079 2176 2080
f 2079 2175 2176
f 2080 2177 2081
f 2080 2176 2177
f 2081 2178 2082
f 2081 2177 2178
f 2082 2179 2083
f 2082 2178 2179
f 2083 2180 2084
f 2083 2179 2180
f 2084 2181 2085
f 2084 2180 2181
f 2085 2182 2086
f 2085 2181 2182
f 2086 2183 2087
f 2086 2182 2183
f 2087 2184 2088
f 2087 2183 2184
f 2088 2185 2089
f 2088 2184 2185
f 2089 2186 2090
f 2089 2185 2186
f 2090 2187 2091
f 2090 2186 2187
f 2091 2188 2092
f 2091 2187 2188
f 2092 2189 2093
f 2092 2188 2189
f 2093 2190 2094
f 2093 2189 2190
f 2094 2191 2095
f 2094 2190 2191
f 2095 2192 2096
f 2095 2191 2192
f 2096 2193 2097
f 2096 2192 2193
f 2097 2194 2098
f 2097 2193 2194
f 2098 2195 2099
f 2098 2194 2195
f 2099 2196 2100
f 2099 2195 2196
f 2100 2197 2101
f 2100 2196 2197
f 2101 2198 2102
f 2101 2197 2198
f 2102 2199 2103
f 2102 2198 2199
f 2103 2200 2104
f 2103 2199 2200
f 2104 2201 2105
f 2104 2200 2201
f 2105 2202 2106
f 2105 2201 2202
f 2106 2203 2107
f 2106 2202 2203
f 2107 2204 2108
f 2107 2203 2204
f 2108 2205 2109
f 2108 2204 2205
f 2109 2206 2110
f 2109 2205 2206
f 2110 2207 2111
f 2110 2206 2207
f 2111 2208 2112
f 2111 2207 2208
f 2112 2209 2113
f 2112 2208 2209
f 2113 2114 2018
f 2113 2209 2114
f 2114 2211 2115
f 2114 2210 2211
f 2115 2212 2116
f 2115 2211 2212
f 2116 2213 2117
f 2116 2212 2213
f 2117 2214 2118
f 2117 2213 2214
f 2118 2215 2119
f 2118 2214 2215
f 2119 2216 2120
f 2119 2215 2216
f 2120 2217 2121
f 2120 2216 2217
f 2121 2218 2122
f 2121 2217 2218
f 2122 2219 2123
f 2122 2218 2219
f 2123 2220 2124
f 2123 2219 2220
f 2124 2221 2125
f 2124 2220 2221
f 2125 2222 2126
f 2125 2221 2222
f 2126 2223 2127
f 2126 2222 2223
f 2127 2224 2128
f 2127 2223 2224
f 2128 2225 2129
f 2128 2224 2225
f 2129 2226 2130
f 2129 2225 2226
f 2130 2227 2131
f 2130 2226 2227
f 2131 2228 2132
f 2131 2227 2228
f 2132 2229 2133
f 2132 2228 2229
f 2133 2230 2134
f 2133 2229 2230
f 2134 2231 2135
f 2134 2230 2231
f 2135 2232 2136
f 2135 2231 2232
f 2136 2233 2137
f 2136 2232 2233
f 2137 2234 2138
f 2137 2233 2234
f 2138 2235 2139
f 2138 2234 2235
f 2139 2236 2140
f 2139 2235 2236
f 2140 2237 2141
f 2140 2236 2237
f 2141 2238 2142
f 2141 2237 2238
f 2142 2239 2143
f 2142 2238 2239
f 2143 2240 2144
f 2143 2239 2240
f 2144 2241 2145
f 2144 2240 2241
f 2145 2242 2146
f 2145 2241 2242
f 2146 2243 2147
f 2146 2242 2243
f 2147 2244 2148
f 2147 2243 2244
f 2148 2245 2149
f 2148 2244 2245
f 2149 2246 2150
f 2149 2245 2246
f 2150 2247 2151
f 2150 2246 2247
f 2151 2248 2152
f 2151 2247 2248
f 2152 2249 2153
f 2152 2248 2249
f 2153 2250 2154
f 2153 2249 2250
f 2154 2251 2155
f 2154 2250 2251
f 2155 2252 2156
f 2155 2251 2252
f 2156 2253 2157
f 2156 2252 2253
f 2157 2254 2158
f 2157 2253 2254
f 2158 2255 2159
f 2158 2254 2255
f 2159 2256 2160
f 2159 2255 2256
f 2160 2257 2161
f 2160 2256 2257
f 2161 2258 2162
f 2161 2257 2258
f 2162 2259 2163
f 2162 2258 2259
f 2163 2260 2164
f 2163 2259 2260
f 2164 2261 2165
f 2164 2260 2261
f 2165 2262 2166
f 2165 2261 2262
f 2166 2263 2167
f 2166 2262 2263
f 2167 2264 2168
f 2167 2263 2264
f 2168 2265 2169
f 2168 2264 2265
f 2169 2266 2170
f 2169 2265 2266
f 2170 2267 2171
f 2170 2266 2267
f 2171 2268 2172
f 2171 2267 2268
f 2172 2269 2173
f 2172 2268 2269
f 2173 2270 2174
f 2173 2269 2270
f 2174 2271 2175
f 2174 2270 2271
f 2175 2272 2176
f 2175 2271 2272
f 2176 2273 2177
f 2176 2272 2273
f 2177 2274 2178
f 2177 2273 2274
f 2178 2275 2179
f 2178 2274 2275
f 2179 2276 2180
f 2179 2275 2276
f 2180 2277 2181
f 2180 2276 2277
f 2181 2278 2182
f 2181 2277 2278
f 2182 2279 2183
f 2182 2278 2279
f 2183 2280 2184
f 2183 2279 2280
f 2184 2281 2185
f 2184 2280 2281
f 2185 2282 2186
f 2185 2281 2282
f 2186 2283 2187
f 2186 2282 2283
f 2187 2284 2188
f 2187 2283 2284
f 2188 2285 2189
f 2188 2284 2285
f 2189 2286 2190
f 2189 2285 2286
f 2190 2287 2191
f 2190 2286 2287
f 2191 2288 2192
f 2191 2287 2288
f 2192 2289 2193
f 2192 2288 2289
f 2193 2290 2194
f 2193 2289 2290
f 2194 2291 2195
f 2194 2290 2291
f 2195 2292 2196
f 2195 2291 2292
f 2196 2293 2197
f 2196 2292 2293
f 2197 2294 2198
f 2197 2293 2294
f 2198 2295 2199
f 2198 2294 2295
f 2199 2296 2200
f 2199 2295 2296
f 2200 2297 2201
f 2200 2296 2297
f 2201 2298 2202
f 2201 2297 2298
f 2202 2299 2203
f 2202 2298 2299
f 2203 2300 2204
f 2203 2299 2300
f 2204 2301 2205
f 2204 2300 2301
f 2205 2302 2206
f 2205 2301 2302
f 2206 2303 2207
f 2206 2302 2303
f 2207 2304 2208
f 2207 2303 2304
f 2208 2305 2209
f 2208 2304 2305
f 2209 2210 2114
f 2209 2305 2210
f 2210 2307 2211
f 2210 2306 2307
f 2211 2308 2212
f 2211 2307 2308
f 2212 2309 2213
f 2212 2308 2309
f 2213 2310 2214
f 2213 2309 2310
f 2214 2311 2215
f 2214 2310 2311
f 2215 2312 2216
f 2215 2311 2312
f 2216 2313 2217
f 2216 2312 2313
f 2217 2314 2218
f 2217 2313 2314
f 2218 2315 2219
f 2218 2314 2315
f 2219 2316 2220
f 2219 2315 2316
f 2220 2317 2221
f 2220 2316 2317
f 2221 2318 2222
f 2221 2317 2318
f 2222 2319 2223
f 2222 2318 2319
f 2223 2320 2224
f 2223 2319 2320
f 2224 2321 2225
f 2224 2320 2321
f 2225 2322 2226
f 2225 2321 2322
f 2226 2323 2227
f 2226 2322 2323
f 2227 2324 2228
f 2227 2323 2324
f 2228 2325 2229
f 2228 2324 2325
f 2229 2326 2230
f 2229 2325 2326
f 2230 2327 2231
f 2230 2326 2327
f 2231 2328 2232
f 2231 2327 2328
f 2232 2329 2233
f 2232 2328 2329
f 2233 2330 2234
f 2233 2329 2330
f 2234 2331 2235
f 2234 2330 2331
f 2235 2332 2236
f 2235 2331 2332
f 2236 2333 2237
f 2236 2332 2333
f 2237 2334 2238
f 2237 2333 2334
f 2238 2335 2239
f 2238 2334 2335
f 2239 2336 2240
f 2239 2335 2336
f 2240 2337 2241
f 2240 2336 2337
f 2241 2338 2242
f 2241 2337 2338
f 2242 2339 2243
f 2242 2338 2339
f 2243 2340 2244
f 2243 2339 2340
f 2244 2341 2245
f 2244 2340 2341
f 2245 2342 2246
f 2245 2341 2342
f 2246 2343 2247
f 2246 2342 2343
f 2247 2344 2248
f 2247 2343 2344
f 2248 2345 2249
f 2248 2344 2345
f 2249 2346 2250
f 2249 2345 2346
f 2250 2347 2251
f 2250 2346 2347
f 2251 2348 2252
f 2251 2347 2348
f 2252 2349 2253
f 2252 2348 2349
f 2253 2350 2254
f 2253 2349 2350
f 2254 2351 2255
f 2254 2350 2351
f 2255 2352 2256
f 2255 2351 2352
f 2256 2353 2257
f 2256 2352 2353
f 2257 2354 2258
f 2257 2353 2354
f 2258 2355 2259
f 2258 2354 2355
f 2259 2356 2260
f 2259 2355 2356
f 2260 2357 2261
f 2260 2356 2357
f 2261 2358 2262
f 2261 2357 2358
f 2262 2359 2263
f 2262 2358 2359
f 2263 2360 2264
f 2263 2359 2360
f 2264 2361 2265
f 2264 2360 2361
f 2265 2362 2266
f 2265 2361 2362
f 2266 2363 2267
f 2266 2362 2363
f 2267 2364 2268
f 2267 2363 2364
f 2268 2365 2269
f 2268 2364 2365
f 2269 2366 2270
f 2269 2365 2366
f 2270 2367 2271
f 2270 2366 2367
f 2271 2368 2272
f 2271 2367 2368
f 2272 2369 2273
f 2272 2368 2369
f 2273 2370 2274
f 2273 2369 2370
f 2274 2371 2275
f 2274 2370 2371
f 2275 2372 2276
f 2275 2371 2372
f 2276 2373 2277
f 2276 2372 2373
f 2277 2374 2278
f 2277 2373 2374
f 2278 2375 2279
f 2278 2374 2375
f 2279 2376 2280
f 2279 2375 2376
f 2280 2377 2281
f 2280 2376 2377
f 2281 2378 2282
f 2281 2377 2378
f 2282 2379 2283
f 2282 2378 2379
f 2283 2380 2284
f 2283 2379 2380
f 2284 2381 2285
f 2284 2380 2381
f 2285 2382 2286
f 2285 2381 2382
f 2286 2383 2287
f 2286 2382 2383
f 2287 2384 2288
f 2287 2383 2384
f 2288 2385 2289
f 2288 2384 2385
f 2289 2386 2290
f 2289 2385 2386
f 2290 2387 2291
f 2290 2386 2387
f 2291 2388 2292
f 2291 2387 2388
f 2292 2389 2293
f 2292 2388 2389
f 2293 2390 2294
f 2293 2389 2390
f 2294 2391 2295
f 2294 2390 2391
f 2295 2392 2296
f 2295 2391 2392
f 2296 2393 2297
f 2296 2392 2393
f 2297 2394 2298
f 2297 2393 2394
f 2298 2395 2299
f 2298 2394 2395
f 2299 2396 2300
f 2299 2395 2396
f 2300 2397 2301
f 2300 2396 2397
f 2301 2398 2302
f 2301 2397 2398
f 2302 2399 2303
f 2302 2398 2399
f 2303 2400 2304
f 2303 2399 2400
f 2304 2401 2305
f 2304 2400 2401
f 2305 2306 2210
f 2305 2401 2306
f 2306 2403 2307
f 2306 2402 2403
f 2307 2404 2308
f 2307 2403 2404
f 2308 2405 2309
f 2308 2404 2405
f 2309 2406 2310
f 2309 2405 2406
f 2310 2407 2311
f 2310 2406 2407
f 2311 2408 2312
f 2311 2407 2408
f 2312 2409 2313
f 2312 2408 2409
f 2313 2410 2314
f 2313 2409 2410
f 2314 2411 2315
f 2314 2410 2411
f 2315 2412 2316
f 2315 2411 2412
f 2316 2413 2317
f 2316 2412 2413
f 2317 2414 2318
f 2317 2413 2414
f 2318 2415 2319
f 2318 2414 2415
f 2319 2416 2320
f 2319 2415 2416
f 2320 2417 2321
f 2320 2416 2417
f 2321 2418 2322
f 2321 2417 2418
f 2322 2419 2323
f 2322 2418 2419
f 2323 2420 2324
f 2323 2419 2420
f 2324 2421 2325
f 2324 2420 2421
f 2325 2422 2326
f 2325 2421 2422
f 2326 2423 2327
f 2326 2422 2423
f 2327 2424 2328
f 2327 2423 2424
f 2328 2425 2329
f 2328 2424 2425
f 2329 2426 2330
f 2329 2425 2426
f 2330 2427 2331
f 2330 2426 2427
f 2331 2428 2332
f 2331 2427 2428
f 2332 2429 2333
f 2332 2428 2429
f 2333 2430 2334
f 2333 2429 2430
f 2334 2431 2335
f 2334 2430 2431
f 2335 2432 2336
f 2335 2431 2432
f 2336 2433 2337
f 2336 2432 2433
f 2337 2434 2338
f 2337 2433 2434
f 2338 2435 2339
f 2338 2434 2435
f 2339 2436 2340
f 2339 2435 2436
f 2340 2437 2341
f 2340 2436 2437
f 2341 2438 2342
f 2341 2437 2438
f 2342 2439 2343
f 2342 2438 2439
f 2343 2440 2344
f 2343 2439 2440
f 2344 2441 2345
f 2344 2440 2441
f 2345 2442 2346
f 2345 2441 2442
f 2346 2443 2347
f 2346 2442 2443
f 2347 2444 2348
f 2347 2443 2444
f 2348 2445 2349
f 2348 2444 2445
f 2349 2446 2350
f 2349 2445 2446
f 2350 2447 2351
f 2350 2446 2447
f 2351 2448 2352
f 2351 2447 2448
f 2352 2449 2353
f 2352 2448 2449
f 2353 2450 2354
f 2353 2449 2450
f 2354 2451 2355
f 2354 2450 2451
f 2355 2452 2356
f 2355 2451 2452
f 2356 2453 2357
f 2356 2452 2453
f 2357 2454 2358
f 2357 2453 2454
f 2358 2455 2359
f 2358 2454 2455
f 2359 2456 2360
f 2359 2455 2456
f 2360 2457 2361
f 2360 2456 2457
f 2361 2458 2362
f 2361 2457 2458
f 2362 2459 2363
f 2362 2458 2459
f 2363 2460 2364
f 2363 2459 2460
f 2364 2461 2365
f 2364 2460 2461
f 2365 2462 2366
f 2365 2461 2462
f 2366 2463 2367
f 2366 2462 2463
f 2367 2464 2368
f 2367 2463 2464
f 2368 2465 2369
f 2368 2464 2465
f 2369 2466 2370
f 2369 2465 2466
f 2370 2467 2371
f 2370 2466 2467
f 2371 2468 2372
f 2371 2467 2468
f 2372 2469 2373
f 2372 2468 2469
f 2373 2470 2374
f 2373 2469 2470
f 2374 2471 2375
f 2374 2470 2471
f 2375 2472 2376
f 2375 2471 2472
f 2376 2473 2377
f 2376 2472 2473
f 2377 2474 2378
f 2377 2473 2474
f 2378 2475 2379
f 2378 2474 2475
f 2379 2476 2380
f 2379 2475 2476
f 2380 2477 2381
f 2380 2476 2477
f 2381 2478 2382
f 2381 2477 2478
f 2382 2479 2383
f 2382 2478 2479
f 2383 2480 2384
f 2383 2479 2480
f 2384 2481 2385
f 2384 2480 2481
f 2385 2482 2386
f 2385 2481 2482
f 2386 2483 2387
f 2386 2482 2483
f 2387 2484 2388
f 2387 2483 2484
f 2388 2485 2389
f 2388 2484 2485
f 2389 2486 2390
f 2389 2485 2486
f 2390 2487 2391
f 2390 2486 2487
f 2391 2488 2392
f 2391 2487 2488
f 2392 2489 2393
f 2392 2488 2489
f 2393 2490 2394
f 2393 2489 2490
f 2394 2491 2395
f 2394 2490 2491
f 2395 2492 2396
f 2395 2491 2492
f 2396 2493 2397
f 2396 2492 2493
f 2397 2494 2398
f 2397 2493 2494
f 2398 2495 2399
f 2398 2494 2495
f 2399 2496 2400
f 2399 2495 2496
f 2400 2497 2401
f 2400 2496 2497
f 2401 2402 2306
f 2401 2497 2402
f 2402 2499 2403
f 2402 2498 2499
f 2403 2500 2404
f 2403 2499 2500
f 2404 2501 2405
f 2404 2500 2501
f 2405 2502 2406
f 2405 2501 2502
f 2406 2503 2407
f 2406 2502 2503
f 2407 2504 2408
f 2407 2503 2504
f 2408 2505 2409
f 2408 2504 2505
f 2409 2506 2410
f 2409 2505 2506
f 2410 2507 2411
f 2410 2506 2507
f 2411 2508 2412
f 2411 2507 2508
f 2412 2509 2413
f 2412 2508 2509
f 2413 2510 2414
f 2413 2509 2510
f 2414 2511 2415
f 2414 2510 2511
f 2415 2512 2416
f 2415 2511 2512
f 2416 2513 2417
f 2416 2512 2513
f 2417 2514 2418
f 2417 2513 2514
f 2418 2515 2419
f 2418 2514 2515
f 2419 2516 2420
f 2419 2515 2516
f 2420 2517 2421
f 2420 2516 2517
f 2421 2518 2422
f 2421 2517 2518
f 2422 2519 2423
f 2422 2518 2519
f 2423 2520 2424
f 2423 2519 2520
f 2424 2521 2425
f 2424 2520 2521
f 2425 2522 2426
f 2425 2521 2522
f 2426 2523 2427
f 2426 2522 2523
f 2427 2524 2428
f 2427 2523 2524
f 2428 2525 2429
f 2428 2524 2525
f 2429 2526 2430
f 2429 2525 2526
f 2430 2527 2431
f 2430 2526 2527
f 2431 2528 2432
f 2431 2527 2528
f 2432 2529 2433
f 2432 2528 2529
f 2433 2530 2434
f 2433 2529 2530
f 2434 2531 2435
f 2434 2530 2531
f 2435 2532 2436
f 2435 2531 2532
f 2436 2533 2437
f 2436 2532 2533
f 2437 2534 2438
f 2437 2533 2534
f 2438 2535 2439
f 2438 2534 2535
f 2439 2536 2440
f 2439 2535 2536
f 2440 2537 2441
f 2440 2536 2537
f 2441 2538 2442
f 2441 2537 2538
f 2442 2539 2443
f 2442 2538 2539
f 2443 2540 2444
f 2443 2539 2540
f 2444 2541 2445
f 2444 2540 2541
f 2445 2542 2446
f 2445 2541 2542
f 2446 2543 2447
f 2446 2542 2543
f 2447 2544 2448
f 2447 2543 2544
f 2448 2545 2449
f 2448 2544 2545
f 2449 2546 2450
f 2449 2545 2546
f 2450 2547 2451
f 2450 2546 2547
f 2451 2548 2452
f 2451 2547 2548
f 2452 2549 2453
f 2452 2548 2549
f 2453 2550 2454
f 2453 2549 2550
f 2454 2551 2455
f 2454 2550 2551
f 2455 2552 2456
f 2455 2551 2552
f 2456 2553 2457
f 2456 2552 2553
f 2457 2554 2458
f 2457 2553 2554
f 2458 2555 2459
f 2458 2554 2555
f 2459 2556 2460
f 2459 2555 2556
f 2460 2557 2461
f 2460 2556 2557
f 2461 2558 2462
f 2461 2557 2558
f 2462 2559 2463
f 2462 2558 2559
f 2463 2560 2464
f 2463 2559 2560
f 2464 2561 2465
f 2464 2560 2561
f 2465 2562 2466
f 2465 2561 2562
f 2466 2563 2467
f 2466 2562 2563
f 2467 2564 2468
f 2467 2563 2564
f 2468 2565 2469
f 2468 2564 2565
f 2469 2566 2470
f 2469 2565 2566
f 2470 2567 2471
f 2470 2566 2567
f 2471 2568 2472
f 2471 2567 2568
f 2472 2569 2473
f 2472 2568 2569
f 2473 2570 2474
f 2473 2569 2570
f 2474 2571 2475
f 2474 2570 2571
f 2475 2572 2476
f 2475 2571 2572
f 2476 2573 2477
f 2476 2572 2573
f 2477 2574 2478
f 2477 2573 2574
f 2478 2575 2479
f 2478 2574 2575
f 2479 2576 2480
f 2479 2575 2576
f 2480 2577 2481
f 2480 2576 2577
f 2481 2578 2482
f 2481 2577 2578
f 2482 2579 2483
f 2482 2578 2579
f 2483 2580 2484
f 2483 2579 2580
f 2484 2581 2485
f 2484 2580 2581
f 2485 2582 2486
f 2485 2581 2582
f 2486 2583 2487
f 2486 2582 2583
f 2487 2584 2488
f 2487 2583 2584
f 2488 2585 2489
f 2488 2584 2585
f 2489 2586 2490
f 2489 2585 2586
f 2490 2587 2491
f 2490 2586 2587
f 2491 2588 2492
f 2491 2587 2588
f 2492 2589 2493
f 2492 2588 2589
f 2493 2590 2494
f 2493 2589 2590
f 2494 2591 2495
f 2494 2590 2591
f 2495 2592 2496
f 2495 2591 2592
f 2496 2593 2497
f 2496 2592 2593
f 2497 2498 2402
f 2497 2593 2498
f 2498 2595 2499
f 2498 2594 2595
f 2499 2596 2500
f 2499 2595 2596
f 2500 2597 2501
f 2500 2596 2597
f 2501 2598 2502
f 2501 2597 2598
f 2502 2599 2503
f 2502 2598 2599
f 2503 2600 2504
f 2503 2599 2600
f 2504 2601 2505
f 2504 2600 2601
f 2505 2602 2506
f 2505 2601 2602
f 2506 2603 2507
f 2506 2602 2603
f 2507 2604 2508
f 2507 2603 2604
f 2508 2605 2509
f 2508 2604 2605
f 2509 2606 2510
f 2509 2605 2606
f 2510 2607 2511
f 2510 2606 2607
f 2511 2608 2512
f 2511 2607 2608
f 2512 2609 2513
f 2512 2608 2609
f 2513 2610 2514
f 2513 2609 2610
f 2514 2611 2515
f 2514 2610 2611
f 2515 2612 2516
f 2515 2611 2612
f 2516 2613 2517
f 2516 2612 2613
f 2517 2614 2518
f 2517 2613 2614
f 2518 2615 2519
f 2518 2614 2615
f 2519 2616 2520
f 2519 2615 2616
f 2520 2617 2521
f 2520 2616 2617
f 2521 2618 2522
f 2521 2617 2618
f 2522 2619 2523
f 2522 2618 2619
f 2523 2620 2524
f 2523 2619 2620
f 2524 2621 2525
f 2524 2620 2621
f 2525 2622 2526
f 2525 2621 2622
f 2526 2623 2527
f 2526 2622 2623
f 2527 2624 2528
f 2527 2623 2624
f 2528 2625 2529
f 2528 2624 2625
f 2529 2626 2530
f 2529 2625 2626
f 2530 2627 2531
f 2530 2626 2627
f 2531 2628 2532
f 2531 2627 2628
f 2532 2629 2533
f 2532 2628 2629
f 2533 2630 2534
f 2533 2629 2630
f 2534 2631 2535
f 2534 2630 2631
f 2535 2632 2536
f 2535 2631 2632
f 2536 2633 2537
f 2536 2632 2633
f 2537 2634 2538
f 2537 2633 2634
f 2538 2635 2539
f 2538 2634 2635
f 2539 2636 2540
f 2539 2635 2636
f 2540 2637 2541
f 2540 2636 2637
f 2541 2638 2542
f 2541 2637 2638
f 2542 2639 2543
f 2542 2638 2639
f 2543 2640 2544
f 2543 2639 2640
f 2544 2641 2545
f 2544 2640 2641
f 2545 2642 2546
f 2545 2641 2642
f 2546 2643 2547
f 2546 2642 2643
f 2547 2644 2548
f 2547 2643 2644
f 2548 2645 2549
f 2548 2644 2645
f 2549 2646 2550
f 2549 2645 2646
f 2550 2647 2551
f 2550 2646 2647
f 2551 2648 2552
f 2551 2647 2648
f 2552 2649 2553
f 2552 2648 2649
f 2553 2650 2554
f 2553 2649 2650
f 2554 2651 2555
f 2554 2650 2651
f 2555 2652 2556
f 2555 2651 2652
f 2556 2653 2557
f 2556 2652 2653
f 2557 2654 2558
f 2557 2653 2654
f 2558 2655 2559
f 2558 2654 2655
f 2559 2656 2560
f 2559 2655 2656
f 2560 2657 2561
f 2560 2656 2657
f 2561 2658 2562
f 2561 2657 2658
f 2562 2659 2563
f 2562 2658 2659
f 2563 2660 2564
f 2563 2659 2660
f 2564 2661 2565
f 2564 2660 2661
f 2565 2662 2566
f 2565 2661 2662
f 2566 2663 2567
f 2566 2662 2663
f 2567 2664 2568
f 2567 2663 2664
f 2568 2665 2569
f 2568 2664 2665
f 2569 2666 2570
f 2569 2665 2666
f 2570 2667 2571
f 2570 2666 2667
f 2571 2668 2572
f 2571 2667 2668
f 2572 2669 2573
f 2572 2668 2669
f 2573 2670 2574
f 2573 2669 2670
f 2574 2671 2575
f 2574 2670 2671
f 2575 2672 2576
f 2575 2671 2672
f 2576 2673 2577
f 2576 2672 2673
f 2577 2674 2578
f 2577 2673 2674
f 2578 2675 2579
f 2578 2674 2675
f 2579 2676 2580
f 2579 2675 2676
f 2580 2677 2581
f 2580 2676 2677
f 2581 2678 2582
f 2581 2677 2678
f 2582 2679 2583
f 2582 2678 2679
f 2583 2680 2584
f 2583 2679 2680
f 2584 2681 2585
f 2584 2680 2681
f 2585 2682 2586
f 2585 2681 2682
f 2586 2683 2587
f 2586 2682 2683
f 2587 2684 2588
f 2587 2683 2684
f 2588 2685 2589
f 2588 2684 2685
f 2589 2686 2590
f 2589 2685 2686
f 2590 2687 2591
f 2590 2686 2687
f 2591 2688 2592
f 2591 2687 2688
f 2592 2689 2593
f 2592 2688 2689
f 2593 2594 2498
f 2593 2689 2594
f 2594 2691 2595
f 2594 2690 2691
f 2595 2692 2596
f 2595 2691 2692
f 2596 2693 2597
f 2596 2692 2693
f 2597 2694 2598
f 2597 2693 2694
f 2598 2695 2599
f 2598 2694 2695
f 2599 2696 2600
f 2599 2695 2696
f 2600 2697 2601
f 2600 2696 2697
f 2601 2698 2602
f 2601 2697 2698
f 2602 2699 2603
f 2602 2698 2699
f 2603 2700 2604
f 2603 2699 2700
f 2604 2701 2605
f 2604 2700 2701
f 2605 2702 2606
f 2605 2701 2702
f 2606 2703 2607
f 2606 2702 2703
f 2607 2704 2608
f 2607 2703 2704
f 2608 2705 2609
f 2608 2704 2705
f 2609 2706 2610
f 2609 2705 2706
f 2610 2707 2611
f 2610 2706 2707
f 2611 2708 2612
f 2611 2707 2708
f 2612 2709 2613
f 2612 2708 2709
f 2613 2710 2614
f 2613 2709 2710
f 2614 2711 2615
f 2614 2710 2711
f 2615 2712 2616
f 2615 2711 2712
f 2616 2713 2617
f 2616 2712 2713
f 2617 2714 2618
f 2617 2713 2714
f 2618 2715 2619
f 2618 2714 2715
f 2619 2716 2620
f 2619 2715 2716
f 2620 2717 2621
f 2620 2716 2717
f 2621 2718 2622
f 2621 2717 2718
f 2622 2719 2623
f 2622 2718 2719
f 2623 2720 2624
f 2623 2719 2720
f 2624 2721 2625
f 2624 2720 2721
f 2625 2722 2626
f 2625 2721 2722
f 2626 2723 2627
f 2626 2722 2723
f 2627 2724 2628
f 2627 2723 2724
f 2628 2725 2629
f 2628 2724 2725
f 2629 2726 2630
f 2629 2725 2726
f 2630 2727 2631
f 2630 2726 2727
f 2631 2728 2632
f 2631 2727 2728
f 2632 2729 2633
f 2632 2728 2729
f 2633 2730 2634
f 2633 2729 2730
f 2634 2731 2635
f 2634 2730 2731
f 2635 2732 2636
f 2635 2731 2732
f 2636 2733 2637
f 2636 2732 2733
f 2637 2734 2638
f 2637 2733 2734
f 2638 2735 2639
f 2638 2734 2735
f 2639 2736 2640
f 2639 2735 2736
f 2640 2737 2641
f 2640 2736 2737
f 2641 2738 2642
f 2641 2737 2738
f 2642 2739 2643
f 2642 2738 2739
f 2643 2740 2644
f 2643 2739 2740
f 2644 2741 2645
f 2644 2740 2741
f 2645 2742 2646
f 2645 2741 2742
f 2646 2743 2647
f 2646 2742 2743
f 2647 2744 2648
f 2647 2743 2744
f 2648 2745 2649
f 2648 2744 2745
f 2649 2746 2650
f 2649 2745 2746
f 2650 2747 2651
f 2650 2746 2747
f 2651 2748 2652
f 2651 2747 2748
f 2652 2749 2653
f 2652 2748 2749
f 2653 2750 2654
f 2653 2749 2750
f 2654 2751 2655
f 2654 2750 2751
f 2655 2752 2656
f 2655 2751 2752
f 2656 2753 2657
f 2656 2752 2753
f 2657 2754 2658
f 2657 2753 2754
f 2658 2755 2659
f 2658 2754 2755
f 2659 2756 2660
f 2659 2755 2756
f 2660 2757 2661
f 2660 2756 2757
f 2661 2758 2662
f 2661 2757 2758
f 2662 2759 2663
f 2662 2758 2759
f 2663 2760 2664
f 2663 2759 2760
f 2664 2761 2665
f 2664 2760 2761
f 2665 2762 2666
f 2665 2761 2762
f 2666 2763 2667
f 2666 2762 2763
f 2667 2764 2668
f 2667 2763 2764
f 2668 2765 2669
f 2668 2764 2765
f 2669 2766 2670
f 2669 2765 2766
f 2670 2767 2671
f 2670 2766 2767
f 2671 2768 2672
f 2671 2767 2768
f 2672 2769 2673
f 2672 2768 2769
f 2673 2770 2674
f 2673 2769 2770
f 2674 2771 2675
f 2674 2770 2771
f 2675 2772 2676
f 2675 2771 2772
f 2676 2773 2677
f 2676 2772 2773
f 2677 2774 2678
f 2677 2773 2774
f 2678 2775 2679
f 2678 2774 2775
f 2679 2776 2680
f 2679 2775 2776
f 2680 2777 2681
f 2680 2776 2777
f 2681 2778 2682
f 2681 2777 2778
f 2682 2779 2683
f 2682 2778 2779
f 2683 2780 2684
f 2683 2779 2780
f 2684 2781 2685
f 2684 2780 2781
f 2685 2782 2686
f 2685 2781 2782
f 2686 2783 2687
f 2686 2782 2783
f 2687 2784 2688
f 2687 2783 2784
f 2688 2785 2689
f 2688 2784 2785
f 2689 2690 2594
f 2689 2785 2690
f 2690 2787 2691
f 2690 2786 2787
f 2691 2788 2692
f 2691 2787 2788
f 2692 2789 2693
f 2692 2788 2789
f 2693 2790 2694
f 2693 2789 2790
f 2694 2791 2695
f 2694 2790 2791
f 2695 2792 2696
f 2695 2791 2792
f 2696 2793 2697
f 2696 2792 2793
f 2697 2794 2698
f 2697 2793 2794
f 2698 2795 2699
f 2698 2794 2795
f 2699 2796 2700
f 2699 2795 2796
f 2700 2797 2701
f 2700 2796 2797
f 2701 2798 2702
f 2701 2797 2798
f 2702 2799 2703
f 2702 2798 2799
f 2703 2800 2704
f 2703 2799 2800
f 2704 2801 2705
f 2704 2800 2801
f 2705 2802 2706
f 2705 2801 2802
f 2706 2803 2707
f 2706 2802 2803
f 2707 2804 2708
f 2707 2803 2804
f 2708 2805 2709
f 2708 2804 2805
f 2709 2806 2710
f 2709 2805 2806
f 2710 2807 2711
f 2710 2806 2807
f 2711 2808 2712
f 2711 2807 2808
f 2712 2809 2713
f 2712 2808 2809
f 2713 2810 2714
f 2713 2809 2810
f 2714 2811 2715
f 2714 2810 2811
f 2715 2812 2716
f 2715 2811 2812
f 2716 2813 2717
f 2716 2812 2813
f 2717 2814 2718
f 2717 2813 2814
f 2718 2815 2719
f 2718 2814 2815
f 2719 2816 2720
f 2719 2815 2816
f 2720 2817 2721
f 2720 2816 2817
f 2721 2818 2722
f 2721 2817 2818
f 2722 2819 2723
f 2722 2818 2819
f 2723 2820 2724
f 2723 2819 2820
f 2724 2821 2725
f 2724 2820 2821
f 2725 2822 2726
f 2725 2821 2822
f 2726 2823 2727
f 2726 2822 2823
f 2727 2824 2728
f 2727 2823 2824
f 2728 2825 2729
f 2728 2824 2825
f 2729 2826 2730
f 2729 2825 2826
f 2730 2827 2731
f 2730 2826 2827
f 2731 2828 2732
f 2731 2827 2828
f 2732 2829 2733
f 2732 2828 2829
f 2733 2830 2734
f 2733 2829 2830
f 2734 2831 2735
f 2734 2830 2831
f 2735 2832 2736
f 2735 2831 2832
f 2736 2833 2737
f 2736 2832 2833
f 2737 2834 2738
f 2737 2833 2834
f 2738 2835 2739
f 2738 2834 2835
f 2739 2836 2740
f 2739 2835 2836
f 2740 2837 2741
f 2740 2836 2837
f 2741 2838 2742
f 2741 2837 2838
f 2742 2839 2743
f 2742 2838 2839
f 2743 2840 2744
f 2743 2839 2840
f 2744 2841 2745
f 2744 2840 2841
f 2745 2842 2746
f 2745 2841 2842
f 2746 2843 2747
f 2746 2842 2843
f 2747 2844 2748
f 2747 2843 2844
f 2748 2845 2749
f 2748 2844 2845
f 2749 2846 2750
f 2749 2845 2846
f 2750 2847 2751
f 2750 2846 2847
f 2751 2848 2752
f 2751 2847 2848
f 2752 2849 2753
f 2752 2848 2849
f 2753 2850 2754
f 2753 2849 2850
f 2754 2851 2755
f 2754 2850 2851
f 2755 2852 2756
f 2755 2851 2852
f 2756 2853 2757
f 2756 2852 2853
f 2757 2854 2758
f 2757 2853 2854
f 2758 2855 2759
f 2758 2854 2855
f 2759 2856 2760
f 2759 2855 2856
f 2760 2857 2761
f 2760 2856 2857
f 2761 2858 2762
f 2761 2857 2858
f 2762 2859 2763
f 2762 2858 2859
f 2763 2860 2764
f 2763 2859 2860
f 2764 2861 2765
f 2764 2860 2861
f 2765 2862 2766
f 2765 2861 2862
f 2766 2863 2767
f 2766 2862 2863
f 2767 2864 2768
f 2767 2863 2864
f 2768 2865 2769
f 2768 2864 2865
f 2769 2866 2770
f 2769 2865 2866
f 2770 2867 2771
f 2770 2866 2867
f 2771 2868 2772
f 2771 2867 2868
f 2772 2869 2773
f 2772 2868 2869
f 2773 2870 2774
f 2773 2869 2870
f 2774 2871 2775
f 2774 2870 2871
f 2775 2872 2776
f 2775 2871 2872
f 2776 2873 2777
f 2776 2872 2873
f 2777 2874 2778
f 2777 2873 2874
f 2778 2875 2779
f 2778 2874 2875
f 2779 2876 2780
f 2779 2875 2876
f 2780 2877 2781
f 2780 2876 2877
f 2781 2878 2782
f 2781 2877 2878
f 2782 2879 2783
f 2782 2878 2879
f 2783 2880 2784
f 2783 2879 2880
f 2784 2881 2785
f 2784 2880 2881
f 2785 2786 2690
f 2785 2881 2786
f 2786 2883 2787
f 2786 2882 2883
f 2787 2884 2788
f 2787 2883 2884
f 2788 2885 2789
f 2788 2884 2885
f 2789 2886 2790
f 2789 2885 2886
f 2790 2887 2791
f 2790 2886 2887
f 2791 2888 2792
f 2791 2887 2888
f 2792 2889 2793
f 2792 2888 2889
f 2793 2890 2794
f 2793 2889 2890
f 2794 2891 2795
f 2794 2890 2891
f 2795 2892 2796
f 2795 2891 2892
f 2796 2893 2797
f 2796 2892 2893
f 2797 2894 2798
f 2797 2893 2894
f 2798 2895 2799
f 2798 2894 2895
f 2799 2896 2800
f 2799 2895 2896
f 2800 2897 2801
f 2800 2896 2897
f 2801 2898 2802
f 2801 2897 2898
f 2802 2899 2803
f 2802 2898 2899
f 2803 2900 2804
f 2803 2899 2900
f 2804 2901 2805
f 2804 2900 2901
f 2805 2902 2806
f 2805 2901 2902
f 2806 2903 2807
f 2806 2902 2903
f 2807 2904 2808
f 2807 2903 2904
f 2808 2905 2809
f 2808 2904 2905
f 2809 2906 2810
f 2809 2905 2906
f 2810 2907 2811
f 2810 2906 2907
f 2811 2908 2812
f 2811 2907 2908
f 2812 2909 2813
f 2812 2908 2909
f 2813 2910 2814
f 2813 2909 2910
f 2814 2911 2815
f 2814 2910 2911
f 2815 2912 2816
f 2815 2911 2912
f 2816 2913 2817
f 2816 2912 2913
f 2817 2914 2818
f 2817 2913 2914
f 2818 2915 2819
f 2818 2914 2915
f 2819 2916 2820
f 2819 2915 2916
f 2820 2917 2821
f 2820 2916 2917
f 2821 2918 2822
f 2821 2917 2918
f 2822 2919 2823
f 2822 2918 2919
f 2823 2920 2824
f 2823 2919 2920
f 2824 2921 2825
f 2824 2920 2921
f 2825 2922 2826
f 2825 2921 2922
f 2826 2923 2827
f 2826 2922 2923
f 2827 2924 2828
f 2827 2923 2924
f 2828 2925 2829
f 2828 2924 2925
f 2829 2926 2830
f 2829 2925 2926
f 2830 2927 2831
f 2830 2926 2927
f 2831 2928 2832
f 2831 2927 2928
f 2832 2929 2833
f 2832 2928 2929
f 2833 2930 2834
f 2833 2929 2930
f 2834 2931 2835
f 2834 2930 2931
f 2835 2932 2836
f 2835 2931 2932
f 2836 2933 2837
f 2836 2932 2933
f 2837 2934 2838
f 2837 2933 2934
f 2838 2935 2839
f 2838 2934 2935
f 2839 2936 2840
f 2839 2935 2936
f 2840 2937 2841
f 2840 2936 2937
f 2841 2938 2842
f 2841 2937 2938
f 2842 2939 2843
f 2842 2938 2939
f 2843 2940 2844
f 2843 2939 2940
f 2844 2941 2845
f 2844 2940 2941
f 2845 2942 2846
f 2845 2941 2942
f 2846 2943 2847
f 2846 2942 2943
f 2847 2944 2848
f 2847 2943 2944
f 2848 2945 2849
f 2848 2944 2945
f 2849 2946 2850
f 2849 2945 2946
f 2850 2947 2851
f 2850 2946 2947
f 2851 2948 2852
f 2851 2947 2948
f 2852 2949 2853
f 2852 2948 2949
f 2853 2950 2854
f 2853 2949 2950
f 2854 2951 2855
f 2854 2950 2951
f 2855 2952 2856
f 2855 2951 2952
f 2856 2953 2857
f 2856 2952 2953
f 2857 2954 2858
f 2857 2953 2954
f 2858 2955 2859
f 2858 2954 2955
f 2859 2956 2860
f 2859 2955 2956
f 2860 2957 2861
f 2860 2956 2957
f 2861 2958 2862
f 2861 2957 2958
f 2862 2959 2863
f 2862 2958 2959
f 2863 2960 2864
f 2863 2959 2960
f 2864 2961 2865
f 2864 2960 2961
f 2865 2962 2866
f 2865 2961 2962
f 2866 2963 2867
f 2866 2962 2963
f 2867 2964 2868
f 2867 2963 2964
f 2868 2965 2869
f 2868 2964 2965
f 2869 2966 2870
f 2869 2965 2966
f 2870 2967 2871
f 2870 2966 2967
f 2871 2968 2872
f 2871 2967 2968
f 2872 2969 2873
f 2872 2968 2969
f 2873 2970 2874
f 2873 2969 2970
f 2874 2971 2875
f 2874 2970 2971
f 2875 2972 2876
f 2875 2971 2972
f 2876 2973 2877
f 2876 2972 2973
f 2877 2974 2878
f 2877 2973 2974
f 2878 2975 2879
f 2878 2974 2975
f 2879 2976 2880
f 2879 2975 2976
f 2880 2977 2881
f 2880 2976 2977
f 2881 2882 2786
f 2881 2977 2882
f 2882 2979 2883
f 2882 2978 2979
f 2883 2980 2884
f 2883 2979 2980
f 2884 2981 2885
f 2884 2980 2981
f 2885 2982 2886
f 2885 2981 2982
f 2886 2983 2887
f 2886 2982 2983
f 2887 2984 2888
f 2887 2983 2984
f 2888 2985 2889
f 2888 2984 2985
f 2889 2986 2890
f 2889 2985 2986
f 2890 2987 2891
f 2890 2986 2987
f 2891 2988 2892
f 2891 2987 2988
f 2892 2989 2893
f 2892 2988 2989
f 2893 2990 2894
f 2893 2989 2990
f 2894 2991 2895
f 2894 2990 2991
f 2895 2992 2896
f 2895 2991 2992
f 2896 2993 2897
f 2896 2992 2993
f 2897 2994 2898
f 2897 2993 2994
f 2898 2995 2899
f 2898 2994 2995
f 2899 2996 2900
f 2899 2995 2996
f 2900 2997 2901
f 2900 2996 2997
f 2901 2998 2902
f 2901 2997 2998
f 2902 2999 2903
f 2902 2998 2999
f 2903 3000 2904
f 2903 2999 3000
f 2904 3001 2905
f 2904 3000 3001
f 2905 3002 2906
f 2905 3001 3002
f 2906 3003 2907
f 2906 3002 3003
f 2907 3004 2908
f 2907 3003 3004
f 2908 3005 2909
f 2908 3004 3005
f 2909 3006 2910
f 2909 3005 3006
f 2910 3007 2911
f 2910 3006 3007
f 2911 3008 2912
f 2911 3007 3008
f 2912 3009 2913
f 2912 3008 3009
f 2913 3010 2914
f 2913 3009 3010
f 2914 3011 2915
f 2914 3010 3011
f 2915 3012 2916
f 2915 3011 3012
f 2916 3013 2917
f 2916 3012 3013
f 2917 3014 2918
f 2917 3013 3014
f 2918 3015 2919
f 2918 3014 3015
f 2919 3016 2920
f 2919 3015 3016
f 2920 3017 2921
f 2920 3016 3017
f 2921 3018 2922
f 2921 3017 3018
f 2922 3019 2923
f 2922 3018 3019
f 2923 3020 2924
f 2923 3019 3020
f 2924 3021 2925
f 2924 3020 3021
f 2925 3022 2926
f 2925 3021 3022
f 2926 3023 2927
f 2926 3022 3023
f 2927 3024 2928
f 2927 3023 3024
f 2928 3025 2929
f 2928 3024 3025
f 2929 3026 2930
f 2929 3025 3026
f 2930 3027 2931
f 2930 3026 3027
f 2931 3028 2932
f 2931 3027 3028
f 2932 3029 2933
f 2932 3028 3029
f 2933 3030 2934
f 2933 3029 3030
f 2934 3031 2935
f 2934 3030 3031
f 2935 3032 2936
f 2935 3031 3032
f 2936 3033 2937
f 2936 3032 3033
f 2937 3034 2938
f 2937 3033 3034
f 2938 3035 2939
f 2938 3034 3035
f 2939 3036 2940
f 2939 3035 3036
f 2940 3037 2941
f 2940 3036 3037
f 2941 3038 2942
f 2941 3037 3038
f 2942 3039 2943
f 2942 3038 3039
f 2943 3040 2944
f 2943 3039 3040
f 2944 3041 2945
f 2944 3040 3041
f 2945 3042 2946
f 2945 3041 3042
f 2946 3043 2947
f 2946 3042 3043
f 2947 3044 2948
f 2947 3043 3044
f 2948 3045 2949
f 2948 3044 3045
f 2949 3046 2950
f 2949 3045 3046
f 2950 3047 2951
f 2950 3046 3047
f 2951 3048 2952
f 2951 3047 3048
f 2952 3049 2953
f 2952 3048 3049
f 2953 3050 2954
f 2953 3049 3050
f 2954 3051 2955
f 2954 3050 3051
f 2955 3052 2956
f 2955 3051 3052
f 2956 3053 2957
f 2956 3052 3053
f 2957 3054 2958
f 2957 3053 3054
f 2958 3055 2959
f 2958 3054 3055
f 2959 3056 2960
f 2959 3055 3056
f 2960 3057 2961
f 2960 3056 3057
f 2961 3058 2962
f 2961 3057 3058
f 2962 3059 2963
f 2962 3058 3059
f 2963 3060 2964
f 2963 3059 3060
f 2964 3061 2965
f 2964 3060 3061
f 2965 3062 2966
f 2965 3061 3062
f 2966 3063 2967
f 2966 3062 3063
f 2967 3064 2968
f 2967 3063 3064
f 2968 3065 2969
f 2968 3064 3065
f 2969 3066 2970
f 2969 3065 3066
f 2970 3067 2971
f 2970 3066 3067
f 2971 3068 2972
f 2971 3067 3068
f 2972 3069 2973
f 2972 3068 3069
f 2973 3070 2974
f 2973 3069 3070
f 2974 3071 2975
f 2974 3070 3071
f 2975 3072 2976
f 2975 3071 3072
f 2976 3073 2977
f 2976 3072 3073
f 2977 2978 2882
f 2977 3073 2978
f 2978 3075 2979
f 2978 3074 3075
f 2979 3076 2980
f 2979 3075 3076
f 2980 3077 2981
f 2980 3076 3077
f 2981 3078 2982
f 2981 3077 3078
f 2982 3079 2983
f 2982 3078 3079
f 2983 3080 2984
f 2983 3079 3080
f 2984 3081 2985
f 2984 3080 3081
f 2985 3082 2986
f 2985 3081 3082
f 2986 3083 2987
f 2986 3082 3083
f 2987 3084 2988
f 2987 3083 3084
f 2988 3085 2989
f 2988 3084 3085
f 2989 3086 2990
f 2989 3085 3086
f 2990 3087 2991
f 2990 3086 3087
f 2991 3088 2992
f 2991 3087 3088
f 2992 3089 2993
f 2992 3088 3089
f 2993 3090 2994
f 2993 3089 3090
f 2994 3091 2995
f 2994 3090 3091
f 2995 3092 2996
f 2995 3091 3092
f 2996 3093 2997
f 2996 3092 3093
f 2997 3094 2998
f 2997 3093 3094
f 2998 3095 2999
f 2998 3094 3095
f 2999 3096 3000
f 2999 3095 3096
f 3000 3097 3001
f 3000 3096 3097
f 3001 3098 3002
f 3001 3097 3098
f 3002 3099 3003
f 3002 3098 3099
f 3003 3100 3004
f 3003 3099 3100
f 3004 3101 3005
f 3004 3100 3101
f 3005 3102 3006
f 3005 3101 3102
f 3006 3103 3007
f 3006 3102 3103
f 3007 3104 3008
f 3007 3103 3104
f 3008 3105 3009
f 3008 3104 3105
f 3009 3106 3010
f 3009 3105 3106
f 3010 3107 3011
f 3010 3106 3107
f 3011 3108 3012
f 3011 3107 3108
f 3012 3109 3013
f 3012 3108 3109
f 3013 3110 3014
f 3013 3109 3110
f 3014 3111 3015
f 3014 3110 3111
f 3015 3112 3016
f 3015 3111 3112
f 3016 3113 3017
f 3016 3112 3113
f 3017 3114 3018
f 3017 3113 3114
f 3018 3115 3019
f 3018 3114 3115
f 3019 3116 3020
f 3019 3115 3116
f 3020 3117 3021
f 3020 3116 3117
f 3021 3118 3022
f 3021 3117 3118
f 3022 3119 3023
f 3022 3118 3119
f 3023 3120 3024
f 3023 3119 3120
f 3024 3121 3025
f 3024 3120 3121
f 3025 3122 3026
f 3025 3121 3122
f 3026 3123 3027
f 3026 3122 3123
f 3027 3124 3028
f 3027 3123 3124
f 3028 3125 3029
f 3028 3124 3125
f 3029 3126 3030
f 3029 3125 3126
f 3030 3127 3031
f 3030 3126 3127
f 3031 3128 3032
f 3031 3127 3128
f 3032 3129 3033
f 3032 3128 3129
f 3033 3130 3034
f 3033 3129 3130
f 3034 3131 3035
f 3034 3130 3131
f 3035 3132 3036
f 3035 3131 3132
f 3036 3133 3037
f 3036 3132 3133
f 3037 3134 3038
f 3037 3133 3134
f 3038 3135 3039
f 3038 3134 3135
f 3039 3136 3040
f 3039 3135 3136
f 3040 3137 3041
f 3040 3136 3137
f 3041 3138 3042
f 3041 3137 3138
f 3042 3139 3043
f 3042 3138 3139
f 3043 3140 3044
f 3043 3139 3140
f 3044 3141 3045
f 3044 3140 3141
f 3045 3142 3046
f 3045 3141 3142
f 3046 3143 3047
f 3046 3142 3143
f 3047 3144 3048
f 3047 3143 3144
f 3048 3145 3049
f 3048 3144 3145
f 3049 3146 3050
f 3049 3145 3146
f 3050 3147 3051
f 3050 3146 3147
f 3051 3148 3052
f 3051 3147 3148
f 3052 3149 3053
f 3052 3148 3149
f 3053 3150 3054
f 3053 3149 3150
f 3054 3151 3055
f 3054 3150 3151
f 3055 3152 3056
f 3055 3151 3152
f 3056 3153 3057
f 3056 3152 3153
f 3057 3154 3058
f 3057 3153 3154
f 3058 3155 3059
f 3058 3154 3155
f 3059 3156 3060
f 3059 3155 3156
f 3060 3157 3061
f 3060 3156 3157
f 3061 3158 3062
f 3061 3157 3158
f 3062 3159 3063
f 3062 3158 3159
f 3063 3160 3064
f 3063 3159 3160
f 3064 3161 3065
f 3064 3160 3161
f 3065 3162 3066
f 3065 3161 3162
f 3066 3163 3067
f 3066 3162 3163
f 3067 3164 3068
f 3067 3163 3164
f 3068 3165 3069
f 3068 3164 3165
f 3069 3166 3070
f 3069 3165 3166
f 3070 3167 3071
f 3070 3166 3167
f 3071 3168 3072
f 3071 3167 3168
f 3072 3169 3073
f 3072 3168 3169
f 3073 3074 2978
f 3073 3169 3074
f 3074 3171 3075
f 3074 3170 3171
f 3075 3172 3076
f 3075 3171 3172
f 3076 3173 3077
f 3076 3172 3173
f 3077 3174 3078
f 3077 3173 3174
f 3078 3175 3079
f 3078 3174 3175
f 3079 3176 3080
f 3079 3175 3176
f 3080 3177 3081
f 3080 3176 3177
f 3081 3178 3082
f 3081 3177 3178
f 3082 3179 3083
f 3082 3178 3179
f 3083 3180 3084
f 3083 3179 3180
f 3084 3181 3085
f 3084 3180 3181
f 3085 3182 3086
f 3085 3181 3182
f 3086 3183 3087
f 3086 3182 3183
f 3087 3184 3088
f 3087 3183 3184
f 3088 3185 3089
f 3088 3184 3185
f 3089 3186 3090
f 3089 3185 3186
f 3090 3187 3091
f 3090 3186 3187
f 3091 3188 3092
f 3091 3187 3188
f 3092 3189 3093
f 3092 3188 3189
f 3093 3190 3094
f 3093 3189 3190
f 3094 3191 3095
f 3094 3190 3191
f 3095 3192 3096
f 3095 3191 3192
f 3096 3193 3097
f 3096 3192 3193
f 3097 3194 3098
f 3097 3193 3194
f 3098 3195 3099
f 3098 3194 3195
f 3099 3196 3100
f 3099 3195 3196
f 3100 3197 3101
f 3100 3196 3197
f 3101 3198 3102
f 3101 3197 3198
f 3102 3199 3103
f 3102 3198 3199
f 3103 3200 3104
f 3103 3199 3200
f 3104 3201 3105
f 3104 3200 3201
f 3105 3202 3106
f 3105 3201 3202
f 3106 3203 3107
f 3106 3202 3203
f 3107 3204 3108
f 3107 3203 3204
f 3108 3205 3109
f 3108 3204 3205
f 3109 3206 3110
f 3109 3205 3206
f 3110 3207 3111
f 3110 3206 3207
f 3111 3208 3112
f 3111 3207 3208
f 3112 3209 3113
f 3112 3208 3209
f 3113 3210 3114
f 3113 3209 3210
f 3114 3211 3115
f 3114 3210 3211
f 3115 3212 3116
f 3115 3211 3212
f 3116 3213 3117
f 3116 3212 3213
f 3117 3214 3118
f 3117 3213 3214
f 3118 3215 3119
f 3118 3214 3215
f 3119 3216 3120
f 3119 3215 3216
f 3120 3217 3121
f 3120 3216 3217
f 3121 3218 3122
f 3121 3217 3218
f 3122 3219 3123
f 3122 3218 3219
f 3123 3220 3124
f 3123 3219 3220
f 3124 3221 3125
f 3124 3220 3221
f 3125 3222 3126
f 3125 3221 3222
f 3126 3223 3127
f 3126 3222 3223
f 3127 3224 3128
f 3127 3223 3224
f 3128 3225 3129
f 3128 3224 3225
f 3129 3226 3130
f 3129 3225 3226
f 3130 3227 3131
f 3130 3226 3227
f 3131 3228 3132
f 3131 3227 3228
f 3132 3229 3133
f 3132 3228 3229
f 3133 3230 3134
f 3133 3229 3230
f 3134 3231 3135
f 3134 3230 3231
f 3135 3232 3136
f 3135 3231 3232
f 3136 3233 3137
f 3136 3232 3233
f 3137 3234 3138
f 3137 3233 3234
f 3138 3235 3139
f 3138 3234 3235
f 3139 3236 3140
f 3139 3235 3236
f 3140 3237 3141
f 3140 3236 3237
f 3141 3238 3142
f 3141 3237 3238
f 3142 3239 3143
f 3142 3238 3239
f 3143 3240 3144
f 3143 3239 3240
f 3144 3241 3145
f 3144 3240 3241
f 3145 3242 3146
f 3145 3241 3242
f 3146 3243 3147
f 3146 3242 3243
f 3147 3244 3148
f 3147 3243 3244
f 3148 3245 3149
f 3148 3244 3245
f 3149 3246 3150
f 3149 3245 3246
f 3150 3247 3151
f 3150 3246 3247
f 3151 3248 3152
f 3151 3247 3248
f 3152 3249 3153
f 3152 3248 3249
f 3153 3250 3154
f 3153 3249 3250
f 3154 3251 3155
f 3154 3250 3251
f 3155 3252 3156
f 3155 3251 3252
f 3156 3253 3157
f 3156 3252 3253
f 3157 3254 3158
f 3157 3253 3254
f 3158 3255 3159
f 3158 3254 3255
f 3159 3256 3160
f 3159 3255 3256
f 3160 3257 3161
f 3160 3256 3257
f 3161 3258 3162
f 3161 3257 3258
f 3162 3259 3163
f 3162 3258 3259
f 3163 3260 3164
f 3163 3259 3260
f 3164 3261 3165
f 3164 3260 3261
f 3165 3262 3166
f 3165 3261 3262
f 3166 3263 3167
f 3166 3262 3263
f 3167 3264 3168
f 3167 3263 3264
f 3168 3265 3169
f 3168 3264 3265
f 3169 3170 3074
f 3169 3265 3170
f 3170 3267 3171
f 3170 3266 3267
f 3171 3268 3172
f 3171 3267 3268
f 3172 3269 3173
f 3172 3268 3269
f 3173 3270 3174
f 3173 3269 3270
f 3174 3271 3175
f 3174 3270 3271
f 3175 3272 3176
f 3175 3271 3272
f 3176 3273 3177
f 3176 3272 3273
f 3177 3274 3178
f 3177 3273 3274
f 3178 3275 3179
f 3178 3274 3275
f 3179 3276 3180
f 3179 3275 3276
f 3180 3277 3181
f 3180 3276 3277
f 3181 3278 3182
f 3181 3277 3278
f 3182 3279 3183
f 3182 3278 3279
f 3183 3280 3184
f 3183 3279 3280
f 3184 3281 3185
f 3184 3280 3281
f 3185 3282 3186
f 3185 3281 3282
f 3186 3283 3187
f 3186 3282 3283
f 3187 3284 3188
f 3187 3283 3284
f 3188 3285 3189
f 3188 3284 3285
f 3189 3286 3190
f 3189 3285 3286
f 3190 3287 3191
f 3190 3286 3287
f 3191 3288 3192
f 3191 3287 3288
f 3192 3289 3193
f 3192 3288 3289
f 3193 3290 3194
f 3193 3289 3290
f 3194 3291 3195
f 3194 3290 3291
f 3195 3292 3196
f 3195 3291 3292
f 3196 3293 3197
f 3196 3292 3293
f 3197 3294 3198
f 3197 3293 3294
f 3198 3295 3199
f 3198 3294 3295
f 3199 3296 3200
f 3199 3295 3296
f 3200 3297 3201
f 3200 3296 3297
f 3201 3298 3202
f 3201 3297 3298
f 3202 3299 3203
f 3202 3298 3299
f 3203 3300 3204
f 3203 3299 3300
f 3204 3301 3205
f 3204 3300 3301
f 3205 3302 3206
f 3205 3301 3302
f 3206 3303 3207
f 3206 3302 3303
f 3207 3304 3208
f 3207 3303 3304
f 3208 3305 3209
f 3208 3304 3305
f 3209 3306 3210
f 3209 3305 3306
f 3210 3307 3211
f 3210 3306 3307
f 3211 3308 3212
f 3211 3307 3308
f 3212 3309 3213
f 3212 3308 3309
f 3213 3310 3214
f 3213 3309 3310
f 3214 3311 3215
f 3214 3310 3311
f 3215 3312 3216
f 3215 3311 3312
f 3216 3313 3217
f 3216 3312 3313
f 3217 3314 3218
f 3217 3313 3314
f 3218 3315 3219
f 3218 3314 3315
f 3219 3316 3220
f 3219 3315 3316
f 3220 3317 3221
f 3220 3316 3317
f 3221 3318 3222
f 3221 3317 3318
f 3222 3319 3223
f 3222 3318 3319
f 3223 3320 3224
f 3223 3319 3320
f 3224 3321 3225
f 3224 3320 3321
f 3225 3322 3226
f 3225 3321 3322
f 3226 3323 3227
f 3226 3322 3323
f 3227 3324 3228
f 3227 3323 3324
f 3228 3325 3229
f 3228 3324 3325
f 3229 3326 3230
f 3229 3325 3326
f 3230 3327 3231
f 3230 3326 3327
f 3231 3328 3232
f 3231 3327 3328
f 3232 3329 3233
f 3232 3328 3329
f 3233 3330 3234
f 3233 3329 3330
f 3234 3331 3235
f 3234 3330 3331
f 3235 3332 3236
f 3235 3331 3332
f 3236 3333 3237
f 3236 3332 3333
f 3237 3334 3238
f 3237 3333 3334
f 3238 3335 3239
f 3238 3334 3335
f 3239 3336 3240
f 3239 3335 3336
f 3240 3337 3241
f 3240 3336 3337
f 3241 3338 3242
f 3241 3337 3338
f 3242 3339 3243
f 3242 3338 3339
f 3243 3340 3244
f 3243 3339 3340
f 3244 3341 3245
f 3244 3340 3341
f 3245 3342 3246
f 3245 3341 3342
f 3246 3343 3247
f 3246 3342 3343
f 3247 3344 3248
f 3247 3343 3344
f 3248 3345 3249
f 3248 3344 3345
f 3249 3346 3250
f 3249 3345 3346
f 3250 3347 3251
f 3250 3346 3347
f 3251 3348 3252
f 3251 3347 3348
f 3252 3349 3253
f 3252 3348 3349
f 3253 3350 3254
f 3253 3349 3350
f 3254 3351 3255
f 3254 3350 3351
f 3255 3352 3256
f 3255 3351 3352
f 3256 3353 3257
f 3256 3352 3353
f 3257 3354 3258
f 3257 3353 3354
f 3258 3355 3259
f 3258 3354 3355
f 3259 3356 3260
f 3259 3355 3356
f 3260 3357 3261
f 3260 3356 3357
f 3261 3358 3262
f 3261 3357 3358
f 3262 3359 3263
f 3262 3358 3359
f 3263 3360 3264
f 3263 3359 3360
f 3264 3361 3265
f 3264 3360 3361
f 3265 3266 3170
f 3265 3361 3266
f 3266 3363 3267
f 3266 3362 3363
f 3267 3364 3268
f 3267 3363 3364
f 3268 3365 3269
f 3268 3364 3365
f 3269 3366 3270
f 3269 3365 3366
f 3270 3367 3271
f 3270 3366 3367
f 3271 3368 3272
f 3271 3367 3368
f 3272 3369 3273
f 3272 3368 3369
f 3273 3370 3274
f 3273 3369 3370
f 3274 3371 3275
f 3274 3370 3371
f 3275 3372 3276
f 3275 3371 3372
f 3276 3373 3277
f 3276 3372 3373
f 3277 3374 3278
f 3277 3373 3374
f 3278 3375 3279
f 3278 3374 3375
f 3279 3376 3280
f 3279 3375 3376
f 3280 3377 3281
f 3280 3376 3377
f 3281 3378 3282
f 3281 3377 3378
f 3282 3379 3283
f 3282 3378 3379
f 3283 3380 3284
f 3283 3379 3380
f 3284 3381 3285
f 3284 3380 3381
f 3285 3382 3286
f 3285 3381 3382
f 3286 3383 3287
f 3286 3382 3383
f 3287 3384 3288
f 3287 3383 3384
f 3288 3385 3289
f 3288 3384 3385
f 3289 3386 3290
f 3289 3385 3386
f 3290 3387 3291
f 3290 3386 3387
f 3291 3388 3292
f 3291 3387 3388
f 3292 3389 3293
f 3292 3388 3389
f 3293 3390 3294
f 3293 3389 3390
f 3294 3391 3295
f 3294 3390 3391
f 3295 3392 3296
f 3295 3391 3392
f 3296 3393 3297
f 3296 3392 3393
f 3297 3394 3298
f 3297 3393 3394
f 3298 3395 3299
f 3298 3394 3395
f 3299 3396 3300
f 3299 3395 3396
f 3300 3397 3301
f 3300 3396 3397
f 3301 3398 3302
f 3301 3397 3398
f 3302 3399 3303
f 3302 3398 3399
f 3303 3400 3304
f 3303 3399 3400
f 3304 3401 3305
f 3304 3400 3401
f 3305 3402 3306
f 3305 3401 3402
f 3306 3403 3307
f 3306 3402 3403
f 3307 3404 3308
f 3307 3403 3404
f 3308 3405 3309
f 3308 3404 3405
f 3309 3406 3310
f 3309 3405 3406
f 3310 3407 3311
f 3310 3406 3407
f 3311 3408 3312
f 3311 3407 3408
f 3312 3409 3313
f 3312 3408 3409
f 3313 3410 3314
f 3313 3409 3410
f 3314 3411 3315
f 3314 3410 3411
f 3315 3412 3316
f 3315 3411 3412
f 3316 3413 3317
f 3316 3412 3413
f 3317 3414 3318
f 3317 3413 3414
f 3318 3415 3319
f 3318 3414 3415
f 3319 3416 3320
f 3319 3415 3416
f 3320 3417 3321
f 3320 3416 3417
f 3321 3418 3322
f 3321 3417 3418
f 3322 3419 3323
f 3322 3418 3419
f 3323 3420 3324
f 3323 3419 3420
f 3324 3421 3325
f 3324 3420 3421
f 3325 3422 3326
f 3325 3421 3422
f 3326 3423 3327
f 3326 3422 3423
f 3327 3424 3328
f 3327 3423 3424
f 3328 3425 3329
f 3328 3424 3425
f 3329 3426 3330
f 3329 3425 3426
f 3330 3427 3331
f 3330 3426 3427
f 3331 3428 3332
f 3331 3427 3428
f 3332 3429 3333
f 3332 3428 3429
f 3333 3430 3334
f 3333 3429 3430
f 3334 3431 3335
f 3334 3430 3431
f 3335 3432 3336
f 3335 3431 3432
f 3336 3433 3337
f 3336 3432 3433
f 3337 3434 3338
f 3337 3433 3434
f 3338 3435 3339
f 3338 3434 3435
f 3339 3436 3340
f 3339 3435 3436
f 3340 3437 3341
f 3340 3436 3437
f 3341 3438 3342
f 3341 3437 3438
f 3342 3439 3343
f 3342 3438 3439
f 3343 3440 3344
f 3343 3439 3440
f 3344 3441 3345
f 3344 3440 3441
f 3345 3442 3346
f 3345 3441 3442
f 3346 3443 3347
f 3346 3442 3443
f 3347 3444 3348
f 3347 3443 3444
f 3348 3445 3349
f 3348 3444 3445
f 3349 3446 3350
f 3349 3445 3446
f 3350 3447 3351
f 3350 3446 3447
f 3351 3448 3352
f 3351 3447 3448
f 3352 3449 3353
f 3352 3448 3449
f 3353 3450 3354
f 3353 3449 3450
f 3354 3451 3355
f 3354 3450 3451
f 3355 3452 3356
f 3355 3451 3452
f 3356 3453 3357
f 3356 3452 3453
f 3357 3454 3358
f 3357 3453 3454
f 3358 3455 3359
f 3358 3454 3455
f 3359 3456 3360
f 3359 3455 3456
f 3360 3457 3361
f 3360 3456 3457
f 3361 3362 3266
f 3361 3457 3362
f 3458 3555 3459
f 3458 3554 3555
f 3459 3556 3460
f 3459 3555 3556
f 3460 3557 3461
f 3460 3556 3557
f 3461 3558 3462
f 3461 3557 3558
f 3462 3559 3463
f 3462 3558 3559
f 3463 3560 3464
f 3463 3559 3560
f 3464 3561 3465
f 3464 3560 3561
f 3465 3562 3466
f 3465 3561 3562
f 3466 3563 3467
f 3466 3562 3563
f 3467 3564 3468
f 3467 3563 3564
f 3468 3565 3469
f 3468 3564 3565
f 3469 3566 3470
f 3469 3565 3566
f 3470 3567 3471
f 3470 3566 3567
f 3471 3568 3472
f 3471 3567 3568
f 3472 3569 3473
f 3472 3568 3569
f 3473 3570 3474
f 3473 3569 3570
f 3474 3571 3475
f 3474 3570 3571
f 3475 3572 3476
f 3475 3571 3572
f 3476 3573 3477
f 3476 3572 3573
f 3477 3574 3478
f 3477 3573 3574
f 3478 3575 3479
f 3478 3574 3575
f 3479 3576 3480
f 3479 3575 3576
f 3480 3577 3481
f 3480 3576 3577
f 3481 3578 3482
f 3481 3577 3578
f 3482 3579 3483
f 3482 3578 3579
f 3483 3580 3484
f 3483 3579 3580
f 3484 3581 3485
f 3484 3580 3581
f 3485 3582 3486
f 3485 3581 3582
f 3486 3583 3487
f 3486 3582 3583
f 3487 3584 3488
f 3487 3583 3584
f 3488 3585 3489
f 3488 3584 3585
f 3489 3586 3490
f 3489 3585 3586
f 3490 3587 3491
f 3490 3586 3587
f 3491 3588 3492
f 3491 3587 3588
f 3492 3589 3493
f 3492 3588 3589
f 3493 3590 3494
f 3493 3589 3590
f 3494 3591 3495
f 3494 3590 3591
f 3495 3592 3496
f 3495 3591 3592
f 3496 3593 3497
f 3496 3592 3593
f 3497 3594 3498
f 3497 3593 3594
f 3498 3595 3499
f 3498 3594 3595
f 3499 3596 3500
f 3499 3595 3596
f 3500 3597 3501
f 3500 3596 3597
f 3501 3598 3502
f 3501 3597 3598
f 3502 3599 3503
f 3502 3598 3599
f 3503 3600 3504
f 3503 3599 3600
f 3504 3601 3505
f 3504 3600 3601
f 3505 3602 3506
f 3505 3601 3602
f 3506 3603 3507
f 3506 3602 3603
f 3507 3604 3508
f 3507 3603 3604
f 3508 3605 3509
f 3508 3604 3605
f 3509 3606 3510
f 3509 3605 3606
f 3510 3607 3511
f 3510 3606 3607
f 3511 3608 3512
f 3511 3607 3608
f 3512 3609 3513
f 3512 3608 3609
f 3513 3610 3514
f 3513 3609 3610
f 3514 3611 3515
f 3514 3610 3611
f 3515 3612 3516
f 3515 3611 3612
f 3516 3613 3517
f 3516 3612 3613
f 3517 3614 3518
f 3517 3613 3614
f 3518 3615 3519
f 3518 3614 3615
f 3519 3616 3520
f 3519 3615 3616
f 3520 3617 3521
f 3520 3616 3617
f 3521 3618 3522
f 3521 3617 3618
f 3522 3619 3523
f 3522 3618 3619
f 3523 3620 3524
f 3523 3619 3620
f 3524 3621 3525
f 3524 3620 3621
f 3525 3622 3526
f 3525 3621 3622
f 3526 3623 3527
f 3526 3622 3623
f 3527 3624 3528
f 3527 3623 3624
f 3528 3625 3529
f 3528 3624 3625
f 3529 3626 3530
f 3529 3625 3626
f 3530 3627 3531
f 3530 3626 3627
f 3531 3628 3532
f 3531 3627 3628
f 3532 3629 3533
f 3532 3628 3629
f 3533 3630 3534
f 3533 3629 3630
f 3534 3631 3535
f 3534 3630 3631
f 3535 3632 3536
f 3535 3631 3632
f 3536 3633 3537
f 3536 3632 3633
f 3537 3634 3538
f 3537 3633 3634
f 3538 3635 3539
f 3538 3634 3635
f 3539 3636 3540
f 3539 3635 3636
f 3540 3637 3541
f 3540 3636 3637
f 3541 3638 3542
f 3541 3637 3638
f 3542 3639 3543
f 3542 3638 3639
f 3543 3640 3544
f 3543 3639 3640
f 3544 3641 3545
f 3544 3640 3641
f 3545 3642 3546
f 3545 3641 3642
f 3546 3643 3547
f 3546 3642 3643
f 3547 3644 3548
f 3547 3643 3644
f 3548 3645 3549
f 3548 3644 3645
f 3549 3646 3550
f 3549 3645 3646
f 3550 3647 3551
f 3550 3646 3647
f 3551 3648 3552
f 3551 3647 3648
f 3552 3649 3553
f 3552 3648 3649
f 3553 3554 3458
f 3553 3649 3554
f 3554 3651 3555
f 3554 3650 3651
f 3555 3652 3556
f 3555 3651 3652
f 3556 3653 3557
f 3556 3652 3653
f 3557 3654 3558
f 3557 3653 3654
f 3558 3655 3559
f 3558 3654 3655
f 3559 3656 3560
f 3559 3655 3656
f 3560 3657 3561
f 3560 3656 3657
f 3561 3658 3562
f 3561 3657 3658
f 3562 3659 3563
f 3562 3658 3659
f 3563 3660 3564
f 3563 3659 3660
f 3564 3661 3565
f 3564 3660 3661
f 3565 3662 3566
f 3565 3661 3662
f 3566 3663 3567
f 3566 3662 3663
f 3567 3664 3568
f 3567 3663 3664
f 3568 3665 3569
f 3568 3664 3665
f 3569 3666 3570
f 3569 3665 3666
f 3570 3667 3571
f 3570 3666 3667
f 3571 3668 3572
f 3571 3667 3668
f 3572 3669 3573
f 3572 3668 3669
f 3573 3670 3574
f 3573 3669 3670
f 3574 3671 3575
f 3574 3670 3671
f 3575 3672 3576
f 3575 3671 3672
f 3576 3673 3577
f 3576 3672 3673
f 3577 3674 3578
f 3577 3673 3674
f 3578 3675 3579
f 3578 3674 3675
f 3579 3676 3580
f 3579 3675 3676
f 3580 3677 3581
f 3580 3676 3677
f 3581 3678 3582
f 3581 3677 3678
f 3582 3679 3583
f 3582 3678 3679
f 3583 3680 3584
f 3583 3679 3680
f 3584 3681 3585
f 3584 3680 3681
f 3585 3682 3586
f 3585 3681 3682
f 3586 3683 3587
f 3586 3682 3683
f 3587 3684 3588
f 3587 3683 3684
f 3588 3685 3589
f 3588 3684 3685
f 3589 3686 3590
f 3589 3685 3686
f 3590 3687 3591
f 3590 3686 3687
f 3591 3688 3592
f 3591 3687 3688
f 3592 3689 3593
f 3592 3688 3689
f 3593 3690 3594
f 3593 3689 3690
f 3594 3691 3595
f 3594 3690 3691
f 3595 3692 3596
f 3595 3691 3692
f 3596 3693 3597
f 3596 3692 3693
f 3597 3694 3598
f 3597 3693 3694
f 3598 3695 3599
f 3598 3694 3695
f 3599 3696 3600
f 3599 3695 3696
f 3600 3697 3601
f 3600 3696 3697
f 3601 3698 3602
f 3601 3697 3698
f 3602 3699 3603
f 3602 3698 3699
f 3603 3700 3604
f 3603 3699 3700
f 3604 3701 3605
f 3604 3700 3701
f 3605 3702 3606
f 3605 3701 3702
f 3606 3703 3607
f 3606 3702 3703
f 3607 3704 3608
f 3607 3703 3704
f 3608 3705 3609
f 3608 3704 3705
f 3609 3706 3610
f 3609 3705 3706
f 3610 3707 3611
f 3610 3706 3707
f 3611 3708 3612
f 3611 3707 3708
f 3612 3709 3613
f 3612 3708 3709
f 3613 3710 3614
f 3613 3709 3710
f 3614 3711 3615
f 3614 3710 3711
f 3615 3712 3616
f 3615 3711 3712
f 3616 3713 3617
f 3616 3712 3713
f 3617 3714 3618
f 3617 3713 3714
f 3618 3715 3619
f 3618 3714 3715
f 3619 3716 3620
f 3619 3715 3716
f 3620 3717 3621
f 3620 3716 3717
f 3621 3718 3622
f 3621 3717 3718
f 3622 3719 3623
f 3622 3718 3719
f 3623 3720 3624
f 3623 3719 3720
f 3624 3721 3625
f 3624 3720 3721
f 3625 3722 3626
f 3625 3721 3722
f 3626 3723 3627
f 3626 3722 3723
f 3627 3724 3628
f 3627 3723 3724
f 3628 3725 3629
f 3628 3724 3725
f 3629 3726 3630
f 3629 3725 3726
f 3630 3727 3631
f 3630 3726 3727
f 3631 3728 3632
f 3631 3727 3728
f 3632 3729 3633
f 3632 3728 3729
f 3633 3730 3634
f 3633 3729 3730
f 3634 3731 3635
f 3634 3730 3731
f 3635 3732 3636
f 3635 3731 3732
f 3636 3733 3637
f 3636 3732 3733
f 3637 3734 3638
f 3637 3733 3734
f 3638 3735 3639
f 3638 3734 3735
f 3639 3736 3640
f 3639 3735 3736
f 3640 3737 3641
f 3640 3736 3737
f 3641 3738 3642
f 3641 3737 3738
f 3642 3739 3643
f 3642 3738 3739
f 3643 3740 3644
f 3643 3739 3740
f 3644 3741 3645
f 3644 3740 3741
f 3645 3742 3646
f 3645 3741 3742
f 3646 3743 3647
f 3646 3742 3743
f 3647 3744 3648
f 3647 3743 3744
f 3648 3745 3649
f 3648 3744 3745
f 3649 3650 3554
f 3649 3745 3650
f 3650 3747 3651
f 3650 3746 3747
f 3651 3748 3652
f 3651 3747 3748
f 3652 3749 3653
f 3652 3748 3749
f 3653 3750 3654
f 3653 3749 3750
f 3654 3751 3655
f 3654 3750 3751
f 3655 3752 3656
f 3655 3751 3752
f 3656 3753 3657
f 3656 3752 3753
f 3657 3754 3658
f 3657 3753 3754
f 3658 3755 3659
f 3658 3754 3755
f 3659 3756 3660
f 3659 3755 3756
f 3660 3757 3661
f 3660 3756 3757
f 3661 3758 3662
f 3661 3757 3758
f 3662 3759 3663
f 3662 3758 3759
f 3663 3760 3664
f 3663 3759 3760
f 3664 3761 3665
f 3664 3760 3761
f 3665 3762 3666
f 3665 3761 3762
f 3666 3763 3667
f 3666 3762 3763
f 3667 3764 3668
f 3667 3763 3764
f 3668 3765 3669
f 3668 3764 3765
f 3669 3766 3670
f 3669 3765 3766
f 3670 3767 3671
f 3670 3766 3767
f 3671 3768 3672
f 3671 3767 3768
f 3672 3769 3673
f 3672 3768 3769
f 3673 3770 3674
f 3673 3769 3770
f 3674 3771 3675
f 3674 3770 3771
f 3675 3772 3676
f 3675 3771 3772
f 3676 3773 3677
f 3676 3772 3773
f 3677 3774 3678
f 3677 3773 3774
f 3678 3775 3679
f 3678 3774 3775
f 3679 3776 3680
f 3679 3775 3776
f 3680 3777 3681
f 3680 3776 3777
f 3681 3778 3682
f 3681 3777 3778
f 3682 3779 3683
f 3682 3778 3779
f 3683 3780 3684
f 3683 3779 3780
f 3684 3781 3685
f 3684 3780 3781
f 3685 3782 3686
f 3685 3781 3782
f 3686 3783 3687
f 3686 3782 3783
f 3687 3784 3688
f 3687 3783 3784
f 3688 3785 3689
f 3688 3784 3785
f 3689 3786 3690
f 3689 3785 3786
f 3690 3787 3691
f 3690 3786 3787
f 3691 3788 3692
f 3691 3787 3788
f 3692 3789 3693
f 3692 3788 3789
f 3693 3790 3694
f 3693 3789 3790
f 3694 3791 3695
f 3694 3790 3791
f 3695 3792 3696
f 3695 3791 3792
f 3696 3793 3697
f 3696 3792 3793
f 3697 3794 3698
f 3697 3793 3794
f 3698 3795 3699
f 3698 3794 3795
f 3699 3796 3700
f 3699 3795 3796
f 3700 3797 3701
f 3700 3796 3797
f 3701 3798 3702
f 3701 3797 3798
f 3702 3799 3703
f 3702 3798 3799
f 3703 3800 3704
f 3703 3799 3800
f 3704 3801 3705
f 3704 3800 3801
f 3705 3802 3706
f 3705 3801 3802
f 3706 3803 3707
f 3706 3802 3803
f 3707 3804 3708
f 3707 3803 3804
f 3708 3805 3709
f 3708 3804 3805
f 3709 3806 3710
f 3709 3805 3806
f 3710 3807 3711
f 3710 3806 3807
f 3711 3808 3712
f 3711 3807 3808
f 3712 3809 3713
f 3712 3808 3809
f 3713 3810 3714
f 3713 3809 3810
f 3714 3811 3715
f 3714 3810 3811
f 3715 3812 3716
f 3715 3811 3812
f 3716 3813 3717
f 3716 3812 3813
f 3717 3814 3718
f 3717 3813 3814
f 3718 3815 3719
f 3718 3814 3815
f 3719 3816 3720
f 3719 3815 3816
f 3720 3817 3721
f 3720 3816 3817
f 3721 3818 3722
f 3721 3817 3818
f 3722 3819 3723
f 3722 3818 3819
f 3723 3820 3724
f 3723 3819 3820
f 3724 3821 3725
f 3724 3820 3821
f 3725 3822 3726
f 3725 3821 3822
f 3726 3823 3727
f 3726 3822 3823
f 3727 3824 3728
f 3727 3823 3824
f 3728 3825 3729
f 3728 3824 3825
f 3729 3826 3730
f 3729 3825 3826
f 3730 3827 3731
f 3730 3826 3827
f 3731 3828 3732
f 3731 3827 3828
f 3732 3829 3733
f 3732 3828 3829
f 3733 3830 3734
f 3733 3829 3830
f 3734 3831 3735
f 3734 3830 3831
f 3735 3832 3736
f 3735 3831 3832
f 3736 3833 3737
f 3736 3832 3833
f 3737 3834 3738
f 3737 3833 3834
f 3738 3835 3739
f 3738 3834 3835
f 3739 3836 3740
f 3739 3835 3836
f 3740 3837 3741
f 3740 3836 3837
f 3741 3838 3742
f 3741 3837 3838
f 3742 3839 3743
f 3742 3838 3839
f 3743 3840 3744
f 3743 3839 3840
f 3744 3841 3745
f 3744 3840 3841
f 3745 3746 3650
f 3745 3841 3746
f 3746 3843 3747
f 3746 3842 3843
f 3747 3844 3748
f 3747 3843 3844
f 3748 3845 3749
f 3748 3844 3845
f 3749 3846 3750
f 3749 3845 3846
f 3750 3847 3751
f 3750 3846 3847
f 3751 3848 3752
f 3751 3847 3848
f 3752 3849 3753
f 3752 3848 3849
f 3753 3850 3754
f 3753 3849 3850
f 3754 3851 3755
f 3754 3850 3851
f 3755 3852 3756
f 3755 3851 3852
f 3756 3853 3757
f 3756 3852 3853
f 3757 3854 3758
f 3757 3853 3854
f 3758 3855 3759
f 3758 3854 3855
f 3759 3856 3760
f 3759 3855 3856
f 3760 3857 3761
f 3760 3856 3857
f 3761 3858 3762
f 3761 3857 3858
f 3762 3859 3763
f 3762 3858 3859
f 3763 3860 3764
f 3763 3859 3860
f 3764 3861 3765
f 3764 3860 3861
f 3765 3862 3766
f 3765 3861 3862
f 3766 3863 3767
f 3766 3862 3863
f 3767 3864 3768
f 3767 3863 3864
f 3768 3865 3769
f 3768 3864 3865
f 3769 3866 3770
f 3769 3865 3866
f 3770 3867 3771
f 3770 3866 3867
f 3771 3868 3772
f 3771 3867 3868
f 3772 3869 3773
f 3772 3868 3869
f 3773 3870 3774
f 3773 3869 3870
f 3774 3871 3775
f 3774 3870 3871
f 3775 3872 3776
f 3775 3871 3872
f 3776 3873 3777
f 3776 3872 3873
f 3777 3874 3778
f 3777 3873 3874
f 3778 3875 3779
f 3778 3874 3875
f 3779 3876 3780
f 3779 3875 3876
f 3780 3877 3781
f 3780 3876 3877
f 3781 3878 3782
f 3781 3877 3878
f 3782 3879 3783
f 3782 3878 3879
f 3783 3880 3784
f 3783 3879 3880
f 3784 3881 3785
f 3784 3880 3881
f 3785 3882 3786
f 3785 3881 3882
f 3786 3883 3787
f 3786 3882 3883
f 3787 3884 3788
f 3787 3883 3884
f 3788 3885 3789
f 3788 3884 3885
f 3789 3886 3790
f 3789 3885 3886
f 3790 3887 3791
f 3790 3886 3887
f 3791 3888 3792
f 3791 3887 3888
f 3792 3889 3793
f 3792 3888 3889
f 3793 3890 3794
f 3793 3889 3890
f 3794 3891 3795
f 3794 3890 3891
f 3795 3892 3796
f 3795 3891 3892
f 3796 3893 3797
f 3796 3892 3893
f 3797 3894 3798
f 3797 3893 3894
f 3798 3895 3799
f 3798 3894 3895
f 3799 3896 3800
f 3799 3895 3896
f 3800 3897 3801
f 3800 3896 3897
f 3801 3898 3802
f 3801 3897 3898
f 3802 3899 3803
f 3802 3898 3899
f 3803 3900 3804
f 3803 3899 3900
f 3804 3901 3805
f 3804 3900 3901
f 3805 3902 3806
f 3805 3901 3902
f 3806 3903 3807
f 3806 3902 3903
f 3807 3904 3808
f 3807 3903 3904
f 3808 3905 3809
f 3808 3904 3905
f 3809 3906 3810
f 3809 3905 3906
f 3810 3907 3811
f 3810 3906 3907
f 3811 3908 3812
f 3811 3907 3908
f 3812 3909 3813
f 3812 3908 3909
f 3813 3910 3814
f 3813 3909 3910
f 3814 3911 3815
f 3814 3910 3911
f 3815 3912 3816
f 3815 3911 3912
f 3816 3913 3817
f 3816 3912 3913
f 3817 3914 3818
f 3817 3913 3914
f 3818 3915 3819
f 3818 3914 3915
f 3819 3916 3820
f 3819 3915 3916
f 3820 3917 3821
f 3820 3916 3917
f 3821 3918 3822
f 3821 3917 3918
f 3822 3919 3823
f 3822 3918 3919
f 3823 3920 3824
f 3823 3919 3920
f 3824 3921 3825
f 3824 3920 3921
f 3825 3922 3826
f 3825 3921 3922
f 3826 3923 3827
f 3826 3922 3923
f 3827 3924 3828
f 3827 3923 3924
f 3828 3925 3829
f 3828 3924 3925
f 3829 3926 3830
f 3829 3925 3926
f 3830 3927 3831
f 3830 3926 3927
f 3831 3928 3832
f 3831 3927 3928
f 3832 3929 3833
f 3832 3928 3929
f 3833 3930 3834
f 3833 3929 3930
f 3834 3931 3835
f 3834 3930 3931
f 3835 3932 3836
f 3835 3931 3932
f 3836 3933 3837
f 3836 3932 3933
f 3837 3934 3838
f 3837 3933 3934
f 3838 3935 3839
f 3838 3934 3935
f 3839 3936 3840
f 3839 3935 3936
f 3840 3937 3841
f 3840 3936 3937
f 3841 3842 3746
f 3841 3937 3842
f 3842 3939 3843
f 3842 3938 3939
f 3843 3940 3844
f 3843 3939 3940
f 3844 3941 3845
f 3844 3940 3941
f 3845 3942 3846
f 3845 3941 3942
f 3846 3943 3847
f 3846 3942 3943
f 3847 3944 3848
f 3847 3943 3944
f 3848 3945 3849
f 3848 3944 3945
f 3849 3946 3850
f 3849 3945 3946
f 3850 3947 3851
f 3850 3946 3947
f 3851 3948 3852
f 3851 3947 3948
f 3852 3949 3853
f 3852 3948 3949
f 3853 3950 3854
f 3853 3949 3950
f 3854 3951 3855
f 3854 3950 3951
f 3855 3952 3856
f 3855 3951 3952
f 3856 3953 3857
f 3856 3952 3953
f 3857 3954 3858
f 3857 3953 3954
f 3858 3955 3859
f 3858 3954 3955
f 3859 3956 3860
f 3859 3955 3956
f 3860 3957 3861
f 3860 3956 3957
f 3861 3958 3862
f 3861 3957 3958
f 3862 3959 3863
f 3862 3958 3959
f 3863 3960 3864
f 3863 3959 3960
f 3864 3961 3865
f 3864 3960 3961
f 3865 3962 3866
f 3865 3961 3962
f 3866 3963 3867
f 3866 3962 3963
f 3867 3964 3868
f 3867 3963 3964
f 3868 3965 3869
f 3868 3964 3965
f 3869 3966 3870
f 3869 3965 3966
f 3870 3967 3871
f 3870 3966 3967
f 3871 3968 3872
f 3871 3967 3968
f 3872 3969 3873
f 3872 3968 3969
f 3873 3970 3874
f 3873 3969 3970
f 3874 3971 3875
f 3874 3970 3971
f 3875 3972 3876
f 3875 3971 3972
f 3876 3973 3877
f 3876 3972 3973
f 3877 3974 3878
f 3877 3973 3974
f 3878 3975 3879
f 3878 3974 3975
f 3879 3976 3880
f 3879 3975 3976
f 3880 3977 3881
f 3880 3976 3977
f 3881 3978 3882
f 3881 3977 3978
f 3882 3979 3883
f 3882 3978 3979
f 3883 3980 3884
f 3883 3979 3980
f 3884 3981 3885
f 3884 3980 3981
f 3885 3982 3886
f 3885 3981 3982
f 3886 3983 3887
f 3886 3982 3983
f 3887 3984 3888
f 3887 3983 3984
f 3888 3985 3889
f 3888 3984 3985
f 3889 3986 3890
f 3889 3985 3986
f 3890 3987 3891
f 3890 3986 3987
f 3891 3988 3892
f 3891 3987 3988
f 3892 3989 3893
f 3892 3988 3989
f 3893 3990 3894
f 3893 3989 3990
f 3894 3991 3895
f 3894 3990 3991
f 3895 3992 3896
f 3895 3991 3992
f 3896 3993 3897
f 3896 3992 3993
f 3897 3994 3898
f 3897 3993 3994
f 3898 3995 3899
f 3898 3994 3995
f 3899 3996 3900
f 3899 3995 3996
f 3900 3997 3901
f 3900 3996 3997
f 3901 3998 3902
f 3901 3997 3998
f 3902 3999 3903
f 3902 3998 3999
f 3903 4000 3904
f 3903 3999 4000
f 3904 4001 3905
f 3904 4000 4001
f 3905 4002 3906
f 3905 4001 4002
f 3906 4003 3907
f 3906 4002 4003
f 3907 4004 3908
f 3907 4003 4004
f 3908 4005 3909
f 3908 4004 4005
f 3909 4006 3910
f 3909 4005 4006
f 3910 4007 3911
f 3910 4006 4007
f 3911 4008 3912
f 3911 4007 4008
f 3912 4009 3913
f 3912 4008 4009
f 3913 4010 3914
f 3913 4009 4010
f 3914 4011 3915
f 3914 4010 4011
f 3915 4012 3916
f 3915 4011 4012
f 3916 4013 3917
f 3916 4012 4013
f 3917 4014 3918
f 3917 4013 4014
f 3918 4015 3919
f 3918 4014 4015
f 3919 4016 3920
f 3919 4015 4016
f 3920 4017 3921
f 3920 4016 4017
f 3921 4018 3922
f 3921 4017 4018
f 3922 4019 3923
f 3922 4018 4019
f 3923 4020 3924
f 3923 4019 4020
f 3924 4021 3925
f 3924 4020 4021
f 3925 4022 3926
f 3925 4021 4022
f 3926 4023 3927
f 3926 4022 4023
f 3927 4024 3928
f 3927 4023 4024
f 3928 4025 3929
f 3928 4024 4025
f 3929 4026 3930
f 3929 4025 4026
f 3930 4027 3931
f 3930 4026 4027
f 3931 4028 3932
f 3931 4027 4028
f 3932 4029 3933
f 3932 4028 4029
f 3933 4030 3934
f 3933 4029 4030
f 3934 4031 3935
f 3934 4030 4031
f 3935 4032 3936
f 3935 4031 4032
f 3936 4033 3937
f 3936 4032 4033
f 3937 3938 3842
f 3937 4033 3938
f 3938 4035 3939
f 3938 4034 4035
f 3939 4036 3940
f 3939 4035 4036
f 3940 4037 3941
f 3940 4036 4037
f 3941 4038 3942
f 3941 4037 4038
f 3942 4039 3943
f 3942 4038 4039
f 3943 4040 3944
f 3943 4039 4040
f 3944 4041 3945
f 3944 4040 4041
f 3945 4042 3946
f 3945 4041 4042
f 3946 4043 3947
f 3946 4042 4043
f 3947 4044 3948
f 3947 4043 4044
f 3948 4045 3949
f 3948 4044 4045
f 3949 4046 3950
f 3949 4045 4046
f 3950 4047 3951
f 3950 4046 4047
f 3951 4048 3952
f 3951 4047 4048
f 3952 4049 3953
f 3952 4048 4049
f 3953 4050 3954
f 3953 4049 4050
f 3954 4051 3955
f 3954 4050 4051
f 3955 4052 3956
f 3955 4051 4052
f 3956 4053 3957
f 3956 4052 4053
f 3957 4054 3958
f 3957 4053 4054
f 3958 4055 3959
f 3958 4054 4055
f 3959 4056 3960
f 3959 4055 4056
f 3960 4057 3961
f 3960 4056 4057
f 3961 4058 3962
f 3961 4057 4058
f 3962 4059 3963
f 3962 4058 4059
f 3963 4060 3964
f 3963 4059 4060
f 3964 4061 3965
f 3964 4060 4061
f 3965 4062 3966
f 3965 4061 4062
f 3966 4063 3967
f 3966 4062 4063
f 3967 4064 3968
f 3967 4063 4064
f 3968 4065 3969
f 3968 4064 4065
f 3969 4066 3970
f 3969 4065 4066
f 3970 4067 3971
f 3970 4066 4067
f 3971 4068 3972
f 3971 4067 4068
f 3972 4069 3973
f 3972 4068 4069
f 3973 4070 3974
f 3973 4069 4070
f 3974 4071 3975
f 3974 4070 4071
f 3975 4072 3976
f 3975 4071 4072
f 3976 4073 3977
f 3976 4072 4073
f 3977 4074 3978
f 3977 4073 4074
f 3978 4075 3979
f 3978 4074 4075
f 3979 4076 3980
f 3979 4075 4076
f 3980 4077 3981
f 3980 4076 4077
f 3981 4078 3982
f 3981 4077 4078
f 3982 4079 3983
f 3982 4078 4079
f 3983 4080 3984
f 3983 4079 4080
f 3984 4081 3985
f 3984 4080 4081
f 3985 4082 3986
f 3985 4081 4082
f 3986 4083 3987
f 3986 4082 4083
f 3987 4084 3988
f 3987 4083 4084
f 3988 4085 3989
f 3988 4084 4085
f 3989 4086 3990
f 3989 4085 4086
f 3990 4087 3991
f 3990 4086 4087
f 3991 4088 3992
f 3991 4087 4088
f 3992 4089 3993
f 3992 4088 4089
f 3993 4090 3994
f 3993 4089 4090
f 3994 4091 3995
f 3994 4090 4091
f 3995 4092 3996
f 3995 4091 4092
f 3996 4093 3997
f 3996 4092 4093
f 3997 4094 3998
f 3997 4093 4094
f 3998 4095 3999
f 3998 4094 4095
f 3999 4096 4000
f 3999 4095 4096
f 4000 4097 4001
f 4000 4096 4097
f 4001 4098 4002
f 4001 4097 4098
f 4002 4099 4003
f 4002 4098 4099
f 4003 4100 4004
f 4003 4099 4100
f 4004 4101 4005
f 4004 4100 4101
f 4005 4102 4006
f 4005 4101 4102
f 4006 4103 4007
f 4006 4102 4103
f 4007 4104 4008
f 4007 4103 4104
f 4008 4105 4009
f 4008 4104 4105
f 4009 4106 4010
f 4009 4105 4106
f 4010 4107 4011
f 4010 4106 4107
f 4011 4108 4012
f 4011 4107 4108
f 4012 4109 4013
f 4012 4108 4109
f 4013 4110 4014
f 4013 4109 4110
f 4014 4111 4015
f 4014 4110 4111
f 4015 4112 4016
f 4015 4111 4112
f 4016 4113 4017
f 4016 4112 4113
f 4017 4114 4018
f 4017 4113 4114
f 4018 4115 4019
f 4018 4114 4115
f 4019 4116 4020
f 4019 4115 4116
f 4020 4117 4021
f 4020 4116 4117
f 4021 4118 4022
f 4021 4117 4118
f 4022 4119 4023
f 4022 4118 4119
f 4023 4120 4024
f 4023 4119 4120
f 4024 4121 4025
f 4024 4120 4121
f 4025 4122 4026
f 4025 4121 4122
f 4026 4123 4027
f 4026 4122 4123
f 4027 4124 4028
f 4027 4123 4124
f 4028 4125 4029
f 4028 4124 4125
f 4029 4126 4030
f 4029 4125 4126
f 4030 4127 4031
f 4030 4126 4127
f 4031 4128 4032
f 4031 4127 4128
f 4032 4129 4033
f 4032 4128 4129
f 4033 4034 3938
f 4033 4129 4034
f 4034 4131 4035
f 4034 4130 4131
f 4035 4132 4036
f 4035 4131 4132
f 4036 4133 4037
f 4036 4132 4133
f 4037 4134 4038
f 4037 4133 4134
f 4038 4135 4039
f 4038 4134 4135
f 4039 4136 4040
f 4039 4135 4136
f 4040 4137 4041
f 4040 4136 4137
f 4041 4138 4042
f 4041 4137 4138
f 4042 4139 4043
f 4042 4138 4139
f 4043 4140 4044
f 4043 4139 4140
f 4044 4141 4045
f 4044 4140 4141
f 4045 4142 4046
f 4045 4141 4142
f 4046 4143 4047
f 4046 4142 4143
f 4047 4144 4048
f 4047 4143 4144
f 4048 4145 4049
f 4048 4144 4145
f 4049 4146 4050
f 4049 4145 4146
f 4050 4147 4051
f 4050 4146 4147
f 4051 4148 4052
f 4051 4147 4148
f 4052 4149 4053
f 4052 4148 4149
f 4053 4150 4054
f 4053 4149 4150
f 4054 4151 4055
f 4054 4150 4151
f 4055 4152 4056
f 4055 4151 4152
f 4056 4153 4057
f 4056 4152 4153
f 4057 4154 4058
f 4057 4153 4154
f 4058 4155 4059
f 4058 4154 4155
f 4059 4156 4060
f 4059 4155 4156
f 4060 4157 4061
f 4060 4156 4157
f 4061 4158 4062
f 4061 4157 4158
f 4062 4159 4063
f 4062 4158 4159
f 4063 4160 4064
f 4063 4159 4160
f 4064 4161 4065
f 4064 4160 4161
f 4065 4162 4066
f 4065 4161 4162
f 4066 4163 4067
f 4066 4162 4163
f 4067 4164 4068
f 4067 4163 4164
f 4068 4165 4069
f 4068 4164 4165
f 4069 4166 4070
f 4069 4165 4166
f 4070 4167 4071
f 4070 4166 4167
f 4071 4168 4072
f 4071 4167 4168
f 4072 4169 4073
f 4072 4168 4169
f 4073 4170 4074
f 4073 4169 4170
f 4074 4171 4075
f 4074 4170 4171
f 4075 4172 4076
f 4075 4171 4172
f 4076 4173 4077
f 4076 4172 4173
f 4077 4174 4078
f 4077 4173 4174
f 4078 4175 4079
f 4078 4174 4175
f 4079 4176 4080
f 4079 4175 4176
f 4080 4177 4081
f 4080 4176 4177
f 4081 4178 4082
f 4081 4177 4178
f 4082 4179 4083
f 4082 4178 4179
f 4083 4180 4084
f 4083 4179 4180
f 4084 4181 4085
f 4084 4180 4181
f 4085 4182 4086
f 4085 4181 4182
f 4086 4183 4087
f 4086 4182 4183
f 4087 4184 4088
f 4087 4183 4184
f 4088 4185 4089
f 4088 4184 4185
f 4089 4186 4090
f 4089 4185 4186
f 4090 4187 4091
f 4090 4186 4187
f 4091 4188 4092
f 4091 4187 4188
f 4092 4189 4093
f 4092 4188 4189
f 4093 4190 4094
f 4093 4189 4190
f 4094 4191 4095
f 4094 4190 4191
f 4095 4192 4096
f 4095 4191 4192
f 4096 4193 4097
f 4096 4192 4193
f 4097 4194 4098
f 4097 4193 4194
f 4098 4195 4099
f 4098 4194 4195
f 4099 4196 4100
f 4099 4195 4196
f 4100 4197 4101
f 4100 4196 4197
f 4101 4198 4102
f 4101 4197 4198
f 4102 4199 4103
f 4102 4198 4199
f 4103 4200 4104
f 4103 4199 4200
f 4104 4201 4105
f 4104 4200 4201
f 4105 4202 4106
f 4105 4201 4202
f 4106 4203 4107
f 4106 4202 4203
f 4107 4204 4108
f 4107 4203 4204
f 4108 4205 4109
f 4108 4204 4205
f 4109 4206 4110
f 4109 4205 4206
f 4110 4207 4111
f 4110 4206 4207
f 4111 4208 4112
f 4111 4207 4208
f 4112 4209 4113
f 4112 4208 4209
f 4113 4210 4114
f 4113 4209 4210
f 4114 4211 4115
f 4114 4210 4211
f 4115 4212 4116
f 4115 4211 4212
f 4116 4213 4117
f 4116 4212 4213
f 4117 4214 4118
f 4117 4213 4214
f 4118 4215 4119
f 4118 4214 4215
f 4119 4216 4120
f 4119 4215 4216
f 4120 4217 4121
f 4120 4216 4217
f 4121 4218 4122
f 4121 4217 4218
f 4122 4219 4123
f 4122 4218 4219
f 4123 4220 4124
f 4123 4219 4220
f 4124 4221 4125
f 4124 4220 4221
f 4125 4222 4126
f 4125 4221 4222
f 4126 4223 4127
f 4126 4222 4223
f 4127 4224 4128
f 4127 4223 4224
f 4128 4225 4129
f 4128 4224 4225
f 4129 4130 4034
f 4129 4225 4130
f 4130 4227 4131
f 4130 4226 4227
f 4131 4228 4132
f 4131 4227 4228
f 4132 4229 4133
f 4132 4228 4229
f 4133 4230 4134
f 4133 4229 4230
f 4134 4231 4135
f 4134 4230 4231
f 4135 4232 4136
f 4135 4231 4232
f 4136 4233 4137
f 4136 4232 4233
f 4137 4234 4138
f 4137 4233 4234
f 4138 4235 4139
f 4138 4234 4235
f 4139 4236 4140
f 4139 4235 4236
f 4140 4237 4141
f 4140 4236 4237
f 4141 4238 4142
f 4141 4237 4238
f 4142 4239 4143
f 4142 4238 4239
f 4143 4240 4144
f 4143 4239 4240
f 4144 4241 4145
f 4144 4240 4241
f 4145 4242 4146
f 4145 4241 4242
f 4146 4243 4147
f 4146 4242 4243
f 4147 4244 4148
f 4147 4243 4244
f 4148 4245 4149
f 4148 4244 4245
f 4149 4246 4150
f 4149 4245 4246
f 4150 4247 4151
f 4150 4246 4247
f 4151 4248 4152
f 4151 4247 4248
f 4152 4249 4153
f 4152 4248 4249
f 4153 4250 4154
f 4153 4249 4250
f 4154 4251 4155
f 4154 4250 4251
f 4155 4252 4156
f 4155 4251 4252
f 4156 4253 4157
f 4156 4252 4253
f 4157 4254 4158
f 4157 4253 4254
f 4158 4255 4159
f 4158 4254 4255
f 4159 4256 4160
f 4159 4255 4256
f 4160 4257 4161
f 4160 4256 4257
f 4161 4258 4162
f 4161 4257 4258
f 4162 4259 4163
f 4162 4258 4259
f 4163 4260 4164
f 4163 4259 4260
f 4164 4261 4165
f 4164 4260 4261
f 4165 4262 4166
f 4165 4261 4262
f 4166 4263 4167
f 4166 4262 4263
f 4167 4264 4168
f 4167 4263 4264
f 4168 4265 4169
f 4168 4264 4265
f 4169 4266 4170
f 4169 4265 4266
f 4170 4267 4171
f 4170 4266 4267
f 4171 4268 4172
f 4171 4267 4268
f 4172 4269 4173
f 4172 4268 4269
f 4173 4270 4174
f 4173 4269 4270
f 4174 4271 4175
f 4174 4270 4271
f 4175 4272 4176
f 4175 4271 4272
f 4176 4273 4177
f 4176 4272 4273
f 4177 4274 4178
f 4177 4273 4274
f 4178 4275 4179
f 4178 4274 4275
f 4179 4276 4180
f 4179 4275 4276
f 4180 4277 4181
f 4180 4276 4277
f 4181 4278 4182
f 4181 4277 4278
f 4182 4279 4183
f 4182 4278 4279
f 4183 4280 4184
f 4183 4279 4280
f 4184 4281 4185
f 4184 4280 4281
f 4185 4282 4186
f 4185 4281 4282
f 4186 4283 4187
f 4186 4282 4283
f 4187 4284 4188
f 4187 4283 4284
f 4188 4285 4189
f 4188 4284 4285
f 4189 4286 4190
f 4189 4285 4286
f 4190 4287 4191
f 4190 4286 4287
f 4191 4288 4192
f 4191 4287 4288
f 4192 4289 4193
f 4192 4288 4289
f 4193 4290 4194
f 4193 4289 4290
f 4194 4291 4195
f 4194 4290 4291
f 4195 4292 4196
f 4195 4291 4292
f 4196 4293 4197
f 4196 4292 4293
f 4197 4294 4198
f 4197 4293 4294
f 4198 4295 4199
f 4198 4294 4295
f 4199 4296 4200
f 4199 4295 4296
f 4200 4297 4201
f 4200 4296 4297
f 4201 4298 4202
f 4201 4297 4298
f 4202 4299 4203
f 4202 4298 4299
f 4203 4300 4204
f 4203 4299 4300
f 4204 4301 4205
f 4204 4300 4301
f 4205 4302 4206
f 4205 4301 4302
f 4206 4303 4207
f 4206 4302 4303
f 4207 4304 4208
f 4207 4303 4304
f 4208 4305 4209
f 4208 4304 4305
f 4209 4306 4210
f 4209 4305 4306
f 4210 4307 4211
f 4210 4306 4307
f 4211 4308 4212
f 4211 4307 4308
f 4212 4309 4213
f 4212 4308 4309
f 4213 4310 4214
f 4213 4309 4310
f 4214 4311 4215
f 4214 4310 4311
f 4215 4312 4216
f 4215 4311 4312
f 4216 4313 4217
f 4216 4312 4313
f 4217 4314 4218
f 4217 4313 4314
f 4218 4315 4219
f 4218 4314 4315
f 4219 4316 4220
f 4219 4315 4316
f 4220 4317 4221
f 4220 4316 4317
f 4221 4318 4222
f 4221 4317 4318
f 4222 4319 4223
f 4222 4318 4319
f 4223 4320 4224
f 4223 4319 4320
f 4224 4321 4225
f 4224 4320 4321
f 4225 4226 4130
f 4225 4321 4226
f 4226 4323 4227
f 4226 4322 4323
f 4227 4324 4228
f 4227 4323 4324
f 4228 4325 4229
f 4228 4324 4325
f 4229 4326 4230
f 4229 4325 4326
f 4230 4327 4231
f 4230 4326 4327
f 4231 4328 4232
f 4231 4327 4328
f 4232 4329 4233
f 4232 4328 4329
f 4233 4330 4234
f 4233 4329 4330
f 4234 4331 4235
f 4234 4330 4331
f 4235 4332 4236
f 4235 4331 4332
f 4236 4333 4237
f 4236 4332 4333
f 4237 4334 4238
f 4237 4333 4334
f 4238 4335 4239
f 4238 4334 4335
f 4239 4336 4240
f 4239 4335 4336
f 4240 4337 4241
f 4240 4336 4337
f 4241 4338 4242
f 4241 4337 4338
f 4242 4339 4243
f 4242 4338 4339
f 4243 4340 4244
f 4243 4339 4340
f 4244 4341 4245
f 4244 4340 4341
f 4245 4342 4246
f 4245 4341 4342
f 4246 4343 4247
f 4246 4342 4343
f 4247 4344 4248
f 4247 4343 4344
f 4248 4345 4249
f 4248 4344 4345
f 4249 4346 4250
f 4249 4345 4346
f 4250 4347 4251
f 4250 4346 4347
f 4251 4348 4252
f 4251 4347 4348
f 4252 4349 4253
f 4252 4348 4349
f 4253 4350 4254
f 4253 4349 4350
f 4254 4351 4255
f 4254 4350 4351
f 4255 4352 4256
f 4255 4351 4352
f 4256 4353 4257
f 4256 4352 4353
f 4257 4354 4258
f 4257 4353 4354
f 4258 4355 4259
f 4258 4354 4355
f 4259 4356 4260
f 4259 4355 4356
f 4260 4357 4261
f 4260 4356 4357
f 4261 4358 4262
f 4261 4357 4358
f 4262 4359 4263
f 4262 4358 4359
f 4263 4360 4264
f 4263 4359 4360
f 4264 4361 4265
f 4264 4360 4361
f 4265 4362 4266
f 4265 4361 4362
f 4266 4363 4267
f 4266 4362 4363
f 4267 4364 4268
f 4267 4363 4364
f 4268 4365 4269
f 4268 4364 4365
f 4269 4366 4270
f 4269 4365 4366
f 4270 4367 4271
f 4270 4366 4367
f 4271 4368 4272
f 4271 4367 4368
f 4272 4369 4273
f 4272 4368 4369
f 4273 4370 4274
f 4273 4369 4370
f 4274 4371 4275
f 4274 4370 4371
f 4275 4372 4276
f 4275 4371 4372
f 4276 4373 4277
f 4276 4372 4373
f 4277 4374 4278
f 4277 4373 4374
f 4278 4375 4279
f 4278 4374 4375
f 4279 4376 4280
f 4279 4375 4376
f 4280 4377 4281
f 4280 4376 4377
f 4281 4378 4282
f 4281 4377 4378
f 4282 4379 4283
f 4282 4378 4379
f 4283 4380 4284
f 4283 4379 4380
f 4284 4381 4285
f 4284 4380 4381
f 4285 4382 4286
f 4285 4381 4382
f 4286 4383 4287
f 4286 4382 4383
f 4287 4384 4288
f 4287 4383 4384
f 4288 4385 4289
f 4288 4384 4385
f 4289 4386 4290
f 4289 4385 4386
f 4290 4387 4291
f 4290 4386 4387
f 4291 4388 4292
f 4291 4387 4388
f 4292 4389 4293
f 4292 4388 4389
f 4293 4390 4294
f 4293 4389 4390
f 4294 4391 4295
f 4294 4390 4391
f 4295 4392 4296
f 4295 4391 4392
f 4296 4393 4297
f 4296 4392 4393
f 4297 4394 4298
f 4297 4393 4394
f 4298 4395 4299
f 4298 4394 4395
f 4299 4396 4300
f 4299 4395 4396
f 4300 4397 4301
f 4300 4396 4397
f 4301 4398 4302
f 4301 4397 4398
f 4302 4399 4303
f 4302 4398 4399
f 4303 4400 4304
f 4303 4399 4400
f 4304 4401 4305
f 4304 4400 4401
f 4305 4402 4306
f 4305 4401 4402
f 4306 4403 4307
f 4306 4402 4403
f 4307 4404 4308
f 4307 4403 4404
f 4308 4405 4309
f 4308 4404 4405
f 4309 4406 4310
f 4309 4405 4406
f 4310 4407 4311
f 4310 4406 4407
f 4311 4408 4312
f 4311 4407 4408
f 4312 4409 4313
f 4312 4408 4409
f 4313 4410 4314
f 4313 4409 4410
f 4314 4411 4315
f 4314 4410 4411
f 4315 4412 4316
f 4315 4411 4412
f 4316 4413 4317
f 4316 4412 4413
f 4317 4414 4318
f 4317 4413 4414
f 4318 4415 4319
f 4318 4414 4415
f 4319 4416 4320
f 4319 4415 4416
f 4320 4417 4321
f 4320 4416 4417
f 4321 4322 4226
f 4321 4417 4322
f 4322 4419 4323
f 4322 4418 4419
f 4323 4420 4324
f 4323 4419 4420
f 4324 4421 4325
f 4324 4420 4421
f 4325 4422 4326
f 4325 4421 4422
f 4326 4423 4327
f 4326 4422 4423
f 4327 4424 4328
f 4327 4423 4424
f 4328 4425 4329
f 4328 4424 4425
f 4329 4426 4330
f 4329 4425 4426
f 4330 4427 4331
f 4330 4426 4427
f 4331 4428 4332
f 4331 4427 4428
f 4332 4429 4333
f 4332 4428 4429
f 4333 4430 4334
f 4333 4429 4430
f 4334 4431 4335
f 4334 4430 4431
f 4335 4432 4336
f 4335 4431 4432
f 4336 4433 4337
f 4336 4432 4433
f 4337 4434 4338
f 4337 4433 4434
f 4338 4435 4339
f 4338 4434 4435
f 4339 4436 4340
f 4339 4435 4436
f 4340 4437 4341
f 4340 4436 4437
f 4341 4438 4342
f 4341 4437 4438
f 4342 4439 4343
f 4342 4438 4439
f 4343 4440 4344
f 4343 4439 4440
f 4344 4441 4345
f 4344 4440 4441
f 4345 4442 4346
f 4345 4441 4442
f 4346 4443 4347
f 4346 4442 4443
f 4347 4444 4348
f 4347 4443 4444
f 4348 4445 4349
f 4348 4444 4445
f 4349 4446 4350
f 4349 4445 4446
f 4350 4447 4351
f 4350 4446 4447
f 4351 4448 4352
f 4351 4447 4448
f 4352 4449 4353
f 4352 4448 4449
f 4353 4450 4354
f 4353 4449 4450
f 4354 4451 4355
f 4354 4450 4451
f 4355 4452 4356
f 4355 4451 4452
f 4356 4453 4357
f 4356 4452 4453
f 4357 4454 4358
f 4357 4453 4454
f 4358 4455 4359
f 4358 4454 4455
f 4359 4456 4360
f 4359 4455 4456
f 4360 4457 4361
f 4360 4456 4457
f 4361 4458 4362
f 4361 4457 4458
f 4362 4459 4363
f 4362 4458 4459
f 4363 4460 4364
f 4363 4459 4460
f 4364 4461 4365
f 4364 4460 4461
f 4365 4462 4366
f 4365 4461 4462
f 4366 4463 4367
f 4366 4462 4463
f 4367 4464 4368
f 4367 4463 4464
f 4368 4465 4369
f 4368 4464 4465
f 4369 4466 4370
f 4369 4465 4466
f 4370 4467 4371
f 4370 4466 4467
f 4371 4468 4372
f 4371 4467 4468
f 4372 4469 4373
f 4372 4468 4469
f 4373 4470 4374
f 4373 4469 4470
f 4374 4471 4375
f 4374 4470 4471
f 4375 4472 4376
f 4375 4471 4472
f 4376 4473 4377
f 4376 4472 4473
f 4377 4474 4378
f 4377 4473 4474
f 4378 4475 4379
f 4378 4474 4475
f 4379 4476 4380
f 4379 4475 4476
f 4380 4477 4381
f 4380 4476 4477
f 4381 4478 4382
f 4381 4477 4478
f 4382 4479 4383
f 4382 4478 4479
f 4383 4480 4384
f 4383 4479 4480
f 4384 4481 4385
f 4384 4480 4481
f 4385 4482 4386
f 4385 4481 4482
f 4386 4483 4387
f 4386 4482 4483
f 4387 4484 4388
f 4387 4483 4484
f 4388 4485 4389
f 4388 4484 4485
f 4389 4486 4390
f 4389 4485 4486
f 4390 4487 4391
f 4390 4486 4487
f 4391 4488 4392
f 4391 4487 4488
f 4392 4489 4393
f 4392 4488 4489
f 4393 4490 4394
f 4393 4489 4490
f 4394 4491 4395
f 4394 4490 4491
f 4395 4492 4396
f 4395 4491 4492
f 4396 4493 4397
f 4396 4492 4493
f 4397 4494 4398
f 4397 4493 4494
f 4398 4495 4399
f 4398 4494 4495
f 4399 4496 4400
f 4399 4495 4496
f 4400 4497 4401
f 4400 4496 4497
f 4401 4498 4402
f 4401 4497 4498
f 4402 4499 4403
f 4402 4498 4499
f 4403 4500 4404
f 4403 4499 4500
f 4404 4501 4405
f 4404 4500 4501
f 4405 4502 4406
f 4405 4501 4502
f 4406 4503 4407
f 4406 4502 4503
f 4407 4504 4408
f 4407 4503 4504
f 4408 4505 4409
f 4408 4504 4505
f 4409 4506 4410
f 4409 4505 4506
f 4410 4507 4411
f 4410 4506 4507
f 4411 4508 4412
f 4411 4507 4508
f 4412 4509 4413
f 4412 4508 4509
f 4413 4510 4414
f 4413 4509 4510
f 4414 4511 4415
f 4414 4510 4511
f 4415 4512 4416
f 4415 4511 4512
f 4416 4513 4417
f 4416 4512 4513
f 4417 4418 4322
f 4417 4513 4418
f 4418 4515 4419
f 4418 4514 4515
f 4419 4516 4420
f 4419 4515 4516
f 4420 4517 4421
f 4420 4516 4517
f 4421 4518 4422
f 4421 4517 4518
f 4422 4519 4423
f 4422 4518 4519
f 4423 4520 4424
f 4423 4519 4520
f 4424 4521 4425
f 4424 4520 4521
f 4425 4522 4426
f 4425 4521 4522
f 4426 4523 4427
f 4426 4522 4523
f 4427 4524 4428
f 4427 4523 4524
f 4428 4525 4429
f 4428 4524 4525
f 4429 4526 4430
f 4429 4525 4526
f 4430 4527 4431
f 4430 4526 4527
f 4431 4528 4432
f 4431 4527 4528
f 4432 4529 4433
f 4432 4528 4529
f 4433 4530 4434
f 4433 4529 4530
f 4434 4531 4435
f 4434 4530 4531
f 4435 4532 4436
f 4435 4531 4532
f 4436 4533 4437
f 4436 4532 4533
f 4437 4534 4438
f 4437 4533 4534
f 4438 4535 4439
f 4438 4534 4535
f 4439 4536 4440
f 4439 4535 4536
f 4440 4537 4441
f 4440 4536 4537
f 4441 4538 4442
f 4441 4537 4538
f 4442 4539 4443
f 4442 4538 4539
f 4443 4540 4444
f 4443 4539 4540
f 4444 4541 4445
f 4444 4540 4541
f 4445 4542 4446
f 4445 4541 4542
f 4446 4543 4447
f 4446 4542 4543
f 4447 4544 4448
f 4447 4543 4544
f 4448 4545 4449
f 4448 4544 4545
f 4449 4546 4450
f 4449 4545 4546
f 4450 4547 4451
f 4450 4546 4547
f 4451 4548 4452
f 4451 4547 4548
f 4452 4549 4453
f 4452 4548 4549
f 4453 4550 4454
f 4453 4549 4550
f 4454 4551 4455
f 4454 4550 4551
f 4455 4552 4456
f 4455 4551 4552
f 4456 4553 4457
f 4456 4552 4553
f 4457 4554 4458
f 4457 4553 4554
f 4458 4555 4459
f 4458 4554 4555
f 4459 4556 4460
f 4459 4555 4556
f 4460 4557 4461
f 4460 4556 4557
f 4461 4558 4462
f 4461 4557 4558
f 4462 4559 4463
f 4462 4558 4559
f 4463 4560 4464
f 4463 4559 4560
f 4464 4561 4465
f 4464 4560 4561
f 4465 4562 4466
f 4465 4561 4562
f 4466 4563 4467
f 4466 4562 4563
f 4467 4564 4468
f 4467 4563 4564
f 4468 4565 4469
f 4468 4564 4565
f 4469 4566 4470
f 4469 4565 4566
f 4470 4567 4471
f 4470 4566 4567
f 4471 4568 4472
f 4471 4567 4568
f 4472 4569 4473
f 4472 4568 4569
f 4473 4570 4474
f 4473 4569 4570
f 4474 4571 4475
f 4474 4570 4571
f 4475 4572 4476
f 4475 4571 4572
f 4476 4573 4477
f 4476 4572 4573
f 4477 4574 4478
f 4477 4573 4574
f 4478 4575 4479
f 4478 4574 4575
f 4479 4576 4480
f 4479 4575 4576
f 4480 4577 4481
f 4480 4576 4577
f 4481 4578 4482
f 4481 4577 4578
f 4482 4579 4483
f 4482 4578 4579
f 4483 4580 4484
f 4483 4579 4580
f 4484 4581 4485
f 4484 4580 4581
f 4485 4582 4486
f 4485 4581 4582
f 4486 4583 4487
f 4486 4582 4583
f 4487 4584 4488
f 4487 4583 4584
f 4488 4585 4489
f 4488 4584 4585
f 4489 4586 4490
f 4489 4585 4586
f 4490 4587 4491
f 4490 4586 4587
f 4491 4588 4492
f 4491 4587 4588
f 4492 4589 4493
f 4492 4588 4589
f 4493 4590 4494
f 4493 4589 4590
f 4494 4591 4495
f 4494 4590 4591
f 4495 4592 4496
f 4495 4591 4592
f 4496 4593 4497
f 4496 4592 4593
f 4497 4594 4498
f 4497 4593 4594
f 4498 4595 4499
f 4498 4594 4595
f 4499 4596 4500
f 4499 4595 4596
f 4500 4597 4501
f 4500 4596 4597
f 4501 4598 4502
f 4501 4597 4598
f 4502 4599 4503
f 4502 4598 4599
f 4503 4600 4504
f 4503 4599 4600
f 4504 4601 4505
f 4504 4600 4601
f 4505 4602 4506
f 4505 4601 4602
f 4506 4603 4507
f 4506 4602 4603
f 4507 4604 4508
f 4507 4603 4604
f 4508 4605 4509
f 4508 4604 4605
f 4509 4606 4510
f 4509 4605 4606
f 4510 4607 4511
f 4510 4606 4607
f 4511 4608 4512
f 4511 4607 4608
f 4512 4609 4513
f 4512 4608 4609
f 4513 4514 4418
f 4513 4609 4514
f 4514 4611 4515
f 4514 4610 4611
f 4515 4612 4516
f 4515 4611 4612
f 4516 4613 4517
f 4516 4612 4613
f 4517 4614 4518
f 4517 4613 4614
f 4518 4615 4519
f 4518 4614 4615
f 4519 4616 4520
f 4519 4615 4616
f 4520 4617 4521
f 4520 4616 4617
f 4521 4618 4522
f 4521 4617 4618
f 4522 4619 4523
f 4522 4618 4619
f 4523 4620 4524
f 4523 4619 4620
f 4524 4621 4525
f 4524 4620 4621
f 4525 4622 4526
f 4525 4621 4622
f 4526 4623 4527
f 4526 4622 4623
f 4527 4624 4528
f 4527 4623 4624
f 4528 4625 4529
f 4528 4624 4625
f 4529 4626 4530
f 4529 4625 4626
f 4530 4627 4531
f 4530 4626 4627
f 4531 4628 4532
f 4531 4627 4628
f 4532 4629 4533
f 4532 4628 4629
f 4533 4630 4534
f 4533 4629 4630
f 4534 4631 4535
f 4534 4630 4631
f 4535 4632 4536
f 4535 4631 4632
f 4536 4633 4537
f 4536 4632 4633
f 4537 4634 4538
f 4537 4633 4634
f 4538 4635 4539
f 4538 4634 4635
f 4539 4636 4540
f 4539 4635 4636
f 4540 4637 4541
f 4540 4636 4637
f 4541 4638 4542
f 4541 4637 4638
f 4542 4639 4543
f 4542 4638 4639
f 4543 4640 4544
f 4543 4639 4640
f 4544 4641 4545
f 4544 4640 4641
f 4545 4642 4546
f 4545 4641 4642
f 4546 4643 4547
f 4546 4642 4643
f 4547 4644 4548
f 4547 4643 4644
f 4548 4645 4549
f 4548 4644 4645
f 4549 4646 4550
f 4549 4645 4646
f 4550 4647 4551
f 4550 4646 4647
f 4551 4648 4552
f 4551 4647 4648
f 4552 4649 4553
f 4552 4648 4649
f 4553 4650 4554
f 4553 4649 4650
f 4554 4651 4555
f 4554 4650 4651
f 4555 4652 4556
f 4555 4651 4652
f 4556 4653 4557
f 4556 4652 4653
f 4557 4654 4558
f 4557 4653 4654
f 4558 4655 4559
f 4558 4654 4655
f 4559 4656 4560
f 4559 4655 4656
f 4560 4657 4561
f 4560 4656 4657
f 4561 4658 4562
f 4561 4657 4658
f 4562 4659 4563
f 4562 4658 4659
f 4563 4660 4564
f 4563 4659 4660
f 4564 4661 4565
f 4564 4660 4661
f 4565 4662 4566
f 4565 4661 4662
f 4566 4663 4567
f 4566 4662 4663
f 4567 4664 4568
f 4567 4663 4664
f 4568 4665 4569
f 4568 4664 4665
f 4569 4666 4570
f 4569 4665 4666
f 4570 4667 4571
f 4570 4666 4667
f 4571 4668 4572
f 4571 4667 4668
f 4572 4669 4573
f 4572 4668 4669
f 4573 4670 4574
f 4573 4669 4670
f 4574 4671 4575
f 4574 4670 4671
f 4575 4672 4576
f 4575 4671 4672
f 4576 4673 4577
f 4576 4672 4673
f 4577 4674 4578
f 4577 4673 4674
f 4578 4675 4579
f 4578 4674 4675
f 4579 4676 4580
f 4579 4675 4676
f 4580 4677 4581
f 4580 4676 4677
f 4581 4678 4582
f 4581 4677 4678
f 4582 4679 4583
f 4582 4678 4679
f 4583 4680 4584
f 4583 4679 4680
f 4584 4681 4585
f 4584 4680 4681
f 4585 4682 4586
f 4585 4681 4682
f 4586 4683 4587
f 4586 4682 4683
f 4587 4684 4588
f 4587 4683 4684
f 4588 4685 4589
f 4588 4684 4685
f 4589 4686 4590
f 4589 4685 4686
f 4590 4687 4591
f 4590 4686 4687
f 4591 4688 4592
f 4591 4687 4688
f 4592 4689 4593
f 4592 4688 4689
f 4593 4690 4594
f 4593 4689 4690
f 4594 4691 4595
f 4594 4690 4691
f 4595 4692 4596
f 4595 4691 4692
f 4596 4693 4597
f 4596 4692 4693
f 4597 4694 4598
f 4597 4693 4694
f 4598 4695 4599
f 4598 4694 4695
f 4599 4696 4600
f 4599 4695 4696
f 4600 4697 4601
f 4600 4696 4697
f 4601 4698 4602
f 4601 4697 4698
f 4602 4699 4603
f 4602 4698 4699
f 4603 4700 4604
f 4603 4699 4700
f 4604 4701 4605
f 4604 4700 4701
f 4605 4702 4606
f 4605 4701 4702
f 4606 4703 4607
f 4606 4702 4703
f 4607 4704 4608
f 4607 4703 4704
f 4608 4705 4609
f 4608 4704 4705
f 4609 4610 4514
f 4609 4705 4610
f 4610 4707 4611
f 4610 4706 4707
f 4611 4708 4612
f 4611 4707 4708
f 4612 4709 4613
f 4612 4708 4709
f 4613 4710 4614
f 4613 4709 4710
f 4614 4711 4615
f 4614 4710 4711
f 4615 4712 4616
f 4615 4711 4712
f 4616 4713 4617
f 4616 4712 4713
f 4617 4714 4618
f 4617 4713 4714
f 4618 4715 4619
f 4618 4714 4715
f 4619 4716 4620
f 4619 4715 4716
f 4620 4717 4621
f 4620 4716 4717
f 4621 4718 4622
f 4621 4717 4718
f 4622 4719 4623
f 4622 4718 4719
f 4623 4720 4624
f 4623 4719 4720
f 4624 4721 4625
f 4624 4720 4721
f 4625 4722 4626
f 4625 4721 4722
f 4626 4723 4627
f 4626 4722 4723
f 4627 4724 4628
f 4627 4723 4724
f 4628 4725 4629
f 4628 4724 4725
f 4629 4726 4630
f 4629 4725 4726
f 4630 4727 4631
f 4630 4726 4727
f 4631 4728 4632
f 4631 4727 4728
f 4632 4729 4633
f 4632 4728 4729
f 4633 4730 4634
f 4633 4729 4730
f 4634 4731 4635
f 4634 4730 4731
f 4635 4732 4636
f 4635 4731 4732
f 4636 4733 4637
f 4636 4732 4733
f 4637 4734 4638
f 4637 4733 4734
f 4638 4735 4639
f 4638 4734 4735
f 4639 4736 4640
f 4639 4735 4736
f 4640 4737 4641
f 4640 4736 4737
f 4641 4738 4642
f 4641 4737 4738
f 4642 4739 4643
f 4642 4738 4739
f 4643 4740 4644
f 4643 4739 4740
f 4644 4741 4645
f 4644 4740 4741
f 4645 4742 4646
f 4645 4741 4742
f 4646 4743 4647
f 4646 4742 4743
f 4647 4744 4648
f 4647 4743 4744
f 4648 4745 4649
f 4648 4744 4745
f 4649 4746 4650
f 4649 4745 4746
f 4650 4747 4651
f 4650 4746 4747
f 4651 4748 4652
f 4651 4747 4748
f 4652 4749 4653
f 4652 4748 4749
f 4653 4750 4654
f 4653 4749 4750
f 4654 4751 4655
f 4654 4750 4751
f 4655 4752 4656
f 4655 4751 4752
f 4656 4753 4657
f 4656 4752 4753
f 4657 4754 4658
f 4657 4753 4754
f 4658 4755 4659
f 4658 4754 4755
f 4659 4756 4660
f 4659 4755 4756
f 4660 4757 4661
f 4660 4756 4757
f 4661 4758 4662
f 4661 4757 4758
f 4662 4759 4663
f 4662 4758 4759
f 4663 4760 4664
f 4663 4759 4760
f 4664 4761 4665
f 4664 4760 4761
f 4665 4762 4666
f 4665 4761 4762
f 4666 4763 4667
f 4666 4762 4763
f 4667 4764 4668
f 4667 4763 4764
f 4668 4765 4669
f 4668 4764 4765
f 4669 4766 4670
f 4669 4765 4766
f 4670 4767 4671
f 4670 4766 4767
f 4671 4768 4672
f 4671 4767 4768
f 4672 4769 4673
f 4672 4768 4769
f 4673 4770 4674
f 4673 4769 4770
f 4674 4771 4675
f 4674 4770 4771
f 4675 4772 4676
f 4675 4771 4772
f 4676 4773 4677
f 4676 4772 4773
f 4677 4774 4678
f 4677 4773 4774
f 4678 4775 4679
f 4678 4774 4775
f 4679 4776 4680
f 4679 4775 4776
f 4680 4777 4681
f 4680 4776 4777
f 4681 4778 4682
f 4681 4777 4778
f 4682 4779 4683
f 4682 4778 4779
f 4683 4780 4684
f 4683 4779 4780
f 4684 4781 4685
f 4684 4780 4781
f 4685 4782 4686
f 4685 4781 4782
f 4686 4783 4687
f 4686 4782 4783
f 4687 4784 4688
f 4687 4783 4784
f 4688 4785 4689
f 4688 4784 4785
f 4689 4786 4690
f 4689 4785 4786
f 4690 4787 4691
f 4690 4786 4787
f 4691 4788 4692
f 4691 4787 4788
f 4692 4789 4693
f 4692 4788 4789
f 4693 4790 4694
f 4693 4789 4790
f 4694 4791 4695
f 4694 4790 4791
f 4695 4792 4696
f 4695 4791 4792
f 4696 4793 4697
f 4696 4792 4793
f 4697 4794 4698
f 4697 4793 4794
f 4698 4795 4699
f 4698 4794 4795
f 4699 4796 4700
f 4699 4795 4796
f 4700 4797 4701
f 4700 4796 4797
f 4701 4798 4702
f 4701 4797 4798
f 4702 4799 4703
f 4702 4798 4799
f 4703 4800 4704
f 4703 4799 4800
f 4704 4801 4705
f 4704 4800 4801
f 4705 4706 4610
f 4705 4801 4706
f 4706 4803 4707
f 4706 4802 4803
f 4707 4804 4708
f 4707 4803 4804
f 4708 4805 4709
f 4708 4804 4805
f 4709 4806 4710
f 4709 4805 4806
f 4710 4807 4711
f 4710 4806 4807
f 4711 4808 4712
f 4711 4807 4808
f 4712 4809 4713
f 4712 4808 4809
f 4713 4810 4714
f 4713 4809 4810
f 4714 4811 4715
f 4714 4810 4811
f 4715 4812 4716
f 4715 4811 4812
f 4716 4813 4717
f 4716 4812 4813
f 4717 4814 4718
f 4717 4813 4814
f 4718 4815 4719
f 4718 4814 4815
f 4719 4816 4720
f 4719 4815 4816
f 4720 4817 4721
f 4720 4816 4817
f 4721 4818 4722
f 4721 4817 4818
f 4722 4819 4723
f 4722 4818 4819
f 4723 4820 4724
f 4723 4819 4820
f 4724 4821 4725
f 4724 4820 4821
f 4725 4822 4726
f 4725 4821 4822
f 4726 4823 4727
f 4726 4822 4823
f 4727 4824 4728
f 4727 4823 4824
f 4728 4825 4729
f 4728 4824 4825
f 4729 4826 4730
f 4729 4825 4826
f 4730 4827 4731
f 4730 4826 4827
f 4731 4828 4732
f 4731 4827 4828
f 4732 4829 4733
f 4732 4828 4829
f 4733 4830 4734
f 4733 4829 4830
f 4734 4831 4735
f 4734 4830 4831
f 4735 4832 4736
f 4735 4831 4832
f 4736 4833 4737
f 4736 4832 4833
f 4737 4834 4738
f 4737 4833 4834
f 4738 4835 4739
f 4738 4834 4835
f 4739 4836 4740
f 4739 4835 4836
f 4740 4837 4741
f 4740 4836 4837
f 4741 4838 4742
f 4741 4837 4838
f 4742 4839 4743
f 4742 4838 4839
f 4743 4840 4744
f 4743 4839 4840
f 4744 4841 4745
f 4744 4840 4841
f 4745 4842 4746
f 4745 4841 4842
f 4746 4843 4747
f 4746 4842 4843
f 4747 4844 4748
f 4747 4843 4844
f 4748 4845 4749
f 4748 4844 4845
f 4749 4846 4750
f 4749 4845 4846
f 4750 4847 4751
f 4750 4846 4847
f 4751 4848 4752
f 4751 4847 4848
f 4752 4849 4753
f 4752 4848 4849
f 4753 4850 4754
f 4753 4849 4850
f 4754 4851 4755
f 4754 4850 4851
f 4755 4852 4756
f 4755 4851 4852
f 4756 4853 4757
f 4756 4852 4853
f 4757 4854 4758
f 4757 4853 4854
f 4758 4855 4759
f 4758 4854 4855
f 4759 4856 4760
f 4759 4855 4856
f 4760 4857 4761
f 4760 4856 4857
f 4761 4858 4762
f 4761 4857 4858
f 4762 4859 4763
f 4762 4858 4859
f 4763 4860 4764
f 4763 4859 4860
f 4764 4861 4765
f 4764 4860 4861
f 4765 4862 4766
f 4765 4861 4862
f 4766 4863 4767
f 4766 4862 4863
f 4767 4864 4768
f 4767 4863 4864
f 4768 4865 4769
f 4768 4864 4865
f 4769 4866 4770
f 4769 4865 4866
f 4770 4867 4771
f 4770 4866 4867
f 4771 4868 4772
f 4771 4867 4868
f 4772 4869 4773
f 4772 4868 4869
f 4773 4870 4774
f 4773 4869 4870
f 4774 4871 4775
f 4774 4870 4871
f 4775 4872 4776
f 4775 4871 4872
f 4776 4873 4777
f 4776 4872 4873
f 4777 4874 4778
f 4777 4873 4874
f 4778 4875 4779
f 4778 4874 4875
f 4779 4876 4780
f 4779 4875 4876
f 4780 4877 4781
f 4780 4876 4877
f 4781 4878 4782
f 4781 4877 4878
f 4782 4879 4783
f 4782 4878 4879
f 4783 4880 4784
f 4783 4879 4880
f 4784 4881 4785
f 4784 4880 4881
f 4785 4882 4786
f 4785 4881 4882
f 4786 4883 4787
f 4786 4882 4883
f 4787 4884 4788
f 4787 4883 4884
f 4788 4885 4789
f 4788 4884 4885
f 4789 4886 4790
f 4789 4885 4886
f 4790 4887 4791
f 4790 4886 4887
f 4791 4888 4792
f 4791 4887 4888
f 4792 4889 4793
f 4792 4888 4889
f 4793 4890 4794
f 4793 4889 4890
f 4794 4891 4795
f 4794 4890 4891
f 4795 4892 4796
f 4795 4891 4892
f 4796 4893 4797
f 4796 4892 4893
f 4797 4894 4798
f 4797 4893 4894
f 4798 4895 4799
f 4798 4894 4895
f 4799 4896 4800
f 4799 4895 4896
f 4800 4897 4801
f 4800 4896 4897
f 4801 4802 4706
f 4801 4897 4802
f 4802 4899 4803
f 4802 4898 4899
f 4803 4900 4804
f 4803 4899 4900
f 4804 4901 4805
f 4804 4900 4901
f 4805 4902 4806
f 4805 4901 4902
f 4806 4903 4807
f 4806 4902 4903
f 4807 4904 4808
f 4807 4903 4904
f 4808 4905 4809
f 4808 4904 4905
f 4809 4906 4810
f 4809 4905 4906
f 4810 4907 4811
f 4810 4906 4907
f 4811 4908 4812
f 4811 4907 4908
f 4812 4909 4813
f 4812 4908 4909
f 4813 4910 4814
f 4813 4909 4910
f 4814 4911 4815
f 4814 4910 4911
f 4815 4912 4816
f 4815 4911 4912
f 4816 4913 4817
f 4816 4912 4913
f 4817 4914 4818
f 4817 4913 4914
f 4818 4915 4819
f 4818 4914 4915
f 4819 4916 4820
f 4819 4915 4916
f 4820 4917 4821
f 4820 4916 4917
f 4821 4918 4822
f 4821 4917 4918
f 4822 4919 4823
f 4822 4918 4919
f 4823 4920 4824
f 4823 4919 4920
f 4824 4921 4825
f 4824 4920 4921
f 4825 4922 4826
f 4825 4921 4922
f 4826 4923 4827
f 4826 4922 4923
f 4827 4924 4828
f 4827 4923 4924
f 4828 4925 4829
f 4828 4924 4925
f 4829 4926 4830
f 4829 4925 4926
f 4830 4927 4831
f 4830 4926 4927
f 4831 4928 4832
f 4831 4927 4928
f 4832 4929 4833
f 4832 4928 4929
f 4833 4930 4834
f 4833 4929 4930
f 4834 4931 4835
f 4834 4930 4931
f 4835 4932 4836
f 4835 4931 4932
f 4836 4933 4837
f 4836 4932 4933
f 4837 4934 4838
f 4837 4933 4934
f 4838 4935 4839
f 4838 4934 4935
f 4839 4936 4840
f 4839 4935 4936
f 4840 4937 4841
f 4840 4936 4937
f 4841 4938 4842
f 4841 4937 4938
f 4842 4939 4843
f 4842 4938 4939
f 4843 4940 4844
f 4843 4939 4940
f 4844 4941 4845
f 4844 4940 4941
f 4845 4942 4846
f 4845 4941 4942
f 4846 4943 4847
f 4846 4942 4943
f 4847 4944 4848
f 4847 4943 4944
f 4848 4945 4849
f 4848 4944 4945
f 4849 4946 4850
f 4849 4945 4946
f 4850 4947 4851
f 4850 4946 4947
f 4851 4948 4852
f 4851 4947 4948
f 4852 4949 4853
f 4852 4948 4949
f 4853 4950 4854
f 4853 4949 4950
f 4854 4951 4855
f 4854 4950 4951
f 4855 4952 4856
f 4855 4951 4952
f 4856 4953 4857
f 4856 4952 4953
f 4857 4954 4858
f 4857 4953 4954
f 4858 4955 4859
f 4858 4954 4955
f 4859 4956 4860
f 4859 4955 4956
f 4860 4957 4861
f 4860 4956 4957
f 4861 4958 4862
f 4861 4957 4958
f 4862 4959 4863
f 4862 4958 4959
f 4863 4960 4864
f 4863 4959 4960
f 4864 4961 4865
f 4864 4960 4961
f 4865 4962 4866
f 4865 4961 4962
f 4866 4963 4867
f 4866 4962 4963
f 4867 4964 4868
f 4867 4963 4964
f 4868 4965 4869
f 4868 4964 4965
f 4869 4966 4870
f 4869 4965 4966
f 4870 4967 4871
f 4870 4966 4967
f 4871 4968 4872
f 4871 4967 4968
f 4872 4969 4873
f 4872 4968 4969
f 4873 4970 4874
f 4873 4969 4970
f 4874 4971 4875
f 4874 4970 4971
f 4875 4972 4876
f 4875 4971 4972
f 4876 4973 4877
f 4876 4972 4973
f 4877 4974 4878
f 4877 4973 4974
f 4878 4975 4879
f 4878 4974 4975
f 4879 4976 4880
f 4879 4975 4976
f 4880 4977 4881
f 4880 4976 4977
f 4881 4978 4882
f 4881 4977 4978
f 4882 4979 4883
f 4882 4978 4979
f 4883 4980 4884
f 4883 4979 4980
f 4884 4981 4885
f 4884 4980 4981
f 4885 4982 4886
f 4885 4981 4982
f 4886 4983 4887
f 4886 4982 4983
f 4887 4984 4888
f 4887 4983 4984
f 4888 4985 4889
f 4888 4984 4985
f 4889 4986 4890
f 4889 4985 4986
f 4890 4987 4891
f 4890 4986 4987
f 4891 4988 4892
f 4891 4987 4988
f 4892 4989 4893
f 4892 4988 4989
f 4893 4990 4894
f 4893 4989 4990
f 4894 4991 4895
f 4894 4990 4991
f 4895 4992 4896
f 4895 4991 4992
f 4896 4993 4897
f 4896 4992 4993
f 4897 4898 4802
f 4897 4993 4898
f 4898 4995 4899
f 4898 4994 4995
f 4899 4996 4900
f 4899 4995 4996
f 4900 4997 4901
f 4900 4996 4997
f 4901 4998 4902
f 4901 4997 4998
f 4902 4999 4903
f 4902 4998 4999
f 4903 5000 4904
f 4903 4999 5000
f 4904 5001 4905
f 4904 5000 5001
f 4905 5002 4906
f 4905 5001 5002
f 4906 5003 4907
f 4906 5002 5003
f 4907 5004 4908
f 4907 5003 5004
f 4908 5005 4909
f 4908 5004 5005
f 4909 5006 4910
f 4909 5005 5006
f 4910 5007 4911
f 4910 5006 5007
f 4911 5008 4912
f 4911 5007 5008
f 4912 5009 4913
f 4912 5008 5009
f 4913 5010 4914
f 4913 5009 5010
f 4914 5011 4915
f 4914 5010 5011
f 4915 5012 4916
f 4915 5011 5012
f 4916 5013 4917
f 4916 5012 5013
f 4917 5014 4918
f 4917 5013 5014
f 4918 5015 4919
f 4918 5014 5015
f 4919 5016 4920
f 4919 5015 5016
f 4920 5017 4921
f 4920 5016 5017
f 4921 5018 4922
f 4921 5017 5018
f 4922 5019 4923
f 4922 5018 5019
f 4923 5020 4924
f 4923 5019 5020
f 4924 5021 4925
f 4924 5020 5021
f 4925 5022 4926
f 4925 5021 5022
f 4926 5023 4927
f 4926 5022 5023
f 4927 5024 4928
f 4927 5023 5024
f 4928 5025 4929
f 4928 5024 5025
f 4929 5026 4930
f 4929 5025 5026
f 4930 5027 4931
f 4930 5026 5027
f 4931 5028 4932
f 4931 5027 5028
f 4932 5029 4933
f 4932 5028 5029
f 4933 5030 4934
f 4933 5029 5030
f 4934 5031 4935
f 4934 5030 5031
f 4935 5032 4936
f 4935 5031 5032
f 4936 5033 4937
f 4936 5032 5033
f 4937 5034 4938
f 4937 5033 5034
f 4938 5035 4939
f 4938 5034 5035
f 4939 5036 4940
f 4939 5035 5036
f 4940 5037 4941
f 4940 5036 5037
f 4941 5038 4942
f 4941 5037 5038
f 4942 5039 4943
f 4942 5038 5039
f 4943 5040 4944
f 4943 5039 5040
f 4944 5041 4945
f 4944 5040 5041
f 4945 5042 4946
f 4945 5041 5042
f 4946 5043 4947
f 4946 5042 5043
f 4947 5044 4948
f 4947 5043 5044
f 4948 5045 4949
f 4948 5044 5045
f 4949 5046 4950
f 4949 5045 5046
f 4950 5047 4951
f 4950 5046 5047
f 4951 5048 4952
f 4951 5047 5048
f 4952 5049 4953
f 4952 5048 5049
f 4953 5050 4954
f 4953 5049 5050
f 4954 5051 4955
f 4954 5050 5051
f 4955 5052 4956
f 4955 5051 5052
f 4956 5053 4957
f 4956 5052 5053
f 4957 5054 4958
f 4957 5053 5054
f 4958 5055 4959
f 4958 5054 5055
f 4959 5056 4960
f 4959 5055 5056
f 4960 5057 4961
f 4960 5056 5057
f 4961 5058 4962
f 4961 5057 5058
f 4962 5059 4963
f 4962 5058 5059
f 4963 5060 4964
f 4963 5059 5060
f 4964 5061 4965
f 4964 5060 5061
f 4965 5062 4966
f 4965 5061 5062
f 4966 5063 4967
f 4966 5062 5063
f 4967 5064 4968
f 4967 5063 5064
f 4968 5065 4969
f 4968 5064 5065
f 4969 5066 4970
f 4969 5065 5066
f 4970 5067 4971
f 4970 5066 5067
f 4971 5068 4972
f 4971 5067 5068
f 4972 5069 4973
f 4972 5068 5069
f 4973 5070 4974
f 4973 5069 5070
f 4974 5071 4975
f 4974 5070 5071
f 4975 5072 4976
f 4975 5071 5072
f 4976 5073 4977
f 4976 5072 5073
f 4977 5074 4978
f 4977 5073 5074
f 4978 5075 4979
f 4978 5074 5075
f 4979 5076 4980
f 4979 5075 5076
f 4980 5077 4981
f 4980 5076 5077
f 4981 5078 4982
f 4981 5077 5078
f 4982 5079 4983
f 4982 5078 5079
f 4983 5080 4984
f 4983 5079 5080
f 4984 5081 4985
f 4984 5080 5081
f 4985 5082 4986
f 4985 5081 5082
f 4986 5083 4987
f 4986 5082 5083
f 4987 5084 4988
f 4987 5083 5084
f 4988 5085 4989
f 4988 5084 5085
f 4989 5086 4990
f 4989 5085 5086
f 4990 5087 4991
f 4990 5086 5087
f 4991 5088 4992
f 4991 5087 5088
f 4992 5089 4993
f 4992 5088 5089
f 4993 4994 4898
f 4993 5089 4994
f 4994 5091 4995
f 4994 5090 5091
f 4995 5092 4996
f 4995 5091 5092
f 4996 5093 4997
f 4996 5092 5093
f 4997 5094 4998
f 4997 5093 5094
f 4998 5095 4999
f 4998 5094 5095
f 4999 5096 5000
f 4999 5095 5096
f 5000 5097 5001
f 5000 5096 5097
f 5001 5098 5002
f 5001 5097 5098
f 5002 5099 5003
f 5002 5098 5099
f 5003 5100 5004
f 5003 5099 5100
f 5004 5101 5005
f 5004 5100 5101
f 5005 5102 5006
f 5005 5101 5102
f 5006 5103 5007
f 5006 5102 5103
f 5007 5104 5008
f 5007 5103 5104
f 5008 5105 5009
f 5008 5104 5105
f 5009 5106 5010
f 5009 5105 5106
f 5010 5107 5011
f 5010 5106 5107
f 5011 5108 5012
f 5011 5107 5108
f 5012 5109 5013
f 5012 5108 5109
f 5013 5110 5014
f 5013 5109 5110
f 5014 5111 5015
f 5014 5110 5111
f 5015 5112 5016
f 5015 5111 5112
f 5016 5113 5017
f 5016 5112 5113
f 5017 5114 5018
f 5017 5113 5114
f 5018 5115 5019
f 5018 5114 5115
f 5019 5116 5020
f 5019 5115 5116
f 5020 5117 5021
f 5020 5116 5117
f 5021 5118 5022
f 5021 5117 5118
f 5022 5119 5023
f 5022 5118 5119
f 5023 5120 5024
f 5023 5119 5120
f 5024 5121 5025
f 5024 5120 5121
f 5025 5122 5026
f 5025 5121 5122
f 5026 5123 5027
f 5026 5122 5123
f 5027 5124 5028
f 5027 5123 5124
f 5028 5125 5029
f 5028 5124 5125
f 5029 5126 5030
f 5029 5125 5126
f 5030 5127 5031
f 5030 5126 5127
f 5031 5128 5032
f 5031 5127 5128
f 5032 5129 5033
f 5032 5128 5129
f 5033 5130 5034
f 5033 5129 5130
f 5034 5131 5035
f 5034 5130 5131
f 5035 5132 5036
f 5035 5131 5132
f 5036 5133 5037
f 5036 5132 5133
f 5037 5134 5038
f 5037 5133 5134
f 5038 5135 5039
f 5038 5134 5135
f 5039 5136 5040
f 5039 5135 5136
f 5040 5137 5041
f 5040 5136 5137
f 5041 5138 5042
f 5041 5137 5138
f 5042 5139 5043
f 5042 5138 5139
f 5043 5140 5044
f 5043 5139 5140
f 5044 5141 5045
f 5044 5140 5141
f 5045 5142 5046
f 5045 5141 5142
f 5046 5143 5047
f 5046 5142 5143
f 5047 5144 5048
f 5047 5143 5144
f 5048 5145 5049
f 5048 5144 5145
f 5049 5146 5050
f 5049 5145 5146
f 5050 5147 5051
f 5050 5146 5147
f 5051 5148 5052
f 5051 5147 5148
f 5052 5149 5053
f 5052 5148 5149
f 5053 5150 5054
f 5053 5149 5150
f 5054 5151 5055
f 5054 5150 5151
f 5055 5152 5056
f 5055 5151 5152
f 5056 5153 5057
f 5056 5152 5153
f 5057 5154 5058
f 5057 5153 5154
f 5058 5155 5059
f 5058 5154 5155
f 5059 5156 5060
f 5059 5155 5156
f 5060 5157 5061
f 5060 5156 5157
f 5061 5158 5062
f 5061 5157 5158
f 5062 5159 5063
f 5062 5158 5159
f 5063 5160 5064
f 5063 5159 5160
f 5064 5161 5065
f 5064 5160 5161
f 5065 5162 5066
f 5065 5161 5162
f 5066 5163 5067
f 5066 5162 5163
f 5067 5164 5068
f 5067 5163 5164
f 5068 5165 5069
f 5068 5164 5165
f 5069 5166 5070
f 5069 5165 5166
f 5070 5167 5071
f 5070 5166 5167
f 5071 5168 5072
f 5071 5167 5168
f 5072 5169 5073
f 5072 5168 5169
f 5073 5170 5074
f 5073 5169 5170
f 5074 5171 5075
f 5074 5170 5171
f 5075 5172 5076
f 5075 5171 5172
f 5076 5173 5077
f 5076 5172 5173
f 5077 5174 5078
f 5077 5173 5174
f 5078 5175 5079
f 5078 5174 5175
f 5079 5176 5080
f 5079 5175 5176
f 5080 5177 5081
f 5080 5176 5177
f 5081 5178 5082
f 5081 5177 5178
f 5082 5179 5083
f 5082 5178 5179
f 5083 5180 5084
f 5083 5179 5180
f 5084 5181 5085
f 5084 5180 5181
f 5085 5182 5086
f 5085 5181 5182
f 5086 5183 5087
f 5086 5182 5183
f 5087 5184 5088
f 5087 5183 5184
f 5088 5185 5089
f 5088 5184 5185
f 5089 5090 4994
f 5089 5185 5090
f 5090 5187 5091
f 5090 5186 5187
f 5091 5188 5092
f 5091 5187 5188
f 5092 5189 5093
f 5092 5188 5189
f 5093 5190 5094
f 5093 5189 5190
f 5094 5191 5095
f 5094 5190 5191
f 5095 5192 5096
f 5095 5191 5192
f 5096 5193 5097
f 5096 5192 5193
f 5097 5194 5098
f 5097 5193 5194
f 5098 5195 5099
f 5098 5194 5195
f 5099 5196 5100
f 5099 5195 5196
f 5100 5197 5101
f 5100 5196 5197
f 5101 5198 5102
f 5101 5197 5198
f 5102 5199 5103
f 5102 5198 5199
f 5103 5200 5104
f 5103 5199 5200
f 5104 5201 5105
f 5104 5200 5201
f 5105 5202 5106
f 5105 5201 5202
f 5106 5203 5107
f 5106 5202 5203
f 5107 5204 5108
f 5107 5203 5204
f 5108 5205 5109
f 5108 5204 5205
f 5109 5206 5110
f 5109 5205 5206
f 5110 5207 5111
f 5110 5206 5207
f 5111 5208 5112
f 5111 5207 5208
f 5112 5209 5113
f 5112 5208 5209
f 5113 5210 5114
f 5113 5209 5210
f 5114 5211 5115
f 5114 5210 5211
f 5115 5212 5116
f 5115 5211 5212
f 5116 5213 5117
f 5116 5212 5213
f 5117 5214 5118
f 5117 5213 5214
f 5118 5215 5119
f 5118 5214 5215
f 5119 5216 5120
f 5119 5215 5216
f 5120 5217 5121
f 5120 5216 5217
f 5121 5218 5122
f 5121 5217 5218
f 5122 5219 5123
f 5122 5218 5219
f 5123 5220 5124
f 5123 5219 5220
f 5124 5221 5125
f 5124 5220 5221
f 5125 5222 5126
f 5125 5221 5222
f 5126 5223 5127
f 5126 5222 5223
f 5127 5224 5128
f 5127 5223 5224
f 5128 5225 5129
f 5128 5224 5225
f 5129 5226 5130
f 5129 5225 5226
f 5130 5227 5131
f 5130 5226 5227
f 5131 5228 5132
f 5131 5227 5228
f 5132 5229 5133
f 5132 5228 5229
f 5133 5230 5134
f 5133 5229 5230
f 5134 5231 5135
f 5134 5230 5231
f 5135 5232 5136
f 5135 5231 5232
f 5136 5233 5137
f 5136 5232 5233
f 5137 5234 5138
f 5137 5233 5234
f 5138 5235 5139
f 5138 5234 5235
f 5139 5236 5140
f 5139 5235 5236
f 5140 5237 5141
f 5140 5236 5237
f 5141 5238 5142
f 5141 5237 5238
f 5142 5239 5143
f 5142 5238 5239
f 5143 5240 5144
f 5143 5239 5240
f 5144 5241 5145
f 5144 5240 5241
f 5145 5242 5146
f 5145 5241 5242
f 5146 5243 5147
f 5146 5242 5243
f 5147 5244 5148
f 5147 5243 5244
f 5148 5245 5149
f 5148 5244 5245
f 5149 5246 5150
f 5149 5245 5246
f 5150 5247 5151
f 5150 5246 5247
f 5151 5248 5152
f 5151 5247 5248
f 5152 5249 5153
f 5152 5248 5249
f 5153 5250 5154
f 5153 5249 5250
f 5154 5251 5155
f 5154 5250 5251
f 5155 5252 5156
f 5155 5251 5252
f 5156 5253 5157
f 5156 5252 5253
f 5157 5254 5158
f 5157 5253 5254
f 5158 5255 5159
f 5158 5254 5255
f 5159 5256 5160
f 5159 5255 5256
f 5160 5257 5161
f 5160 5256 5257
f 5161 5258 5162
f 5161 5257 5258
f 5162 5259 5163
f 5162 5258 5259
f 5163 5260 5164
f 5163 5259 5260
f 5164 5261 5165
f 5164 5260 5261
f 5165 5262 5166
f 5165 5261 5262
f 5166 5263 5167
f 5166 5262 5263
f 5167 5264 5168
f 5167 5263 5264
f 5168 5265 5169
f 5168 5264 5265
f 5169 5266 5170
f 5169 5265 5266
f 5170 5267 5171
f 5170 5266 5267
f 5171 5268 5172
f 5171 5267 5268
f 5172 5269 5173
f 5172 5268 5269
f 5173 5270 5174
f 5173 5269 5270
f 5174 5271 5175
f 5174 5270 5271
f 5175 5272 5176
f 5175 5271 5272
f 5176 5273 5177
f 5176 5272 5273
f 5177 5274 5178
f 5177 5273 5274
f 5178 5275 5179
f 5178 5274 5275
f 5179 5276 5180
f 5179 5275 5276
f 5180 5277 5181
f 5180 5276 5277
f 5181 5278 5182
f 5181 5277 5278
f 5182 5279 5183
f 5182 5278 5279
f 5183 5280 5184
f 5183 5279 5280
f 5184 5281 5185
f 5184 5280 5281
f 5185 5186 5090
f 5185 5281 5186
f 5186 5283 5187
f 5186 5282 5283
f 5187 5284 5188
f 5187 5283 5284
f 5188 5285 5189
f 5188 5284 5285
f 5189 5286 5190
f 5189 5285 5286
f 5190 5287 5191
f 5190 5286 5287
f 5191 5288 5192
f 5191 5287 5288
f 5192 5289 5193
f 5192 5288 5289
f 5193 5290 5194
f 5193 5289 5290
f 5194 5291 5195
f 5194 5290 5291
f 5195 5292 5196
f 5195 5291 5292
f 5196 5293 5197
f 5196 5292 5293
f 5197 5294 5198
f 5197 5293 5294
f 5198 5295 5199
f 5198 5294 5295
f 5199 5296 5200
f 5199 5295 5296
f 5200 5297 5201
f 5200 5296 5297
f 5201 5298 5202
f 5201 5297 5298
f 5202 5299 5203
f 5202 5298 5299
f 5203 5300 5204
f 5203 5299 5300
f 5204 5301 5205
f 5204 5300 5301
f 5205 5302 5206
f 5205 5301 5302
f 5206 5303 5207
f 5206 5302 5303
f 5207 5304 5208
f 5207 5303 5304
f 5208 5305 5209
f 5208 5304 5305
f 5209 5306 5210
f 5209 5305 5306
f 5210 5307 5211
f 5210 5306 5307
f 5211 5308 5212
f 5211 5307 5308
f 5212 5309 5213
f 5212 5308 5309
f 5213 5310 5214
f 5213 5309 5310
f 5214 5311 5215
f 5214 5310 5311
f 5215 5312 5216
f 5215 5311 5312
f 5216 5313 5217
f 5216 5312 5313
f 5217 5314 5218
f 5217 5313 5314
f 5218 5315 5219
f 5218 5314 5315
f 5219 5316 5220
f 5219 5315 5316
f 5220 5317 5221
f 5220 5316 5317
f 5221 5318 5222
f 5221 5317 5318
f 5222 5319 5223
f 5222 5318 5319
f 5223 5320 5224
f 5223 5319 5320
f 5224 5321 5225
f 5224 5320 5321
f 5225 5322 5226
f 5225 5321 5322
f 5226 5323 5227
f 5226 5322 5323
f 5227 5324 5228
f 5227 5323 5324
f 5228 5325 5229
f 5228 5324 5325
f 5229 5326 5230
f 5229 5325 5326
f 5230 5327 5231
f 5230 5326 5327
f 5231 5328 5232
f 5231 5327 5328
f 5232 5329 5233
f 5232 5328 5329
f 5233 5330 5234
f 5233 5329 5330
f 5234 5331 5235
f 5234 5330 5331
f 5235 5332 5236
f 5235 5331 5332
f 5236 5333 5237
f 5236 5332 5333
f 5237 5334 5238
f 5237 5333 5334
f 5238 5335 5239
f 5238 5334 5335
f 5239 5336 5240
f 5239 5335 5336
f 5240 5337 5241
f 5240 5336 5337
f 5241 5338 5242
f 5241 5337 5338
f 5242 5339 5243
f 5242 5338 5339
f 5243 5340 5244
f 5243 5339 5340
f 5244 5341 5245
f 5244 5340 5341
f 5245 5342 5246
f 5245 5341 5342
f 5246 5343 5247
f 5246 5342 5343
f 5247 5344 5248
f 5247 5343 5344
f 5248 5345 5249
f 5248 5344 5345
f 5249 5346 5250
f 5249 5345 5346
f 5250 5347 5251
f 5250 5346 5347
f 5251 5348 5252
f 5251 5347 5348
f 5252 5349 5253
f 5252 5348 5349
f 5253 5350 5254
f 5253 5349 5350
f 5254 5351 5255
f 5254 5350 5351
f 5255 5352 5256
f 5255 5351 5352
f 5256 5353 5257
f 5256 5352 5353
f 5257 5354 5258
f 5257 5353 5354
f 5258 5355 5259
f 5258 5354 5355
f 5259 5356 5260
f 5259 5355 5356
f 5260 5357 5261
f 5260 5356 5357
f 5261 5358 5262
f 5261 5357 5358
f 5262 5359 5263
f 5262 5358 5359
f 5263 5360 5264
f 5263 5359 5360
f 5264 5361 5265
f 5264 5360 5361
f 5265 5362 5266
f 5265 5361 5362
f 5266 5363 5267
f 5266 5362 5363
f 5267 5364 5268
f 5267 5363 5364
f 5268 5365 5269
f 5268 5364 5365
f 5269 5366 5270
f 5269 5365 5366
f 5270 5367 5271
f 5270 5366 5367
f 5271 5368 5272
f 5271 5367 5368
f 5272 5369 5273
f 5272 5368 5369
f 5273 5370 5274
f 5273 5369 5370
f 5274 5371 5275
f 5274 5370 5371
f 5275 5372 5276
f 5275 5371 5372
f 5276 5373 5277
f 5276 5372 5373
f 5277 5374 5278
f 5277 5373 5374
f 5278 5375 5279
f 5278 5374 5375
f 5279 5376 5280
f 5279 5375 5376
f 5280 5377 5281
f 5280 5376 5377
f 5281 5282 5186
f 5281 5377 5282
f 5282 5379 5283
f 5282 5378 5379
f 5283 5380 5284
f 5283 5379 5380
f 5284 5381 5285
f 5284 5380 5381
f 5285 5382 5286
f 5285 5381 5382
f 5286 5383 5287
f 5286 5382 5383
f 5287 5384 5288
f 5287 5383 5384
f 5288 5385 5289
f 5288 5384 5385
f 5289 5386 5290
f 5289 5385 5386
f 5290 5387 5291
f 5290 5386 5387
f 5291 5388 5292
f 5291 5387 5388
f 5292 5389 5293
f 5292 5388 5389
f 5293 5390 5294
f 5293 5389 5390
f 5294 5391 5295
f 5294 5390 5391
f 5295 5392 5296
f 5295 5391 5392
f 5296 5393 5297
f 5296 5392 5393
f 5297 5394 5298
f 5297 5393 5394
f 5298 5395 5299
f 5298 5394 5395
f 5299 5396 5300
f 5299 5395 5396
f 5300 5397 5301
f 5300 5396 5397
f 5301 5398 5302
f 5301 5397 5398
f 5302 5399 5303
f 5302 5398 5399
f 5303 5400 5304
f 5303 5399 5400
f 5304 5401 5305
f 5304 5400 5401
f 5305 5402 5306
f 5305 5401 5402
f 5306 5403 5307
f 5306 5402 5403
f 5307 5404 5308
f 5307 5403 5404
f 5308 5405 5309
f 5308 5404 5405
f 5309 5406 5310
f 5309 5405 5406
f 5310 5407 5311
f 5310 5406 5407
f 5311 5408 5312
f 5311 5407 5408
f 5312 5409 5313
f 5312 5408 5409
f 5313 5410 5314
f 5313 5409 5410
f 5314 5411 5315
f 5314 5410 5411
f 5315 5412 5316
f 5315 5411 5412
f 5316 5413 5317
f 5316 5412 5413
f 5317 5414 5318
f 5317 5413 5414
f 5318 5415 5319
f 5318 5414 5415
f 5319 5416 5320
f 5319 5415 5416
f 5320 5417 5321
f 5320 5416 5417
f 5321 5418 5322
f 5321 5417 5418
f 5322 5419 5323
f 5322 5418 5419
f 5323 5420 5324
f 5323 5419 5420
f 5324 5421 5325
f 5324 5420 5421
f 5325 5422 5326
f 5325 5421 5422
f 5326 5423 5327
f 5326 5422 5423
f 5327 5424 5328
f 5327 5423 5424
f 5328 5425 5329
f 5328 5424 5425
f 5329 5426 5330
f 5329 5425 5426
f 5330 5427 5331
f 5330 5426 5427
f 5331 5428 5332
f 5331 5427 5428
f 5332 5429 5333
f 5332 5428 5429
f 5333 5430 5334
f 5333 5429 5430
f 5334 5431 5335
f 5334 5430 5431
f 5335 5432 5336
f 5335 5431 5432
f 5336 5433 5337
f 5336 5432 5433
f 5337 5434 5338
f 5337 5433 5434
f 5338 5435 5339
f 5338 5434 5435
f 5339 5436 5340
f 5339 5435 5436
f 5340 5437 5341
f 5340 5436 5437
f 5341 5438 5342
f 5341 5437 5438
f 5342 5439 5343
f 5342 5438 5439
f 5343 5440 5344
f 5343 5439 5440
f 5344 5441 5345
f 5344 5440 5441
f 5345 5442 5346
f 5345 5441 5442
f 5346 5443 5347
f 5346 5442 5443
f 5347 5444 5348
f 5347 5443 5444
f 5348 5445 5349
f 5348 5444 5445
f 5349 5446 5350
f 5349 5445 5446
f 5350 5447 5351
f 5350 5446 5447
f 5351 5448 5352
f 5351 5447 5448
f 5352 5449 5353
f 5352 5448 5449
f 5353 5450 5354
f 5353 5449 5450
f 5354 5451 5355
f 5354 5450 5451
f 5355 5452 5356
f 5355 5451 5452
f 5356 5453 5357
f 5356 5452 5453
f 5357 5454 5358
f 5357 5453 5454
f 5358 5455 5359
f 5358 5454 5455
f 5359 5456 5360
f 5359 5455 5456
f 5360 5457 5361
f 5360 5456 5457
f 5361 5458 5362
f 5361 5457 5458
f 5362 5459 5363
f 5362 5458 5459
f 5363 5460 5364
f 5363 5459 5460
f 5364 5461 5365
f 5364 5460 5461
f 5365 5462 5366
f 5365 5461 5462
f 5366 5463 5367
f 5366 5462 5463
f 5367 5464 5368
f 5367 5463 5464
f 5368 5465 5369
f 5368 5464 5465
f 5369 5466 5370
f 5369 5465 5466
f 5370 5467 5371
f 5370 5466 5467
f 5371 5468 5372
f 5371 5467 5468
f 5372 5469 5373
f 5372 5468 5469
f 5373 5470 5374
f 5373 5469 5470
f 5374 5471 5375
f 5374 5470 5471
f 5375 5472 5376
f 5375 5471 5472
f 5376 5473 5377
f 5376 5472 5473
f 5377 5378 5282
f 5377 5473 5378
f 5378 5475 5379
f 5378 5474 5475
f 5379 5476 5380
f 5379 5475 5476
f 5380 5477 5381
f 5380 5476 5477
f 5381 5478 5382
f 5381 5477 5478
f 5382 5479 5383
f 5382 5478 5479
f 5383 5480 5384
f 5383 5479 5480
f 5384 5481 5385
f 5384 5480 5481
f 5385 5482 5386
f 5385 5481 5482
f 5386 5483 5387
f 5386 5482 5483
f 5387 5484 5388
f 5387 5483 5484
f 5388 5485 5389
f 5388 5484 5485
f 5389 5486 5390
f 5389 5485 5486
f 5390 5487 5391
f 5390 5486 5487
f 5391 5488 5392
f 5391 5487 5488
f 5392 5489 5393
f 5392 5488 5489
f 5393 5490 5394
f 5393 5489 5490
f 5394 5491 5395
f 5394 5490 5491
f 5395 5492 5396
f 5395 5491 5492
f 5396 5493 5397
f 5396 5492 5493
f 5397 5494 5398
f 5397 5493 5494
f 5398 5495 5399
f 5398 5494 5495
f 5399 5496 5400
f 5399 5495 5496
f 5400 5497 5401
f 5400 5496 5497
f 5401 5498 5402
f 5401 5497 5498
f 5402 5499 5403
f 5402 5498 5499
f 5403 5500 5404
f 5403 5499 5500
f 5404 5501 5405
f 5404 5500 5501
f 5405 5502 5406
f 5405 5501 5502
f 5406 5503 5407
f 5406 5502 5503
f 5407 5504 5408
f 5407 5503 5504
f 5408 5505 5409
f 5408 5504 5505
f 5409 5506 5410
f 5409 5505 5506
f 5410 5507 5411
f 5410 5506 5507
f 5411 5508 5412
f 5411 5507 5508
f 5412 5509 5413
f 5412 5508 5509
f 5413 5510 5414
f 5413 5509 5510
f 5414 5511 5415
f 5414 5510 5511
f 5415 5512 5416
f 5415 5511 5512
f 5416 5513 5417
f 5416 5512 5513
f 5417 5514 5418
f 5417 5513 5514
f 5418 5515 5419
f 5418 5514 5515
f 5419 5516 5420
f 5419 5515 5516
f 5420 5517 5421
f 5420 5516 5517
f 5421 5518 5422
f 5421 5517 5518
f 5422 5519 5423
f 5422 5518 5519
f 5423 5520 5424
f 5423 5519 5520
f 5424 5521 5425
f 5424 5520 5521
f 5425 5522 5426
f 5425 5521 5522
f 5426 5523 5427
f 5426 5522 5523
f 5427 5524 5428
f 5427 5523 5524
f 5428 5525 5429
f 5428 5524 5525
f 5429 5526 5430
f 5429 5525 5526
f 5430 5527 5431
f 5430 5526 5527
f 5431 5528 5432
f 5431 5527 5528
f 5432 5529 5433
f 5432 5528 5529
f 5433 5530 5434
f 5433 5529 5530
f 5434 5531 5435
f 5434 5530 5531
f 5435 5532 5436
f 5435 5531 5532
f 5436 5533 5437
f 5436 5532 5533
f 5437 5534 5438
f 5437 5533 5534
f 5438 5535 5439
f 5438 5534 5535
f 5439 5536 5440
f 5439 5535 5536
f 5440 5537 5441
f 5440 5536 5537
f 5441 5538 5442
f 5441 5537 5538
f 5442 5539 5443
f 5442 5538 5539
f 5443 5540 5444
f 5443 5539 5540
f 5444 5541 5445
f 5444 5540 5541
f 5445 5542 5446
f 5445 5541 5542
f 5446 5543 5447
f 5446 5542 5543
f 5447 5544 5448
f 5447 5543 5544
f 5448 5545 5449
f 5448 5544 5545
f 5449 5546 5450
f 5449 5545 5546
f 5450 5547 5451
f 5450 5546 5547
f 5451 5548 5452
f 5451 5547 5548
f 5452 5549 5453
f 5452 5548 5549
f 5453 5550 5454
f 5453 5549 5550
f 5454 5551 5455
f 5454 5550 5551
f 5455 5552 5456
f 5455 5551 5552
f 5456 5553 5457
f 5456 5552 5553
f 5457 5554 5458
f 5457 5553 5554
f 5458 5555 5459
f 5458 5554 5555
f 5459 5556 5460
f 5459 5555 5556
f 5460 5557 5461
f 5460 5556 5557
f 5461 5558 5462
f 5461 5557 5558
f 5462 5559 5463
f 5462 5558 5559
f 5463 5560 5464
f 5463 5559 5560
f 5464 5561 5465
f 5464 5560 5561
f 5465 5562 5466
f 5465 5561 5562
f 5466 5563 5467
f 5466 5562 5563
f 5467 5564 5468
f 5467 5563 5564
f 5468 5565 5469
f 5468 5564 5565
f 5469 5566 5470
f 5469 5565 5566
f 5470 5567 5471
f 5470 5566 5567
f 5471 5568 5472
f 5471 5567 5568
f 5472 5569 5473
f 5472 5568 5569
f 5473 5474 5378
f 5473 5569 5474
f 5474 5571 5475
f 5474 5570 5571
f 5475 5572 5476
f 5475 5571 5572
f 5476 5573 5477
f 5476 5572 5573
f 5477 5574 5478
f 5477 5573 5574
f 5478 5575 5479
f 5478 5574 5575
f 5479 5576 5480
f 5479 5575 5576
f 5480 5577 5481
f 5480 5576 5577
f 5481 5578 5482
f 5481 5577 5578
f 5482 5579 5483
f 5482 5578 5579
f 5483 5580 5484
f 5483 5579 5580
f 5484 5581 5485
f 5484 5580 5581
f 5485 5582 5486
f 5485 5581 5582
f 5486 5583 5487
f 5486 5582 5583
f 5487 5584 5488
f 5487 5583 5584
f 5488 5585 5489
f 5488 5584 5585
f 5489 5586 5490
f 5489 5585 5586
f 5490 5587 5491
f 5490 5586 5587
f 5491 5588 5492
f 5491 5587 5588
f 5492 5589 5493
f 5492 5588 5589
f 5493 5590 5494
f 5493 5589 5590
f 5494 5591 5495
f 5494 5590 5591
f 5495 5592 5496
f 5495 5591 5592
f 5496 5593 5497
f 5496 5592 5593
f 5497 5594 5498
f 5497 5593 5594
f 5498 5595 5499
f 5498 5594 5595
f 5499 5596 5500
f 5499 5595 5596
f 5500 5597 5501
f 5500 5596 5597
f 5501 5598 5502
f 5501 5597 5598
f 5502 5599 5503
f 5502 5598 5599
f 5503 5600 5504
f 5503 5599 5600
f 5504 5601 5505
f 5504 5600 5601
f 5505 5602 5506
f 5505 5601 5602
f 5506 5603 5507
f 5506 5602 5603
f 5507 5604 5508
f 5507 5603 5604
f 5508 5605 5509
f 5508 5604 5605
f 5509 5606 5510
f 5509 5605 5606
f 5510 5607 5511
f 5510 5606 5607
f 5511 5608 5512
f 5511 5607 5608
f 5512 5609 5513
f 5512 5608 5609
f 5513 5610 5514
f 5513 5609 5610
f 5514 5611 5515
f 5514 5610 5611
f 5515 5612 5516
f 5515 5611 5612
f 5516 5613 5517
f 5516 5612 5613
f 5517 5614 5518
f 5517 5613 5614
f 5518 5615 5519
f 5518 5614 5615
f 5519 5616 5520
f 5519 5615 5616
f 5520 5617 5521
f 5520 5616 5617
f 5521 5618 5522
f 5521 5617 5618
f 5522 5619 5523
f 5522 5618 5619
f 5523 5620 5524
f 5523 5619 5620
f 5524 5621 5525
f 5524 5620 5621
f 5525 5622 5526
f 5525 5621 5622
f 5526 5623 5527
f 5526 5622 5623
f 5527 5624 5528
f 5527 5623 5624
f 5528 5625 5529
f 5528 5624 5625
f 5529 5626 5530
f 5529 5625 5626
f 5530 5627 5531
f 5530 5626 5627
f 5531 5628 5532
f 5531 5627 5628
f 5532 5629 5533
f 5532 5628 5629
f 5533 5630 5534
f 5533 5629 5630
f 5534 5631 5535
f 5534 5630 5631
f 5535 5632 5536
f 5535 5631 5632
f 5536 5633 5537
f 5536 5632 5633
f 5537 5634 5538
f 5537 5633 5634
f 5538 5635 5539
f 5538 5634 5635
f 5539 5636 5540
f 5539 5635 5636
f 5540 5637 5541
f 5540 5636 5637
f 5541 5638 5542
f 5541 5637 5638
f 5542 5639 5543
f 5542 5638 5639
f 5543 5640 5544
f 5543 5639 5640
f 5544 5641 5545
f 5544 5640 5641
f 5545 5642 5546
f 5545 5641 5642
f 5546 5643 5547
f 5546 5642 5643
f 5547 5644 5548
f 5547 5643 5644
f 5548 5645 5549
f 5548 5644 5645
f 5549 5646 5550
f 5549 5645 5646
f 5550 5647 5551
f 5550 5646 5647
f 5551 5648 5552
f 5551 5647 5648
f 5552 5649 5553
f 5552 5648 5649
f 5553 5650 5554
f 5553 5649 5650
f 5554 5651 5555
f 5554 5650 5651
f 5555 5652 5556
f 5555 5651 5652
f 5556 5653 5557
f 5556 5652 5653
f 5557 5654 5558
f 5557 5653 5654
f 5558 5655 5559
f 5558 5654 5655
f 5559 5656 5560
f 5559 5655 5656
f 5560 5657 5561
f 5560 5656 5657
f 5561 5658 5562
f 5561 5657 5658
f 5562 5659 5563
f 5562 5658 5659
f 5563 5660 5564
f 5563 5659 5660
f 5564 5661 5565
f 5564 5660 5661
f 5565 5662 5566
f 5565 5661 5662
f 5566 5663 5567
f 5566 5662 5663
f 5567 5664 5568
f 5567 5663 5664
f 5568 5665 5569
f 5568 5664 5665
f 5569 5570 5474
f 5569 5665 5570
f 5570 5667 5571
f 5570 5666 5667
f 5571 5668 5572
f 5571 5667 5668
f 5572 5669 5573
f 5572 5668 5669
f 5573 5670 5574
f 5573 5669 5670
f 5574 5671 5575
f 5574 5670 5671
f 5575 5672 5576
f 5575 5671 5672
f 5576 5673 5577
f 5576 5672 5673
f 5577 5674 5578
f 5577 5673 5674
f 5578 5675 5579
f 5578 5674 5675
f 5579 5676 5580
f 5579 5675 5676
f 5580 5677 5581
f 5580 5676 5677
f 5581 5678 5582
f 5581 5677 5678
f 5582 5679 5583
f 5582 5678 5679
f 5583 5680 5584
f 5583 5679 5680
f 5584 5681 5585
f 5584 5680 5681
f 5585 5682 5586
f 5585 5681 5682
f 5586 5683 5587
f 5586 5682 5683
f 5587 5684 5588
f 5587 5683 5684
f 5588 5685 5589
f 5588 5684 5685
f 5589 5686 5590
f 5589 5685 5686
f 5590 5687 5591
f 5590 5686 5687
f 5591 5688 5592
f 5591 5687 5688
f 5592 5689 5593
f 5592 5688 5689
f 5593 5690 5594
f 5593 5689 5690
f 5594 5691 5595
f 5594 5690 5691
f 5595 5692 5596
f 5595 5691 5692
f 5596 5693 5597
f 5596 5692 5693
f 5597 5694 5598
f 5597 5693 5694
f 5598 5695 5599
f 5598 5694 5695
f 5599 5696 5600
f 5599 5695 5696
f 5600 5697 5601
f 5600 5696 5697
f 5601 5698 5602
f 5601 5697 5698
f 5602 5699 5603
f 5602 5698 5699
f 5603 5700 5604
f 5603 5699 5700
f 5604 5701 5605
f 5604 5700 5701
f 5605 5702 5606
f 5605 5701 5702
f 5606 5703 5607
f 5606 5702 5703
f 5607 5704 5608
f 5607 5703 5704
f 5608 5705 5609
f 5608 5704 5705
f 5609 5706 5610
f 5609 5705 5706
f 5610 5707 5611
f 5610 5706 5707
f 5611 5708 5612
f 5611 5707 5708
f 5612 5709 5613
f 5612 5708 5709
f 5613 5710 5614
f 5613 5709 5710
f 5614 5711 5615
f 5614 5710 5711
f 5615 5712 5616
f 5615 5711 5712
f 5616 5713 5617
f 5616 5712 5713
f 5617 5714 5618
f 5617 5713 5714
f 5618 5715 5619
f 5618 5714 5715
f 5619 5716 5620
f 5619 5715 5716
f 5620 5717 5621
f 5620 5716 5717
f 5621 5718 5622
f 5621 5717 5718
f 5622 5719 5623
f 5622 5718 5719
f 5623 5720 5624
f 5623 5719 5720
f 5624 5721 5625
f 5624 5720 5721
f 5625 5722 5626
f 5625 5721 5722
f 5626 5723 5627
f 5626 5722 5723
f 5627 5724 5628
f 5627 5723 5724
f 5628 5725 5629
f 5628 5724 5725
f 5629 5726 5630
f 5629 5725 5726
f 5630 5727 5631
f 5630 5726 5727
f 5631 5728 5632
f 5631 5727 5728
f 5632 5729 5633
f 5632 5728 5729
f 5633 5730 5634
f 5633 5729 5730
f 5634 5731 5635
f 5634 5730 5731
f 5635 5732 5636
f 5635 5731 5732
f 5636 5733 5637
f 5636 5732 5733
f 5637 5734 5638
f 5637 5733 5734
f 5638 5735 5639
f 5638 5734 5735
f 5639 5736 5640
f 5639 5735 5736
f 5640 5737 5641
f 5640 5736 5737
f 5641 5738 5642
f 5641 5737 5738
f 5642 5739 5643
f 5642 5738 5739
f 5643 5740 5644
f 5643 5739 5740
f 5644 5741 5645
f 5644 5740 5741
f 5645 5742 5646
f 5645 5741 5742
f 5646 5743 5647
f 5646 5742 5743
f 5647 5744 5648
f 5647 5743 5744
f 5648 5745 5649
f 5648 5744 5745
f 5649 5746 5650
f 5649 5745 5746
f 5650 5747 5651
f 5650 5746 5747
f 5651 5748 5652
f 5651 5747 5748
f 5652 5749 5653
f 5652 5748 5749
f 5653 5750 5654
f 5653 5749 5750
f 5654 5751 5655
f 5654 5750 5751
f 5655 5752 5656
f 5655 5751 5752
f 5656 5753 5657
f 5656 5752 5753
f 5657 5754 5658
f 5657 5753 5754
f 5658 5755 5659
f 5658 5754 5755
f 5659 5756 5660
f 5659 5755 5756
f 5660 5757 5661
f 5660 5756 5757
f 5661 5758 5662
f 5661 5757 5758
f 5662 5759 5663
f 5662 5758 5759
f 5663 5760 5664
f 5663 5759 5760
f 5664 5761 5665
f 5664 5760 5761
f 5665 5666 5570
f 5665 5761 5666
f 5666 5763 5667
f 5666 5762 5763
f 5667 5764 5668
f 5667 5763 5764
f 5668 5765 5669
f 5668 5764 5765
f 5669 5766 5670
f 5669 5765 5766
f 5670 5767 5671
f 5670 5766 5767
f 5671 5768 5672
f 5671 5767 5768
f 5672 5769 5673
f 5672 5768 5769
f 5673 5770 5674
f 5673 5769 5770
f 5674 5771 5675
f 5674 5770 5771
f 5675 5772 5676
f 5675 5771 5772
f 5676 5773 5677
f 5676 5772 5773
f 5677 5774 5678
f 5677 5773 5774
f 5678 5775 5679
f 5678 5774 5775
f 5679 5776 5680
f 5679 5775 5776
f 5680 5777 5681
f 5680 5776 5777
f 5681 5778 5682
f 5681 5777 5778
f 5682 5779 5683
f 5682 5778 5779
f 5683 5780 5684
f 5683 5779 5780
f 5684 5781 5685
f 5684 5780 5781
f 5685 5782 5686
f 5685 5781 5782
f 5686 5783 5687
f 5686 5782 5783
f 5687 5784 5688
f 5687 5783 5784
f 5688 5785 5689
f 5688 5784 5785
f 5689 5786 5690
f 5689 5785 5786
f 5690 5787 5691
f 5690 5786 5787
f 5691 5788 5692
f 5691 5787 5788
f 5692 5789 5693
f 5692 5788 5789
f 5693 5790 5694
f 5693 5789 5790
f 5694 5791 5695
f 5694 5790 5791
f 5695 5792 5696
f 5695 5791 5792
f 5696 5793 5697
f 5696 5792 5793
f 5697 5794 5698
f 5697 5793 5794
f 5698 5795 5699
f 5698 5794 5795
f 5699 5796 5700
f 5699 5795 5796
f 5700 5797 5701
f 5700 5796 5797
f 5701 5798 5702
f 5701 5797 5798
f 5702 5799 5703
f 5702 5798 5799
f 5703 5800 5704
f 5703 5799 5800
f 5704 5801 5705
f 5704 5800 5801
f 5705 5802 5706
f 5705 5801 5802
f 5706 5803 5707
f 5706 5802 5803
f 5707 5804 5708
f 5707 5803 5804
f 5708 5805 5709
f 5708 5804 5805
f 5709 5806 5710
f 5709 5805 5806
f 5710 5807 5711
f 5710 5806 5807
f 5711 5808 5712
f 5711 5807 5808
f 5712 5809 5713
f 5712 5808 5809
f 5713 5810 5714
f 5713 5809 5810
f 5714 5811 5715
f 5714 5810 5811
f 5715 5812 5716
f 5715 5811 5812
f 5716 5813 5717
f 5716 5812 5813
f 5717 5814 5718
f 5717 5813 5814
f 5718 5815 5719
f 5718 5814 5815
f 5719 5816 5720
f 5719 5815 5816
f 5720 5817 5721
f 5720 5816 5817
f 5721 5818 5722
f 5721 5817 5818
f 5722 5819 5723
f 5722 5818 5819
f 5723 5820 5724
f 5723 5819 5820
f 5724 5821 5725
f 5724 5820 5821
f 5725 5822 5726
f 5725 5821 5822
f 5726 5823 5727
f 5726 5822 5823
f 5727 5824 5728
f 5727 5823 5824
f 5728 5825 5729
f 5728 5824 5825
f 5729 5826 5730
f 5729 5825 5826
f 5730 5827 5731
f 5730 5826 5827
f 5731 5828 5732
f 5731 5827 5828
f 5732 5829 5733
f 5732 5828 5829
f 5733 5830 5734
f 5733 5829 5830
f 5734 5831 5735
f 5734 5830 5831
f 5735 5832 5736
f 5735 5831 5832
f 5736 5833 5737
f 5736 5832 5833
f 5737 5834 5738
f 5737 5833 5834
f 5738 5835 5739
f 5738 5834 5835
f 5739 5836 5740
f 5739 5835 5836
f 5740 5837 5741
f 5740 5836 5837
f 5741 5838 5742
f 5741 5837 5838
f 5742 5839 5743
f 5742 5838 5839
f 5743 5840 5744
f 5743 5839 5840
f 5744 5841 5745
f 5744 5840 5841
f 5745 5842 5746
f 5745 5841 5842
f 5746 5843 5747
f 5746 5842 5843
f 5747 5844 5748
f 5747 5843 5844
f 5748 5845 5749
f 5748 5844 5845
f 5749 5846 5750
f 5749 5845 5846
f 5750 5847 5751
f 5750 5846 5847
f 5751 5848 5752
f 5751 5847 5848
f 5752 5849 5753
f 5752 5848 5849
f 5753 5850 5754
f 5753 5849 5850
f 5754 5851 5755
f 5754 5850 5851
f 5755 5852 5756
f 5755 5851 5852
f 5756 5853 5757
f 5756 5852 5853
f 5757 5854 5758
f 5757 5853 5854
f 5758 5855 5759
f 5758 5854 5855
f 5759 5856 5760
f 5759 5855 5856
f 5760 5857 5761
f 5760 5856 5857
f 5761 5762 5666
f 5761 5857 5762
f 5762 5859 5763
f 5762 5858 5859
f 5763 5860 5764
f 5763 5859 5860
f 5764 5861 5765
f 5764 5860 5861
f 5765 5862 5766
f 5765 5861 5862
f 5766 5863 5767
f 5766 5862 5863
f 5767 5864 5768
f 5767 5863 5864
f 5768 5865 5769
f 5768 5864 5865
f 5769 5866 5770
f 5769 5865 5866
f 5770 5867 5771
f 5770 5866 5867
f 5771 5868 5772
f 5771 5867 5868
f 5772 5869 5773
f 5772 5868 5869
f 5773 5870 5774
f 5773 5869 5870
f 5774 5871 5775
f 5774 5870 5871
f 5775 5872 5776
f 5775 5871 5872
f 5776 5873 5777
f 5776 5872 5873
f 5777 5874 5778
f 5777 5873 5874
f 5778 5875 5779
f 5778 5874 5875
f 5779 5876 5780
f 5779 5875 5876
f 5780 5877 5781
f 5780 5876 5877
f 5781 5878 5782
f 5781 5877 5878
f 5782 5879 5783
f 5782 5878 5879
f 5783 5880 5784
f 5783 5879 5880
f 5784 5881 5785
f 5784 5880 5881
f 5785 5882 5786
f 5785 5881 5882
f 5786 5883 5787
f 5786 5882 5883
f 5787 5884 5788
f 5787 5883 5884
f 5788 5885 5789
f 5788 5884 5885
f 5789 5886 5790
f 5789 5885 5886
f 5790 5887 5791
f 5790 5886 5887
f 5791 5888 5792
f 5791 5887 5888
f 5792 5889 5793
f 5792 5888 5889
f 5793 5890 5794
f 5793 5889 5890
f 5794 5891 5795
f 5794 5890 5891
f 5795 5892 5796
f 5795 5891 5892
f 5796 5893 5797
f 5796 5892 5893
f 5797 5894 5798
f 5797 5893 5894
f 5798 5895 5799
f 5798 5894 5895
f 5799 5896 5800
f 5799 5895 5896
f 5800 5897 5801
f 5800 5896 5897
f 5801 5898 5802
f 5801 5897 5898
f 5802 5899 5803
f 5802 5898 5899
f 5803 5900 5804
f 5803 5899 5900
f 5804 5901 5805
f 5804 5900 5901
f 5805 5902 5806
f 5805 5901 5902
f 5806 5903 5807
f 5806 5902 5903
f 5807 5904 5808
f 5807 5903 5904
f 5808 5905 5809
f 5808 5904 5905
f 5809 5906 5810
f 5809 5905 5906
f 5810 5907 5811
f 5810 5906 5907
f 5811 5908 5812
f 5811 5907 5908
f 5812 5909 5813
f 5812 5908 5909
f 5813 5910 5814
f 5813 5909 5910
f 5814 5911 5815
f 5814 5910 5911
f 5815 5912 5816
f 5815 5911 5912
f 5816 5913 5817
f 5816 5912 5913
f 5817 5914 5818
f 5817 5913 5914
f 5818 5915 5819
f 5818 5914 5915
f 5819 5916 5820
f 5819 5915 5916
f 5820 5917 5821
f 5820 5916 5917
f 5821 5918 5822
f 5821 5917 5918
f 5822 5919 5823
f 5822 5918 5919
f 5823 5920 5824
f 5823 5919 5920
f 5824 5921 5825
f 5824 5920 5921
f 5825 5922 5826
f 5825 5921 5922
f 5826 5923 5827
f 5826 5922 5923
f 5827 5924 5828
f 5827 5923 5924
f 5828 5925 5829
f 5828 5924 5925
f 5829 5926 5830
f 5829 5925 5926
f 5830 5927 5831
f 5830 5926 5927
f 5831 5928 5832
f 5831 5927 5928
f 5832 5929 5833
f 5832 5928 5929
f 5833 5930 5834
f 5833 5929 5930
f 5834 5931 5835
f 5834 5930 5931
f 5835 5932 5836
f 5835 5931 5932
f 5836 5933 5837
f 5836 5932 5933
f 5837 5934 5838
f 5837 5933 5934
f 5838 5935 5839
f 5838 5934 5935
f 5839 5936 5840
f 5839 5935 5936
f 5840 5937 5841
f 5840 5936 5937
f 5841 5938 5842
f 5841 5937 5938
f 5842 5939 5843
f 5842 5938 5939
f 5843 5940 5844
f 5843 5939 5940
f 5844 5941 5845
f 5844 5940 5941
f 5845 5942 5846
f 5845 5941 5942
f 5846 5943 5847
f 5846 5942 5943
f 5847 5944 5848
f 5847 5943 5944
f 5848 5945 5849
f 5848 5944 5945
f 5849 5946 5850
f 5849 5945 5946
f 5850 5947 5851
f 5850 5946 5947
f 5851 5948 5852
f 5851 5947 5948
f 5852 5949 5853
f 5852 5948 5949
f 5853 5950 5854
f 5853 5949 5950
f 5854 5951 5855
f 5854 5950 5951
f 5855 5952 5856
f 5855 5951 5952
f 5856 5953 5857
f 5856 5952 5953
f 5857 5858 5762
f 5857 5953 5858
f 5858 5955 5859
f 5858 5954 5955
f 5859 5956 5860
f 5859 5955 5956
f 5860 5957 5861
f 5860 5956 5957
f 5861 5958 5862
f 5861 5957 5958
f 5862 5959 5863
f 5862 5958 5959
f 5863 5960 5864
f 5863 5959 5960
f 5864 5961 5865
f 5864 5960 5961
f 5865 5962 5866
f 5865 5961 5962
f 5866 5963 5867
f 5866 5962 5963
f 5867 5964 5868
f 5867 5963 5964
f 5868 5965 5869
f 5868 5964 5965
f 5869 5966 5870
f 5869 5965 5966
f 5870 5967 5871
f 5870 5966 5967
f 5871 5968 5872
f 5871 5967 5968
f 5872 5969 5873
f 5872 5968 5969
f 5873 5970 5874
f 5873 5969 5970
f 5874 5971 5875
f 5874 5970 5971
f 5875 5972 5876
f 5875 5971 5972
f 5876 5973 5877
f 5876 5972 5973
f 5877 5974 5878
f 5877 5973 5974
f 5878 5975 5879
f 5878 5974 5975
f 5879 5976 5880
f 5879 5975 5976
f 5880 5977 5881
f 5880 5976 5977
f 5881 5978 5882
f 5881 5977 5978
f 5882 5979 5883
f 5882 5978 5979
f 5883 5980 5884
f 5883 5979 5980
f 5884 5981 5885
f 5884 5980 5981
f 5885 5982 5886
f 5885 5981 5982
f 5886 5983 5887
f 5886 5982 5983
f 5887 5984 5888
f 5887 5983 5984
f 5888 5985 5889
f 5888 5984 5985
f 5889 5986 5890
f 5889 5985 5986
f 5890 5987 5891
f 5890 5986 5987
f 5891 5988 5892
f 5891 5987 5988
f 5892 5989 5893
f 5892 5988 5989
f 5893 5990 5894
f 5893 5989 5990
f 5894 5991 5895
f 5894 5990 5991
f 5895 5992 5896
f 5895 5991 5992
f 5896 5993 5897
f 5896 5992 5993
f 5897 5994 5898
f 5897 5993 5994
f 5898 5995 5899
f 5898 5994 5995
f 5899 5996 5900
f 5899 5995 5996
f 5900 5997 5901
f 5900 5996 5997
f 5901 5998 5902
f 5901 5997 5998
f 5902 5999 5903
f 5902 5998 5999
f 5903 6000 5904
f 5903 5999 6000
f 5904 6001 5905
f 5904 6000 6001
f 5905 6002 5906
f 5905 6001 6002
f 5906 6003 5907
f 5906 6002 6003
f 5907 6004 5908
f 5907 6003 6004
f 5908 6005 5909
f 5908 6004 6005
f 5909 6006 5910
f 5909 6005 6006
f 5910 6007 5911
f 5910 6006 6007
f 5911 6008 5912
f 5911 6007 6008
f 5912 6009 5913
f 5912 6008 6009
f 5913 6010 5914
f 5913 6009 6010
f 5914 6011 5915
f 5914 6010 6011
f 5915 6012 5916
f 5915 6011 6012
f 5916 6013 5917
f 5916 6012 6013
f 5917 6014 5918
f 5917 6013 6014
f 5918 6015 5919
f 5918 6014 6015
f 5919 6016 5920
f 5919 6015 6016
f 5920 6017 5921
f 5920 6016 6017
f 5921 6018 5922
f 5921 6017 6018
f 5922 6019 5923
f 5922 6018 6019
f 5923 6020 5924
f 5923 6019 6020
f 5924 6021 5925
f 5924 6020 6021
f 5925 6022 5926
f 5925 6021 6022
f 5926 6023 5927
f 5926 6022 6023
f 5927 6024 5928
f 5927 6023 6024
f 5928 6025 5929
f 5928 6024 6025
f 5929 6026 5930
f 5929 6025 6026
f 5930 6027 5931
f 5930 6026 6027
f 5931 6028 5932
f 5931 6027 6028
f 5932 6029 5933
f 5932 6028 6029
f 5933 6030 5934
f 5933 6029 6030
f 5934 6031 5935
f 5934 6030 6031
f 5935 6032 5936
f 5935 6031 6032
f 5936 6033 5937
f 5936 6032 6033
f 5937 6034 5938
f 5937 6033 6034
f 5938 6035 5939
f 5938 6034 6035
f 5939 6036 5940
f 5939 6035 6036
f 5940 6037 5941
f 5940 6036 6037
f 5941 6038 5942
f 5941 6037 6038
f 5942 6039 5943
f 5942 6038 6039
f 5943 6040 5944
f 5943 6039 6040
f 5944 6041 5945
f 5944 6040 6041
f 5945 6042 5946
f 5945 6041 6042
f 5946 6043 5947
f 5946 6042 6043
f 5947 6044 5948
f 5947 6043 6044
f 5948 6045 5949
f 5948 6044 6045
f 5949 6046 5950
f 5949 6045 6046
f 5950 6047 5951
f 5950 6046 6047
f 5951 6048 5952
f 5951 6047 6048
f 5952 6049 5953
f 5952 6048 6049
f 5953 5954 5858
f 5953 6049 5954
f 5954 6051 5955
f 5954 6050 6051
f 5955 6052 5956
f 5955 6051 6052
f 5956 6053 5957
f 5956 6052 6053
f 5957 6054 5958
f 5957 6053 6054
f 5958 6055 5959
f 5958 6054 6055
f 5959 6056 5960
f 5959 6055 6056
f 5960 6057 5961
f 5960 6056 6057
f 5961 6058 5962
f 5961 6057 6058
f 5962 6059 5963
f 5962 6058 6059
f 5963 6060 5964
f 5963 6059 6060
f 5964 6061 5965
f 5964 6060 6061
f 5965 6062 5966
f 5965 6061 6062
f 5966 6063 5967
f 5966 6062 6063
f 5967 6064 5968
f 5967 6063 6064
f 5968 6065 5969
f 5968 6064 6065
f 5969 6066 5970
f 5969 6065 6066
f 5970 6067 5971
f 5970 6066 6067
f 5971 6068 5972
f 5971 6067 6068
f 5972 6069 5973
f 5972 6068 6069
f 5973 6070 5974
f 5973 6069 6070
f 5974 6071 5975
f 5974 6070 6071
f 5975 6072 5976
f 5975 6071 6072
f 5976 6073 5977
f 5976 6072 6073
f 5977 6074 5978
f 5977 6073 6074
f 5978 6075 5979
f 5978 6074 6075
f 5979 6076 5980
f 5979 6075 6076
f 5980 6077 5981
f 5980 6076 6077
f 5981 6078 5982
f 5981 6077 6078
f 5982 6079 5983
f 5982 6078 6079
f 5983 6080 5984
f 5983 6079 6080
f 5984 6081 5985
f 5984 6080 6081
f 5985 6082 5986
f 5985 6081 6082
f 5986 6083 5987
f 5986 6082 6083
f 5987 6084 5988
f 5987 6083 6084
f 5988 6085 5989
f 5988 6084 6085
f 5989 6086 5990
f 5989 6085 6086
f 5990 6087 5991
f 5990 6086 6087
f 5991 6088 5992
f 5991 6087 6088
f 5992 6089 5993
f 5992 6088 6089
f 5993 6090 5994
f 5993 6089 6090
f 5994 6091 5995
f 5994 6090 6091
f 5995 6092 5996
f 5995 6091 6092
f 5996 6093 5997
f 5996 6092 6093
f 5997 6094 5998
f 5997 6093 6094
f 5998 6095 5999
f 5998 6094 6095
f 5999 6096 6000
f 5999 6095 6096
f 6000 6097 6001
f 6000 6096 6097
f 6001 6098 6002
f 6001 6097 6098
f 6002 6099 6003
f 6002 6098 6099
f 6003 6100 6004
f 6003 6099 6100
f 6004 6101 6005
f 6004 6100 6101
f 6005 6102 6006
f 6005 6101 6102
f 6006 6103 6007
f 6006 6102 6103
f 6007 6104 6008
f 6007 6103 6104
f 6008 6105 6009
f 6008 6104 6105
f 6009 6106 6010
f 6009 6105 6106
f 6010 6107 6011
f 6010 6106 6107
f 6011 6108 6012
f 6011 6107 6108
f 6012 6109 6013
f 6012 6108 6109
f 6013 6110 6014
f 6013 6109 6110
f 6014 6111 6015
f 6014 6110 6111
f 6015 6112 6016
f 6015 6111 6112
f 6016 6113 6017
f 6016 6112 6113
f 6017 6114 6018
f 6017 6113 6114
f 6018 6115 6019
f 6018 6114 6115
f 6019 6116 6020
f 6019 6115 6116
f 6020 6117 6021
f 6020 6116 6117
f 6021 6118 6022
f 6021 6117 6118
f 6022 6119 6023
f 6022 6118 6119
f 6023 6120 6024
f 6023 6119 6120
f 6024 6121 6025
f 6024 6120 6121
f 6025 6122 6026
f 6025 6121 6122
f 6026 6123 6027
f 6026 6122 6123
f 6027 6124 6028
f 6027 6123 6124
f 6028 6125 6029
f 6028 6124 6125
f 6029 6126 6030
f 6029 6125 6126
f 6030 6127 6031
f 6030 6126 6127
f 6031 6128 6032
f 6031 6127 6128
f 6032 6129 6033
f 6032 6128 6129
f 6033 6130 6034
f 6033 6129 6130
f 6034 6131 6035
f 6034 6130 6131
f 6035 6132 6036
f 6035 6131 6132
f 6036 6133 6037
f 6036 6132 6133
f 6037 6134 6038
f 6037 6133 6134
f 6038 6135 6039
f 6038 6134 6135
f 6039 6136 6040
f 6039 6135 6136
f 6040 6137 6041
f 6040 6136 6137
f 6041 6138 6042
f 6041 6137 6138
f 6042 6139 6043
f 6042 6138 6139
f 6043 6140 6044
f 6043 6139 6140
f 6044 6141 6045
f 6044 6140 6141
f 6045 6142 6046
f 6045 6141 6142
f 6046 6143 6047
f 6046 6142 6143
f 6047 6144 6048
f 6047 6143 6144
f 6048 6145 6049
f 6048 6144 6145
f 6049 6050 5954
f 6049 6145 6050
f 6050 6147 6051
f 6050 6146 6147
f 6051 6148 6052
f 6051 6147 6148
f 6052 6149 6053
f 6052 6148 6149
f 6053 6150 6054
f 6053 6149 6150
f 6054 6151 6055
f 6054 6150 6151
f 6055 6152 6056
f 6055 6151 6152
f 6056 6153 6057
f 6056 6152 6153
f 6057 6154 6058
f 6057 6153 6154
f 6058 6155 6059
f 6058 6154 6155
f 6059 6156 6060
f 6059 6155 6156
f 6060 6157 6061
f 6060 6156 6157
f 6061 6158 6062
f 6061 6157 6158
f 6062 6159 6063
f 6062 6158 6159
f 6063 6160 6064
f 6063 6159 6160
f 6064 6161 6065
f 6064 6160 6161
f 6065 6162 6066
f 6065 6161 6162
f 6066 6163 6067
f 6066 6162 6163
f 6067 6164 6068
f 6067 6163 6164
f 6068 6165 6069
f 6068 6164 6165
f 6069 6166 6070
f 6069 6165 6166
f 6070 6167 6071
f 6070 6166 6167
f 6071 6168 6072
f 6071 6167 6168
f 6072 6169 6073
f 6072 6168 6169
f 6073 6170 6074
f 6073 6169 6170
f 6074 6171 6075
f 6074 6170 6171
f 6075 6172 6076
f 6075 6171 6172
f 6076 6173 6077
f 6076 6172 6173
f 6077 6174 6078
f 6077 6173 6174
f 6078 6175 6079
f 6078 6174 6175
f 6079 6176 6080
f 6079 6175 6176
f 6080 6177 6081
f 6080 6176 6177
f 6081 6178 6082
f 6081 6177 6178
f 6082 6179 6083
f 6082 6178 6179
f 6083 6180 6084
f 6083 6179 6180
f 6084 6181 6085
f 6084 6180 6181
f 6085 6182 6086
f 6085 6181 6182
f 6086 6183 6087
f 6086 6182 6183
f 6087 6184 6088
f 6087 6183 6184
f 6088 6185 6089
f 6088 6184 6185
f 6089 6186 6090
f 6089 6185 6186
f 6090 6187 6091
f 6090 6186 6187
f 6091 6188 6092
f 6091 6187 6188
f 6092 6189 6093
f 6092 6188 6189
f 6093 6190 6094
f 6093 6189 6190
f 6094 6191 6095
f 6094 6190 6191
f 6095 6192 6096
f 6095 6191 6192
f 6096 6193 6097
f 6096 6192 6193
f 6097 6194 6098
f 6097 6193 6194
f 6098 6195 6099
f 6098 6194 6195
f 6099 6196 6100
f 6099 6195 6196
f 6100 6197 6101
f 6100 6196 6197
f 6101 6198 6102
f 6101 6197 6198
f 6102 6199 6103
f 6102 6198 6199
f 6103 6200 6104
f 6103 6199 6200
f 6104 6201 6105
f 6104 6200 6201
f 6105 6202 6106
f 6105 6201 6202
f 6106 6203 6107
f 6106 6202 6203
f 6107 6204 6108
f 6107 6203 6204
f 6108 6205 6109
f 6108 6204 6205
f 6109 6206 6110
f 6109 6205 6206
f 6110 6207 6111
f 6110 6206 6207
f 6111 6208 6112
f 6111 6207 6208
f 6112 6209 6113
f 6112 6208 6209
f 6113 6210 6114
f 6113 6209 6210
f 6114 6211 6115
f 6114 6210 6211
f 6115 6212 6116
f 6115 6211 6212
f 6116 6213 6117
f 6116 6212 6213
f 6117 6214 6118
f 6117 6213 6214
f 6118 6215 6119
f 6118 6214 6215
f 6119 6216 6120
f 6119 6215 6216
f 6120 6217 6121
f 6120 6216 6217
f 6121 6218 6122
f 6121 6217 6218
f 6122 6219 6123
f 6122 6218 6219
f 6123 6220 6124
f 6123 6219 6220
f 6124 6221 6125
f 6124 6220 6221
f 6125 6222 6126
f 6125 6221 6222
f 6126 6223 6127
f 6126 6222 6223
f 6127 6224 6128
f 6127 6223 6224
f 6128 6225 6129
f 6128 6224 6225
f 6129 6226 6130
f 6129 6225 6226
f 6130 6227 6131
f 6130 6226 6227
f 6131 6228 6132
f 6131 6227 6228
f 6132 6229 6133
f 6132 6228 6229
f 6133 6230 6134
f 6133 6229 6230
f 6134 6231 6135
f 6134 6230 6231
f 6135 6232 6136
f 6135 6231 6232
f 6136 6233 6137
f 6136 6232 6233
f 6137 6234 6138
f 6137 6233 6234
f 6138 6235 6139
f 6138 6234 6235
f 6139 6236 6140
f 6139 6235 6236
f 6140 6237 6141
f 6140 6236 6237
f 6141 6238 6142
f 6141 6237 6238
f 6142 6239 6143
f 6142 6238 6239
f 6143 6240 6144
f 6143 6239 6240
f 6144 6241 6145
f 6144 6240 6241
f 6145 6146 6050
f 6145 6241 6146
f 6146 6243 6147
f 6146 6242 6243
f 6147 6244 6148
f 6147 6243 6244
f 6148 6245 6149
f 6148 6244 6245
f 6149 6246 6150
f 6149 6245 6246
f 6150 6247 6151
f 6150 6246 6247
f 6151 6248 6152
f 6151 6247 6248
f 6152 6249 6153
f 6152 6248 6249
f 6153 6250 6154
f 6153 6249 6250
f 6154 6251 6155
f 6154 6250 6251
f 6155 6252 6156
f 6155 6251 6252
f 6156 6253 6157
f 6156 6252 6253
f 6157 6254 6158
f 6157 6253 6254
f 6158 6255 6159
f 6158 6254 6255
f 6159 6256 6160
f 6159 6255 6256
f 6160 6257 6161
f 6160 6256 6257
f 6161 6258 6162
f 6161 6257 6258
f 6162 6259 6163
f 6162 6258 6259
f 6163 6260 6164
f 6163 6259 6260
f 6164 6261 6165
f 6164 6260 6261
f 6165 6262 6166
f 6165 6261 6262
f 6166 6263 6167
f 6166 6262 6263
f 6167 6264 6168
f 6167 6263 6264
f 6168 6265 6169
f 6168 6264 6265
f 6169 6266 6170
f 6169 6265 6266
f 6170 6267 6171
f 6170 6266 6267
f 6171 6268 6172
f 6171 6267 6268
f 6172 6269 6173
f 6172 6268 6269
f 6173 6270 6174
f 6173 6269 6270
f 6174 6271 6175
f 6174 6270 6271
f 6175 6272 6176
f 6175 6271 6272
f 6176 6273 6177
f 6176 6272 6273
f 6177 6274 6178
f 6177 6273 6274
f 6178 6275 6179
f 6178 6274 6275
f 6179 6276 6180
f 6179 6275 6276
f 6180 6277 6181
f 6180 6276 6277
f 6181 6278 6182
f 6181 6277 6278
f 6182 6279 6183
f 6182 6278 6279
f 6183 6280 6184
f 6183 6279 6280
f 6184 6281 6185
f 6184 6280 6281
f 6185 6282 6186
f 6185 6281 6282
f 6186 6283 6187
f 6186 6282 6283
f 6187 6284 6188
f 6187 6283 6284
f 6188 6285 6189
f 6188 6284 6285
f 6189 6286 6190
f 6189 6285 6286
f 6190 6287 6191
f 6190 6286 6287
f 6191 6288 6192
f 6191 6287 6288
f 6192 6289 6193
f 6192 6288 6289
f 6193 6290 6194
f 6193 6289 6290
f 6194 6291 6195
f 6194 6290 6291
f 6195 6292 6196
f 6195 6291 6292
f 6196 6293 6197
f 6196 6292 6293
f 6197 6294 6198
f 6197 6293 6294
f 6198 6295 6199
f 6198 6294 6295
f 6199 6296 6200
f 6199 6295 6296
f 6200 6297 6201
f 6200 6296 6297
f 6201 6298 6202
f 6201 6297 6298
f 6202 6299 6203
f 6202 6298 6299
f 6203 6300 6204
f 6203 6299 6300
f 6204 6301 6205
f 6204 6300 6301
f 6205 6302 6206
f 6205 6301 6302
f 6206 6303 6207
f 6206 6302 6303
f 6207 6304 6208
f 6207 6303 6304
f 6208 6305 6209
f 6208 6304 6305
f 6209 6306 6210
f 6209 6305 6306
f 6210 6307 6211
f 6210 6306 6307
f 6211 6308 6212
f 6211 6307 6308
f 6212 6309 6213
f 6212 6308 6309
f 6213 6310 6214
f 6213 6309 6310
f 6214 6311 6215
f 6214 6310 6311
f 6215 6312 6216
f 6215 6311 6312
f 6216 6313 6217
f 6216 6312 6313
f 6217 6314 6218
f 6217 6313 6314
f 6218 6315 6219
f 6218 6314 6315
f 6219 6316 6220
f 6219 6315 6316
f 6220 6317 6221
f 6220 6316 6317
f 6221 6318 6222
f 6221 6317 6318
f 6222 6319 6223
f 6222 6318 6319
f 6223 6320 6224
f 6223 6319 6320
f 6224 6321 6225
f 6224 6320 6321
f 6225 6322 6226
f 6225 6321 6322
f 6226 6323 6227
f 6226 6322 6323
f 6227 6324 6228
f 6227 6323 6324
f 6228 6325 6229
f 6228 6324 6325
f 6229 6326 6230
f 6229 6325 6326
f 6230 6327 6231
f 6230 6326 6327
f 6231 6328 6232
f 6231 6327 6328
f 6232 6329 6233
f 6232 6328 6329
f 6233 6330 6234
f 6233 6329 6330
f 6234 6331 6235
f 6234 6330 6331
f 6235 6332 6236
f 6235 6331 6332
f 6236 6333 6237
f 6236 6332 6333
f 6237 6334 6238
f 6237 6333 6334
f 6238 6335 6239
f 6238 6334 6335
f 6239 6336 6240
f 6239 6335 6336
f 6240 6337 6241
f 6240 6336 6337
f 6241 6242 6146
f 6241 6337 6242
f 6242 6339 6243
f 6242 6338 6339
f 6243 6340 6244
f 6243 6339 6340
f 6244 6341 6245
f 6244 6340 6341
f 6245 6342 6246
f 6245 6341 6342
f 6246 6343 6247
f 6246 6342 6343
f 6247 6344 6248
f 6247 6343 6344
f 6248 6345 6249
f 6248 6344 6345
f 6249 6346 6250
f 6249 6345 6346
f 6250 6347 6251
f 6250 6346 6347
f 6251 6348 6252
f 6251 6347 6348
f 6252 6349 6253
f 6252 6348 6349
f 6253 6350 6254
f 6253 6349 6350
f 6254 6351 6255
f 6254 6350 6351
f 6255 6352 6256
f 6255 6351 6352
f 6256 6353 6257
f 6256 6352 6353
f 6257 6354 6258
f 6257 6353 6354
f 6258 6355 6259
f 6258 6354 6355
f 6259 6356 6260
f 6259 6355 6356
f 6260 6357 6261
f 6260 6356 6357
f 6261 6358 6262
f 6261 6357 6358
f 6262 6359 6263
f 6262 6358 6359
f 6263 6360 6264
f 6263 6359 6360
f 6264 6361 6265
f 6264 6360 6361
f 6265 6362 6266
f 6265 6361 6362
f 6266 6363 6267
f 6266 6362 6363
f 6267 6364 6268
f 6267 6363 6364
f 6268 6365 6269
f 6268 6364 6365
f 6269 6366 6270
f 6269 6365 6366
f 6270 6367 6271
f 6270 6366 6367
f 6271 6368 6272
f 6271 6367 6368
f 6272 6369 6273
f 6272 6368 6369
f 6273 6370 6274
f 6273 6369 6370
f 6274 6371 6275
f 6274 6370 6371
f 6275 6372 6276
f 6275 6371 6372
f 6276 6373 6277
f 6276 6372 6373
f 6277 6374 6278
f 6277 6373 6374
f 6278 6375 6279
f 6278 6374 6375
f 6279 6376 6280
f 6279 6375 6376
f 6280 6377 6281
f 6280 6376 6377
f 6281 6378 6282
f 6281 6377 6378
f 6282 6379 6283
f 6282 6378 6379
f 6283 6380 6284
f 6283 6379 6380
f 6284 6381 6285
f 6284 6380 6381
f 6285 6382 6286
f 6285 6381 6382
f 6286 6383 6287
f 6286 6382 6383
f 6287 6384 6288
f 6287 6383 6384
f 6288 6385 6289
f 6288 6384 6385
f 6289 6386 6290
f 6289 6385 6386
f 6290 6387 6291
f 6290 6386 6387
f 6291 6388 6292
f 6291 6387 6388
f 6292 6389 6293
f 6292 6388 6389
f 6293 6390 6294
f 6293 6389 6390
f 6294 6391 6295
f 6294 6390 6391
f 6295 6392 6296
f 6295 6391 6392
f 6296 6393 6297
f 6296 6392 6393
f 6297 6394 6298
f 6297 6393 6394
f 6298 6395 6299
f 6298 6394 6395
f 6299 6396 6300
f 6299 6395 6396
f 6300 6397 6301
f 6300 6396 6397
f 6301 6398 6302
f 6301 6397 6398
f 6302 6399 6303
f 6302 6398 6399
f 6303 6400 6304
f 6303 6399 6400
f 6304 6401 6305
f 6304 6400 6401
f 6305 6402 6306
f 6305 6401 6402
f 6306 6403 6307
f 6306 6402 6403
f 6307 6404 6308
f 6307 6403 6404
f 6308 6405 6309
f 6308 6404 6405
f 6309 6406 6310
f 6309 6405 6406
f 6310 6407 6311
f 6310 6406 6407
f 6311 6408 6312
f 6311 6407 6408
f 6312 6409 6313
f 6312 6408 6409
f 6313 6410 6314
f 6313 6409 6410
f 6314 6411 6315
f 6314 6410 6411
f 6315 6412 6316
f 6315 6411 6412
f 6316 6413 6317
f 6316 6412 6413
f 6317 6414 6318
f 6317 6413 6414
f 6318 6415 6319
f 6318 6414 6415
f 6319 6416 6320
f 6319 6415 6416
f 6320 6417 6321
f 6320 6416 6417
f 6321 6418 6322
f 6321 6417 6418
f 6322 6419 6323
f 6322 6418 6419
f 6323 6420 6324
f 6323 6419 6420
f 6324 6421 6325
f 6324 6420 6421
f 6325 6422 6326
f 6325 6421 6422
f 6326 6423 6327
f 6326 6422 6423
f 6327 6424 6328
f 6327 6423 6424
f 6328 6425 6329
f 6328 6424 6425
f 6329 6426 6330
f 6329 6425 6426
f 6330 6427 6331
f 6330 6426 6427
f 6331 6428 6332
f 6331 6427 6428
f 6332 6429 6333
f 6332 6428 6429
f 6333 6430 6334
f 6333 6429 6430
f 6334 6431 6335
f 6334 6430 6431
f 6335 6432 6336
f 6335 6431 6432
f 6336 6433 6337
f 6336 6432 6433
f 6337 6338 6242
f 6337 6433 6338
f 6338 6435 6339
f 6338 6434 6435
f 6339 6436 6340
f 6339 6435 6436
f 6340 6437 6341
f 6340 6436 6437
f 6341 6438 6342
f 6341 6437 6438
f 6342 6439 6343
f 6342 6438 6439
f 6343 6440 6344
f 6343 6439 6440
f 6344 6441 6345
f 6344 6440 6441
f 6345 6442 6346
f 6345 6441 6442
f 6346 6443 6347
f 6346 6442 6443
f 6347 6444 6348
f 6347 6443 6444
f 6348 6445 6349
f 6348 6444 6445
f 6349 6446 6350
f 6349 6445 6446
f 6350 6447 6351
f 6350 6446 6447
f 6351 6448 6352
f 6351 6447 6448
f 6352 6449 6353
f 6352 6448 6449
f 6353 6450 6354
f 6353 6449 6450
f 6354 6451 6355
f 6354 6450 6451
f 6355 6452 6356
f 6355 6451 6452
f 6356 6453 6357
f 6356 6452 6453
f 6357 6454 6358
f 6357 6453 6454
f 6358 6455 6359
f 6358 6454 6455
f 6359 6456 6360
f 6359 6455 6456
f 6360 6457 6361
f 6360 6456 6457
f 6361 6458 6362
f 6361 6457 6458
f 6362 6459 6363
f 6362 6458 6459
f 6363 6460 6364
f 6363 6459 6460
f 6364 6461 6365
f 6364 6460 6461
f 6365 6462 6366
f 6365 6461 6462
f 6366 6463 6367
f 6366 6462 6463
f 6367 6464 6368
f 6367 6463 6464
f 6368 6465 6369
f 6368 6464 6465
f 6369 6466 6370
f 6369 6465 6466
f 6370 6467 6371
f 6370 6466 6467
f 6371 6468 6372
f 6371 6467 6468
f 6372 6469 6373
f 6372 6468 6469
f 6373 6470 6374
f 6373 6469 6470
f 6374 6471 6375
f 6374 6470 6471
f 6375 6472 6376
f 6375 6471 6472
f 6376 6473 6377
f 6376 6472 6473
f 6377 6474 6378
f 6377 6473 6474
f 6378 6475 6379
f 6378 6474 6475
f 6379 6476 6380
f 6379 6475 6476
f 6380 6477 6381
f 6380 6476 6477
f 6381 6478 6382
f 6381 6477 6478
f 6382 6479 6383
f 6382 6478 6479
f 6383 6480 6384
f 6383 6479 6480
f 6384 6481 6385
f 6384 6480 6481
f 6385 6482 6386
f 6385 6481 6482
f 6386 6483 6387
f 6386 6482 6483
f 6387 6484 6388
f 6387 6483 6484
f 6388 6485 6389
f 6388 6484 6485
f 6389 6486 6390
f 6389 6485 6486
f 6390 6487 6391
f 6390 6486 6487
f 6391 6488 6392
f 6391 6487 6488
f 6392 6489 6393
f 6392 6488 6489
f 6393 6490 6394
f 6393 6489 6490
f 6394 6491 6395
f 6394 6490 6491
f 6395 6492 6396
f 6395 6491 6492
f 6396 6493 6397
f 6396 6492 6493
f 6397 6494 6398
f 6397 6493 6494
f 6398 6495 6399
f 6398 6494 6495
f 6399 6496 6400
f 6399 6495 6496
f 6400 6497 6401
f 6400 6496 6497
f 6401 6498 6402
f 6401 6497 6498
f 6402 6499 6403
f 6402 6498 6499
f 6403 6500 6404
f 6403 6499 6500
f 6404 6501 6405
f 6404 6500 6501
f 6405 6502 6406
f 6405 6501 6502
f 6406 6503 6407
f 6406 6502 6503
f 6407 6504 6408
f 6407 6503 6504
f 6408 6505 6409
f 6408 6504 6505
f 6409 6506 6410
f 6409 6505 6506
f 6410 6507 6411
f 6410 6506 6507
f 6411 6508 6412
f 6411 6507 6508
f 6412 6509 6413
f 6412 6508 6509
f 6413 6510 6414
f 6413 6509 6510
f 6414 6511 6415
f 6414 6510 6511
f 6415 6512 6416
f 6415 6511 6512
f 6416 6513 6417
f 6416 6512 6513
f 6417 6514 6418
f 6417 6513 6514
f 6418 6515 6419
f 6418 6514 6515
f 6419 6516 6420
f 6419 6515 6516
f 6420 6517 6421
f 6420 6516 6517
f 6421 6518 6422
f 6421 6517 6518
f 6422 6519 6423
f 6422 6518 6519
f 6423 6520 6424
f 6423 6519 6520
f 6424 6521 6425
f 6424 6520 6521
f 6425 6522 6426
f 6425 6521 6522
f 6426 6523 6427
f 6426 6522 6523
f 6427 6524 6428
f 6427 6523 6524
f 6428 6525 6429
f 6428 6524 6525
f 6429 6526 6430
f 6429 6525 6526
f 6430 6527 6431
f 6430 6526 6527
f 6431 6528 6432
f 6431 6527 6528
f 6432 6529 6433
f 6432 6528 6529
f 6433 6434 6338
f 6433 6529 6434
f 6434 6531 6435
f 6434 6530 6531
f 6435 6532 6436
f 6435 6531 6532
f 6436 6533 6437
f 6436 6532 6533
f 6437 6534 6438
f 6437 6533 6534
f 6438 6535 6439
f 6438 6534 6535
f 6439 6536 6440
f 6439 6535 6536
f 6440 6537 6441
f 6440 6536 6537
f 6441 6538 6442
f 6441 6537 6538
f 6442 6539 6443
f 6442 6538 6539
f 6443 6540 6444
f 6443 6539 6540
f 6444 6541 6445
f 6444 6540 6541
f 6445 6542 6446
f 6445 6541 6542
f 6446 6543 6447
f 6446 6542 6543
f 6447 6544 6448
f 6447 6543 6544
f 6448 6545 6449
f 6448 6544 6545
f 6449 6546 6450
f 6449 6545 6546
f 6450 6547 6451
f 6450 6546 6547
f 6451 6548 6452
f 6451 6547 6548
f 6452 6549 6453
f 6452 6548 6549
f 6453 6550 6454
f 6453 6549 6550
f 6454 6551 6455
f 6454 6550 6551
f 6455 6552 6456
f 6455 6551 6552
f 6456 6553 6457
f 6456 6552 6553
f 6457 6554 6458
f 6457 6553 6554
f 6458 6555 6459
f 6458 6554 6555
f 6459 6556 6460
f 6459 6555 6556
f 6460 6557 6461
f 6460 6556 6557
f 6461 6558 6462
f 6461 6557 6558
f 6462 6559 6463
f 6462 6558 6559
f 6463 6560 6464
f 6463 6559 6560
f 6464 6561 6465
f 6464 6560 6561
f 6465 6562 6466
f 6465 6561 6562
f 6466 6563 6467
f 6466 6562 6563
f 6467 6564 6468
f 6467 6563 6564
f 6468 6565 6469
f 6468 6564 6565
f 6469 6566 6470
f 6469 6565 6566
f 6470 6567 6471
f 6470 6566 6567
f 6471 6568 6472
f 6471 6567 6568
f 6472 6569 6473
f 6472 6568 6569
f 6473 6570 6474
f 6473 6569 6570
f 6474 6571 6475
f 6474 6570 6571
f 6475 6572 6476
f 6475 6571 6572
f 6476 6573 6477
f 6476 6572 6573
f 6477 6574 6478
f 6477 6573 6574
f 6478 6575 6479
f 6478 6574 6575
f 6479 6576 6480
f 6479 6575 6576
f 6480 6577 6481
f 6480 6576 6577
f 6481 6578 6482
f 6481 6577 6578
f 6482 6579 6483
f 6482 6578 6579
f 6483 6580 6484
f 6483 6579 6580
f 6484 6581 6485
f 6484 6580 6581
f 6485 6582 6486
f 6485 6581 6582
f 6486 6583 6487
f 6486 6582 6583
f 6487 6584 6488
f 6487 6583 6584
f 6488 6585 6489
f 6488 6584 6585
f 6489 6586 6490
f 6489 6585 6586
f 6490 6587 6491
f 6490 6586 6587
f 6491 6588 6492
f 6491 6587 6588
f 6492 6589 6493
f 6492 6588 6589
f 6493 6590 6494
f 6493 6589 6590
f 6494 6591 6495
f 6494 6590 6591
f 6495 6592 6496
f 6495 6591 6592
f 6496 6593 6497
f 6496 6592 6593
f 6497 6594 6498
f 6497 6593 6594
f 6498 6595 6499
f 6498 6594 6595
f 6499 6596 6500
f 6499 6595 6596
f 6500 6597 6501
f 6500 6596 6597
f 6501 6598 6502
f 6501 6597 6598
f 6502 6599 6503
f 6502 6598 6599
f 6503 6600 6504
f 6503 6599 6600
f 6504 6601 6505
f 6504 6600 6601
f 6505 6602 6506
f 6505 6601 6602
f 6506 6603 6507
f 6506 6602 6603
f 6507 6604 6508
f 6507 6603 6604
f 6508 6605 6509
f 6508 6604 6605
f 6509 6606 6510
f 6509 6605 6606
f 6510 6607 6511
f 6510 6606 6607
f 6511 6608 6512
f 6511 6607 6608
f 6512 6609 6513
f 6512 6608 6609
f 6513 6610 6514
f 6513 6609 6610
f 6514 6611 6515
f 6514 6610 6611
f 6515 6612 6516
f 6515 6611 6612
f 6516 6613 6517
f 6516 6612 6613
f 6517 6614 6518
f 6517 6613 6614
f 6518 6615 6519
f 6518 6614 6615
f 6519 6616 6520
f 6519 6615 6616
f 6520 6617 6521
f 6520 6616 6617
f 6521 6618 6522
f 6521 6617 6618
f 6522 6619 6523
f 6522 6618 6619
f 6523 6620 6524
f 6523 6619 6620
f 6524 6621 6525
f 6524 6620 6621
f 6525 6622 6526
f 6525 6621 6622
f 6526 6623 6527
f 6526 6622 6623
f 6527 6624 6528
f 6527 6623 6624
f 6528 6625 6529
f 6528 6624 6625
f 6529 6530 6434
f 6529 6625 6530
f 6530 6627 6531
f 6530 6626 6627
f 6531 6628 6532
f 6531 6627 6628
f 6532 6629 6533
f 6532 6628 6629
f 6533 6630 6534
f 6533 6629 6630
f 6534 6631 6535
f 6534 6630 6631
f 6535 6632 6536
f 6535 6631 6632
f 6536 6633 6537
f 6536 6632 6633
f 6537 6634 6538
f 6537 6633 6634
f 6538 6635 6539
f 6538 6634 6635
f 6539 6636 6540
f 6539 6635 6636
f 6540 6637 6541
f 6540 6636 6637
f 6541 6638 6542
f 6541 6637 6638
f 6542 6639 6543
f 6542 6638 6639
f 6543 6640 6544
f 6543 6639 6640
f 6544 6641 6545
f 6544 6640 6641
f 6545 6642 6546
f 6545 6641 6642
f 6546 6643 6547
f 6546 6642 6643
f 6547 6644 6548
f 6547 6643 6644
f 6548 6645 6549
f 6548 6644 6645
f 6549 6646 6550
f 6549 6645 6646
f 6550 6647 6551
f 6550 6646 6647
f 6551 6648 6552
f 6551 6647 6648
f 6552 6649 6553
f 6552 6648 6649
f 6553 6650 6554
f 6553 6649 6650
f 6554 6651 6555
f 6554 6650 6651
f 6555 6652 6556
f 6555 6651 6652
f 6556 6653 6557
f 6556 6652 6653
f 6557 6654 6558
f 6557 6653 6654
f 6558 6655 6559
f 6558 6654 6655
f 6559 6656 6560
f 6559 6655 6656
f 6560 6657 6561
f 6560 6656 6657
f 6561 6658 6562
f 6561 6657 6658
f 6562 6659 6563
f 6562 6658 6659
f 6563 6660 6564
f 6563 6659 6660
f 6564 6661 6565
f 6564 6660 6661
f 6565 6662 6566
f 6565 6661 6662
f 6566 6663 6567
f 6566 6662 6663
f 6567 6664 6568
f 6567 6663 6664
f 6568 6665 6569
f 6568 6664 6665
f 6569 6666 6570
f 6569 6665 6666
f 6570 6667 6571
f 6570 6666 6667
f 6571 6668 6572
f 6571 6667 6668
f 6572 6669 6573
f 6572 6668 6669
f 6573 6670 6574
f 6573 6669 6670
f 6574 6671 6575
f 6574 6670 6671
f 6575 6672 6576
f 6575 6671 6672
f 6576 6673 6577
f 6576 6672 6673
f 6577 6674 6578
f 6577 6673 6674
f 6578 6675 6579
f 6578 6674 6675
f 6579 6676 6580
f 6579 6675 6676
f 6580 6677 6581
f 6580 6676 6677
f 6581 6678 6582
f 6581 6677 6678
f 6582 6679 6583
f 6582 6678 6679
f 6583 6680 6584
f 6583 6679 6680
f 6584 6681 6585
f 6584 6680 6681
f 6585 6682 6586
f 6585 6681 6682
f 6586 6683 6587
f 6586 6682 6683
f 6587 6684 6588
f 6587 6683 6684
f 6588 6685 6589
f 6588 6684 6685
f 6589 6686 6590
f 6589 6685 6686
f 6590 6687 6591
f 6590 6686 6687
f 6591 6688 6592
f 6591 6687 6688
f 6592 6689 6593
f 6592 6688 6689
f 6593 6690 6594
f 6593 6689 6690
f 6594 6691 6595
f 6594 6690 6691
f 6595 6692 6596
f 6595 6691 6692
f 6596 6693 6597
f 6596 6692 6693
f 6597 6694 6598
f 6597 6693 6694
f 6598 6695 6599
f 6598 6694 6695
f 6599 6696 6600
f 6599 6695 6696
f 6600 6697 6601
f 6600 6696 6697
f 6601 6698 6602
f 6601 6697 6698
f 6602 6699 6603
f 6602 6698 6699
f 6603 6700 6604
f 6603 6699 6700
f 6604 6701 6605
f 6604 6700 6701
f 6605 6702 6606
f 6605 6701 6702
f 6606 6703 6607
f 6606 6702 6703
f 6607 6704 6608
f 6607 6703 6704
f 6608 6705 6609
f 6608 6704 6705
f 6609 6706 6610
f 6609 6705 6706
f 6610 6707 6611
f 6610 6706 6707
f 6611 6708 6612
f 6611 6707 6708
f 6612 6709 6613
f 6612 6708 6709
f 6613 6710 6614
f 6613 6709 6710
f 6614 6711 6615
f 6614 6710 6711
f 6615 6712 6616
f 6615 6711 6712
f 6616 6713 6617
f 6616 6712 6713
f 6617 6714 6618
f 6617 6713 6714
f 6618 6715 6619
f 6618 6714 6715
f 6619 6716 6620
f 6619 6715 6716
f 6620 6717 6621
f 6620 6716 6717
f 6621 6718 6622
f 6621 6717 6718
f 6622 6719 6623
f 6622 6718 6719
f 6623 6720 6624
f 6623 6719 6720
f 6624 6721 6625
f 6624 6720 6721
f 6625 6626 6530
f 6625 6721 6626
f 6626 6723 6627
f 6626 6722 6723
f 6627 6724 6628
f 6627 6723 6724
f 6628 6725 6629
f 6628 6724 6725
f 6629 6726 6630
f 6629 6725 6726
f 6630 6727 6631
f 6630 6726 6727
f 6631 6728 6632
f 6631 6727 6728
f 6632 6729 6633
f 6632 6728 6729
f 6633 6730 6634
f 6633 6729 6730
f 6634 6731 6635
f 6634 6730 6731
f 6635 6732 6636
f 6635 6731 6732
f 6636 6733 6637
f 6636 6732 6733
f 6637 6734 6638
f 6637 6733 6734
f 6638 6735 6639
f 6638 6734 6735
f 6639 6736 6640
f 6639 6735 6736
f 6640 6737 6641
f 6640 6736 6737
f 6641 6738 6642
f 6641 6737 6738
f 6642 6739 6643
f 6642 6738 6739
f 6643 6740 6644
f 6643 6739 6740
f 6644 6741 6645
f 6644 6740 6741
f 6645 6742 6646
f 6645 6741 6742
f 6646 6743 6647
f 6646 6742 6743
f 6647 6744 6648
f 6647 6743 6744
f 6648 6745 6649
f 6648 6744 6745
f 6649 6746 6650
f 6649 6745 6746
f 6650 6747 6651
f 6650 6746 6747
f 6651 6748 6652
f 6651 6747 6748
f 6652 6749 6653
f 6652 6748 6749
f 6653 6750 6654
f 6653 6749 6750
f 6654 6751 6655
f 6654 6750 6751
f 6655 6752 6656
f 6655 6751 6752
f 6656 6753 6657
f 6656 6752 6753
f 6657 6754 6658
f 6657 6753 6754
f 6658 6755 6659
f 6658 6754 6755
f 6659 6756 6660
f 6659 6755 6756
f 6660 6757 6661
f 6660 6756 6757
f 6661 6758 6662
f 6661 6757 6758
f 6662 6759 6663
f 6662 6758 6759
f 6663 6760 6664
f 6663 6759 6760
f 6664 6761 6665
f 6664 6760 6761
f 6665 6762 6666
f 6665 6761 6762
f 6666 6763 6667
f 6666 6762 6763
f 6667 6764 6668
f 6667 6763 6764
f 6668 6765 6669
f 6668 6764 6765
f 6669 6766 6670
f 6669 6765 6766
f 6670 6767 6671
f 6670 6766 6767
f 6671 6768 6672
f 6671 6767 6768
f 6672 6769 6673
f 6672 6768 6769
f 6673 6770 6674
f 6673 6769 6770
f 6674 6771 6675
f 6674 6770 6771
f 6675 6772 6676
f 6675 6771 6772
f 6676 6773 6677
f 6676 6772 6773
f 6677 6774 6678
f 6677 6773 6774
f 6678 6775 6679
f 6678 6774 6775
f 6679 6776 6680
f 6679 6775 6776
f 6680 6777 6681
f 6680 6776 6777
f 6681 6778 6682
f 6681 6777 6778
f 6682 6779 6683
f 6682 6778 6779
f 6683 6780 6684
f 6683 6779 6780
f 6684 6781 6685
f 6684 6780 6781
f 6685 6782 6686
f 6685 6781 6782
f 6686 6783 6687
f 6686 6782 6783
f 6687 6784 6688
f 6687 6783 6784
f 6688 6785 6689
f 6688 6784 6785
f 6689 6786 6690
f 6689 6785 6786
f 6690 6787 6691
f 6690 6786 6787
f 6691 6788 6692
f 6691 6787 6788
f 6692 6789 6693
f 6692 6788 6789
f 6693 6790 6694
f 6693 6789 6790
f 6694 6791 6695
f 6694 6790 6791
f 6695 6792 6696
f 6695 6791 6792
f 6696 6793 6697
f 6696 6792 6793
f 6697 6794 6698
f 6697 6793 6794
f 6698 6795 6699
f 6698 6794 6795
f 6699 6796 6700
f 6699 6795 6796
f 6700 6797 6701
f 6700 6796 6797
f 6701 6798 6702
f 6701 6797 6798
f 6702 6799 6703
f 6702 6798 6799
f 6703 6800 6704
f 6703 6799 6800
f 6704 6801 6705
f 6704 6800 6801
f 6705 6802 6706
f 6705 6801 6802
f 6706 6803 6707
f 6706 6802 6803
f 6707 6804 6708
f 6707 6803 6804
f 6708 6805 6709
f 6708 6804 6805
f 6709 6806 6710
f 6709 6805 6806
f 6710 6807 6711
f 6710 6806 6807
f 6711 6808 6712
f 6711 6807 6808
f 6712 6809 6713
f 6712 6808 6809
f 6713 6810 6714
f 6713 6809 6810
f 6714 6811 6715
f 6714 6810 6811
f 6715 6812 6716
f 6715 6811 6812
f 6716 6813 6717
f 6716 6812 6813
f 6717 6814 6718
f 6717 6813 6814
f 6718 6815 6719
f 6718 6814 6815
f 6719 6816 6720
f 6719 6815 6816
f 6720 6817 6721
f 6720 6816 6817
f 6721 6722 6626
f 6721 6817 6722
f 6722 6819 6723
f 6722 6818 6819
f 6723 6820 6724
f 6723 6819 6820
f 6724 6821 6725
f 6724 6820 6821
f 6725 6822 6726
f 6725 6821 6822
f 6726 6823 6727
f 6726 6822 6823
f 6727 6824 6728
f 6727 6823 6824
f 6728 6825 6729
f 6728 6824 6825
f 6729 6826 6730
f 6729 6825 6826
f 6730 6827 6731
f 6730 6826 6827
f 6731 6828 6732
f 6731 6827 6828
f 6732 6829 6733
f 6732 6828 6829
f 6733 6830 6734
f 6733 6829 6830
f 6734 6831 6735
f 6734 6830 6831
f 6735 6832 6736
f 6735 6831 6832
f 6736 6833 6737
f 6736 6832 6833
f 6737 6834 6738
f 6737 6833 6834
f 6738 6835 6739
f 6738 6834 6835
f 6739 6836 6740
f 6739 6835 6836
f 6740 6837 6741
f 6740 6836 6837
f 6741 6838 6742
f 6741 6837 6838
f 6742 6839 6743
f 6742 6838 6839
f 6743 6840 6744
f 6743 6839 6840
f 6744 6841 6745
f 6744 6840 6841
f 6745 6842 6746
f 6745 6841 6842
f 6746 6843 6747
f 6746 6842 6843
f 6747 6844 6748
f 6747 6843 6844
f 6748 6845 6749
f 6748 6844 6845
f 6749 6846 6750
f 6749 6845 6846
f 6750 6847 6751
f 6750 6846 6847
f 6751 6848 6752
f 6751 6847 6848
f 6752 6849 6753
f 6752 6848 6849
f 6753 6850 6754
f 6753 6849 6850
f 6754 6851 6755
f 6754 6850 6851
f 6755 6852 6756
f 6755 6851 6852
f 6756 6853 6757
f 6756 6852 6853
f 6757 6854 6758
f 6757 6853 6854
f 6758 6855 6759
f 6758 6854 6855
f 6759 6856 6760
f 6759 6855 6856
f 6760 6857 6761
f 6760 6856 6857
f 6761 6858 6762
f 6761 6857 6858
f 6762 6859 6763
f 6762 6858 6859
f 6763 6860 6764
f 6763 6859 6860
f 6764 6861 6765
f 6764 6860 6861
f 6765 6862 6766
f 6765 6861 6862
f 6766 6863 6767
f 6766 6862 6863
f 6767 6864 6768
f 6767 6863 6864
f 6768 6865 6769
f 6768 6864 6865
f 6769 6866 6770
f 6769 6865 6866
f 6770 6867 6771
f 6770 6866 6867
f 6771 6868 6772
f 6771 6867 6868
f 6772 6869 6773
f 6772 6868 6869
f 6773 6870 6774
f 6773 6869 6870
f 6774 6871 6775
f 6774 6870 6871
f 6775 6872 6776
f 6775 6871 6872
f 6776 6873 6777
f 6776 6872 6873
f 6777 6874 6778
f 6777 6873 6874
f 6778 6875 6779
f 6778 6874 6875
f 6779 6876 6780
f 6779 6875 6876
f 6780 6877 6781
f 6780 6876 6877
f 6781 6878 6782
f 6781 6877 6878
f 6782 6879 6783
f 6782 6878 6879
f 6783 6880 6784
f 6783 6879 6880
f 6784 6881 6785
f 6784 6880 6881
f 6785 6882 6786
f 6785 6881 6882
f 6786 6883 6787
f 6786 6882 6883
f 6787 6884 6788
f 6787 6883 6884
f 6788 6885 6789
f 6788 6884 6885
f 6789 6886 6790
f 6789 6885 6886
f 6790 6887 6791
f 6790 6886 6887
f 6791 6888 6792
f 6791 6887 6888
f 6792 6889 6793
f 6792 6888 6889
f 6793 6890 6794
f 6793 6889 6890
f 6794 6891 6795
f 6794 6890 6891
f 6795 6892 6796
f 6795 6891 6892
f 6796 6893 6797
f 6796 6892 6893
f 6797 6894 6798
f 6797 6893 6894
f 6798 6895 6799
f 6798 6894 6895
f 6799 6896 6800
f 6799 6895 6896
f 6800 6897 6801
f 6800 6896 6897
f 6801 6898 6802
f 6801 6897 6898
f 6802 6899 6803
f 6802 6898 6899
f 6803 6900 6804
f 6803 6899 6900
f 6804 6901 6805
f 6804 6900 6901
f 6805 6902 6806
f 6805 6901 6902
f 6806 6903 6807
f 6806 6902 6903
f 6807 6904 6808
f 6807 6903 6904
f 6808 6905 6809
f 6808 6904 6905
f 6809 6906 6810
f 6809 6905 6906
f 6810 6907 6811
f 6810 6906 6907
f 6811 6908 6812
f 6811 6907 6908
f 6812 6909 6813
f 6812 6908 6909
f 6813 6910 6814
f 6813 6909 6910
f 6814 6911 6815
f 6814 6910 6911
f 6815 6912 6816
f 6815 6911 6912
f 6816 6913 6817
f 6816 6912 6913
f 6817 6818 6722
f 6817 6913 6818
f 6818 6915 6819
f 6818 6914 6915
f 6819 6916 6820
f 6819 6915 6916
f 6820 6917 6821
f 6820 6916 6917
f 6821 6918 6822
f 6821 6917 6918
f 6822 6919 6823
f 6822 6918 6919
f 6823 6920 6824
f 6823 6919 6920
f 6824 6921 6825
f 6824 6920 6921
f 6825 6922 6826
f 6825 6921 6922
f 6826 6923 6827
f 6826 6922 6923
f 6827 6924 6828
f 6827 6923 6924
f 6828 6925 6829
f 6828 6924 6925
f 6829 6926 6830
f 6829 6925 6926
f 6830 6927 6831
f 6830 6926 6927
f 6831 6928 6832
f 6831 6927 6928
f 6832 6929 6833
f 6832 6928 6929
f 6833 6930 6834
f 6833 6929 6930
f 6834 6931 6835
f 6834 6930 6931
f 6835 6932 6836
f 6835 6931 6932
f 6836 6933 6837
f 6836 6932 6933
f 6837 6934 6838
f 6837 6933 6934
f 6838 6935 6839
f 6838 6934 6935
f 6839 6936 6840
f 6839 6935 6936
f 6840 6937 6841
f 6840 6936 6937
f 6841 6938 6842
f 6841 6937 6938
f 6842 6939 6843
f 6842 6938 6939
f 6843 6940 6844
f 6843 6939 6940
f 6844 6941 6845
f 6844 6940 6941
f 6845 6942 6846
f 6845 6941 6942
f 6846 6943 6847
f 6846 6942 6943
f 6847 6944 6848
f 6847 6943 6944
f 6848 6945 6849
f 6848 6944 6945
f 6849 6946 6850
f 6849 6945 6946
f 6850 6947 6851
f 6850 6946 6947
f 6851 6948 6852
f 6851 6947 6948
f 6852 6949 6853
f 6852 6948 6949
f 6853 6950 6854
f 6853 6949 6950
f 6854 6951 6855
f 6854 6950 6951
f 6855 6952 6856
f 6855 6951 6952
f 6856 6953 6857
f 6856 6952 6953
f 6857 6954 6858
f 6857 6953 6954
f 6858 6955 6859
f 6858 6954 6955
f 6859 6956 6860
f 6859 6955 6956
f 6860 6957 6861
f 6860 6956 6957
f 6861 6958 6862
f 6861 6957 6958
f 6862 6959 6863
f 6862 6958 6959
f 6863 6960 6864
f 6863 6959 6960
f 6864 6961 6865
f 6864 6960 6961
f 6865 6962 6866
f 6865 6961 6962
f 6866 6963 6867
f 6866 6962 6963
f 6867 6964 6868
f 6867 6963 6964
f 6868 6965 6869
f 6868 6964 6965
f 6869 6966 6870
f 6869 6965 6966
f 6870 6967 6871
f 6870 6966 6967
f 6871 6968 6872
f 6871 6967 6968
f 6872 6969 6873
f 6872 6968 6969
f 6873 6970 6874
f 6873 6969 6970
f 6874 6971 6875
f 6874 6970 6971
f 6875 6972 6876
f 6875 6971 6972
f 6876 6973 6877
f 6876 6972 6973
f 6877 6974 6878
f 6877 6973 6974
f 6878 6975 6879
f 6878 6974 6975
f 6879 6976 6880
f 6879 6975 6976
f 6880 6977 6881
f 6880 6976 6977
f 6881 6978 6882
f 6881 6977 6978
f 6882 6979 6883
f 6882 6978 6979
f 6883 6980 6884
f 6883 6979 6980
f 6884 6981 6885
f 6884 6980 6981
f 6885 6982 6886
f 6885 6981 6982
f 6886 6983 6887
f 6886 6982 6983
f 6887 6984 6888
f 6887 6983 6984
f 6888 6985 6889
f 6888 6984 6985
f 6889 6986 6890
f 6889 6985 6986
f 6890 6987 6891
f 6890 6986 6987
f 6891 6988 6892
f 6891 6987 6988
f 6892 6989 6893
f 6892 6988 6989
f 6893 6990 6894
f 6893 6989 6990
f 6894 6991 6895
f 6894 6990 6991
f 6895 6992 6896
f 6895 6991 6992
f 6896 6993 6897
f 6896 6992 6993
f 6897 6994 6898
f 6897 6993 6994
f 6898 6995 6899
f 6898 6994 6995
f 6899 6996 6900
f 6899 6995 6996
f 6900 6997 6901
f 6900 6996 6997
f 6901 6998 6902
f 6901 6997 6998
f 6902 6999 6903
f 6902 6998 6999
f 6903 7000 6904
f 6903 6999 7000
f 6904 7001 6905
f 6904 7000 7001
f 6905 7002 6906
f 6905 7001 7002
f 6906 7003 6907
f 6906 7002 7003
f 6907 7004 6908
f 6907 7003 7004
f 6908 7005 6909
f 6908 7004 7005
f 6909 7006 6910
f 6909 7005 7006
f 6910 7007 6911
f 6910 7006 7007
f 6911 7008 6912
f 6911 7007 7008
f 6912 7009 6913
f 6912 7008 7009
f 6913 6914 6818
f 6913 7009 6914
f 6914 7011 6915
f 6914 7010 7011
f 6915 7012 6916
f 6915 7011 7012
f 6916 7013 6917
f 6916 7012 7013
f 6917 7014 6918
f 6917 7013 7014
f 6918 7015 6919
f 6918 7014 7015
f 6919 7016 6920
f 6919 7015 7016
f 6920 7017 6921
f 6920 7016 7017
f 6921 7018 6922
f 6921 7017 7018
f 6922 7019 6923
f 6922 7018 7019
f 6923 7020 6924
f 6923 7019 7020
f 6924 7021 6925
f 6924 7020 7021
f 6925 7022 6926
f 6925 7021 7022
f 6926 7023 6927
f 6926 7022 7023
f 6927 7024 6928
f 6927 7023 7024
f 6928 7025 6929
f 6928 7024 7025
f 6929 7026 6930
f 6929 7025 7026
f 6930 7027 6931
f 6930 7026 7027
f 6931 7028 6932
f 6931 7027 7028
f 6932 7029 6933
f 6932 7028 7029
f 6933 7030 6934
f 6933 7029 7030
f 6934 7031 6935
f 6934 7030 7031
f 6935 7032 6936
f 6935 7031 7032
f 6936 7033 6937
f 6936 7032 7033
f 6937 7034 6938
f 6937 7033 7034
f 6938 7035 6939
f 6938 7034 7035
f 6939 7036 6940
f 6939 7035 7036
f 6940 7037 6941
f 6940 7036 7037
f 6941 7038 6942
f 6941 7037 7038
f 6942 7039 6943
f 6942 7038 7039
f 6943 7040 6944
f 6943 7039 7040
f 6944 7041 6945
f 6944 7040 7041
f 6945 7042 6946
f 6945 7041 7042
f 6946 7043 6947
f 6946 7042 7043
f 6947 7044 6948
f 6947 7043 7044
f 6948 7045 6949
f 6948 7044 7045
f 6949 7046 6950
f 6949 7045 7046
f 6950 7047 6951
f 6950 7046 7047
f 6951 7048 6952
f 6951 7047 7048
f 6952 7049 6953
f 6952 7048 7049
f 6953 7050 6954
f 6953 7049 7050
f 6954 7051 6955
f 6954 7050 7051
f 6955 7052 6956
f 6955 7051 7052
f 6956 7053 6957
f 6956 7052 7053
f 6957 7054 6958
f 6957 7053 7054
f 6958 7055 6959
f 6958 7054 7055
f 6959 7056 6960
f 6959 7055 7056
f 6960 7057 6961
f 6960 7056 7057
f 6961 7058 6962
f 6961 7057 7058
f 6962 7059 6963
f 6962 7058 7059
f 6963 7060 6964
f 6963 7059 7060
f 6964 7061 6965
f 6964 7060 7061
f 6965 7062 6966
f 6965 7061 7062
f 6966 7063 6967
f 6966 7062 7063
f 6967 7064 6968
f 6967 7063 7064
f 6968 7065 6969
f 6968 7064 7065
f 6969 7066 6970
f 6969 7065 7066
f 6970 7067 6971
f 6970 7066 7067
f 6971 7068 6972
f 6971 7067 7068
f 6972 7069 6973
f 6972 7068 7069
f 6973 7070 6974
f 6973 7069 7070
f 6974 7071 6975
f 6974 7070 7071
f 6975 7072 6976
f 6975 7071 7072
f 6976 7073 6977
f 6976 7072 7073
f 6977 7074 6978
f 6977 7073 7074
f 6978 7075 6979
f 6978 7074 7075
f 6979 7076 6980
f 6979 7075 7076
f 6980 7077 6981
f 6980 7076 7077
f 6981 7078 6982
f 6981 7077 7078
f 6982 7079 6983
f 6982 7078 7079
f 6983 7080 6984
f 6983 7079 7080
f 6984 7081 6985
f 6984 7080 7081
f 6985 7082 6986
f 6985 7081 7082
f 6986 7083 6987
f 6986 7082 7083
f 6987 7084 6988
f 6987 7083 7084
f 6988 7085 6989
f 6988 7084 7085
f 6989 7086 6990
f 6989 7085 7086
f 6990 7087 6991
f 6990 7086 7087
f 6991 7088 6992
f 6991 7087 7088
f 6992 7089 6993
f 6992 7088 7089
f 6993 7090 6994
f 6993 7089 7090
f 6994 7091 6995
f 6994 7090 7091
f 6995 7092 6996
f 6995 7091 7092
f 6996 7093 6997
f 6996 7092 7093
f 6997 7094 6998
f 6997 7093 7094
f 6998 7095 6999
f 6998 7094 7095
f 6999 7096 7000
f 6999 7095 7096
f 7000 7097 7001
f 7000 7096 7097
f 7001 7098 7002
f 7001 7097 7098
f 7002 7099 7003
f 7002 7098 7099
f 7003 7100 7004
f 7003 7099 7100
f 7004 7101 7005
f 7004 7100 7101
f 7005 7102 7006
f 7005 7101 7102
f 7006 7103 7007
f 7006 7102 7103
f 7007 7104 7008
f 7007 7103 7104
f 7008 7105 7009
f 7008 7104 7105
f 7009 7010 6914
f 7009 7105 7010
f 7010 7107 7011
f 7010 7106 7107
f 7011 7108 7012
f 7011 7107 7108
f 7012 7109 7013
f 7012 7108 7109
f 7013 7110 7014
f 7013 7109 7110
f 7014 7111 7015
f 7014 7110 7111
f 7015 7112 7016
f 7015 7111 7112
f 7016 7113 7017
f 7016 7112 7113
f 7017 7114 7018
f 7017 7113 7114
f 7018 7115 7019
f 7018 7114 7115
f 7019 7116 7020
f 7019 7115 7116
f 7020 7117 7021
f 7020 7116 7117
f 7021 7118 7022
f 7021 7117 7118
f 7022 7119 7023
f 7022 7118 7119
f 7023 7120 7024
f 7023 7119 7120
f 7024 7121 7025
f 7024 7120 7121
f 7025 7122 7026
f 7025 7121 7122
f 7026 7123 7027
f 7026 7122 7123
f 7027 7124 7028
f 7027 7123 7124
f 7028 7125 7029
f 7028 7124 7125
f 7029 7126 7030
f 7029 7125 7126
f 7030 7127 7031
f 7030 7126 7127
f 7031 7128 7032
f 7031 7127 7128
f 7032 7129 7033
f 7032 7128 7129
f 7033 7130 7034
f 7033 7129 7130
f 7034 7131 7035
f 7034 7130 7131
f 7035 7132 7036
f 7035 7131 7132
f 7036 7133 7037
f 7036 7132 7133
f 7037 7134 7038
f 7037 7133 7134
f 7038 7135 7039
f 7038 7134 7135
f 7039 7136 7040
f 7039 7135 7136
f 7040 7137 7041
f 7040 7136 7137
f 7041 7138 7042
f 7041 7137 7138
f 7042 7139 7043
f 7042 7138 7139
f 7043 7140 7044
f 7043 7139 7140
f 7044 7141 7045
f 7044 7140 7141
f 7045 7142 7046
f 7045 7141 7142
f 7046 7143 7047
f 7046 7142 7143
f 7047 7144 7048
f 7047 7143 7144
f 7048 7145 7049
f 7048 7144 7145
f 7049 7146 7050
f 7049 7145 7146
f 7050 7147 7051
f 7050 7146 7147
f 7051 7148 7052
f 7051 7147 7148
f 7052 7149 7053
f 7052 7148 7149
f 7053 7150 7054
f 7053 7149 7150
f 7054 7151 7055
f 7054 7150 7151
f 7055 7152 7056
f 7055 7151 7152
f 7056 7153 7057
f 7056 7152 7153
f 7057 7154 7058
f 7057 7153 7154
f 7058 7155 7059
f 7058 7154 7155
f 7059 7156 7060
f 7059 7155 7156
f 7060 7157 7061
f 7060 7156 7157
f 7061 7158 7062
f 7061 7157 7158
f 7062 7159 7063
f 7062 7158 7159
f 7063 7160 7064
f 7063 7159 7160
f 7064 7161 7065
f 7064 7160 7161
f 7065 7162 7066
f 7065 7161 7162
f 7066 7163 7067
f 7066 7162 7163
f 7067 7164 7068
f 7067 7163 7164
f 7068 7165 7069
f 7068 7164 7165
f 7069 7166 7070
f 7069 7165 7166
f 7070 7167 7071
f 7070 7166 7167
f 7071 7168 7072
f 7071 7167 7168
f 7072 7169 7073
f 7072 7168 7169
f 7073 7170 7074
f 7073 7169 7170
f 7074 7171 7075
f 7074 7170 7171
f 7075 7172 7076
f 7075 7171 7172
f 7076 7173 7077
f 7076 7172 7173
f 7077 7174 7078
f 7077 7173 7174
f 7078 7175 7079
f 7078 7174 7175
f 7079 7176 7080
f 7079 7175 7176
f 7080 7177 7081
f 7080 7176 7177
f 7081 7178 7082
f 7081 7177 7178
f 7082 7179 7083
f 7082 7178 7179
f 7083 7180 7084
f 7083 7179 7180
f 7084 7181 7085
f 7084 7180 7181
f 7085 7182 7086
f 7085 7181 7182
f 7086 7183 7087
f 7086 7182 7183
f 7087 7184 7088
f 7087 7183 7184
f 7088 7185 7089
f 7088 7184 7185
f 7089 7186 7090
f 7089 7185 7186
f 7090 7187 7091
f 7090 7186 7187
f 7091 7188 7092
f 7091 7187 7188
f 7092 7189 7093
f 7092 7188 7189
f 7093 7190 7094
f 7093 7189 7190
f 7094 7191 7095
f 7094 7190 7191
f 7095 7192 7096
f 7095 7191 7192
f 7096 7193 7097
f 7096 7192 7193
f 7097 7194 7098
f 7097 7193 7194
f 7098 7195 7099
f 7098 7194 7195
f 7099 7196 7100
f 7099 7195 7196
f 7100 7197 7101
f 7100 7196 7197
f 7101 7198 7102
f 7101 7197 7198
f 7102 7199 7103
f 7102 7198 7199
f 7103 7200 7104
f 7103 7199 7200
f 7104 7201 7105
f 7104 7200 7201
f 7105 7106 7010
f 7105 7201 7106
f 7106 7203 7107
f 7106 7202 7203
f 7107 7204 7108
f 7107 7203 7204
f 7108 7205 7109
f 7108 7204 7205
f 7109 7206 7110
f 7109 7205 7206
f 7110 7207 7111
f 7110 7206 7207
f 7111 7208 7112
f 7111 7207 7208
f 7112 7209 7113
f 7112 7208 7209
f 7113 7210 7114
f 7113 7209 7210
f 7114 7211 7115
f 7114 7210 7211
f 7115 7212 7116
f 7115 7211 7212
f 7116 7213 7117
f 7116 7212 7213
f 7117 7214 7118
f 7117 7213 7214
f 7118 7215 7119
f 7118 7214 7215
f 7119 7216 7120
f 7119 7215 7216
f 7120 7217 7121
f 7120 7216 7217
f 7121 7218 7122
f 7121 7217 7218
f 7122 7219 7123
f 7122 7218 7219
f 7123 7220 7124
f 7123 7219 7220
f 7124 7221 7125
f 7124 7220 7221
f 7125 7222 7126
f 7125 7221 7222
f 7126 7223 7127
f 7126 7222 7223
f 7127 7224 7128
f 7127 7223 7224
f 7128 7225 7129
f 7128 7224 7225
f 7129 7226 7130
f 7129 7225 7226
f 7130 7227 7131
f 7130 7226 7227
f 7131 7228 7132
f 7131 7227 7228
f 7132 7229 7133
f 7132 7228 7229
f 7133 7230 7134
f 7133 7229 7230
f 7134 7231 7135
f 7134 7230 7231
f 7135 7232 7136
f 7135 7231 7232
f 7136 7233 7137
f 7136 7232 7233
f 7137 7234 7138
f 7137 7233 7234
f 7138 7235 7139
f 7138 7234 7235
f 7139 7236 7140
f 7139 7235 7236
f 7140 7237 7141
f 7140 7236 7237
f 7141 7238 7142
f 7141 7237 7238
f 7142 7239 7143
f 7142 7238 7239
f 7143 7240 7144
f 7143 7239 7240
f 7144 7241 7145
f 7144 7240 7241
f 7145 7242 7146
f 7145 7241 7242
f 7146 7243 7147
f 7146 7242 7243
f 7147 7244 7148
f 7147 7243 7244
f 7148 7245 7149
f 7148 7244 7245
f 7149 7246 7150
f 7149 7245 7246
f 7150 7247 7151
f 7150 7246 7247
f 7151 7248 7152
f 7151 7247 7248
f 7152 7249 7153
f 7152 7248 7249
f 7153 7250 7154
f 7153 7249 7250
f 7154 7251 7155
f 7154 7250 7251
f 7155 7252 7156
f 7155 7251 7252
f 7156 7253 7157
f 7156 7252 7253
f 7157 7254 7158
f 7157 7253 7254
f 7158 7255 7159
f 7158 7254 7255
f 7159 7256 7160
f 7159 7255 7256
f 7160 7257 7161
f 7160 7256 7257
f 7161 7258 7162
f 7161 7257 7258
f 7162 7259 7163
f 7162 7258 7259
f 7163 7260 7164
f 7163 7259 7260
f 7164 7261 7165
f 7164 7260 7261
f 7165 7262 7166
f 7165 7261 7262
f 7166 7263 7167
f 7166 7262 7263
f 7167 7264 7168
f 7167 7263 7264
f 7168 7265 7169
f 7168 7264 7265
f 7169 7266 7170
f 7169 7265 7266
f 7170 7267 7171
f 7170 7266 7267
f 7171 7268 7172
f 7171 7267 7268
f 7172 7269 7173
f 7172 7268 7269
f 7173 7270 7174
f 7173 7269 7270
f 7174 7271 7175
f 7174 7270 7271
f 7175 7272 7176
f 7175 7271 7272
f 7176 7273 7177
f 7176 7272 7273
f 7177 7274 7178
f 7177 7273 7274
f 7178 7275 7179
f 7178 7274 7275
f 7179 7276 7180
f 7179 7275 7276
f 7180 7277 7181
f 7180 7276 7277
f 7181 7278 7182
f 7181 7277 7278
f 7182 7279 7183
f 7182 7278 7279
f 7183 7280 7184
f 7183 7279 7280
f 7184 7281 7185
f 7184 7280 7281
f 7185 7282 7186
f 7185 7281 7282
f 7186 7283 7187
f 7186 7282 7283
f 7187 7284 7188
f 7187 7283 7284
f 7188 7285 7189
f 7188 7284 7285
f 7189 7286 7190
f 7189 7285 7286
f 7190 7287 7191
f 7190 7286 7287
f 7191 7288 7192
f 7191 7287 7288
f 7192 7289 7193
f 7192 7288 7289
f 7193 7290 7194
f 7193 7289 7290
f 7194 7291 7195
f 7194 7290 7291
f 7195 7292 7196
f 7195 7291 7292
f 7196 7293 7197
f 7196 7292 7293
f 7197 7294 7198
f 7197 7293 7294
f 7198 7295 7199
f 7198 7294 7295
f 7199 7296 7200
f 7199 7295 7296
f 7200 7297 7201
f 7200 7296 7297
f 7201 7202 7106
f 7201 7297 7202
f 7202 7299 7203
f 7202 7298 7299
f 7203 7300 7204
f 7203 7299 7300
f 7204 7301 7205
f 7204 7300 7301
f 7205 7302 7206
f 7205 7301 7302
f 7206 7303 7207
f 7206 7302 7303
f 7207 7304 7208
f 7207 7303 7304
f 7208 7305 7209
f 7208 7304 7305
f 7209 7306 7210
f 7209 7305 7306
f 7210 7307 7211
f 7210 7306 7307
f 7211 7308 7212
f 7211 7307 7308
f 7212 7309 7213
f 7212 7308 7309
f 7213 7310 7214
f 7213 7309 7310
f 7214 7311 7215
f 7214 7310 7311
f 7215 7312 7216
f 7215 7311 7312
f 7216 7313 7217
f 7216 7312 7313
f 7217 7314 7218
f 7217 7313 7314
f 7218 7315 7219
f 7218 7314 7315
f 7219 7316 7220
f 7219 7315 7316
f 7220 7317 7221
f 7220 7316 7317
f 7221 7318 7222
f 7221 7317 7318
f 7222 7319 7223
f 7222 7318 7319
f 7223 7320 7224
f 7223 7319 7320
f 7224 7321 7225
f 7224 7320 7321
f 7225 7322 7226
f 7225 7321 7322
f 7226 7323 7227
f 7226 7322 7323
f 7227 7324 7228
f 7227 7323 7324
f 7228 7325 7229
f 7228 7324 7325
f 7229 7326 7230
f 7229 7325 7326
f 7230 7327 7231
f 7230 7326 7327
f 7231 7328 7232
f 7231 7327 7328
f 7232 7329 7233
f 7232 7328 7329
f 7233 7330 7234
f 7233 7329 7330
f 7234 7331 7235
f 7234 7330 7331
f 7235 7332 7236
f 7235 7331 7332
f 7236 7333 7237
f 7236 7332 7333
f 7237 7334 7238
f 7237 7333 7334
f 7238 7335 7239
f 7238 7334 7335
f 7239 7336 7240
f 7239 7335 7336
f 7240 7337 7241
f 7240 7336 7337
f 7241 7338 7242
f 7241 7337 7338
f 7242 7339 7243
f 7242 7338 7339
f 7243 7340 7244
f 7243 7339 7340
f 7244 7341 7245
f 7244 7340 7341
f 7245 7342 7246
f 7245 7341 7342
f 7246 7343 7247
f 7246 7342 7343
f 7247 7344 7248
f 7247 7343 7344
f 7248 7345 7249
f 7248 7344 7345
f 7249 7346 7250
f 7249 7345 7346
f 7250 7347 7251
f 7250 7346 7347
f 7251 7348 7252
f 7251 7347 7348
f 7252 7349 7253
f 7252 7348 7349
f 7253 7350 7254
f 7253 7349 7350
f 7254 7351 7255
f 7254 7350 7351
f 7255 7352 7256
f 7255 7351 7352
f 7256 7353 7257
f 7256 7352 7353
f 7257 7354 7258
f 7257 7353 7354
f 7258 7355 7259
f 7258 7354 7355
f 7259 7356 7260
f 7259 7355 7356
f 7260 7357 7261
f 7260 7356 7357
f 7261 7358 7262
f 7261 7357 7358
f 7262 7359 7263
f 7262 7358 7359
f 7263 7360 7264
f 7263 7359 7360
f 7264 7361 7265
f 7264 7360 7361
f 7265 7362 7266
f 7265 7361 7362
f 7266 7363 7267
f 7266 7362 7363
f 7267 7364 7268
f 7267 7363 7364
f 7268 7365 7269
f 7268 7364 7365
f 7269 7366 7270
f 7269 7365 7366
f 7270 7367 7271
f 7270 7366 7367
f 7271 7368 7272
f 7271 7367 7368
f 7272 7369 7273
f 7272 7368 7369
f 7273 7370 7274
f 7273 7369 7370
f 7274 7371 7275
f 7274 7370 7371
f 7275 7372 7276
f 7275 7371 7372
f 7276 7373 7277
f 7276 7372 7373
f 7277 7374 7278
f 7277 7373 7374
f 7278 7375 7279
f 7278 7374 7375
f 7279 7376 7280
f 7279 7375 7376
f 7280 7377 7281
f 7280 7376 7377
f 7281 7378 7282
f 7281 7377 7378
f 7282 7379 7283
f 7282 7378 7379
f 7283 7380 7284
f 7283 7379 7380
f 7284 7381 7285
f 7284 7380 7381
f 7285 7382 7286
f 7285 7381 7382
f 7286 7383 7287
f 7286 7382 7383
f 7287 7384 7288
f 7287 7383 7384
f 7288 7385 7289
f 7288 7384 7385
f 7289 7386 7290
f 7289 7385 7386
f 7290 7387 7291
f 7290 7386 7387
f 7291 7388 7292
f 7291 7387 7388
f 7292 7389 7293
f 7292 7388 7389
f 7293 7390 7294
f 7293 7389 7390
f 7294 7391 7295
f 7294 7390 7391
f 7295 7392 7296
f 7295 7391 7392
f 7296 7393 7297
f 7296 7392 7393
f 7297 7298 7202
f 7297 7393 7298
f 7298 7395 7299
f 7298 7394 7395
f 7299 7396 7300
f 7299 7395 7396
f 7300 7397 7301
f 7300 7396 7397
f 7301 7398 7302
f 7301 7397 7398
f 7302 7399 7303
f 7302 7398 7399
f 7303 7400 7304
f 7303 7399 7400
f 7304 7401 7305
f 7304 7400 7401
f 7305 7402 7306
f 7305 7401 7402
f 7306 7403 7307
f 7306 7402 7403
f 7307 7404 7308
f 7307 7403 7404
f 7308 7405 7309
f 7308 7404 7405
f 7309 7406 7310
f 7309 7405 7406
f 7310 7407 7311
f 7310 7406 7407
f 7311 7408 7312
f 7311 7407 7408
f 7312 7409 7313
f 7312 7408 7409
f 7313 7410 7314
f 7313 7409 7410
f 7314 7411 7315
f 7314 7410 7411
f 7315 7412 7316
f 7315 7411 7412
f 7316 7413 7317
f 7316 7412 7413
f 7317 7414 7318
f 7317 7413 7414
f 7318 7415 7319
f 7318 7414 7415
f 7319 7416 7320
f 7319 7415 7416
f 7320 7417 7321
f 7320 7416 7417
f 7321 7418 7322
f 7321 7417 7418
f 7322 7419 7323
f 7322 7418 7419
f 7323 7420 7324
f 7323 7419 7420
f 7324 7421 7325
f 7324 7420 7421
f 7325 7422 7326
f 7325 7421 7422
f 7326 7423 7327
f 7326 7422 7423
f 7327 7424 7328
f 7327 7423 7424
f 7328 7425 7329
f 7328 7424 7425
f 7329 7426 7330
f 7329 7425 7426
f 7330 7427 7331
f 7330 7426 7427
f 7331 7428 7332
f 7331 7427 7428
f 7332 7429 7333
f 7332 7428 7429
f 7333 7430 7334
f 7333 7429 7430
f 7334 7431 7335
f 7334 7430 7431
f 7335 7432 7336
f 7335 7431 7432
f 7336 7433 7337
f 7336 7432 7433
f 7337 7434 7338
f 7337 7433 7434
f 7338 7435 7339
f 7338 7434 7435
f 7339 7436 7340
f 7339 7435 7436
f 7340 7437 7341
f 7340 7436 7437
f 7341 7438 7342
f 7341 7437 7438
f 7342 7439 7343
f 7342 7438 7439
f 7343 7440 7344
f 7343 7439 7440
f 7344 7441 7345
f 7344 7440 7441
f 7345 7442 7346
f 7345 7441 7442
f 7346 7443 7347
f 7346 7442 7443
f 7347 7444 7348
f 7347 7443 7444
f 7348 7445 7349
f 7348 7444 7445
f 7349 7446 7350
f 7349 7445 7446
f 7350 7447 7351
f 7350 7446 7447
f 7351 7448 7352
f 7351 7447 7448
f 7352 7449 7353
f 7352 7448 7449
f 7353 7450 7354
f 7353 7449 7450
f 7354 7451 7355
f 7354 7450 7451
f 7355 7452 7356
f 7355 7451 7452
f 7356 7453 7357
f 7356 7452 7453
f 7357 7454 7358
f 7357 7453 7454
f 7358 7455 7359
f 7358 7454 7455
f 7359 7456 7360
f 7359 7455 7456
f 7360 7457 7361
f 7360 7456 7457
f 7361 7458 7362
f 7361 7457 7458
f 7362 7459 7363
f 7362 7458 7459
f 7363 7460 7364
f 7363 7459 7460
f 7364 7461 7365
f 7364 7460 7461
f 7365 7462 7366
f 7365 7461 7462
f 7366 7463 7367
f 7366 7462 7463
f 7367 7464 7368
f 7367 7463 7464
f 7368 7465 7369
f 7368 7464 7465
f 7369 7466 7370
f 7369 7465 7466
f 7370 7467 7371
f 7370 7466 7467
f 7371 7468 7372
f 7371 7467 7468
f 7372 7469 7373
f 7372 7468 7469
f 7373 7470 7374
f 7373 7469 7470
f 7374 7471 7375
f 7374 7470 7471
f 7375 7472 7376
f 7375 7471 7472
f 7376 7473 7377
f 7376 7472 7473
f 7377 7474 7378
f 7377 7473 7474
f 7378 7475 7379
f 7378 7474 7475
f 7379 7476 7380
f 7379 7475 7476
f 7380 7477 7381
f 7380 7476 7477
f 7381 7478 7382
f 7381 7477 7478
f 7382 7479 7383
f 7382 7478 7479
f 7383 7480 7384
f 7383 7479 7480
f 7384 7481 7385
f 7384 7480 7481
f 7385 7482 7386
f 7385 7481 7482
f 7386 7483 7387
f 7386 7482 7483
f 7387 7484 7388
f 7387 7483 7484
f 7388 7485 7389
f 7388 7484 7485
f 7389 7486 7390
f 7389 7485 7486
f 7390 7487 7391
f 7390 7486 7487
f 7391 7488 7392
f 7391 7487 7488
f 7392 7489 7393
f 7392 7488 7489
f 7393 7394 7298
f 7393 7489 7394
f 7394 7491 7395
f 7394 7490 7491
f 7395 7492 7396
f 7395 7491 7492
f 7396 7493 7397
f 7396 7492 7493
f 7397 7494 7398
f 7397 7493 7494
f 7398 7495 7399
f 7398 7494 7495
f 7399 7496 7400
f 7399 7495 7496
f 7400 7497 7401
f 7400 7496 7497
f 7401 7498 7402
f 7401 7497 7498
f 7402 7499 7403
f 7402 7498 7499
f 7403 7500 7404
f 7403 7499 7500
f 7404 7501 7405
f 7404 7500 7501
f 7405 7502 7406
f 7405 7501 7502
f 7406 7503 7407
f 7406 7502 7503
f 7407 7504 7408
f 7407 7503 7504
f 7408 7505 7409
f 7408 7504 7505
f 7409 7506 7410
f 7409 7505 7506
f 7410 7507 7411
f 7410 7506 7507
f 7411 7508 7412
f 7411 7507 7508
f 7412 7509 7413
f 7412 7508 7509
f 7413 7510 7414
f 7413 7509 7510
f 7414 7511 7415
f 7414 7510 7511
f 7415 7512 7416
f 7415 7511 7512
f 7416 7513 7417
f 7416 7512 7513
f 7417 7514 7418
f 7417 7513 7514
f 7418 7515 7419
f 7418 7514 7515
f 7419 7516 7420
f 7419 7515 7516
f 7420 7517 7421
f 7420 7516 7517
f 7421 7518 7422
f 7421 7517 7518
f 7422 7519 7423
f 7422 7518 7519
f 7423 7520 7424
f 7423 7519 7520
f 7424 7521 7425
f 7424 7520 7521
f 7425 7522 7426
f 7425 7521 7522
f 7426 7523 7427
f 7426 7522 7523
f 7427 7524 7428
f 7427 7523 7524
f 7428 7525 7429
f 7428 7524 7525
f 7429 7526 7430
f 7429 7525 7526
f 7430 7527 7431
f 7430 7526 7527
f 7431 7528 7432
f 7431 7527 7528
f 7432 7529 7433
f 7432 7528 7529
f 7433 7530 7434
f 7433 7529 7530
f 7434 7531 7435
f 7434 7530 7531
f 7435 7532 7436
f 7435 7531 7532
f 7436 7533 7437
f 7436 7532 7533
f 7437 7534 7438
f 7437 7533 7534
f 7438 7535 7439
f 7438 7534 7535
f 7439 7536 7440
f 7439 7535 7536
f 7440 7537 7441
f 7440 7536 7537
f 7441 7538 7442
f 7441 7537 7538
f 7442 7539 7443
f 7442 7538 7539
f 7443 7540 7444
f 7443 7539 7540
f 7444 7541 7445
f 7444 7540 7541
f 7445 7542 7446
f 7445 7541 7542
f 7446 7543 7447
f 7446 7542 7543
f 7447 7544 7448
f 7447 7543 7544
f 7448 7545 7449
f 7448 7544 7545
f 7449 7546 7450
f 7449 7545 7546
f 7450 7547 7451
f 7450 7546 7547
f 7451 7548 7452
f 7451 7547 7548
f 7452 7549 7453
f 7452 7548 7549
f 7453 7550 7454
f 7453 7549 7550
f 7454 7551 7455
f 7454 7550 7551
f 7455 7552 7456
f 7455 7551 7552
f 7456 7553 7457
f 7456 7552 7553
f 7457 7554 7458
f 7457 7553 7554
f 7458 7555 7459
f 7458 7554 7555
f 7459 7556 7460
f 7459 7555 7556
f 7460 7557 7461
f 7460 7556 7557
f 7461 7558 7462
f 7461 7557 7558
f 7462 7559 7463
f 7462 7558 7559
f 7463 7560 7464
f 7463 7559 7560
f 7464 7561 7465
f 7464 7560 7561
f 7465 7562 7466
f 7465 7561 7562
f 7466 7563 7467
f 7466 7562 7563
f 7467 7564 7468
f 7467 7563 7564
f 7468 7565 7469
f 7468 7564 7565
f 7469 7566 7470
f 7469 7565 7566
f 7470 7567 7471
f 7470 7566 7567
f 7471 7568 7472
f 7471 7567 7568
f 7472 7569 7473
f 7472 7568 7569
f 7473 7570 7474
f 7473 7569 7570
f 7474 7571 7475
f 7474 7570 7571
f 7475 7572 7476
f 7475 7571 7572
f 7476 7573 7477
f 7476 7572 7573
f 7477 7574 7478
f 7477 7573 7574
f 7478 7575 7479
f 7478 7574 7575
f 7479 7576 7480
f 7479 7575 7576
f 7480 7577 7481
f 7480 7576 7577
f 7481 7578 7482
f 7481 7577 7578
f 7482 7579 7483
f 7482 7578 7579
f 7483 7580 7484
f 7483 7579 7580
f 7484 7581 7485
f 7484 7580 7581
f 7485 7582 7486
f 7485 7581 7582
f 7486 7583 7487
f 7486 7582 7583
f 7487 7584 7488
f 7487 7583 7584
f 7488 7585 7489
f 7488 7584 7585
f 7489 7490 7394
f 7489 7585 7490
f 7490 7587 7491
f 7490 7586 7587
f 7491 7588 7492
f 7491 7587 7588
f 7492 7589 7493
f 7492 7588 7589
f 7493 7590 7494
f 7493 7589 7590
f 7494 7591 7495
f 7494 7590 7591
f 7495 7592 7496
f 7495 7591 7592
f 7496 7593 7497
f 7496 7592 7593
f 7497 7594 7498
f 7497 7593 7594
f 7498 7595 7499
f 7498 7594 7595
f 7499 7596 7500
f 7499 7595 7596
f 7500 7597 7501
f 7500 7596 7597
f 7501 7598 7502
f 7501 7597 7598
f 7502 7599 7503
f 7502 7598 7599
f 7503 7600 7504
f 7503 7599 7600
f 7504 7601 7505
f 7504 7600 7601
f 7505 7602 7506
f 7505 7601 7602
f 7506 7603 7507
f 7506 7602 7603
f 7507 7604 7508
f 7507 7603 7604
f 7508 7605 7509
f 7508 7604 7605
f 7509 7606 7510
f 7509 7605 7606
f 7510 7607 7511
f 7510 7606 7607
f 7511 7608 7512
f 7511 7607 7608
f 7512 7609 7513
f 7512 7608 7609
f 7513 7610 7514
f 7513 7609 7610
f 7514 7611 7515
f 7514 7610 7611
f 7515 7612 7516
f 7515 7611 7612
f 7516 7613 7517
f 7516 7612 7613
f 7517 7614 7518
f 7517 7613 7614
f 7518 7615 7519
f 7518 7614 7615
f 7519 7616 7520
f 7519 7615 7616
f 7520 7617 7521
f 7520 7616 7617
f 7521 7618 7522
f 7521 7617 7618
f 7522 7619 7523
f 7522 7618 7619
f 7523 7620 7524
f 7523 7619 7620
f 7524 7621 7525
f 7524 7620 7621
f 7525 7622 7526
f 7525 7621 7622
f 7526 7623 7527
f 7526 7622 7623
f 7527 7624 7528
f 7527 7623 7624
f 7528 7625 7529
f 7528 7624 7625
f 7529 7626 7530
f 7529 7625 7626
f 7530 7627 7531
f 7530 7626 7627
f 7531 7628 7532
f 7531 7627 7628
f 7532 7629 7533
f 7532 7628 7629
f 7533 7630 7534
f 7533 7629 7630
f 7534 7631 7535
f 7534 7630 7631
f 7535 7632 7536
f 7535 7631 7632
f 7536 7633 7537
f 7536 7632 7633
f 7537 7634 7538
f 7537 7633 7634
f 7538 7635 7539
f 7538 7634 7635
f 7539 7636 7540
f 7539 7635 7636
f 7540 7637 7541
f 7540 7636 7637
f 7541 7638 7542
f 7541 7637 7638
f 7542 7639 7543
f 7542 7638 7639
f 7543 7640 7544
f 7543 7639 7640
f 7544 7641 7545
f 7544 7640 7641
f 7545 7642 7546
f 7545 7641 7642
f 7546 7643 7547
f 7546 7642 7643
f 7547 7644 7548
f 7547 7643 7644
f 7548 7645 7549
f 7548 7644 7645
f 7549 7646 7550
f 7549 7645 7646
f 7550 7647 7551
f 7550 7646 7647
f 7551 7648 7552
f 7551 7647 7648
f 7552 7649 7553
f 7552 7648 7649
f 7553 7650 7554
f 7553 7649 7650
f 7554 7651 7555
f 7554 7650 7651
f 7555 7652 7556
f 7555 7651 7652
f 7556 7653 7557
f 7556 7652 7653
f 7557 7654 7558
f 7557 7653 7654
f 7558 7655 7559
f 7558 7654 7655
f 7559 7656 7560
f 7559 7655 7656
f 7560 7657 7561
f 7560 7656 7657
f 7561 7658 7562
f 7561 7657 7658
f 7562 7659 7563
f 7562 7658 7659
f 7563 7660 7564
f 7563 7659 7660
f 7564 7661 7565
f 7564 7660 7661
f 7565 7662 7566
f 7565 7661 7662
f 7566 7663 7567
f 7566 7662 7663
f 7567 7664 7568
f 7567 7663 7664
f 7568 7665 7569
f 7568 7664 7665
f 7569 7666 7570
f 7569 7665 7666
f 7570 7667 7571
f 7570 7666 7667
f 7571 7668 7572
f 7571 7667 7668
f 7572 7669 7573
f 7572 7668 7669
f 7573 7670 7574
f 7573 7669 7670
f 7574 7671 7575
f 7574 7670 7671
f 7575 7672 7576
f 7575 7671 7672
f 7576 7673 7577
f 7576 7672 7673
f 7577 7674 7578
f 7577 7673 7674
f 7578 7675 7579
f 7578 7674 7675
f 7579 7676 7580
f 7579 7675 7676
f 7580 7677 7581
f 7580 7676 7677
f 7581 7678 7582
f 7581 7677 7678
f 7582 7679 7583
f 7582 7678 7679
f 7583 7680 7584
f 7583 7679 7680
f 7584 7681 7585
f 7584 7680 7681
f 7585 7586 7490
f 7585 7681 7586
f 7586 7683 7587
f 7586 7682 7683
f 7587 7684 7588
f 7587 7683 7684
f 7588 7685 7589
f 7588 7684 7685
f 7589 7686 7590
f 7589 7685 7686
f 7590 7687 7591
f 7590 7686 7687
f 7591 7688 7592
f 7591 7687 7688
f 7592 7689 7593
f 7592 7688 7689
f 7593 7690 7594
f 7593 7689 7690
f 7594 7691 7595
f 7594 7690 7691
f 7595 7692 7596
f 7595 7691 7692
f 7596 7693 7597
f 7596 7692 7693
f 7597 7694 7598
f 7597 7693 7694
f 7598 7695 7599
f 7598 7694 7695
f 7599 7696 7600
f 7599 7695 7696
f 7600 7697 7601
f 7600 7696 7697
f 7601 7698 7602
f 7601 7697 7698
f 7602 7699 7603
f 7602 7698 7699
f 7603 7700 7604
f 7603 7699 7700
f 7604 7701 7605
f 7604 7700 7701
f 7605 7702 7606
f 7605 7701 7702
f 7606 7703 7607
f 7606 7702 7703
f 7607 7704 7608
f 7607 7703 7704
f 7608 7705 7609
f 7608 7704 7705
f 7609 7706 7610
f 7609 7705 7706
f 7610 7707 7611
f 7610 7706 7707
f 7611 7708 7612
f 7611 7707 7708
f 7612 7709 7613
f 7612 7708 7709
f 7613 7710 7614
f 7613 7709 7710
f 7614 7711 7615
f 7614 7710 7711
f 7615 7712 7616
f 7615 7711 7712
f 7616 7713 7617
f 7616 7712 7713
f 7617 7714 7618
f 7617 7713 7714
f 7618 7715 7619
f 7618 7714 7715
f 7619 7716 7620
f 7619 7715 7716
f 7620 7717 7621
f 7620 7716 7717
f 7621 7718 7622
f 7621 7717 7718
f 7622 7719 7623
f 7622 7718 7719
f 7623 7720 7624
f 7623 7719 7720
f 7624 7721 7625
f 7624 7720 7721
f 7625 7722 7626
f 7625 7721 7722
f 7626 7723 7627
f 7626 7722 7723
f 7627 7724 7628
f 7627 7723 7724
f 7628 7725 7629
f 7628 7724 7725
f 7629 7726 7630
f 7629 7725 7726
f 7630 7727 7631
f 7630 7726 7727
f 7631 7728 7632
f 7631 7727 7728
f 7632 7729 7633
f 7632 7728 7729
f 7633 7730 7634
f 7633 7729 7730
f 7634 7731 7635
f 7634 7730 7731
f 7635 7732 7636
f 7635 7731 7732
f 7636 7733 7637
f 7636 7732 7733
f 7637 7734 7638
f 7637 7733 7734
f 7638 7735 7639
f 7638 7734 7735
f 7639 7736 7640
f 7639 7735 7736
f 7640 7737 7641
f 7640 7736 7737
f 7641 7738 7642
f 7641 7737 7738
f 7642 7739 7643
f 7642 7738 7739
f 7643 7740 7644
f 7643 7739 7740
f 7644 7741 7645
f 7644 7740 7741
f 7645 7742 7646
f 7645 7741 7742
f 7646 7743 7647
f 7646 7742 7743
f 7647 7744 7648
f 7647 7743 7744
f 7648 7745 7649
f 7648 7744 7745
f 7649 7746 7650
f 7649 7745 7746
f 7650 7747 7651
f 7650 7746 7747
f 7651 7748 7652
f 7651 7747 7748
f 7652 7749 7653
f 7652 7748 7749
f 7653 7750 7654
f 7653 7749 7750
f 7654 7751 7655
f 7654 7750 7751
f 7655 7752 7656
f 7655 7751 7752
f 7656 7753 7657
f 7656 7752 7753
f 7657 7754 7658
f 7657 7753 7754
f 7658 7755 7659
f 7658 7754 7755
f 7659 7756 7660
f 7659 7755 7756
f 7660 7757 7661
f 7660 7756 7757
f 7661 7758 7662
f 7661 7757 7758
f 7662 7759 7663
f 7662 7758 7759
f 7663 7760 7664
f 7663 7759 7760
f 7664 7761 7665
f 7664 7760 7761
f 7665 7762 7666
f 7665 7761 7762
f 7666 7763 7667
f 7666 7762 7763
f 7667 7764 7668
f 7667 7763 7764
f 7668 7765 7669
f 7668 7764 7765
f 7669 7766 7670
f 7669 7765 7766
f 7670 7767 7671
f 7670 7766 7767
f 7671 7768 7672
f 7671 7767 7768
f 7672 7769 7673
f 7672 7768 7769
f 7673 7770 7674
f 7673 7769 7770
f 7674 7771 7675
f 7674 7770 7771
f 7675 7772 7676
f 7675 7771 7772
f 7676 7773 7677
f 7676 7772 7773
f 7677 7774 7678
f 7677 7773 7774
f 7678 7775 7679
f 7678 7774 7775
f 7679 7776 7680
f 7679 7775 7776
f 7680 7777 7681
f 7680 7776 7777
f 7681 7682 7586
f 7681 7777 7682
f 7682 7779 7683
f 7682 7778 7779
f 7683 7780 7684
f 7683 7779 7780
f 7684 7781 7685
f 7684 7780 7781
f 7685 7782 7686
f 7685 7781 7782
f 7686 7783 7687
f 7686 7782 7783
f 7687 7784 7688
f 7687 7783 7784
f 7688 7785 7689
f 7688 7784 7785
f 7689 7786 7690
f 7689 7785 7786
f 7690 7787 7691
f 7690 7786 7787
f 7691 7788 7692
f 7691 7787 7788
f 7692 7789 7693
f 7692 7788 7789
f 7693 7790 7694
f 7693 7789 7790
f 7694 7791 7695
f 7694 7790 7791
f 7695 7792 7696
f 7695 7791 7792
f 7696 7793 7697
f 7696 7792 7793
f 7697 7794 7698
f 7697 7793 7794
f 7698 7795 7699
f 7698 7794 7795
f 7699 7796 7700
f 7699 7795 7796
f 7700 7797 7701
f 7700 7796 7797
f 7701 7798 7702
f 7701 7797 7798
f 7702 7799 7703
f 7702 7798 7799
f 7703 7800 7704
f 7703 7799 7800
f 7704 7801 7705
f 7704 7800 7801
f 7705 7802 7706
f 7705 7801 7802
f 7706 7803 7707
f 7706 7802 7803
f 7707 7804 7708
f 7707 7803 7804
f 7708 7805 7709
f 7708 7804 7805
f 7709 7806 7710
f 7709 7805 7806
f 7710 7807 7711
f 7710 7806 7807
f 7711 7808 7712
f 7711 7807 7808
f 7712 7809 7713
f 7712 7808 7809
f 7713 7810 7714
f 7713 7809 7810
f 7714 7811 7715
f 7714 7810 7811
f 7715 7812 7716
f 7715 7811 7812
f 7716 7813 7717
f 7716 7812 7813
f 7717 7814 7718
f 7717 7813 7814
f 7718 7815 7719
f 7718 7814 7815
f 7719 7816 7720
f 7719 7815 7816
f 7720 7817 7721
f 7720 7816 7817
f 7721 7818 7722
f 7721 7817 7818
f 7722 7819 7723
f 7722 7818 7819
f 7723 7820 7724
f 7723 7819 7820
f 7724 7821 7725
f 7724 7820 7821
f 7725 7822 7726
f 7725 7821 7822
f 7726 7823 7727
f 7726 7822 7823
f 7727 7824 7728
f 7727 7823 7824
f 7728 7825 7729
f 7728 7824 7825
f 7729 7826 7730
f 7729 7825 7826
f 7730 7827 7731
f 7730 7826 7827
f 7731 7828 7732
f 7731 7827 7828
f 7732 7829 7733
f 7732 7828 7829
f 7733 7830 7734
f 7733 7829 7830
f 7734 7831 7735
f 7734 7830 7831
f 7735 7832 7736
f 7735 7831 7832
f 7736 7833 7737
f 7736 7832 7833
f 7737 7834 7738
f 7737 7833 7834
f 7738 7835 7739
f 7738 7834 7835
f 7739 7836 7740
f 7739 7835 7836
f 7740 7837 7741
f 7740 7836 7837
f 7741 7838 7742
f 7741 7837 7838
f 7742 7839 7743
f 7742 7838 7839
f 7743 7840 7744
f 7743 7839 7840
f 7744 7841 7745
f 7744 7840 7841
f 7745 7842 7746
f 7745 7841 7842
f 7746 7843 7747
f 7746 7842 7843
f 7747 7844 7748
f 7747 7843 7844
f 7748 7845 7749
f 7748 7844 7845
f 7749 7846 7750
f 7749 7845 7846
f 7750 7847 7751
f 7750 7846 7847
f 7751 7848 7752
f 7751 7847 7848
f 7752 7849 7753
f 7752 7848 7849
f 7753 7850 7754
f 7753 7849 7850
f 7754 7851 7755
f 7754 7850 7851
f 7755 7852 7756
f 7755 7851 7852
f 7756 7853 7757
f 7756 7852 7853
f 7757 7854 7758
f 7757 7853 7854
f 7758 7855 7759
f 7758 7854 7855
f 7759 7856 7760
f 7759 7855 7856
f 7760 7857 7761
f 7760 7856 7857
f 7761 7858 7762
f 7761 7857 7858
f 7762 7859 7763
f 7762 7858 7859
f 7763 7860 7764
f 7763 7859 7860
f 7764 7861 7765
f 7764 7860 7861
f 7765 7862 7766
f 7765 7861 7862
f 7766 7863 7767
f 7766 7862 7863
f 7767 7864 7768
f 7767 7863 7864
f 7768 7865 7769
f 7768 7864 7865
f 7769 7866 7770
f 7769 7865 7866
f 7770 7867 7771
f 7770 7866 7867
f 7771 7868 7772
f 7771 7867 7868
f 7772 7869 7773
f 7772 7868 7869
f 7773 7870 7774
f 7773 7869 7870
f 7774 7871 7775
f 7774 7870 7871
f 7775 7872 7776
f 7775 7871 7872
f 7776 7873 7777
f 7776 7872 7873
f 7777 7778 7682
f 7777 7873 7778
f 7778 7875 7779
f 7778 7874 7875
f 7779 7876 7780
f 7779 7875 7876
f 7780 7877 7781
f 7780 7876 7877
f 7781 7878 7782
f 7781 7877 7878
f 7782 7879 7783
f 7782 7878 7879
f 7783 7880 7784
f 7783 7879 7880
f 7784 7881 7785
f 7784 7880 7881
f 7785 7882 7786
f 7785 7881 7882
f 7786 7883 7787
f 7786 7882 7883
f 7787 7884 7788
f 7787 7883 7884
f 7788 7885 7789
f 7788 7884 7885
f 7789 7886 7790
f 7789 7885 7886
f 7790 7887 7791
f 7790 7886 7887
f 7791 7888 7792
f 7791 7887 7888
f 7792 7889 7793
f 7792 7888 7889
f 7793 7890 7794
f 7793 7889 7890
f 7794 7891 7795
f 7794 7890 7891
f 7795 7892 7796
f 7795 7891 7892
f 7796 7893 7797
f 7796 7892 7893
f 7797 7894 7798
f 7797 7893 7894
f 7798 7895 7799
f 7798 7894 7895
f 7799 7896 7800
f 7799 7895 7896
f 7800 7897 7801
f 7800 7896 7897
f 7801 7898 7802
f 7801 7897 7898
f 7802 7899 7803
f 7802 7898 7899
f 7803 7900 7804
f 7803 7899 7900
f 7804 7901 7805
f 7804 7900 7901
f 7805 7902 7806
f 7805 7901 7902
f 7806 7903 7807
f 7806 7902 7903
f 7807 7904 7808
f 7807 7903 7904
f 7808 7905 7809
f 7808 7904 7905
f 7809 7906 7810
f 7809 7905 7906
f 7810 7907 7811
f 7810 7906 7907
f 7811 7908 7812
f 7811 7907 7908
f 7812 7909 7813
f 7812 7908 7909
f 7813 7910 7814
f 7813 7909 7910
f 7814 7911 7815
f 7814 7910 7911
f 7815 7912 7816
f 7815 7911 7912
f 7816 7913 7817
f 7816 7912 7913
f 7817 7914 7818
f 7817 7913 7914
f 7818 7915 7819
f 7818 7914 7915
f 7819 7916 7820
f 7819 7915 7916
f 7820 7917 7821
f 7820 7916 7917
f 7821 7918 7822
f 7821 7917 7918
f 7822 7919 7823
f 7822 7918 7919
f 7823 7920 7824
f 7823 7919 7920
f 7824 7921 7825
f 7824 7920 7921
f 7825 7922 7826
f 7825 7921 7922
f 7826 7923 7827
f 7826 7922 7923
f 7827 7924 7828
f 7827 7923 7924
f 7828 7925 7829
f 7828 7924 7925
f 7829 7926 7830
f 7829 7925 7926
f 7830 7927 7831
f 7830 7926 7927
f 7831 7928 7832
f 7831 7927 7928
f 7832 7929 7833
f 7832 7928 7929
f 7833 7930 7834
f 7833 7929 7930
f 7834 7931 7835
f 7834 7930 7931
f 7835 7932 7836
f 7835 7931 7932
f 7836 7933 7837
f 7836 7932 7933
f 7837 7934 7838
f 7837 7933 7934
f 7838 7935 7839
f 7838 7934 7935
f 7839 7936 7840
f 7839 7935 7936
f 7840 7937 7841
f 7840 7936 7937
f 7841 7938 7842
f 7841 7937 7938
f 7842 7939 7843
f 7842 7938 7939
f 7843 7940 7844
f 7843 7939 7940
f 7844 7941 7845
f 7844 7940 7941
f 7845 7942 7846
f 7845 7941 7942
f 7846 7943 7847
f 7846 7942 7943
f 7847 7944 7848
f 7847 7943 7944
f 7848 7945 7849
f 7848 7944 7945
f 7849 7946 7850
f 7849 7945 7946
f 7850 7947 7851
f 7850 7946 7947
f 7851 7948 7852
f 7851 7947 7948
f 7852 7949 7853
f 7852 7948 7949
f 7853 7950 7854
f 7853 7949 7950
f 7854 7951 7855
f 7854 7950 7951
f 7855 7952 7856
f 7855 7951 7952
f 7856 7953 7857
f 7856 7952 7953
f 7857 7954 7858
f 7857 7953 7954
f 7858 7955 7859
f 7858 7954 7955
f 7859 7956 7860
f 7859 7955 7956
f 7860 7957 7861
f 7860 7956 7957
f 7861 7958 7862
f 7861 7957 7958
f 7862 7959 7863
f 7862 7958 7959
f 7863 7960 7864
f 7863 7959 7960
f 7864 7961 7865
f 7864 7960 7961
f 7865 7962 7866
f 7865 7961 7962
f 7866 7963 7867
f 7866 7962 7963
f 7867 7964 7868
f 7867 7963 7964
f 7868 7965 7869
f 7868 7964 7965
f 7869 7966 7870
f 7869 7965 7966
f 7870 7967 7871
f 7870 7966 7967
f 7871 7968 7872
f 7871 7967 7968
f 7872 7969 7873
f 7872 7968 7969
f 7873 7874 7778
f 7873 7969 7874
f 7874 7971 7875
f 7874 7970 7971
f 7875 7972 7876
f 7875 7971 7972
f 7876 7973 7877
f 7876 7972 7973
f 7877 7974 7878
f 7877 7973 7974
f 7878 7975 7879
f 7878 7974 7975
f 7879 7976 7880
f 7879 7975 7976
f 7880 7977 7881
f 7880 7976 7977
f 7881 7978 7882
f 7881 7977 7978
f 7882 7979 7883
f 7882 7978 7979
f 7883 7980 7884
f 7883 7979 7980
f 7884 7981 7885
f 7884 7980 7981
f 7885 7982 7886
f 7885 7981 7982
f 7886 7983 7887
f 7886 7982 7983
f 7887 7984 7888
f 7887 7983 7984
f 7888 7985 7889
f 7888 7984 7985
f 7889 7986 7890
f 7889 7985 7986
f 7890 7987 7891
f 7890 7986 7987
f 7891 7988 7892
f 7891 7987 7988
f 7892 7989 7893
f 7892 7988 7989
f 7893 7990 7894
f 7893 7989 7990
f 7894 7991 7895
f 7894 7990 7991
f 7895 7992 7896
f 7895 7991 7992
f 7896 7993 7897
f 7896 7992 7993
f 7897 7994 7898
f 7897 7993 7994
f 7898 7995 7899
f 7898 7994 7995
f 7899 7996 7900
f 7899 7995 7996
f 7900 7997 7901
f 7900 7996 7997
f 7901 7998 7902
f 7901 7997 7998
f 7902 7999 7903
f 7902 7998 7999
f 7903 8000 7904
f 7903 7999 8000
f 7904 8001 7905
f 7904 8000 8001
f 7905 8002 7906
f 7905 8001 8002
f 7906 8003 7907
f 7906 8002 8003
f 7907 8004 7908
f 7907 8003 8004
f 7908 8005 7909
f 7908 8004 8005
f 7909 8006 7910
f 7909 8005 8006
f 7910 8007 7911
f 7910 8006 8007
f 7911 8008 7912
f 7911 8007 8008
f 7912 8009 7913
f 7912 8008 8009
f 7913 8010 7914
f 7913 8009 8010
f 7914 8011 7915
f 7914 8010 8011
f 7915 8012 7916
f 7915 8011 8012
f 7916 8013 7917
f 7916 8012 8013
f 7917 8014 7918
f 7917 8013 8014
f 7918 8015 7919
f 7918 8014 8015
f 7919 8016 7920
f 7919 8015 8016
f 7920 8017 7921
f 7920 8016 8017
f 7921 8018 7922
f 7921 8017 8018
f 7922 8019 7923
f 7922 8018 8019
f 7923 8020 7924
f 7923 8019 8020
f 7924 8021 7925
f 7924 8020 8021
f 7925 8022 7926
f 7925 8021 8022
f 7926 8023 7927
f 7926 8022 8023
f 7927 8024 7928
f 7927 8023 8024
f 7928 8025 7929
f 7928 8024 8025
f 7929 8026 7930
f 7929 8025 8026
f 7930 8027 7931
f 7930 8026 8027
f 7931 8028 7932
f 7931 8027 8028
f 7932 8029 7933
f 7932 8028 8029
f 7933 8030 7934
f 7933 8029 8030
f 7934 8031 7935
f 7934 8030 8031
f 7935 8032 7936
f 7935 8031 8032
f 7936 8033 7937
f 7936 8032 8033
f 7937 8034 7938
f 7937 8033 8034
f 7938 8035 7939
f 7938 8034 8035
f 7939 8036 7940
f 7939 8035 8036
f 7940 8037 7941
f 7940 8036 8037
f 7941 8038 7942
f 7941 8037 8038
f 7942 8039 7943
f 7942 8038 8039
f 7943 8040 7944
f 7943 8039 8040
f 7944 8041 7945
f 7944 8040 8041
f 7945 8042 7946
f 7945 8041 8042
f 7946 8043 7947
f 7946 8042 8043
f 7947 8044 7948
f 7947 8043 8044
f 7948 8045 7949
f 7948 8044 8045
f 7949 8046 7950
f 7949 8045 8046
f 7950 8047 7951
f 7950 8046 8047
f 7951 8048 7952
f 7951 8047 8048
f 7952 8049 7953
f 7952 8048 8049
f 7953 8050 7954
f 7953 8049 8050
f 7954 8051 7955
f 7954 8050 8051
f 7955 8052 7956
f 7955 8051 8052
f 7956 8053 7957
f 7956 8052 8053
f 7957 8054 7958
f 7957 8053 8054
f 7958 8055 7959
f 7958 8054 8055
f 7959 8056 7960
f 7959 8055 8056
f 7960 8057 7961
f 7960 8056 8057
f 7961 8058 7962
f 7961 8057 8058
f 7962 8059 7963
f 7962 8058 8059
f 7963 8060 7964
f 7963 8059 8060
f 7964 8061 7965
f 7964 8060 8061
f 7965 8062 7966
f 7965 8061 8062
f 7966 8063 7967
f 7966 8062 8063
f 7967 8064 7968
f 7967 8063 8064
f 7968 8065 7969
f 7968 8064 8065
f 7969 7970 7874
f 7969 8065 7970
f 7970 8067 7971
f 7970 8066 8067
f 7971 8068 7972
f 7971 8067 8068
f 7972 8069 7973
f 7972 8068 8069
f 7973 8070 7974
f 7973 8069 8070
f 7974 8071 7975
f 7974 8070 8071
f 7975 8072 7976
f 7975 8071 8072
f 7976 8073 7977
f 7976 8072 8073
f 7977 8074 7978
f 7977 8073 8074
f 7978 8075 7979
f 7978 8074 8075
f 7979 8076 7980
f 7979 8075 8076
f 7980 8077 7981
f 7980 8076 8077
f 7981 8078 7982
f 7981 8077 8078
f 7982 8079 7983
f 7982 8078 8079
f 7983 8080 7984
f 7983 8079 8080
f 7984 8081 7985
f 7984 8080 8081
f 7985 8082 7986
f 7985 8081 8082
f 7986 8083 7987
f 7986 8082 8083
f 7987 8084 7988
f 7987 8083 8084
f 7988 8085 7989
f 7988 8084 8085
f 7989 8086 7990
f 7989 8085 8086
f 7990 8087 7991
f 7990 8086 8087
f 7991 8088 7992
f 7991 8087 8088
f 7992 8089 7993
f 7992 8088 8089
f 7993 8090 7994
f 7993 8089 8090
f 7994 8091 7995
f 7994 8090 8091
f 7995 8092 7996
f 7995 8091 8092
f 7996 8093 7997
f 7996 8092 8093
f 7997 8094 7998
f 7997 8093 8094
f 7998 8095 7999
f 7998 8094 8095
f 7999 8096 8000
f 7999 8095 8096
f 8000 8097 8001
f 8000 8096 8097
f 8001 8098 8002
f 8001 8097 8098
f 8002 8099 8003
f 8002 8098 8099
f 8003 8100 8004
f 8003 8099 8100
f 8004 8101 8005
f 8004 8100 8101
f 8005 8102 8006
f 8005 8101 8102
f 8006 8103 8007
f 8006 8102 8103
f 8007 8104 8008
f 8007 8103 8104
f 8008 8105 8009
f 8008 8104 8105
f 8009 8106 8010
f 8009 8105 8106
f 8010 8107 8011
f 8010 8106 8107
f 8011 8108 8012
f 8011 8107 8108
f 8012 8109 8013
f 8012 8108 8109
f 8013 8110 8014
f 8013 8109 8110
f 8014 8111 8015
f 8014 8110 8111
f 8015 8112 8016
f 8015 8111 8112
f 8016 8113 8017
f 8016 8112 8113
f 8017 8114 8018
f 8017 8113 8114
f 8018 8115 8019
f 8018 8114 8115
f 8019 8116 8020
f 8019 8115 8116
f 8020 8117 8021
f 8020 8116 8117
f 8021 8118 8022
f 8021 8117 8118
f 8022 8119 8023
f 8022 8118 8119
f 8023 8120 8024
f 8023 8119 8120
f 8024 8121 8025
f 8024 8120 8121
f 8025 8122 8026
f 8025 8121 8122
f 8026 8123 8027
f 8026 8122 8123
f 8027 8124 8028
f 8027 8123 8124
f 8028 8125 8029
f 8028 8124 8125
f 8029 8126 8030
f 8029 8125 8126
f 8030 8127 8031
f 8030 8126 8127
f 8031 8128 8032
f 8031 8127 8128
f 8032 8129 8033
f 8032 8128 8129
f 8033 8130 8034
f 8033 8129 8130
f 8034 8131 8035
f 8034 8130 8131
f 8035 8132 8036
f 8035 8131 8132
f 8036 8133 8037
f 8036 8132 8133
f 8037 8134 8038
f 8037 8133 8134
f 8038 8135 8039
f 8038 8134 8135
f 8039 8136 8040
f 8039 8135 8136
f 8040 8137 8041
f 8040 8136 8137
f 8041 8138 8042
f 8041 8137 8138
f 8042 8139 8043
f 8042 8138 8139
f 8043 8140 8044
f 8043 8139 8140
f 8044 8141 8045
f 8044 8140 8141
f 8045 8142 8046
f 8045 8141 8142
f 8046 8143 8047
f 8046 8142 8143
f 8047 8144 8048
f 8047 8143 8144
f 8048 8145 8049
f 8048 8144 8145
f 8049 8146 8050
f 8049 8145 8146
f 8050 8147 8051
f 8050 8146 8147
f 8051 8148 8052
f 8051 8147 8148
f 8052 8149 8053
f 8052 8148 8149
f 8053 8150 8054
f 8053 8149 8150
f 8054 8151 8055
f 8054 8150 8151
f 8055 8152 8056
f 8055 8151 8152
f 8056 8153 8057
f 8056 8152 8153
f 8057 8154 8058
f 8057 8153 8154
f 8058 8155 8059
f 8058 8154 8155
f 8059 8156 8060
f 8059 8155 8156
f 8060 8157 8061
f 8060 8156 8157
f 8061 8158 8062
f 8061 8157 8158
f 8062 8159 8063
f 8062 8158 8159
f 8063 8160 8064
f 8063 8159 8160
f 8064 8161 8065
f 8064 8160 8161
f 8065 8066 7970
f 8065 8161 8066
f 8066 8163 8067
f 8066 8162 8163
f 8067 8164 8068
f 8067 8163 8164
f 8068 8165 8069
f 8068 8164 8165
f 8069 8166 8070
f 8069 8165 8166
f 8070 8167 8071
f 8070 8166 8167
f 8071 8168 8072
f 8071 8167 8168
f 8072 8169 8073
f 8072 8168 8169
f 8073 8170 8074
f 8073 8169 8170
f 8074 8171 8075
f 8074 8170 8171
f 8075 8172 8076
f 8075 8171 8172
f 8076 8173 8077
f 8076 8172 8173
f 8077 8174 8078
f 8077 8173 8174
f 8078 8175 8079
f 8078 8174 8175
f 8079 8176 8080
f 8079 8175 8176
f 8080 8177 8081
f 8080 8176 8177
f 8081 8178 8082
f 8081 8177 8178
f 8082 8179 8083
f 8082 8178 8179
f 8083 8180 8084
f 8083 8179 8180
f 8084 8181 8085
f 8084 8180 8181
f 8085 8182 8086
f 8085 8181 8182
f 8086 8183 8087
f 8086 8182 8183
f 8087 8184 8088
f 8087 8183 8184
f 8088 8185 8089
f 8088 8184 8185
f 8089 8186 8090
f 8089 8185 8186
f 8090 8187 8091
f 8090 8186 8187
f 8091 8188 8092
f 8091 8187 8188
f 8092 8189 8093
f 8092 8188 8189
f 8093 8190 8094
f 8093 8189 8190
f 8094 8191 8095
f 8094 8190 8191
f 8095 8192 8096
f 8095 8191 8192
f 8096 8193 8097
f 8096 8192 8193
f 8097 8194 8098
f 8097 8193 8194
f 8098 8195 8099
f 8098 8194 8195
f 8099 8196 8100
f 8099 8195 8196
f 8100 8197 8101
f 8100 8196 8197
f 8101 8198 8102
f 8101 8197 8198
f 8102 8199 8103
f 8102 8198 8199
f 8103 8200 8104
f 8103 8199 8200
f 8104 8201 8105
f 8104 8200 8201
f 8105 8202 8106
f 8105 8201 8202
f 8106 8203 8107
f 8106 8202 8203
f 8107 8204 8108
f 8107 8203 8204
f 8108 8205 8109
f 8108 8204 8205
f 8109 8206 8110
f 8109 8205 8206
f 8110 8207 8111
f 8110 8206 8207
f 8111 8208 8112
f 8111 8207 8208
f 8112 8209 8113
f 8112 8208 8209
f 8113 8210 8114
f 8113 8209 8210
f 8114 8211 8115
f 8114 8210 8211
f 8115 8212 8116
f 8115 8211 8212
f 8116 8213 8117
f 8116 8212 8213
f 8117 8214 8118
f 8117 8213 8214
f 8118 8215 8119
f 8118 8214 8215
f 8119 8216 8120
f 8119 8215 8216
f 8120 8217 8121
f 8120 8216 8217
f 8121 8218 8122
f 8121 8217 8218
f 8122 8219 8123
f 8122 8218 8219
f 8123 8220 8124
f 8123 8219 8220
f 8124 8221 8125
f 8124 8220 8221
f 8125 8222 8126
f 8125 8221 8222
f 8126 8223 8127
f 8126 8222 8223
f 8127 8224 8128
f 8127 8223 8224
f 8128 8225 8129
f 8128 8224 8225
f 8129 8226 8130
f 8129 8225 8226
f 8130 8227 8131
f 8130 8226 8227
f 8131 8228 8132
f 8131 8227 8228
f 8132 8229 8133
f 8132 8228 8229
f 8133 8230 8134
f 8133 8229 8230
f 8134 8231 8135
f 8134 8230 8231
f 8135 8232 8136
f 8135 8231 8232
f 8136 8233 8137
f 8136 8232 8233
f 8137 8234 8138
f 8137 8233 8234
f 8138 8235 8139
f 8138 8234 8235
f 8139 8236 8140
f 8139 8235 8236
f 8140 8237 8141
f 8140 8236 8237
f 8141 8238 8142
f 8141 8237 8238
f 8142 8239 8143
f 8142 8238 8239
f 8143 8240 8144
f 8143 8239 8240
f 8144 8241 8145
f 8144 8240 8241
f 8145 8242 8146
f 8145 8241 8242
f 8146 8243 8147
f 8146 8242 8243
f 8147 8244 8148
f 8147 8243 8244
f 8148 8245 8149
f 8148 8244 8245
f 8149 8246 8150
f 8149 8245 8246
f 8150 8247 8151
f 8150 8246 8247
f 8151 8248 8152
f 8151 8247 8248
f 8152 8249 8153
f 8152 8248 8249
f 8153 8250 8154
f 8153 8249 8250
f 8154 8251 8155
f 8154 8250 8251
f 8155 8252 8156
f 8155 8251 8252
f 8156 8253 8157
f 8156 8252 8253
f 8157 8254 8158
f 8157 8253 8254
f 8158 8255 8159
f 8158 8254 8255
f 8159 8256 8160
f 8159 8255 8256
f 8160 8257 8161
f 8160 8256 8257
f 8161 8162 8066
f 8161 8257 8162
f 8162 8259 8163
f 8162 8258 8259
f 8163 8260 8164
f 8163 8259 8260
f 8164 8261 8165
f 8164 8260 8261
f 8165 8262 8166
f 8165 8261 8262
f 8166 8263 8167
f 8166 8262 8263
f 8167 8264 8168
f 8167 8263 8264
f 8168 8265 8169
f 8168 8264 8265
f 8169 8266 8170
f 8169 8265 8266
f 8170 8267 8171
f 8170 8266 8267
f 8171 8268 8172
f 8171 8267 8268
f 8172 8269 8173
f 8172 8268 8269
f 8173 8270 8174
f 8173 8269 8270
f 8174 8271 8175
f 8174 8270 8271
f 8175 8272 8176
f 8175 8271 8272
f 8176 8273 8177
f 8176 8272 8273
f 8177 8274 8178
f 8177 8273 8274
f 8178 8275 8179
f 8178 8274 8275
f 8179 8276 8180
f 8179 8275 8276
f 8180 8277 8181
f 8180 8276 8277
f 8181 8278 8182
f 8181 8277 8278
f 8182 8279 8183
f 8182 8278 8279
f 8183 8280 8184
f 8183 8279 8280
f 8184 8281 8185
f 8184 8280 8281
f 8185 8282 8186
f 8185 8281 8282
f 8186 8283 8187
f 8186 8282 8283
f 8187 8284 8188
f 8187 8283 8284
f 8188 8285 8189
f 8188 8284 8285
f 8189 8286 8190
f 8189 8285 8286
f 8190 8287 8191
f 8190 8286 8287
f 8191 8288 8192
f 8191 8287 8288
f 8192 8289 8193
f 8192 8288 8289
f 8193 8290 8194
f 8193 8289 8290
f 8194 8291 8195
f 8194 8290 8291
f 8195 8292 8196
f 8195 8291 8292
f 8196 8293 8197
f 8196 8292 8293
f 8197 8294 8198
f 8197 8293 8294
f 8198 8295 8199
f 8198 8294 8295
f 8199 8296 8200
f 8199 8295 8296
f 8200 8297 8201
f 8200 8296 8297
f 8201 8298 8202
f 8201 8297 8298
f 8202 8299 8203
f 8202 8298 8299
f 8203 8300 8204
f 8203 8299 8300
f 8204 8301 8205
f 8204 8300 8301
f 8205 8302 8206
f 8205 8301 8302
f 8206 8303 8207
f 8206 8302 8303
f 8207 8304 8208
f 8207 8303 8304
f 8208 8305 8209
f 8208 8304 8305
f 8209 8306 8210
f 8209 8305 8306
f 8210 8307 8211
f 8210 8306 8307
f 8211 8308 8212
f 8211 8307 8308
f 8212 8309 8213
f 8212 8308 8309
f 8213 8310 8214
f 8213 8309 8310
f 8214 8311 8215
f 8214 8310 8311
f 8215 8312 8216
f 8215 8311 8312
f 8216 8313 8217
f 8216 8312 8313
f 8217 8314 8218
f 8217 8313 8314
f 8218 8315 8219
f 8218 8314 8315
f 8219 8316 8220
f 8219 8315 8316
f 8220 8317 8221
f 8220 8316 8317
f 8221 8318 8222
f 8221 8317 8318
f 8222 8319 8223
f 8222 8318 8319
f 8223 8320 8224
f 8223 8319 8320
f 8224 8321 8225
f 8224 8320 8321
f 8225 8322 8226
f 8225 8321 8322
f 8226 8323 8227
f 8226 8322 8323
f 8227 8324 8228
f 8227 8323 8324
f 8228 8325 8229
f 8228 8324 8325
f 8229 8326 8230
f 8229 8325 8326
f 8230 8327 8231
f 8230 8326 8327
f 8231 8328 8232
f 8231 8327 8328
f 8232 8329 8233
f 8232 8328 8329
f 8233 8330 8234
f 8233 8329 8330
f 8234 8331 8235
f 8234 8330 8331
f 8235 8332 8236
f 8235 8331 8332
f 8236 8333 8237
f 8236 8332 8333
f 8237 8334 8238
f 8237 8333 8334
f 8238 8335 8239
f 8238 8334 8335
f 8239 8336 8240
f 8239 8335 8336
f 8240 8337 8241
f 8240 8336 8337
f 8241 8338 8242
f 8241 8337 8338
f 8242 8339 8243
f 8242 8338 8339
f 8243 8340 8244
f 8243 8339 8340
f 8244 8341 8245
f 8244 8340 8341
f 8245 8342 8246
f 8245 8341 8342
f 8246 8343 8247
f 8246 8342 8343
f 8247 8344 8248
f 8247 8343 8344
f 8248 8345 8249
f 8248 8344 8345
f 8249 8346 8250
f 8249 8345 8346
f 8250 8347 8251
f 8250 8346 8347
f 8251 8348 8252
f 8251 8347 8348
f 8252 8349 8253
f 8252 8348 8349
f 8253 8350 8254
f 8253 8349 8350
f 8254 8351 8255
f 8254 8350 8351
f 8255 8352 8256
f 8255 8351 8352
f 8256 8353 8257
f 8256 8352 8353
f 8257 8258 8162
f 8257 8353 8258
f 8354 8451 8355
f 8354 8450 8451
f 8355 8452 8356
f 8355 8451 8452
f 8356 8453 8357
f 8356 8452 8453
f 8357 8454 8358
f 8357 8453 8454
f 8358 8455 8359
f 8358 8454 8455
f 8359 8456 8360
f 8359 8455 8456
f 8360 8457 8361
f 8360 8456 8457
f 8361 8458 8362
f 8361 8457 8458
f 8362 8459 8363
f 8362 8458 8459
f 8363 8460 8364
f 8363 8459 8460
f 8364 8461 8365
f 8364 8460 8461
f 8365 8462 8366
f 8365 8461 8462
f 8366 8463 8367
f 8366 8462 8463
f 8367 8464 8368
f 8367 8463 8464
f 8368 8465 8369
f 8368 8464 8465
f 8369 8466 8370
f 8369 8465 8466
f 8370 8467 8371
f 8370 8466 8467
f 8371 8468 8372
f 8371 8467 8468
f 8372 8469 8373
f 8372 8468 8469
f 8373 8470 8374
f 8373 8469 8470
f 8374 8471 8375
f 8374 8470 8471
f 8375 8472 8376
f 8375 8471 8472
f 8376 8473 8377
f 8376 8472 8473
f 8377 8474 8378
f 8377 8473 8474
f 8378 8475 8379
f 8378 8474 8475
f 8379 8476 8380
f 8379 8475 8476
f 8380 8477 8381
f 8380 8476 8477
f 8381 8478 8382
f 8381 8477 8478
f 8382 8479 8383
f 8382 8478 8479
f 8383 8480 8384
f 8383 8479 8480
f 8384 8481 8385
f 8384 8480 8481
f 8385 8482 8386
f 8385 8481 8482
f 8386 8483 8387
f 8386 8482 8483
f 8387 8484 8388
f 8387 8483 8484
f 8388 8485 8389
f 8388 8484 8485
f 8389 8486 8390
f 8389 8485 8486
f 8390 8487 8391
f 8390 8486 8487
f 8391 8488 8392
f 8391 8487 8488
f 8392 8489 8393
f 8392 8488 8489
f 8393 8490 8394
f 8393 8489 8490
f 8394 8491 8395
f 8394 8490 8491
f 8395 8492 8396
f 8395 8491 8492
f 8396 8493 8397
f 8396 8492 8493
f 8397 8494 8398
f 8397 8493 8494
f 8398 8495 8399
f 8398 8494 8495
f 8399 8496 8400
f 8399 8495 8496
f 8400 8497 8401
f 8400 8496 8497
f 8401 8498 8402
f 8401 8497 8498
f 8402 8499 8403
f 8402 8498 8499
f 8403 8500 8404
f 8403 8499 8500
f 8404 8501 8405
f 8404 8500 8501
f 8405 8502 8406
f 8405 8501 8502
f 8406 8503 8407
f 8406 8502 8503
f 8407 8504 8408
f 8407 8503 8504
f 8408 8505 8409
f 8408 8504 8505
f 8409 8506 8410
f 8409 8505 8506
f 8410 8507 8411
f 8410 8506 8507
f 8411 8508 8412
f 8411 8507 8508
f 8412 8509 8413
f 8412 8508 8509
f 8413 8510 8414
f 8413 8509 8510
f 8414 8511 8415
f 8414 8510 8511
f 8415 8512 8416
f 8415 8511 8512
f 8416 8513 8417
f 8416 8512 8513
f 8417 8514 8418
f 8417 8513 8514
f 8418 8515 8419
f 8418 8514 8515
f 8419 8516 8420
f 8419 8515 8516
f 8420 8517 8421
f 8420 8516 8517
f 8421 8518 8422
f 8421 8517 8518
f 8422 8519 8423
f 8422 8518 8519
f 8423 8520 8424
f 8423 8519 8520
f 8424 8521 8425
f 8424 8520 8521
f 8425 8522 8426
f 8425 8521 8522
f 8426 8523 8427
f 8426 8522 8523
f 8427 8524 8428
f 8427 8523 8524
f 8428 8525 8429
f 8428 8524 8525
f 8429 8526 8430
f 8429 8525 8526
f 8430 8527 8431
f 8430 8526 8527
f 8431 8528 8432
f 8431 8527 8528
f 8432 8529 8433
f 8432 8528 8529
f 8433 8530 8434
f 8433 8529 8530
f 8434 8531 8435
f 8434 8530 8531
f 8435 8532 8436
f 8435 8531 8532
f 8436 8533 8437
f 8436 8532 8533
f 8437 8534 8438
f 8437 8533 8534
f 8438 8535 8439
f 8438 8534 8535
f 8439 8536 8440
f 8439 8535 8536
f 8440 8537 8441
f 8440 8536 8537
f 8441 8538 8442
f 8441 8537 8538
f 8442 8539 8443
f 8442 8538 8539
f 8443 8540 8444
f 8443 8539 8540
f 8444 8541 8445
f 8444 8540 8541
f 8445 8542 8446
f 8445 8541 8542
f 8446 8543 8447
f 8446 8542 8543
f 8447 8544 8448
f 8447 8543 8544
f 8448 8545 8449
f 8448 8544 8545
f 8449 8450 8354
f 8449 8545 8450
f 8546 8643 8547
f 8546 8642 8643
f 8547 8644 8548
f 8547 8643 8644
f 8548 8645 8549
f 8548 8644 8645
f 8549 8646 8550
f 8549 8645 8646
f 8550 8647 8551
f 8550 8646 8647
f 8551 8648 8552
f 8551 8647 8648
f 8552 8649 8553
f 8552 8648 8649
f 8553 8650 8554
f 8553 8649 8650
f 8554 8651 8555
f 8554 8650 8651
f 8555 8652 8556
f 8555 8651 8652
f 8556 8653 8557
f 8556 8652 8653
f 8557 8654 8558
f 8557 8653 8654
f 8558 8655 8559
f 8558 8654 8655
f 8559 8656 8560
f 8559 8655 8656
f 8560 8657 8561
f 8560 8656 8657
f 8561 8658 8562
f 8561 8657 8658
f 8562 8659 8563
f 8562 8658 8659
f 8563 8660 8564
f 8563 8659 8660
f 8564 8661 8565
f 8564 8660 8661
f 8565 8662 8566
f 8565 8661 8662
f 8566 8663 8567
f 8566 8662 8663
f 8567 8664 8568
f 8567 8663 8664
f 8568 8665 8569
f 8568 8664 8665
f 8569 8666 8570
f 8569 8665 8666
f 8570 8667 8571
f 8570 8666 8667
f 8571 8668 8572
f 8571 8667 8668
f 8572 8669 8573
f 8572 8668 8669
f 8573 8670 8574
f 8573 8669 8670
f 8574 8671 8575
f 8574 8670 8671
f 8575 8672 8576
f 8575 8671 8672
f 8576 8673 8577
f 8576 8672 8673
f 8577 8674 8578
f 8577 8673 8674
f 8578 8675 8579
f 8578 8674 8675
f 8579 8676 8580
f 8579 8675 8676
f 8580 8677 8581
f 8580 8676 8677
f 8581 8678 8582
f 8581 8677 8678
f 8582 8679 8583
f 8582 8678 8679
f 8583 8680 8584
f 8583 8679 8680
f 8584 8681 8585
f 8584 8680 8681
f 8585 8682 8586
f 8585 8681 8682
f 8586 8683 8587
f 8586 8682 8683
f 8587 8684 8588
f 8587 8683 8684
f 8588 8685 8589
f 8588 8684 8685
f 8589 8686 8590
f 8589 8685 8686
f 8590 8687 8591
f 8590 8686 8687
f 8591 8688 8592
f 8591 8687 8688
f 8592 8689 8593
f 8592 8688 8689
f 8593 8690 8594
f 8593 8689 8690
f 8594 8691 8595
f 8594 8690 8691
f 8595 8692 8596
f 8595 8691 8692
f 8596 8693 8597
f 8596 8692 8693
f 8597 8694 8598
f 8597 8693 8694
f 8598 8695 8599
f 8598 8694 8695
f 8599 8696 8600
f 8599 8695 8696
f 8600 8697 8601
f 8600 8696 8697
f 8601 8698 8602
f 8601 8697 8698
f 8602 8699 8603
f 8602 8698 8699
f 8603 8700 8604
f 8603 8699 8700
f 8604 8701 8605
f 8604 8700 8701
f 8605 8702 8606
f 8605 8701 8702
f 8606 8703 8607
f 8606 8702 8703
f 8607 8704 8608
f 8607 8703 8704
f 8608 8705 8609
f 8608 8704 8705
f 8609 8706 8610
f 8609 8705 8706
f 8610 8707 8611
f 8610 8706 8707
f 8611 8708 8612
f 8611 8707 8708
f 8612 8709 8613
f 8612 8708 8709
f 8613 8710 8614
f 8613 8709 8710
f 8614 8711 8615
f 8614 8710 8711
f 8615 8712 8616
f 8615 8711 8712
f 8616 8713 8617
f 8616 8712 8713
f 8617 8714 8618
f 8617 8713 8714
f 8618 8715 8619
f 8618 8714 8715
f 8619 8716 8620
f 8619 8715 8716
f 8620 8717 8621
f 8620 8716 8717
f 8621 8718 8622
f 8621 8717 8718
f 8622 8719 8623
f 8622 8718 8719
f 8623 8720 8624
f 8623 8719 8720
f 8624 8721 8625
f 8624 8720 8721
f 8625 8722 8626
f 8625 8721 8722
f 8626 8723 8627
f 8626 8722 8723
f 8627 8724 8628
f 8627 8723 8724
f 8628 8725 8629
f 8628 8724 8725
f 8629 8726 8630
f 8629 8725 8726
f 8630 8727 8631
f 8630 8726 8727
f 8631 8728 8632
f 8631 8727 8728
f 8632 8729 8633
f 8632 8728 8729
f 8633 8730 8634
f 8633 8729 8730
f 8634 8731 8635
f 8634 8730 8731
f 8635 8732 8636
f 8635 8731 8732
f 8636 8733 8637
f 8636 8732 8733
f 8637 8734 8638
f 8637 8733 8734
f 8638 8735 8639
f 8638 8734 8735
f 8639 8736 8640
f 8639 8735 8736
f 8640 8737 8641
f 8640 8736 8737
f 8641 8642 8546
f 8641 8737 8642
f 8642 8739 8643
f 8642 8738 8739
f 8643 8740 8644
f 8643 8739 8740
f 8644 8741 8645
f 8644 8740 8741
f 8645 8742 8646
f 8645 8741 8742
f 8646 8743 8647
f 8646 8742 8743
f 8647 8744 8648
f 8647 8743 8744
f 8648 8745 8649
f 8648 8744 8745
f 8649 8746 8650
f 8649 8745 8746
f 8650 8747 8651
f 8650 8746 8747
f 8651 8748 8652
f 8651 8747 8748
f 8652 8749 8653
f 8652 8748 8749
f 8653 8750 8654
f 8653 8749 8750
f 8654 8751 8655
f 8654 8750 8751
f 8655 8752 8656
f 8655 8751 8752
f 8656 8753 8657
f 8656 8752 8753
f 8657 8754 8658
f 8657 8753 8754
f 8658 8755 8659
f 8658 8754 8755
f 8659 8756 8660
f 8659 8755 8756
f 8660 8757 8661
f 8660 8756 8757
f 8661 8758 8662
f 8661 8757 8758
f 8662 8759 8663
f 8662 8758 8759
f 8663 8760 8664
f 8663 8759 8760
f 8664 8761 8665
f 8664 8760 8761
f 8665 8762 8666
f 8665 8761 8762
f 8666 8763 8667
f 8666 8762 8763
f 8667 8764 8668
f 8667 8763 8764
f 8668 8765 8669
f 8668 8764 8765
f 8669 8766 8670
f 8669 8765 8766
f 8670 8767 8671
f 8670 8766 8767
f 8671 8768 8672
f 8671 8767 8768
f 8672 8769 8673
f 8672 8768 8769
f 8673 8770 8674
f 8673 8769 8770
f 8674 8771 8675
f 8674 8770 8771
f 8675 8772 8676
f 8675 8771 8772
f 8676 8773 8677
f 8676 8772 8773
f 8677 8774 8678
f 8677 8773 8774
f 8678 8775 8679
f 8678 8774 8775
f 8679 8776 8680
f 8679 8775 8776
f 8680 8777 8681
f 8680 8776 8777
f 8681 8778 8682
f 8681 8777 8778
f 8682 8779 8683
f 8682 8778 8779
f 8683 8780 8684
f 8683 8779 8780
f 8684 8781 8685
f 8684 8780 8781
f 8685 8782 8686
f 8685 8781 8782
f 8686 8783 8687
f 8686 8782 8783
f 8687 8784 8688
f 8687 8783 8784
f 8688 8785 8689
f 8688 8784 8785
f 8689 8786 8690
f 8689 8785 8786
f 8690 8787 8691
f 8690 8786 8787
f 8691 8788 8692
f 8691 8787 8788
f 8692 8789 8693
f 8692 8788 8789
f 8693 8790 8694
f 8693 8789 8790
f 8694 8791 8695
f 8694 8790 8791
f 8695 8792 8696
f 8695 8791 8792
f 8696 8793 8697
f 8696 8792 8793
f 8697 8794 8698
f 8697 8793 8794
f 8698 8795 8699
f 8698 8794 8795
f 8699 8796 8700
f 8699 8795 8796
f 8700 8797 8701
f 8700 8796 8797
f 8701 8798 8702
f 8701 8797 8798
f 8702 8799 8703
f 8702 8798 8799
f 8703 8800 8704
f 8703 8799 8800
f 8704 8801 8705
f 8704 8800 8801
f 8705 8802 8706
f 8705 8801 8802
f 8706 8803 8707
f 8706 8802 8803
f 8707 8804 8708
f 8707 8803 8804
f 8708 8805 8709
f 8708 8804 8805
f 8709 8806 8710
f 8709 8805 8806
f 8710 8807 8711
f 8710 8806 8807
f 8711 8808 8712
f 8711 8807 8808
f 8712 8809 8713
f 8712 8808 8809
f 8713 8810 8714
f 8713 8809 8810
f 8714 8811 8715
f 8714 8810 8811
f 8715 8812 8716
f 8715 8811 8812
f 8716 8813 8717
f 8716 8812 8813
f 8717 8814 8718
f 8717 8813 8814
f 8718 8815 8719
f 8718 8814 8815
f 8719 8816 8720
f 8719 8815 8816
f 8720 8817 8721
f 8720 8816 8817
f 8721 8818 8722
f 8721 8817 8818
f 8722 8819 8723
f 8722 8818 8819
f 8723 8820 8724
f 8723 8819 8820
f 8724 8821 8725
f 8724 8820 8821
f 8725 8822 8726
f 8725 8821 8822
f 8726 8823 8727
f 8726 8822 8823
f 8727 8824 8728
f 8727 8823 8824
f 8728 8825 8729
f 8728 8824 8825
f 8729 8826 8730
f 8729 8825 8826
f 8730 8827 8731
f 8730 8826 8827
f 8731 8828 8732
f 8731 8827 8828
f 8732 8829 8733
f 8732 8828 8829
f 8733 8830 8734
f 8733 8829 8830
f 8734 8831 8735
f 8734 8830 8831
f 8735 8832 8736
f 8735 8831 8832
f 8736 8833 8737
f 8736 8832 8833
f 8737 8738 8642
f 8737 8833 8738
f 8738 8835 8739
f 8738 8834 8835
f 8739 8836 8740
f 8739 8835 8836
f 8740 8837 8741
f 8740 8836 8837
f 8741 8838 8742
f 8741 8837 8838
f 8742 8839 8743
f 8742 8838 8839
f 8743 8840 8744
f 8743 8839 8840
f 8744 8841 8745
f 8744 8840 8841
f 8745 8842 8746
f 8745 8841 8842
f 8746 8843 8747
f 8746 8842 8843
f 8747 8844 8748
f 8747 8843 8844
f 8748 8845 8749
f 8748 8844 8845
f 8749 8846 8750
f 8749 8845 8846
f 8750 8847 8751
f 8750 8846 8847
f 8751 8848 8752
f 8751 8847 8848
f 8752 8849 8753
f 8752 8848 8849
f 8753 8850 8754
f 8753 8849 8850
f 8754 8851 8755
f 8754 8850 8851
f 8755 8852 8756
f 8755 8851 8852
f 8756 8853 8757
f 8756 8852 8853
f 8757 8854 8758
f 8757 8853 8854
f 8758 8855 8759
f 8758 8854 8855
f 8759 8856 8760
f 8759 8855 8856
f 8760 8857 8761
f 8760 8856 8857
f 8761 8858 8762
f 8761 8857 8858
f 8762 8859 8763
f 8762 8858 8859
f 8763 8860 8764
f 8763 8859 8860
f 8764 8861 8765
f 8764 8860 8861
f 8765 8862 8766
f 8765 8861 8862
f 8766 8863 8767
f 8766 8862 8863
f 8767 8864 8768
f 8767 8863 8864
f 8768 8865 8769
f 8768 8864 8865
f 8769 8866 8770
f 8769 8865 8866
f 8770 8867 8771
f 8770 8866 8867
f 8771 8868 8772
f 8771 8867 8868
f 8772 8869 8773
f 8772 8868 8869
f 8773 8870 8774
f 8773 8869 8870
f 8774 8871 8775
f 8774 8870 8871
f 8775 8872 8776
f 8775 8871 8872
f 8776 8873 8777
f 8776 8872 8873
f 8777 8874 8778
f 8777 8873 8874
f 8778 8875 8779
f 8778 8874 8875
f 8779 8876 8780
f 8779 8875 8876
f 8780 8877 8781
f 8780 8876 8877
f 8781 8878 8782
f 8781 8877 8878
f 8782 8879 8783
f 8782 8878 8879
f 8783 8880 8784
f 8783 8879 8880
f 8784 8881 8785
f 8784 8880 8881
f 8785 8882 8786
f 8785 8881 8882
f 8786 8883 8787
f 8786 8882 8883
f 8787 8884 8788
f 8787 8883 8884
f 8788 8885 8789
f 8788 8884 8885
f 8789 8886 8790
f 8789 8885 8886
f 8790 8887 8791
f 8790 8886 8887
f 8791 8888 8792
f 8791 8887 8888
f 8792 8889 8793
f 8792 8888 8889
f 8793 8890 8794
f 8793 8889 8890
f 8794 8891 8795
f 8794 8890 8891
f 8795 8892 8796
f 8795 8891 8892
f 8796 8893 8797
f 8796 8892 8893
f 8797 8894 8798
f 8797 8893 8894
f 8798 8895 8799
f 8798 8894 8895
f 8799 8896 8800
f 8799 8895 8896
f 8800 8897 8801
f 8800 8896 8897
f 8801 8898 8802
f 8801 8897 8898
f 8802 8899 8803
f 8802 8898 8899
f 8803 8900 8804
f 8803 8899 8900
f 8804 8901 8805
f 8804 8900 8901
f 8805 8902 8806
f 8805 8901 8902
f 8806 8903 8807
f 8806 8902 8903
f 8807 8904 8808
f 8807 8903 8904
f 8808 8905 8809
f 8808 8904 8905
f 8809 8906 8810
f 8809 8905 8906
f 8810 8907 8811
f 8810 8906 8907
f 8811 8908 8812
f 8811 8907 8908
f 8812 8909 8813
f 8812 8908 8909
f 8813 8910 8814
f 8813 8909 8910
f 8814 8911 8815
f 8814 8910 8911
f 8815 8912 8816
f 8815 8911 8912
f 8816 8913 8817
f 8816 8912 8913
f 8817 8914 8818
f 8817 8913 8914
f 8818 8915 8819
f 8818 8914 8915
f 8819 8916 8820
f 8819 8915 8916
f 8820 8917 8821
f 8820 8916 8917
f 8821 8918 8822
f 8821 8917 8918
f 8822 8919 8823
f 8822 8918 8919
f 8823 8920 8824
f 8823 8919 8920
f 8824 8921 8825
f 8824 8920 8921
f 8825 8922 8826
f 8825 8921 8922
f 8826 8923 8827
f 8826 8922 8923
f 8827 8924 8828
f 8827 8923 8924
f 8828 8925 8829
f 8828 8924 8925
f 8829 8926 8830
f 8829 8925 8926
f 8830 8927 8831
f 8830 8926 8927
f 8831 8928 8832
f 8831 8927 8928
f 8832 8929 8833
f 8832 8928 8929
f 8833 8834 8738
f 8833 8929 8834
f 8834 8931 8835
f 8834 8930 8931
f 8835 8932 8836
f 8835 8931 8932
f 8836 8933 8837
f 8836 8932 8933
f 8837 8934 8838
f 8837 8933 8934
f 8838 8935 8839
f 8838 8934 8935
f 8839 8936 8840
f 8839 8935 8936
f 8840 8937 8841
f 8840 8936 8937
f 8841 8938 8842
f 8841 8937 8938
f 8842 8939 8843
f 8842 8938 8939
f 8843 8940 8844
f 8843 8939 8940
f 8844 8941 8845
f 8844 8940 8941
f 8845 8942 8846
f 8845 8941 8942
f 8846 8943 8847
f 8846 8942 8943
f 8847 8944 8848
f 8847 8943 8944
f 8848 8945 8849
f 8848 8944 8945
f 8849 8946 8850
f 8849 8945 8946
f 8850 8947 8851
f 8850 8946 8947
f 8851 8948 8852
f 8851 8947 8948
f 8852 8949 8853
f 8852 8948 8949
f 8853 8950 8854
f 8853 8949 8950
f 8854 8951 8855
f 8854 8950 8951
f 8855 8952 8856
f 8855 8951 8952
f 8856 8953 8857
f 8856 8952 8953
f 8857 8954 8858
f 8857 8953 8954
f 8858 8955 8859
f 8858 8954 8955
f 8859 8956 8860
f 8859 8955 8956
f 8860 8957 8861
f 8860 8956 8957
f 8861 8958 8862
f 8861 8957 8958
f 8862 8959 8863
f 8862 8958 8959
f 8863 8960 8864
f 8863 8959 8960
f 8864 8961 8865
f 8864 8960 8961
f 8865 8962 8866
f 8865 8961 8962
f 8866 8963 8867
f 8866 8962 8963
f 8867 8964 8868
f 8867 8963 8964
f 8868 8965 8869
f 8868 8964 8965
f 8869 8966 8870
f 8869 8965 8966
f 8870 8967 8871
f 8870 8966 8967
f 8871 8968 8872
f 8871 8967 8968
f 8872 8969 8873
f 8872 8968 8969
f 8873 8970 8874
f 8873 8969 8970
f 8874 8971 8875
f 8874 8970 8971
f 8875 8972 8876
f 8875 8971 8972
f 8876 8973 8877
f 8876 8972 8973
f 8877 8974 8878
f 8877 8973 8974
f 8878 8975 8879
f 8878 8974 8975
f 8879 8976 8880
f 8879 8975 8976
f 8880 8977 8881
f 8880 8976 8977
f 8881 8978 8882
f 8881 8977 8978
f 8882 8979 8883
f 8882 8978 8979
f 8883 8980 8884
f 8883 8979 8980
f 8884 8981 8885
f 8884 8980 8981
f 8885 8982 8886
f 8885 8981 8982
f 8886 8983 8887
f 8886 8982 8983
f 8887 8984 8888
f 8887 8983 8984
f 8888 8985 8889
f 8888 8984 8985
f 8889 8986 8890
f 8889 8985 8986
f 8890 8987 8891
f 8890 8986 8987
f 8891 8988 8892
f 8891 8987 8988
f 8892 8989 8893
f 8892 8988 8989
f 8893 8990 8894
f 8893 8989 8990
f 8894 8991 8895
f 8894 8990 8991
f 8895 8992 8896
f 8895 8991 8992
f 8896 8993 8897
f 8896 8992 8993
f 8897 8994 8898
f 8897 8993 8994
f 8898 8995 8899
f 8898 8994 8995
f 8899 8996 8900
f 8899 8995 8996
f 8900 8997 8901
f 8900 8996 8997
f 8901 8998 8902
f 8901 8997 8998
f 8902 8999 8903
f 8902 8998 8999
f 8903 9000 8904
f 8903 8999 9000
f 8904 9001 8905
f 8904 9000 9001
f 8905 9002 8906
f 8905 9001 9002
f 8906 9003 8907
f 8906 9002 9003
f 8907 9004 8908
f 8907 9003 9004
f 8908 9005 8909
f 8908 9004 9005
f 8909 9006 8910
f 8909 9005 9006
f 8910 9007 8911
f 8910 9006 9007
f 8911 9008 8912
f 8911 9007 9008
f 8912 9009 8913
f 8912 9008 9009
f 8913 9010 8914
f 8913 9009 9010
f 8914 9011 8915
f 8914 9010 9011
f 8915 9012 8916
f 8915 9011 9012
f 8916 9013 8917
f 8916 9012 9013
f 8917 9014 8918
f 8917 9013 9014
f 8918 9015 8919
f 8918 9014 9015
f 8919 9016 8920
f 8919 9015 9016
f 8920 9017 8921
f 8920 9016 9017
f 8921 9018 8922
f 8921 9017 9018
f 8922 9019 8923
f 8922 9018 9019
f 8923 9020 8924
f 8923 9019 9020
f 8924 9021 8925
f 8924 9020 9021
f 8925 9022 8926
f 8925 9021 9022
f 8926 9023 8927
f 8926 9022 9023
f 8927 9024 8928
f 8927 9023 9024
f 8928 9025 8929
f 8928 9024 9025
f 8929 8930 8834
f 8929 9025 8930
f 8930 9027 8931
f 8930 9026 9027
f 8931 9028 8932
f 8931 9027 9028
f 8932 9029 8933
f 8932 9028 9029
f 8933 9030 8934
f 8933 9029 9030
f 8934 9031 8935
f 8934 9030 9031
f 8935 9032 8936
f 8935 9031 9032
f 8936 9033 8937
f 8936 9032 9033
f 8937 9034 8938
f 8937 9033 9034
f 8938 9035 8939
f 8938 9034 9035
f 8939 9036 8940
f 8939 9035 9036
f 8940 9037 8941
f 8940 9036 9037
f 8941 9038 8942
f 8941 9037 9038
f 8942 9039 8943
f 8942 9038 9039
f 8943 9040 8944
f 8943 9039 9040
f 8944 9041 8945
f 8944 9040 9041
f 8945 9042 8946
f 8945 9041 9042
f 8946 9043 8947
f 8946 9042 9043
f 8947 9044 8948
f 8947 9043 9044
f 8948 9045 8949
f 8948 9044 9045
f 8949 9046 8950
f 8949 9045 9046
f 8950 9047 8951
f 8950 9046 9047
f 8951 9048 8952
f 8951 9047 9048
f 8952 9049 8953
f 8952 9048 9049
f 8953 9050 8954
f 8953 9049 9050
f 8954 9051 8955
f 8954 9050 9051
f 8955 9052 8956
f 8955 9051 9052
f 8956 9053 8957
f 8956 9052 9053
f 8957 9054 8958
f 8957 9053 9054
f 8958 9055 8959
f 8958 9054 9055
f 8959 9056 8960
f 8959 9055 9056
f 8960 9057 8961
f 8960 9056 9057
f 8961 9058 8962
f 8961 9057 9058
f 8962 9059 8963
f 8962 9058 9059
f 8963 9060 8964
f 8963 9059 9060
f 8964 9061 8965
f 8964 9060 9061
f 8965 9062 8966
f 8965 9061 9062
f 8966 9063 8967
f 8966 9062 9063
f 8967 9064 8968
f 8967 9063 9064
f 8968 9065 8969
f 8968 9064 9065
f 8969 9066 8970
f 8969 9065 9066
f 8970 9067 8971
f 8970 9066 9067
f 8971 9068 8972
f 8971 9067 9068
f 8972 9069 8973
f 8972 9068 9069
f 8973 9070 8974
f 8973 9069 9070
f 8974 9071 8975
f 8974 9070 9071
f 8975 9072 8976
f 8975 9071 9072
f 8976 9073 8977
f 8976 9072 9073
f 8977 9074 8978
f 8977 9073 9074
f 8978 9075 8979
f 8978 9074 9075
f 8979 9076 8980
f 8979 9075 9076
f 8980 9077 8981
f 8980 9076 9077
f 8981 9078 8982
f 8981 9077 9078
f 8982 9079 8983
f 8982 9078 9079
f 8983 9080 8984
f 8983 9079 9080
f 8984 9081 8985
f 8984 9080 9081
f 8985 9082 8986
f 8985 9081 9082
f 8986 9083 8987
f 8986 9082 9083
f 8987 9084 8988
f 8987 9083 9084
f 8988 9085 8989
f 8988 9084 9085
f 8989 9086 8990
f 8989 9085 9086
f 8990 9087 8991
f 8990 9086 9087
f 8991 9088 8992
f 8991 9087 9088
f 8992 9089 8993
f 8992 9088 9089
f 8993 9090 8994
f 8993 9089 9090
f 8994 9091 8995
f 8994 9090 9091
f 8995 9092 8996
f 8995 9091 9092
f 8996 9093 8997
f 8996 9092 9093
f 8997 9094 8998
f 8997 9093 9094
f 8998 9095 8999
f 8998 9094 9095
f 8999 9096 9000
f 8999 9095 9096
f 9000 9097 9001
f 9000 9096 9097
f 9001 9098 9002
f 9001 9097 9098
f 9002 9099 9003
f 9002 9098 9099
f 9003 9100 9004
f 9003 9099 9100
f 9004 9101 9005
f 9004 9100 9101
f 9005 9102 9006
f 9005 9101 9102
f 9006 9103 9007
f 9006 9102 9103
f 9007 9104 9008
f 9007 9103 9104
f 9008 9105 9009
f 9008 9104 9105
f 9009 9106 9010
f 9009 9105 9106
f 9010 9107 9011
f 9010 9106 9107
f 9011 9108 9012
f 9011 9107 9108
f 9012 9109 9013
f 9012 9108 9109
f 9013 9110 9014
f 9013 9109 9110
f 9014 9111 9015
f 9014 9110 9111
f 9015 9112 9016
f 9015 9111 9112
f 9016 9113 9017
f 9016 9112 9113
f 9017 9114 9018
f 9017 9113 9114
f 9018 9115 9019
f 9018 9114 9115
f 9019 9116 9020
f 9019 9115 9116
f 9020 9117 9021
f 9020 9116 9117
f 9021 9118 9022
f 9021 9117 9118
f 9022 9119 9023
f 9022 9118 9119
f 9023 9120 9024
f 9023 9119 9120
f 9024 9121 9025
f 9024 9120 9121
f 9025 9026 8930
f 9025 9121 9026
f 9026 9123 9027
f 9026 9122 9123
f 9027 9124 9028
f 9027 9123 9124
f 9028 9125 9029
f 9028 9124 9125
f 9029 9126 9030
f 9029 9125 9126
f 9030 9127 9031
f 9030 9126 9127
f 9031 9128 9032
f 9031 9127 9128
f 9032 9129 9033
f 9032 9128 9129
f 9033 9130 9034
f 9033 9129 9130
f 9034 9131 9035
f 9034 9130 9131
f 9035 9132 9036
f 9035 9131 9132
f 9036 9133 9037
f 9036 9132 9133
f 9037 9134 9038
f 9037 9133 9134
f 9038 9135 9039
f 9038 9134 9135
f 9039 9136 9040
f 9039 9135 9136
f 9040 9137 9041
f 9040 9136 9137
f 9041 9138 9042
f 9041 9137 9138
f 9042 9139 9043
f 9042 9138 9139
f 9043 9140 9044
f 9043 9139 9140
f 9044 9141 9045
f 9044 9140 9141
f 9045 9142 9046
f 9045 9141 9142
f 9046 9143 9047
f 9046 9142 9143
f 9047 9144 9048
f 9047 9143 9144
f 9048 9145 9049
f 9048 9144 9145
f 9049 9146 9050
f 9049 9145 9146
f 9050 9147 9051
f 9050 9146 9147
f 9051 9148 9052
f 9051 9147 9148
f 9052 9149 9053
f 9052 9148 9149
f 9053 9150 9054
f 9053 9149 9150
f 9054 9151 9055
f 9054 9150 9151
f 9055 9152 9056
f 9055 9151 9152
f 9056 9153 9057
f 9056 9152 9153
f 9057 9154 9058
f 9057 9153 9154
f 9058 9155 9059
f 9058 9154 9155
f 9059 9156 9060
f 9059 9155 9156
f 9060 9157 9061
f 9060 9156 9157
f 9061 9158 9062
f 9061 9157 9158
f 9062 9159 9063
f 9062 9158 9159
f 9063 9160 9064
f 9063 9159 9160
f 9064 9161 9065
f 9064 9160 9161
f 9065 9162 9066
f 9065 9161 9162
f 9066 9163 9067
f 9066 9162 9163
f 9067 9164 9068
f 9067 9163 9164
f 9068 9165 9069
f 9068 9164 9165
f 9069 9166 9070
f 9069 9165 9166
f 9070 9167 9071
f 9070 9166 9167
f 9071 9168 9072
f 9071 9167 9168
f 9072 9169 9073
f 9072 9168 9169
f 9073 9170 9074
f 9073 9169 9170
f 9074 9171 9075
f 9074 9170 9171
f 9075 9172 9076
f 9075 9171 9172
f 9076 9173 9077
f 9076 9172 9173
f 9077 9174 9078
f 9077 9173 9174
f 9078 9175 9079
f 9078 9174 9175
f 9079 9176 9080
f 9079 9175 9176
f 9080 9177 9081
f 9080 9176 9177
f 9081 9178 9082
f 9081 9177 9178
f 9082 9179 9083
f 9082 9178 9179
f 9083 9180 9084
f 9083 9179 9180
f 9084 9181 9085
f 9084 9180 9181
f 9085 9182 9086
f 9085 9181 9182
f 9086 9183 9087
f 9086 9182 9183
f 9087 9184 9088
f 9087 9183 9184
f 9088 9185 9089
f 9088 9184 9185
f 9089 9186 9090
f 9089 9185 9186
f 9090 9187 9091
f 9090 9186 9187
f 9091 9188 9092
f 9091 9187 9188
f 9092 9189 9093
f 9092 9188 9189
f 9093 9190 9094
f 9093 9189 9190
f 9094 9191 9095
f 9094 9190 9191
f 9095 9192 9096
f 9095 9191 9192
f 9096 9193 9097
f 9096 9192 9193
f 9097 9194 9098
f 9097 9193 9194
f 9098 9195 9099
f 9098 9194 9195
f 9099 9196 9100
f 9099 9195 9196
f 9100 9197 9101
f 9100 9196 9197
f 9101 9198 9102
f 9101 9197 9198
f 9102 9199 9103
f 9102 9198 9199
f 9103 9200 9104
f 9103 9199 9200
f 9104 9201 9105
f 9104 9200 9201
f 9105 9202 9106
f 9105 9201 9202
f 9106 9203 9107
f 9106 9202 9203
f 9107 9204 9108
f 9107 9203 9204
f 9108 9205 9109
f 9108 9204 9205
f 9109 9206 9110
f 9109 9205 9206
f 9110 9207 9111
f 9110 9206 9207
f 9111 9208 9112
f 9111 9207 9208
f 9112 9209 9113
f 9112 9208 9209
f 9113 9210 9114
f 9113 9209 9210
f 9114 9211 9115
f 9114 9210 9211
f 9115 9212 9116
f 9115 9211 9212
f 9116 9213 9117
f 9116 9212 9213
f 9117 9214 9118
f 9117 9213 9214
f 9118 9215 9119
f 9118 9214 9215
f 9119 9216 9120
f 9119 9215 9216
f 9120 9217 9121
f 9120 9216 9217
f 9121 9122 9026
f 9121 9217 9122
f 9122 9219 9123
f 9122 9218 9219
f 9123 9220 9124
f 9123 9219 9220
f 9124 9221 9125
f 9124 9220 9221
f 9125 9222 9126
f 9125 9221 9222
f 9126 9223 9127
f 9126 9222 9223
f 9127 9224 9128
f 9127 9223 9224
f 9128 9225 9129
f 9128 9224 9225
f 9129 9226 9130
f 9129 9225 9226
f 9130 9227 9131
f 9130 9226 9227
f 9131 9228 9132
f 9131 9227 9228
f 9132 9229 9133
f 9132 9228 9229
f 9133 9230 9134
f 9133 9229 9230
f 9134 9231 9135
f 9134 9230 9231
f 9135 9232 9136
f 9135 9231 9232
f 9136 9233 9137
f 9136 9232 9233
f 9137 9234 9138
f 9137 9233 9234
f 9138 9235 9139
f 9138 9234 9235
f 9139 9236 9140
f 9139 9235 9236
f 9140 9237 9141
f 9140 9236 9237
f 9141 9238 9142
f 9141 9237 9238
f 9142 9239 9143
f 9142 9238 9239
f 9143 9240 9144
f 9143 9239 9240
f 9144 9241 9145
f 9144 9240 9241
f 9145 9242 9146
f 9145 9241 9242
f 9146 9243 9147
f 9146 9242 9243
f 9147 9244 9148
f 9147 9243 9244
f 9148 9245 9149
f 9148 9244 9245
f 9149 9246 9150
f 9149 9245 9246
f 9150 9247 9151
f 9150 9246 9247
f 9151 9248 9152
f 9151 9247 9248
f 9152 9249 9153
f 9152 9248 9249
f 9153 9250 9154
f 9153 9249 9250
f 9154 9251 9155
f 9154 9250 9251
f 9155 9252 9156
f 9155 9251 9252
f 9156 9253 9157
f 9156 9252 9253
f 9157 9254 9158
f 9157 9253 9254
f 9158 9255 9159
f 9158 9254 9255
f 9159 9256 9160
f 9159 9255 9256
f 9160 9257 9161
f 9160 9256 9257
f 9161 9258 9162
f 9161 9257 9258
f 9162 9259 9163
f 9162 9258 9259
f 9163 9260 9164
f 9163 9259 9260
f 9164 9261 9165
f 9164 9260 9261
f 9165 9262 9166
f 9165 9261 9262
f 9166 9263 9167
f 9166 9262 9263
f 9167 9264 9168
f 9167 9263 9264
f 9168 9265 9169
f 9168 9264 9265
f 9169 9266 9170
f 9169 9265 9266
f 9170 9267 9171
f 9170 9266 9267
f 9171 9268 9172
f 9171 9267 9268
f 9172 9269 9173
f 9172 9268 9269
f 9173 9270 9174
f 9173 9269 9270
f 9174 9271 9175
f 9174 9270 9271
f 9175 9272 9176
f 9175 9271 9272
f 9176 9273 9177
f 9176 9272 9273
f 9177 9274 9178
f 9177 9273 9274
f 9178 9275 9179
f 9178 9274 9275
f 9179 9276 9180
f 9179 9275 9276
f 9180 9277 9181
f 9180 9276 9277
f 9181 9278 9182
f 9181 9277 9278
f 9182 9279 9183
f 9182 9278 9279
f 9183 9280 9184
f 9183 9279 9280
f 9184 9281 9185
f 9184 9280 9281
f 9185 9282 9186
f 9185 9281 9282
f 9186 9283 9187
f 9186 9282 9283
f 9187 9284 9188
f 9187 9283 9284
f 9188 9285 9189
f 9188 9284 9285
f 9189 9286 9190
f 9189 9285 9286
f 9190 9287 9191
f 9190 9286 9287
f 9191 9288 9192
f 9191 9287 9288
f 9192 9289 9193
f 9192 9288 9289
f 9193 9290 9194
f 9193 9289 9290
f 9194 9291 9195
f 9194 9290 9291
f 9195 9292 9196
f 9195 9291 9292
f 9196 9293 9197
f 9196 9292 9293
f 9197 9294 9198
f 9197 9293 9294
f 9198 9295 9199
f 9198 9294 9295
f 9199 9296 9200
f 9199 9295 9296
f 9200 9297 9201
f 9200 9296 9297
f 9201 9298 9202
f 9201 9297 9298
f 9202 9299 9203
f 9202 9298 9299
f 9203 9300 9204
f 9203 9299 9300
f 9204 9301 9205
f 9204 9300 9301
f 9205 9302 9206
f 9205 9301 9302
f 9206 9303 9207
f 9206 9302 9303
f 9207 9304 9208
f 9207 9303 9304
f 9208 9305 9209
f 9208 9304 9305
f 9209 9306 9210
f 9209 9305 9306
f 9210 9307 9211
f 9210 9306 9307
f 9211 9308 9212
f 9211 9307 9308
f 9212 9309 9213
f 9212 9308 9309
f 9213 9310 9214
f 9213 9309 9310
f 9214 9311 9215
f 9214 9310 9311
f 9215 9312 9216
f 9215 9311 9312
f 9216 9313 9217
f 9216 9312 9313
f 9217 9218 9122
f 9217 9313 9218
f 9218 9315 9219
f 9218 9314 9315
f 9219 9316 9220
f 9219 9315 9316
f 9220 9317 9221
f 9220 9316 9317
f 9221 9318 9222
f 9221 9317 9318
f 9222 9319 9223
f 9222 9318 9319
f 9223 9320 9224
f 9223 9319 9320
f 9224 9321 9225
f 9224 9320 9321
f 9225 9322 9226
f 9225 9321 9322
f 9226 9323 9227
f 9226 9322 9323
f 9227 9324 9228
f 9227 9323 9324
f 9228 9325 9229
f 9228 9324 9325
f 9229 9326 9230
f 9229 9325 9326
f 9230 9327 9231
f 9230 9326 9327
f 9231 9328 9232
f 9231 9327 9328
f 9232 9329 9233
f 9232 9328 9329
f 9233 9330 9234
f 9233 9329 9330
f 9234 9331 9235
f 9234 9330 9331
f 9235 9332 9236
f 9235 9331 9332
f 9236 9333 9237
f 9236 9332 9333
f 9237 9334 9238
f 9237 9333 9334
f 9238 9335 9239
f 9238 9334 9335
f 9239 9336 9240
f 9239 9335 9336
f 9240 9337 9241
f 9240 9336 9337
f 9241 9338 9242
f 9241 9337 9338
f 9242 9339 9243
f 9242 9338 9339
f 9243 9340 9244
f 9243 9339 9340
f 9244 9341 9245
f 9244 9340 9341
f 9245 9342 9246
f 9245 9341 9342
f 9246 9343 9247
f 9246 9342 9343
f 9247 9344 9248
f 9247 9343 9344
f 9248 9345 9249
f 9248 9344 9345
f 9249 9346 9250
f 9249 9345 9346
f 9250 9347 9251
f 9250 9346 9347
f 9251 9348 9252
f 9251 9347 9348
f 9252 9349 9253
f 9252 9348 9349
f 9253 9350 9254
f 9253 9349 9350
f 9254 9351 9255
f 9254 9350 9351
f 9255 9352 9256
f 9255 9351 9352
f 9256 9353 9257
f 9256 9352 9353
f 9257 9354 9258
f 9257 9353 9354
f 9258 9355 9259
f 9258 9354 9355
f 9259 9356 9260
f 9259 9355 9356
f 9260 9357 9261
f 9260 9356 9357
f 9261 9358 9262
f 9261 9357 9358
f 9262 9359 9263
f 9262 9358 9359
f 9263 9360 9264
f 9263 9359 9360
f 9264 9361 9265
f 9264 9360 9361
f 9265 9362 9266
f 9265 9361 9362
f 9266 9363 9267
f 9266 9362 9363
f 9267 9364 9268
f 9267 9363 9364
f 9268 9365 9269
f 9268 9364 9365
f 9269 9366 9270
f 9269 9365 9366
f 9270 9367 9271
f 9270 9366 9367
f 9271 9368 9272
f 9271 9367 9368
f 9272 9369 9273
f 9272 9368 9369
f 9273 9370 9274
f 9273 9369 9370
f 9274 9371 9275
f 9274 9370 9371
f 9275 9372 9276
f 9275 9371 9372
f 9276 9373 9277
f 9276 9372 9373
f 9277 9374 9278
f 9277 9373 9374
f 9278 9375 9279
f 9278 9374 9375
f 9279 9376 9280
f 9279 9375 9376
f 9280 9377 9281
f 9280 9376 9377
f 9281 9378 9282
f 9281 9377 9378
f 9282 9379 9283
f 9282 9378 9379
f 9283 9380 9284
f 9283 9379 9380
f 9284 9381 9285
f 9284 9380 9381
f 9285 9382 9286
f 9285 9381 9382
f 9286 9383 9287
f 9286 9382 9383
f 9287 9384 9288
f 9287 9383 9384
f 9288 9385 9289
f 9288 9384 9385
f 9289 9386 9290
f 9289 9385 9386
f 9290 9387 9291
f 9290 9386 9387
f 9291 9388 9292
f 9291 9387 9388
f 9292 9389 9293
f 9292 9388 9389
f 9293 9390 9294
f 9293 9389 9390
f 9294 9391 9295
f 9294 9390 9391
f 9295 9392 9296
f 9295 9391 9392
f 9296 9393 9297
f 9296 9392 9393
f 9297 9394 9298
f 9297 9393 9394
f 9298 9395 9299
f 9298 9394 9395
f 9299 9396 9300
f 9299 9395 9396
f 9300 9397 9301
f 9300 9396 9397
f 9301 9398 9302
f 9301 9397 9398
f 9302 9399 9303
f 9302 9398 9399
f 9303 9400 9304
f 9303 9399 9400
f 9304 9401 9305
f 9304 9400 9401
f 9305 9402 9306
f 9305 9401 9402
f 9306 9403 9307
f 9306 9402 9403
f 9307 9404 9308
f 9307 9403 9404
f 9308 9405 9309
f 9308 9404 9405
f 9309 9406 9310
f 9309 9405 9406
f 9310 9407 9311
f 9310 9406 9407
f 9311 9408 9312
f 9311 9407 9408
f 9312 9409 9313
f 9312 9408 9409
f 9313 9314 9218
f 9313 9409 9314
f 9314 9411 9315
f 9314 9410 9411
f 9315 9412 9316
f 9315 9411 9412
f 9316 9413 9317
f 9316 9412 9413
f 9317 9414 9318
f 9317 9413 9414
f 9318 9415 9319
f 9318 9414 9415
f 9319 9416 9320
f 9319 9415 9416
f 9320 9417 9321
f 9320 9416 9417
f 9321 9418 9322
f 9321 9417 9418
f 9322 9419 9323
f 9322 9418 9419
f 9323 9420 9324
f 9323 9419 9420
f 9324 9421 9325
f 9324 9420 9421
f 9325 9422 9326
f 9325 9421 9422
f 9326 9423 9327
f 9326 9422 9423
f 9327 9424 9328
f 9327 9423 9424
f 9328 9425 9329
f 9328 9424 9425
f 9329 9426 9330
f 9329 9425 9426
f 9330 9427 9331
f 9330 9426 9427
f 9331 9428 9332
f 9331 9427 9428
f 9332 9429 9333
f 9332 9428 9429
f 9333 9430 9334
f 9333 9429 9430
f 9334 9431 9335
f 9334 9430 9431
f 9335 9432 9336
f 9335 9431 9432
f 9336 9433 9337
f 9336 9432 9433
f 9337 9434 9338
f 9337 9433 9434
f 9338 9435 9339
f 9338 9434 9435
f 9339 9436 9340
f 9339 9435 9436
f 9340 9437 9341
f 9340 9436 9437
f 9341 9438 9342
f 9341 9437 9438
f 9342 9439 9343
f 9342 9438 9439
f 9343 9440 9344
f 9343 9439 9440
f 9344 9441 9345
f 9344 9440 9441
f 9345 9442 9346
f 9345 9441 9442
f 9346 9443 9347
f 9346 9442 9443
f 9347 9444 9348
f 9347 9443 9444
f 9348 9445 9349
f 9348 9444 9445
f 9349 9446 9350
f 9349 9445 9446
f 9350 9447 9351
f 9350 9446 9447
f 9351 9448 9352
f 9351 9447 9448
f 9352 9449 9353
f 9352 9448 9449
f 9353 9450 9354
f 9353 9449 9450
f 9354 9451 9355
f 9354 9450 9451
f 9355 9452 9356
f 9355 9451 9452
f 9356 9453 9357
f 9356 9452 9453
f 9357 9454 9358
f 9357 9453 9454
f 9358 9455 9359
f 9358 9454 9455
f 9359 9456 9360
f 9359 9455 9456
f 9360 9457 9361
f 9360 9456 9457
f 9361 9458 9362
f 9361 9457 9458
f 9362 9459 9363
f 9362 9458 9459
f 9363 9460 9364
f 9363 9459 9460
f 9364 9461 9365
f 9364 9460 9461
f 9365 9462 9366
f 9365 9461 9462
f 9366 9463 9367
f 9366 9462 9463
f 9367 9464 9368
f 9367 9463 9464
f 9368 9465 9369
f 9368 9464 9465
f 9369 9466 9370
f 9369 9465 9466
f 9370 9467 9371
f 9370 9466 9467
f 9371 9468 9372
f 9371 9467 9468
f 9372 9469 9373
f 9372 9468 9469
f 9373 9470 9374
f 9373 9469 9470
f 9374 9471 9375
f 9374 9470 9471
f 9375 9472 9376
f 9375 9471 9472
f 9376 9473 9377
f 9376 9472 9473
f 9377 9474 9378
f 9377 9473 9474
f 9378 9475 9379
f 9378 9474 9475
f 9379 9476 9380
f 9379 9475 9476
f 9380 9477 9381
f 9380 9476 9477
f 9381 9478 9382
f 9381 9477 9478
f 9382 9479 9383
f 9382 9478 9479
f 9383 9480 9384
f 9383 9479 9480
f 9384 9481 9385
f 9384 9480 9481
f 9385 9482 9386
f 9385 9481 9482
f 9386 9483 9387
f 9386 9482 9483
f 9387 9484 9388
f 9387 9483 9484
f 9388 9485 9389
f 9388 9484 9485
f 9389 9486 9390
f 9389 9485 9486
f 9390 9487 9391
f 9390 9486 9487
f 9391 9488 9392
f 9391 9487 9488
f 9392 9489 9393
f 9392 9488 9489
f 9393 9490 9394
f 9393 9489 9490
f 9394 9491 9395
f 9394 9490 9491
f 9395 9492 9396
f 9395 9491 9492
f 9396 9493 9397
f 9396 9492 9493
f 9397 9494 9398
f 9397 9493 9494
f 9398 9495 9399
f 9398 9494 9495
f 9399 9496 9400
f 9399 9495 9496
f 9400 9497 9401
f 9400 9496 9497
f 9401 9498 9402
f 9401 9497 9498
f 9402 9499 9403
f 9402 9498 9499
f 9403 9500 9404
f 9403 9499 9500
f 9404 9501 9405
f 9404 9500 9501
f 9405 9502 9406
f 9405 9501 9502
f 9406 9503 9407
f 9406 9502 9503
f 9407 9504 9408
f 9407 9503 9504
f 9408 9505 9409
f 9408 9504 9505
f 9409 9410 9314
f 9409 9505 9410
f 9410 9507 9411
f 9410 9506 9507
f 9411 9508 9412
f 9411 9507 9508
f 9412 9509 9413
f 9412 9508 9509
f 9413 9510 9414
f 9413 9509 9510
f 9414 9511 9415
f 9414 9510 9511
f 9415 9512 9416
f 9415 9511 9512
f 9416 9513 9417
f 9416 9512 9513
f 9417 9514 9418
f 9417 9513 9514
f 9418 9515 9419
f 9418 9514 9515
f 9419 9516 9420
f 9419 9515 9516
f 9420 9517 9421
f 9420 9516 9517
f 9421 9518 9422
f 9421 9517 9518
f 9422 9519 9423
f 9422 9518 9519
f 9423 9520 9424
f 9423 9519 9520
f 9424 9521 9425
f 9424 9520 9521
f 9425 9522 9426
f 9425 9521 9522
f 9426 9523 9427
f 9426 9522 9523
f 9427 9524 9428
f 9427 9523 9524
f 9428 9525 9429
f 9428 9524 9525
f 9429 9526 9430
f 9429 9525 9526
f 9430 9527 9431
f 9430 9526 9527
f 9431 9528 9432
f 9431 9527 9528
f 9432 9529 9433
f 9432 9528 9529
f 9433 9530 9434
f 9433 9529 9530
f 9434 9531 9435
f 9434 9530 9531
f 9435 9532 9436
f 9435 9531 9532
f 9436 9533 9437
f 9436 9532 9533
f 9437 9534 9438
f 9437 9533 9534
f 9438 9535 9439
f 9438 9534 9535
f 9439 9536 9440
f 9439 9535 9536
f 9440 9537 9441
f 9440 9536 9537
f 9441 9538 9442
f 9441 9537 9538
f 9442 9539 9443
f 9442 9538 9539
f 9443 9540 9444
f 9443 9539 9540
f 9444 9541 9445
f 9444 9540 9541
f 9445 9542 9446
f 9445 9541 9542
f 9446 9543 9447
f 9446 9542 9543
f 9447 9544 9448
f 9447 9543 9544
f 9448 9545 9449
f 9448 9544 9545
f 9449 9546 9450
f 9449 9545 9546
f 9450 9547 9451
f 9450 9546 9547
f 9451 9548 9452
f 9451 9547 9548
f 9452 9549 9453
f 9452 9548 9549
f 9453 9550 9454
f 9453 9549 9550
f 9454 9551 9455
f 9454 9550 9551
f 9455 9552 9456
f 9455 9551 9552
f 9456 9553 9457
f 9456 9552 9553
f 9457 9554 9458
f 9457 9553 9554
f 9458 9555 9459
f 9458 9554 9555
f 9459 9556 9460
f 9459 9555 9556
f 9460 9557 9461
f 9460 9556 9557
f 9461 9558 9462
f 9461 9557 9558
f 9462 9559 9463
f 9462 9558 9559
f 9463 9560 9464
f 9463 9559 9560
f 9464 9561 9465
f 9464 9560 9561
f 9465 9562 9466
f 9465 9561 9562
f 9466 9563 9467
f 9466 9562 9563
f 9467 9564 9468
f 9467 9563 9564
f 9468 9565 9469
f 9468 9564 9565
f 9469 9566 9470
f 9469 9565 9566
f 9470 9567 9471
f 9470 9566 9567
f 9471 9568 9472
f 9471 9567 9568
f 9472 9569 9473
f 9472 9568 9569
f 9473 9570 9474
f 9473 9569 9570
f 9474 9571 9475
f 9474 9570 9571
f 9475 9572 9476
f 9475 9571 9572
f 9476 9573 9477
f 9476 9572 9573
f 9477 9574 9478
f 9477 9573 9574
f 9478 9575 9479
f 9478 9574 9575
f 9479 9576 9480
f 9479 9575 9576
f 9480 9577 9481
f 9480 9576 9577
f 9481 9578 9482
f 9481 9577 9578
f 9482 9579 9483
f 9482 9578 9579
f 9483 9580 9484
f 9483 9579 9580
f 9484 9581 9485
f 9484 9580 9581
f 9485 9582 9486
f 9485 9581 9582
f 9486 9583 9487
f 9486 9582 9583
f 9487 9584 9488
f 9487 9583 9584
f 9488 9585 9489
f 9488 9584 9585
f 9489 9586 9490
f 9489 9585 9586
f 9490 9587 9491
f 9490 9586 9587
f 9491 9588 9492
f 9491 9587 9588
f 9492 9589 9493
f 9492 9588 9589
f 9493 9590 9494
f 9493 9589 9590
f 9494 9591 9495
f 9494 9590 9591
f 9495 9592 9496
f 9495 9591 9592
f 9496 9593 9497
f 9496 9592 9593
f 9497 9594 9498
f 9497 9593 9594
f 9498 9595 9499
f 9498 9594 9595
f 9499 9596 9500
f 9499 9595 9596
f 9500 9597 9501
f 9500 9596 9597
f 9501 9598 9502
f 9501 9597 9598
f 9502 9599 9503
f 9502 9598 9599
f 9503 9600 9504
f 9503 9599 9600
f 9504 9601 9505
f 9504 9600 9601
f 9505 9506 9410
f 9505 9601 9506
f 9506 9603 9507
f 9506 9602 9603
f 9507 9604 9508
f 9507 9603 9604
f 9508 9605 9509
f 9508 9604 9605
f 9509 9606 9510
f 9509 9605 9606
f 9510 9607 9511
f 9510 9606 9607
f 9511 9608 9512
f 9511 9607 9608
f 9512 9609 9513
f 9512 9608 9609
f 9513 9610 9514
f 9513 9609 9610
f 9514 9611 9515
f 9514 9610 9611
f 9515 9612 9516
f 9515 9611 9612
f 9516 9613 9517
f 9516 9612 9613
f 9517 9614 9518
f 9517 9613 9614
f 9518 9615 9519
f 9518 9614 9615
f 9519 9616 9520
f 9519 9615 9616
f 9520 9617 9521
f 9520 9616 9617
f 9521 9618 9522
f 9521 9617 9618
f 9522 9619 9523
f 9522 9618 9619
f 9523 9620 9524
f 9523 9619 9620
f 9524 9621 9525
f 9524 9620 9621
f 9525 9622 9526
f 9525 9621 9622
f 9526 9623 9527
f 9526 9622 9623
f 9527 9624 9528
f 9527 9623 9624
f 9528 9625 9529
f 9528 9624 9625
f 9529 9626 9530
f 9529 9625 9626
f 9530 9627 9531
f 9530 9626 9627
f 9531 9628 9532
f 9531 9627 9628
f 9532 9629 9533
f 9532 9628 9629
f 9533 9630 9534
f 9533 9629 9630
f 9534 9631 9535
f 9534 9630 9631
f 9535 9632 9536
f 9535 9631 9632
f 9536 9633 9537
f 9536 9632 9633
f 9537 9634 9538
f 9537 9633 9634
f 9538 9635 9539
f 9538 9634 9635
f 9539 9636 9540
f 9539 9635 9636
f 9540 9637 9541
f 9540 9636 9637
f 9541 9638 9542
f 9541 9637 9638
f 9542 9639 9543
f 9542 9638 9639
f 9543 9640 9544
f 9543 9639 9640
f 9544 9641 9545
f 9544 9640 9641
f 9545 9642 9546
f 9545 9641 9642
f 9546 9643 9547
f 9546 9642 9643
f 9547 9644 9548
f 9547 9643 9644
f 9548 9645 9549
f 9548 9644 9645
f 9549 9646 9550
f 9549 9645 9646
f 9550 9647 9551
f 9550 9646 9647
f 9551 9648 9552
f 9551 9647 9648
f 9552 9649 9553
f 9552 9648 9649
f 9553 9650 9554
f 9553 9649 9650
f 9554 9651 9555
f 9554 9650 9651
f 9555 9652 9556
f 9555 9651 9652
f 9556 9653 9557
f 9556 9652 9653
f 9557 9654 9558
f 9557 9653 9654
f 9558 9655 9559
f 9558 9654 9655
f 9559 9656 9560
f 9559 9655 9656
f 9560 9657 9561
f 9560 9656 9657
f 9561 9658 9562
f 9561 9657 9658
f 9562 9659 9563
f 9562 9658 9659
f 9563 9660 9564
f 9563 9659 9660
f 9564 9661 9565
f 9564 9660 9661
f 9565 9662 9566
f 9565 9661 9662
f 9566 9663 9567
f 9566 9662 9663
f 9567 9664 9568
f 9567 9663 9664
f 9568 9665 9569
f 9568 9664 9665
f 9569 9666 9570
f 9569 9665 9666
f 9570 9667 9571
f 9570 9666 9667
f 9571 9668 9572
f 9571 9667 9668
f 9572 9669 9573
f 9572 9668 9669
f 9573 9670 9574
f 9573 9669 9670
f 9574 9671 9575
f 9574 9670 9671
f 9575 9672 9576
f 9575 9671 9672
f 9576 9673 9577
f 9576 9672 9673
f 9577 9674 9578
f 9577 9673 9674
f 9578 9675 9579
f 9578 9674 9675
f 9579 9676 9580
f 9579 9675 9676
f 9580 9677 9581
f 9580 9676 9677
f 9581 9678 9582
f 9581 9677 9678
f 9582 9679 9583
f 9582 9678 9679
f 9583 9680 9584
f 9583 9679 9680
f 9584 9681 9585
f 9584 9680 9681
f 9585 9682 9586
f 9585 9681 9682
f 9586 9683 9587
f 9586 9682 9683
f 9587 9684 9588
f 9587 9683 9684
f 9588 9685 9589
f 9588 9684 9685
f 9589 9686 9590
f 9589 9685 9686
f 9590 9687 9591
f 9590 9686 9687
f 9591 9688 9592
f 9591 9687 9688
f 9592 9689 9593
f 9592 9688 9689
f 9593 9690 9594
f 9593 9689 9690
f 9594 9691 9595
f 9594 9690 9691
f 9595 9692 9596
f 9595 9691 9692
f 9596 9693 9597
f 9596 9692 9693
f 9597 9694 9598
f 9597 9693 9694
f 9598 9695 9599
f 9598 9694 9695
f 9599 9696 9600
f 9599 9695 9696
f 9600 9697 9601
f 9600 9696 9697
f 9601 9602 9506
f 9601 9697 9602
f 9602 9699 9603
f 9602 9698 9699
f 9603 9700 9604
f 9603 9699 9700
f 9604 9701 9605
f 9604 9700 9701
f 9605 9702 9606
f 9605 9701 9702
f 9606 9703 9607
f 9606 9702 9703
f 9607 9704 9608
f 9607 9703 9704
f 9608 9705 9609
f 9608 9704 9705
f 9609 9706 9610
f 9609 9705 9706
f 9610 9707 9611
f 9610 9706 9707
f 9611 9708 9612
f 9611 9707 9708
f 9612 9709 9613
f 9612 9708 9709
f 9613 9710 9614
f 9613 9709 9710
f 9614 9711 9615
f 9614 9710 9711
f 9615 9712 9616
f 9615 9711 9712
f 9616 9713 9617
f 9616 9712 9713
f 9617 9714 9618
f 9617 9713 9714
f 9618 9715 9619
f 9618 9714 9715
f 9619 9716 9620
f 9619 9715 9716
f 9620 9717 9621
f 9620 9716 9717
f 9621 9718 9622
f 9621 9717 9718
f 9622 9719 9623
f 9622 9718 9719
f 9623 9720 9624
f 9623 9719 9720
f 9624 9721 9625
f 9624 9720 9721
f 9625 9722 9626
f 9625 9721 9722
f 9626 9723 9627
f 9626 9722 9723
f 9627 9724 9628
f 9627 9723 9724
f 9628 9725 9629
f 9628 9724 9725
f 9629 9726 9630
f 9629 9725 9726
f 9630 9727 9631
f 9630 9726 9727
f 9631 9728 9632
f 9631 9727 9728
f 9632 9729 9633
f 9632 9728 9729
f 9633 9730 9634
f 9633 9729 9730
f 9634 9731 9635
f 9634 9730 9731
f 9635 9732 9636
f 9635 9731 9732
f 9636 9733 9637
f 9636 9732 9733
f 9637 9734 9638
f 9637 9733 9734
f 9638 9735 9639
f 9638 9734 9735
f 9639 9736 9640
f 9639 9735 9736
f 9640 9737 9641
f 9640 9736 9737
f 9641 9738 9642
f 9641 9737 9738
f 9642 9739 9643
f 9642 9738 9739
f 9643 9740 9644
f 9643 9739 9740
f 9644 9741 9645
f 9644 9740 9741
f 9645 9742 9646
f 9645 9741 9742
f 9646 9743 9647
f 9646 9742 9743
f 9647 9744 9648
f 9647 9743 9744
f 9648 9745 9649
f 9648 9744 9745
f 9649 9746 9650
f 9649 9745 9746
f 9650 9747 9651
f 9650 9746 9747
f 9651 9748 9652
f 9651 9747 9748
f 9652 9749 9653
f 9652 9748 9749
f 9653 9750 9654
f 9653 9749 9750
f 9654 9751 9655
f 9654 9750 9751
f 9655 9752 9656
f 9655 9751 9752
f 9656 9753 9657
f 9656 9752 9753
f 9657 9754 9658
f 9657 9753 9754
f 9658 9755 9659
f 9658 9754 9755
f 9659 9756 9660
f 9659 9755 9756
f 9660 9757 9661
f 9660 9756 9757
f 9661 9758 9662
f 9661 9757 9758
f 9662 9759 9663
f 9662 9758 9759
f 9663 9760 9664
f 9663 9759 9760
f 9664 9761 9665
f 9664 9760 9761
f 9665 9762 9666
f 9665 9761 9762
f 9666 9763 9667
f 9666 9762 9763
f 9667 9764 9668
f 9667 9763 9764
f 9668 9765 9669
f 9668 9764 9765
f 9669 9766 9670
f 9669 9765 9766
f 9670 9767 9671
f 9670 9766 9767
f 9671 9768 9672
f 9671 9767 9768
f 9672 9769 9673
f 9672 9768 9769
f 9673 9770 9674
f 9673 9769 9770
f 9674 9771 9675
f 9674 9770 9771
f 9675 9772 9676
f 9675 9771 9772
f 9676 9773 9677
f 9676 9772 9773
f 9677 9774 9678
f 9677 9773 9774
f 9678 9775 9679
f 9678 9774 9775
f 9679 9776 9680
f 9679 9775 9776
f 9680 9777 9681
f 9680 9776 9777
f 9681 9778 9682
f 9681 9777 9778
f 9682 9779 9683
f 9682 9778 9779
f 9683 9780 9684
f 9683 9779 9780
f 9684 9781 9685
f 9684 9780 9781
f 9685 9782 9686
f 9685 9781 9782
f 9686 9783 9687
f 9686 9782 9783
f 9687 9784 9688
f 9687 9783 9784
f 9688 9785 9689
f 9688 9784 9785
f 9689 9786 9690
f 9689 9785 9786
f 9690 9787 9691
f 9690 9786 9787
f 9691 9788 9692
f 9691 9787 9788
f 9692 9789 9693
f 9692 9788 9789
f 9693 9790 9694
f 9693 9789 9790
f 9694 9791 9695
f 9694 9790 9791
f 9695 9792 9696
f 9695 9791 9792
f 9696 9793 9697
f 9696 9792 9793
f 9697 9698 9602
f 9697 9793 9698
f 9698 9795 9699
f 9698 9794 9795
f 9699 9796 9700
f 9699 9795 9796
f 9700 9797 9701
f 9700 9796 9797
f 9701 9798 9702
f 9701 9797 9798
f 9702 9799 9703
f 9702 9798 9799
f 9703 9800 9704
f 9703 9799 9800
f 9704 9801 9705
f 9704 9800 9801
f 9705 9802 9706
f 9705 9801 9802
f 9706 9803 9707
f 9706 9802 9803
f 9707 9804 9708
f 9707 9803 9804
f 9708 9805 9709
f 9708 9804 9805
f 9709 9806 9710
f 9709 9805 9806
f 9710 9807 9711
f 9710 9806 9807
f 9711 9808 9712
f 9711 9807 9808
f 9712 9809 9713
f 9712 9808 9809
f 9713 9810 9714
f 9713 9809 9810
f 9714 9811 9715
f 9714 9810 9811
f 9715 9812 9716
f 9715 9811 9812
f 9716 9813 9717
f 9716 9812 9813
f 9717 9814 9718
f 9717 9813 9814
f 9718 9815 9719
f 9718 9814 9815
f 9719 9816 9720
f 9719 9815 9816
f 9720 9817 9721
f 9720 9816 9817
f 9721 9818 9722
f 9721 9817 9818
f 9722 9819 9723
f 9722 9818 9819
f 9723 9820 9724
f 9723 9819 9820
f 9724 9821 9725
f 9724 9820 9821
f 9725 9822 9726
f 9725 9821 9822
f 9726 9823 9727
f 9726 9822 9823
f 9727 9824 9728
f 9727 9823 9824
f 9728 9825 9729
f 9728 9824 9825
f 9729 9826 9730
f 9729 9825 9826
f 9730 9827 9731
f 9730 9826 9827
f 9731 9828 9732
f 9731 9827 9828
f 9732 9829 9733
f 9732 9828 9829
f 9733 9830 9734
f 9733 9829 9830
f 9734 9831 9735
f 9734 9830 9831
f 9735 9832 9736
f 9735 9831 9832
f 9736 9833 9737
f 9736 9832 9833
f 9737 9834 9738
f 9737 9833 9834
f 9738 9835 9739
f 9738 9834 9835
f 9739 9836 9740
f 9739 9835 9836
f 9740 9837 9741
f 9740 9836 9837
f 9741 9838 9742
f 9741 9837 9838
f 9742 9839 9743
f 9742 9838 9839
f 9743 9840 9744
f 9743 9839 9840
f 9744 9841 9745
f 9744 9840 9841
f 9745 9842 9746
f 9745 9841 9842
f 9746 9843 9747
f 9746 9842 9843
f 9747 9844 9748
f 9747 9843 9844
f 9748 9845 9749
f 9748 9844 9845
f 9749 9846 9750
f 9749 9845 9846
f 9750 9847 9751
f 9750 9846 9847
f 9751 9848 9752
f 9751 9847 9848
f 9752 9849 9753
f 9752 9848 9849
f 9753 9850 9754
f 9753 9849 9850
f 9754 9851 9755
f 9754 9850 9851
f 9755 9852 9756
f 9755 9851 9852
f 9756 9853 9757
f 9756 9852 9853
f 9757 9854 9758
f 9757 9853 9854
f 9758 9855 9759
f 9758 9854 9855
f 9759 9856 9760
f 9759 9855 9856
f 9760 9857 9761
f 9760 9856 9857
f 9761 9858 9762
f 9761 9857 9858
f 9762 9859 9763
f 9762 9858 9859
f 9763 9860 9764
f 9763 9859 9860
f 9764 9861 9765
f 9764 9860 9861
f 9765 9862 9766
f 9765 9861 9862
f 9766 9863 9767
f 9766 9862 9863
f 9767 9864 9768
f 9767 9863 9864
f 9768 9865 9769
f 9768 9864 9865
f 9769 9866 9770
f 9769 9865 9866
f 9770 9867 9771
f 9770 9866 9867
f 9771 9868 9772
f 9771 9867 9868
f 9772 9869 9773
f 9772 9868 9869
f 9773 9870 9774
f 9773 9869 9870
f 9774 9871 9775
f 9774 9870 9871
f 9775 9872 9776
f 9775 9871 9872
f 9776 9873 9777
f 9776 9872 9873
f 9777 9874 9778
f 9777 9873 9874
f 9778 9875 9779
f 9778 9874 9875
f 9779 9876 9780
f 9779 9875 9876
f 9780 9877 9781
f 9780 9876 9877
f 9781 9878 9782
f 9781 9877 9878
f 9782 9879 9783
f 9782 9878 9879
f 9783 9880 9784
f 9783 9879 9880
f 9784 9881 9785
f 9784 9880 9881
f 9785 9882 9786
f 9785 9881 9882
f 9786 9883 9787
f 9786 9882 9883
f 9787 9884 9788
f 9787 9883 9884
f 9788 9885 9789
f 9788 9884 9885
f 9789 9886 9790
f 9789 9885 9886
f 9790 9887 9791
f 9790 9886 9887
f 9791 9888 9792
f 9791 9887 9888
f 9792 9889 9793
f 9792 9888 9889
f 9793 9794 9698
f 9793 9889 9794
f 9794 9891 9795
f 9794 9890 9891
f 9795 9892 9796
f 9795 9891 9892
f 9796 9893 9797
f 9796 9892 9893
f 9797 9894 9798
f 9797 9893 9894
f 9798 9895 9799
f 9798 9894 9895
f 9799 9896 9800
f 9799 9895 9896
f 9800 9897 9801
f 9800 9896 9897
f 9801 9898 9802
f 9801 9897 9898
f 9802 9899 9803
f 9802 9898 9899
f 9803 9900 9804
f 9803 9899 9900
f 9804 9901 9805
f 9804 9900 9901
f 9805 9902 9806
f 9805 9901 9902
f 9806 9903 9807
f 9806 9902 9903
f 9807 9904 9808
f 9807 9903 9904
f 9808 9905 9809
f 9808 9904 9905
f 9809 9906 9810
f 9809 9905 9906
f 9810 9907 9811
f 9810 9906 9907
f 9811 9908 9812
f 9811 9907 9908
f 9812 9909 9813
f 9812 9908 9909
f 9813 9910 9814
f 9813 9909 9910
f 9814 9911 9815
f 9814 9910 9911
f 9815 9912 9816
f 9815 9911 9912
f 9816 9913 9817
f 9816 9912 9913
f 9817 9914 9818
f 9817 9913 9914
f 9818 9915 9819
f 9818 9914 9915
f 9819 9916 9820
f 9819 9915 9916
f 9820 9917 9821
f 9820 9916 9917
f 9821 9918 9822
f 9821 9917 9918
f 9822 9919 9823
f 9822 9918 9919
f 9823 9920 9824
f 9823 9919 9920
f 9824 9921 9825
f 9824 9920 9921
f 9825 9922 9826
f 9825 9921 9922
f 9826 9923 9827
f 9826 9922 9923
f 9827 9924 9828
f 9827 9923 9924
f 9828 9925 9829
f 9828 9924 9925
f 9829 9926 9830
f 9829 9925 9926
f 9830 9927 9831
f 9830 9926 9927
f 9831 9928 9832
f 9831 9927 9928
f 9832 9929 9833
f 9832 9928 9929
f 9833 9930 9834
f 9833 9929 9930
f 9834 9931 9835
f 9834 9930 9931
f 9835 9932 9836
f 9835 9931 9932
f 9836 9933 9837
f 9836 9932 9933
f 9837 9934 9838
f 9837 9933 9934
f 9838 9935 9839
f 9838 9934 9935
f 9839 9936 9840
f 9839 9935 9936
f 9840 9937 9841
f 9840 9936 9937
f 9841 9938 9842
f 9841 9937 9938
f 9842 9939 9843
f 9842 9938 9939
f 9843 9940 9844
f 9843 9939 9940
f 9844 9941 9845
f 9844 9940 9941
f 9845 9942 9846
f 9845 9941 9942
f 9846 9943 9847
f 9846 9942 9943
f 9847 9944 9848
f 9847 9943 9944
f 9848 9945 9849
f 9848 9944 9945
f 9849 9946 9850
f 9849 9945 9946
f 9850 9947 9851
f 9850 9946 9947
f 9851 9948 9852
f 9851 9947 9948
f 9852 9949 9853
f 9852 9948 9949
f 9853 9950 9854
f 9853 9949 9950
f 9854 9951 9855
f 9854 9950 9951
f 9855 9952 9856
f 9855 9951 9952
f 9856 9953 9857
f 9856 9952 9953
f 9857 9954 9858
f 9857 9953 9954
f 9858 9955 9859
f 9858 9954 9955
f 9859 9956 9860
f 9859 9955 9956
f 9860 9957 9861
f 9860 9956 9957
f 9861 9958 9862
f 9861 9957 9958
f 9862 9959 9863
f 9862 9958 9959
f 9863 9960 9864
f 9863 9959 9960
f 9864 9961 9865
f 9864 9960 9961
f 9865 9962 9866
f 9865 9961 9962
f 9866 9963 9867
f 9866 9962 9963
f 9867 9964 9868
f 9867 9963 9964
f 9868 9965 9869
f 9868 9964 9965
f 9869 9966 9870
f 9869 9965 9966
f 9870 9967 9871
f 9870 9966 9967
f 9871 9968 9872
f 9871 9967 9968
f 9872 9969 9873
f 9872 9968 9969
f 9873 9970 9874
f 9873 9969 9970
f 9874 9971 9875
f 9874 9970 9971
f 9875 9972 9876
f 9875 9971 9972
f 9876 9973 9877
f 9876 9972 9973
f 9877 9974 9878
f 9877 9973 9974
f 9878 9975 9879
f 9878 9974 9975
f 9879 9976 9880
f 9879 9975 9976
f 9880 9977 9881
f 9880 9976 9977
f 9881 9978 9882
f 9881 9977 9978
f 9882 9979 9883
f 9882 9978 9979
f 9883 9980 9884
f 9883 9979 9980
f 9884 9981 9885
f 9884 9980 9981
f 9885 9982 9886
f 9885 9981 9982
f 9886 9983 9887
f 9886 9982 9983
f 9887 9984 9888
f 9887 9983 9984
f 9888 9985 9889
f 9888 9984 9985
f 9889 9890 9794
f 9889 9985 9890
f 9890 9987 9891
f 9890 9986 9987
f 9891 9988 9892
f 9891 9987 9988
f 9892 9989 9893
f 9892 9988 9989
f 9893 9990 9894
f 9893 9989 9990
f 9894 9991 9895
f 9894 9990 9991
f 9895 9992 9896
f 9895 9991 9992
f 9896 9993 9897
f 9896 9992 9993
f 9897 9994 9898
f 9897 9993 9994
f 9898 9995 9899
f 9898 9994 9995
f 9899 9996 9900
f 9899 9995 9996
f 9900 9997 9901
f 9900 9996 9997
f 9901 9998 9902
f 9901 9997 9998
f 9902 9999 9903
f 9902 9998 9999
f 9903 10000 9904
f 9903 9999 10000
f 9904 10001 9905
f 9904 10000 10001
f 9905 10002 9906
f 9905 10001 10002
f 9906 10003 9907
f 9906 10002 10003
f 9907 10004 9908
f 9907 10003 10004
f 9908 10005 9909
f 9908 10004 10005
f 9909 10006 9910
f 9909 10005 10006
f 9910 10007 9911
f 9910 10006 10007
f 9911 10008 9912
f 9911 10007 10008
f 9912 10009 9913
f 9912 10008 10009
f 9913 10010 9914
f 9913 10009 10010
f 9914 10011 9915
f 9914 10010 10011
f 9915 10012 9916
f 9915 10011 10012
f 9916 10013 9917
f 9916 10012 10013
f 9917 10014 9918
f 9917 10013 10014
f 9918 10015 9919
f 9918 10014 10015
f 9919 10016 9920
f 9919 10015 10016
f 9920 10017 9921
f 9920 10016 10017
f 9921 10018 9922
f 9921 10017 10018
f 9922 10019 9923
f 9922 10018 10019
f 9923 10020 9924
f 9923 10019 10020
f 9924 10021 9925
f 9924 10020 10021
f 9925 10022 9926
f 9925 10021 10022
f 9926 10023 9927
f 9926 10022 10023
f 9927 10024 9928
f 9927 10023 10024
f 9928 10025 9929
f 9928 10024 10025
f 9929 10026 9930
f 9929 10025 10026
f 9930 10027 9931
f 9930 10026 10027
f 9931 10028 9932
f 9931 10027 10028
f 9932 10029 9933
f 9932 10028 10029
f 9933 10030 9934
f 9933 10029 10030
f 9934 10031 9935
f 9934 10030 10031
f 9935 10032 9936
f 9935 10031 10032
f 9936 10033 9937
f 9936 10032 10033
f 9937 10034 9938
f 9937 10033 10034
f 9938 10035 9939
f 9938 10034 10035
f 9939 10036 9940
f 9939 10035 10036
f 9940 10037 9941
f 9940 10036 10037
f 9941 10038 9942
f 9941 10037 10038
f 9942 10039 9943
f 9942 10038 10039
f 9943 10040 9944
f 9943 10039 10040
f 9944 10041 9945
f 9944 10040 10041
f 9945 10042 9946
f 9945 10041 10042
f 9946 10043 9947
f 9946 10042 10043
f 9947 10044 9948
f 9947 10043 10044
f 9948 10045 9949
f 9948 10044 10045
f 9949 10046 9950
f 9949 10045 10046
f 9950 10047 9951
f 9950 10046 10047
f 9951 10048 9952
f 9951 10047 10048
f 9952 10049 9953
f 9952 10048 10049
f 9953 10050 9954
f 9953 10049 10050
f 9954 10051 9955
f 9954 10050 10051
f 9955 10052 9956
f 9955 10051 10052
f 9956 10053 9957
f 9956 10052 10053
f 9957 10054 9958
f 9957 10053 10054
f 9958 10055 9959
f 9958 10054 10055
f 9959 10056 9960
f 9959 10055 10056
f 9960 10057 9961
f 9960 10056 10057
f 9961 10058 9962
f 9961 10057 10058
f 9962 10059 9963
f 9962 10058 10059
f 9963 10060 9964
f 9963 10059 10060
f 9964 10061 9965
f 9964 10060 10061
f 9965 10062 9966
f 9965 10061 10062
f 9966 10063 9967
f 9966 10062 10063
f 9967 10064 9968
f 9967 10063 10064
f 9968 10065 9969
f 9968 10064 10065
f 9969 10066 9970
f 9969 10065 10066
f 9970 10067 9971
f 9970 10066 10067
f 9971 10068 9972
f 9971 10067 10068
f 9972 10069 9973
f 9972 10068 10069
f 9973 10070 9974
f 9973 10069 10070
f 9974 10071 9975
f 9974 10070 10071
f 9975 10072 9976
f 9975 10071 10072
f 9976 10073 9977
f 9976 10072 10073
f 9977 10074 9978
f 9977 10073 10074
f 9978 10075 9979
f 9978 10074 10075
f 9979 10076 9980
f 9979 10075 10076
f 9980 10077 9981
f 9980 10076 10077
f 9981 10078 9982
f 9981 10077 10078
f 9982 10079 9983
f 9982 10078 10079
f 9983 10080 9984
f 9983 10079 10080
f 9984 10081 9985
f 9984 10080 10081
f 9985 9986 9890
f 9985 10081 9986
f 9986 10083 9987
f 9986 10082 10083
f 9987 10084 9988
f 9987 10083 10084
f 9988 10085 9989
f 9988 10084 10085
f 9989 10086 9990
f 9989 10085 10086
f 9990 10087 9991
f 9990 10086 10087
f 9991 10088 9992
f 9991 10087 10088
f 9992 10089 9993
f 9992 10088 10089
f 9993 10090 9994
f 9993 10089 10090
f 9994 10091 9995
f 9994 10090 10091
f 9995 10092 9996
f 9995 10091 10092
f 9996 10093 9997
f 9996 10092 10093
f 9997 10094 9998
f 9997 10093 10094
f 9998 10095 9999
f 9998 10094 10095
f 9999 10096 10000
f 9999 10095 10096
f 10000 10097 10001
f 10000 10096 10097
f 10001 10098 10002
f 10001 10097 10098
f 10002 10099 10003
f 10002 10098 10099
f 10003 10100 10004
f 10003 10099 10100
f 10004 10101 10005
f 10004 10100 10101
f 10005 10102 10006
f 10005 10101 10102
f 10006 10103 10007
f 10006 10102 10103
f 10007 10104 10008
f 10007 10103 10104
f 10008 10105 10009
f 10008 10104 10105
f 10009 10106 10010
f 10009 10105 10106
f 10010 10107 10011
f 10010 10106 10107
f 10011 10108 10012
f 10011 10107 10108
f 10012 10109 10013
f 10012 10108 10109
f 10013 10110 10014
f 10013 10109 10110
f 10014 10111 10015
f 10014 10110 10111
f 10015 10112 10016
f 10015 10111 10112
f 10016 10113 10017
f 10016 10112 10113
f 10017 10114 10018
f 10017 10113 10114
f 10018 10115 10019
f 10018 10114 10115
f 10019 10116 10020
f 10019 10115 10116
f 10020 10117 10021
f 10020 10116 10117
f 10021 10118 10022
f 10021 10117 10118
f 10022 10119 10023
f 10022 10118 10119
f 10023 10120 10024
f 10023 10119 10120
f 10024 10121 10025
f 10024 10120 10121
f 10025 10122 10026
f 10025 10121 10122
f 10026 10123 10027
f 10026 10122 10123
f 10027 10124 10028
f 10027 10123 10124
f 10028 10125 10029
f 10028 10124 10125
f 10029 10126 10030
f 10029 10125 10126
f 10030 10127 10031
f 10030 10126 10127
f 10031 10128 10032
f 10031 10127 10128
f 10032 10129 10033
f 10032 10128 10129
f 10033 10130 10034
f 10033 10129 10130
f 10034 10131 10035
f 10034 10130 10131
f 10035 10132 10036
f 10035 10131 10132
f 10036 10133 10037
f 10036 10132 10133
f 10037 10134 10038
f 10037 10133 10134
f 10038 10135 10039
f 10038 10134 10135
f 10039 10136 10040
f 10039 10135 10136
f 10040 10137 10041
f 10040 10136 10137
f 10041 10138 10042
f 10041 10137 10138
f 10042 10139 10043
f 10042 10138 10139
f 10043 10140 10044
f 10043 10139 10140
f 10044 10141 10045
f 10044 10140 10141
f 10045 10142 10046
f 10045 10141 10142
f 10046 10143 10047
f 10046 10142 10143
f 10047 10144 10048
f 10047 10143 10144
f 10048 10145 10049
f 10048 10144 10145
f 10049 10146 10050
f 10049 10145 10146
f 10050 10147 10051
f 10050 10146 10147
f 10051 10148 10052
f 10051 10147 10148
f 10052 10149 10053
f 10052 10148 10149
f 10053 10150 10054
f 10053 10149 10150
f 10054 10151 10055
f 10054 10150 10151
f 10055 10152 10056
f 10055 10151 10152
f 10056 10153 10057
f 10056 10152 10153
f 10057 10154 10058
f 10057 10153 10154
f 10058 10155 10059
f 10058 10154 10155
f 10059 10156 10060
f 10059 10155 10156
f 10060 10157 10061
f 10060 10156 10157
f 10061 10158 10062
f 10061 10157 10158
f 10062 10159 10063
f 10062 10158 10159
f 10063 10160 10064
f 10063 10159 10160
f 10064 10161 10065
f 10064 10160 10161
f 10065 10162 10066
f 10065 10161 10162
f 10066 10163 10067
f 10066 10162 10163
f 10067 10164 10068
f 10067 10163 10164
f 10068 10165 10069
f 10068 10164 10165
f 10069 10166 10070
f 10069 10165 10166
f 10070 10167 10071
f 10070 10166 10167
f 10071 10168 10072
f 10071 10167 10168
f 10072 10169 10073
f 10072 10168 10169
f 10073 10170 10074
f 10073 10169 10170
f 10074 10171 10075
f 10074 10170 10171
f 10075 10172 10076
f 10075 10171 10172
f 10076 10173 10077
f 10076 10172 10173
f 10077 10174 10078
f 10077 10173 10174
f 10078 10175 10079
f 10078 10174 10175
f 10079 10176 10080
f 10079 10175 10176
f 10080 10177 10081
f 10080 10176 10177
f 10081 10082 9986
f 10081 10177 10082
f 10082 10179 10083
f 10082 10178 10179
f 10083 10180 10084
f 10083 10179 10180
f 10084 10181 10085
f 10084 10180 10181
f 10085 10182 10086
f 10085 10181 10182
f 10086 10183 10087
f 10086 10182 10183
f 10087 10184 10088
f 10087 10183 10184
f 10088 10185 10089
f 10088 10184 10185
f 10089 10186 10090
f 10089 10185 10186
f 10090 10187 10091
f 10090 10186 10187
f 10091 10188 10092
f 10091 10187 10188
f 10092 10189 10093
f 10092 10188 10189
f 10093 10190 10094
f 10093 10189 10190
f 10094 10191 10095
f 10094 10190 10191
f 10095 10192 10096
f 10095 10191 10192
f 10096 10193 10097
f 10096 10192 10193
f 10097 10194 10098
f 10097 10193 10194
f 10098 10195 10099
f 10098 10194 10195
f 10099 10196 10100
f 10099 10195 10196
f 10100 10197 10101
f 10100 10196 10197
f 10101 10198 10102
f 10101 10197 10198
f 10102 10199 10103
f 10102 10198 10199
f 10103 10200 10104
f 10103 10199 10200
f 10104 10201 10105
f 10104 10200 10201
f 10105 10202 10106
f 10105 10201 10202
f 10106 10203 10107
f 10106 10202 10203
f 10107 10204 10108
f 10107 10203 10204
f 10108 10205 10109
f 10108 10204 10205
f 10109 10206 10110
f 10109 10205 10206
f 10110 10207 10111
f 10110 10206 10207
f 10111 10208 10112
f 10111 10207 10208
f 10112 10209 10113
f 10112 10208 10209
f 10113 10210 10114
f 10113 10209 10210
f 10114 10211 10115
f 10114 10210 10211
f 10115 10212 10116
f 10115 10211 10212
f 10116 10213 10117
f 10116 10212 10213
f 10117 10214 10118
f 10117 10213 10214
f 10118 10215 10119
f 10118 10214 10215
f 10119 10216 10120
f 10119 10215 10216
f 10120 10217 10121
f 10120 10216 10217
f 10121 10218 10122
f 10121 10217 10218
f 10122 10219 10123
f 10122 10218 10219
f 10123 10220 10124
f 10123 10219 10220
f 10124 10221 10125
f 10124 10220 10221
f 10125 10222 10126
f 10125 10221 10222
f 10126 10223 10127
f 10126 10222 10223
f 10127 10224 10128
f 10127 10223 10224
f 10128 10225 10129
f 10128 10224 10225
f 10129 10226 10130
f 10129 10225 10226
f 10130 10227 10131
f 10130 10226 10227
f 10131 10228 10132
f 10131 10227 10228
f 10132 10229 10133
f 10132 10228 10229
f 10133 10230 10134
f 10133 10229 10230
f 10134 10231 10135
f 10134 10230 10231
f 10135 10232 10136
f 10135 10231 10232
f 10136 10233 10137
f 10136 10232 10233
f 10137 10234 10138
f 10137 10233 10234
f 10138 10235 10139
f 10138 10234 10235
f 10139 10236 10140
f 10139 10235 10236
f 10140 10237 10141
f 10140 10236 10237
f 10141 10238 10142
f 10141 10237 10238
f 10142 10239 10143
f 10142 10238 10239
f 10143 10240 10144
f 10143 10239 10240
f 10144 10241 10145
f 10144 10240 10241
f 10145 10242 10146
f 10145 10241 10242
f 10146 10243 10147
f 10146 10242 10243
f 10147 10244 10148
f 10147 10243 10244
f 10148 10245 10149
f 10148 10244 10245
f 10149 10246 10150
f 10149 10245 10246
f 10150 10247 10151
f 10150 10246 10247
f 10151 10248 10152
f 10151 10247 10248
f 10152 10249 10153
f 10152 10248 10249
f 10153 10250 10154
f 10153 10249 10250
f 10154 10251 10155
f 10154 10250 10251
f 10155 10252 10156
f 10155 10251 10252
f 10156 10253 10157
f 10156 10252 10253
f 10157 10254 10158
f 10157 10253 10254
f 10158 10255 10159
f 10158 10254 10255
f 10159 10256 10160
f 10159 10255 10256
f 10160 10257 10161
f 10160 10256 10257
f 10161 10258 10162
f 10161 10257 10258
f 10162 10259 10163
f 10162 10258 10259
f 10163 10260 10164
f 10163 10259 10260
f 10164 10261 10165
f 10164 10260 10261
f 10165 10262 10166
f 10165 10261 10262
f 10166 10263 10167
f 10166 10262 10263
f 10167 10264 10168
f 10167 10263 10264
f 10168 10265 10169
f 10168 10264 10265
f 10169 10266 10170
f 10169 10265 10266
f 10170 10267 10171
f 10170 10266 10267
f 10171 10268 10172
f 10171 10267 10268
f 10172 10269 10173
f 10172 10268 10269
f 10173 10270 10174
f 10173 10269 10270
f 10174 10271 10175
f 10174 10270 10271
f 10175 10272 10176
f 10175 10271 10272
f 10176 10273 10177
f 10176 10272 10273
f 10177 10178 10082
f 10177 10273 10178
f 10178 10275 10179
f 10178 10274 10275
f 10179 10276 10180
f 10179 10275 10276
f 10180 10277 10181
f 10180 10276 10277
f 10181 10278 10182
f 10181 10277 10278
f 10182 10279 10183
f 10182 10278 10279
f 10183 10280 10184
f 10183 10279 10280
f 10184 10281 10185
f 10184 10280 10281
f 10185 10282 10186
f 10185 10281 10282
f 10186 10283 10187
f 10186 10282 10283
f 10187 10284 10188
f 10187 10283 10284
f 10188 10285 10189
f 10188 10284 10285
f 10189 10286 10190
f 10189 10285 10286
f 10190 10287 10191
f 10190 10286 10287
f 10191 10288 10192
f 10191 10287 10288
f 10192 10289 10193
f 10192 10288 10289
f 10193 10290 10194
f 10193 10289 10290
f 10194 10291 10195
f 10194 10290 10291
f 10195 10292 10196
f 10195 10291 10292
f 10196 10293 10197
f 10196 10292 10293
f 10197 10294 10198
f 10197 10293 10294
f 10198 10295 10199
f 10198 10294 10295
f 10199 10296 10200
f 10199 10295 10296
f 10200 10297 10201
f 10200 10296 10297
f 10201 10298 10202
f 10201 10297 10298
f 10202 10299 10203
f 10202 10298 10299
f 10203 10300 10204
f 10203 10299 10300
f 10204 10301 10205
f 10204 10300 10301
f 10205 10302 10206
f 10205 10301 10302
f 10206 10303 10207
f 10206 10302 10303
f 10207 10304 10208
f 10207 10303 10304
f 10208 10305 10209
f 10208 10304 10305
f 10209 10306 10210
f 10209 10305 10306
f 10210 10307 10211
f 10210 10306 10307
f 10211 10308 10212
f 10211 10307 10308
f 10212 10309 10213
f 10212 10308 10309
f 10213 10310 10214
f 10213 10309 10310
f 10214 10311 10215
f 10214 10310 10311
f 10215 10312 10216
f 10215 10311 10312
f 10216 10313 10217
f 10216 10312 10313
f 10217 10314 10218
f 10217 10313 10314
f 10218 10315 10219
f 10218 10314 10315
f 10219 10316 10220
f 10219 10315 10316
f 10220 10317 10221
f 10220 10316 10317
f 10221 10318 10222
f 10221 10317 10318
f 10222 10319 10223
f 10222 10318 10319
f 10223 10320 10224
f 10223 10319 10320
f 10224 10321 10225
f 10224 10320 10321
f 10225 10322 10226
f 10225 10321 10322
f 10226 10323 10227
f 10226 10322 10323
f 10227 10324 10228
f 10227 10323 10324
f 10228 10325 10229
f 10228 10324 10325
f 10229 10326 10230
f 10229 10325 10326
f 10230 10327 10231
f 10230 10326 10327
f 10231 10328 10232
f 10231 10327 10328
f 10232 10329 10233
f 10232 10328 10329
f 10233 10330 10234
f 10233 10329 10330
f 10234 10331 10235
f 10234 10330 10331
f 10235 10332 10236
f 10235 10331 10332
f 10236 10333 10237
f 10236 10332 10333
f 10237 10334 10238
f 10237 10333 10334
f 10238 10335 10239
f 10238 10334 10335
f 10239 10336 10240
f 10239 10335 10336
f 10240 10337 10241
f 10240 10336 10337
f 10241 10338 10242
f 10241 10337 10338
f 10242 10339 10243
f 10242 10338 10339
f 10243 10340 10244
f 10243 10339 10340
f 10244 10341 10245
f 10244 10340 10341
f 10245 10342 10246
f 10245 10341 10342
f 10246 10343 10247
f 10246 10342 10343
f 10247 10344 10248
f 10247 10343 10344
f 10248 10345 10249
f 10248 10344 10345
f 10249 10346 10250
f 10249 10345 10346
f 10250 10347 10251
f 10250 10346 10347
f 10251 10348 10252
f 10251 10347 10348
f 10252 10349 10253
f 10252 10348 10349
f 10253 10350 10254
f 10253 10349 10350
f 10254 10351 10255
f 10254 10350 10351
f 10255 10352 10256
f 10255 10351 10352
f 10256 10353 10257
f 10256 10352 10353
f 10257 10354 10258
f 10257 10353 10354
f 10258 10355 10259
f 10258 10354 10355
f 10259 10356 10260
f 10259 10355 10356
f 10260 10357 10261
f 10260 10356 10357
f 10261 10358 10262
f 10261 10357 10358
f 10262 10359 10263
f 10262 10358 10359
f 10263 10360 10264
f 10263 10359 10360
f 10264 10361 10265
f 10264 10360 10361
f 10265 10362 10266
f 10265 10361 10362
f 10266 10363 10267
f 10266 10362 10363
f 10267 10364 10268
f 10267 10363 10364
f 10268 10365 10269
f 10268 10364 10365
f 10269 10366 10270
f 10269 10365 10366
f 10270 10367 10271
f 10270 10366 10367
f 10271 10368 10272
f 10271 10367 10368
f 10272 10369 10273
f 10272 10368 10369
f 10273 10274 10178
f 10273 10369 10274
f 10274 10371 10275
f 10274 10370 10371
f 10275 10372 10276
f 10275 10371 10372
f 10276 10373 10277
f 10276 10372 10373
f 10277 10374 10278
f 10277 10373 10374
f 10278 10375 10279
f 10278 10374 10375
f 10279 10376 10280
f 10279 10375 10376
f 10280 10377 10281
f 10280 10376 10377
f 10281 10378 10282
f 10281 10377 10378
f 10282 10379 10283
f 10282 10378 10379
f 10283 10380 10284
f 10283 10379 10380
f 10284 10381 10285
f 10284 10380 10381
f 10285 10382 10286
f 10285 10381 10382
f 10286 10383 10287
f 10286 10382 10383
f 10287 10384 10288
f 10287 10383 10384
f 10288 10385 10289
f 10288 10384 10385
f 10289 10386 10290
f 10289 10385 10386
f 10290 10387 10291
f 10290 10386 10387
f 10291 10388 10292
f 10291 10387 10388
f 10292 10389 10293
f 10292 10388 10389
f 10293 10390 10294
f 10293 10389 10390
f 10294 10391 10295
f 10294 10390 10391
f 10295 10392 10296
f 10295 10391 10392
f 10296 10393 10297
f 10296 10392 10393
f 10297 10394 10298
f 10297 10393 10394
f 10298 10395 10299
f 10298 10394 10395
f 10299 10396 10300
f 10299 10395 10396
f 10300 10397 10301
f 10300 10396 10397
f 10301 10398 10302
f 10301 10397 10398
f 10302 10399 10303
f 10302 10398 10399
f 10303 10400 10304
f 10303 10399 10400
f 10304 10401 10305
f 10304 10400 10401
f 10305 10402 10306
f 10305 10401 10402
f 10306 10403 10307
f 10306 10402 10403
f 10307 10404 10308
f 10307 10403 10404
f 10308 10405 10309
f 10308 10404 10405
f 10309 10406 10310
f 10309 10405 10406
f 10310 10407 10311
f 10310 10406 10407
f 10311 10408 10312
f 10311 10407 10408
f 10312 10409 10313
f 10312 10408 10409
f 10313 10410 10314
f 10313 10409 10410
f 10314 10411 10315
f 10314 10410 10411
f 10315 10412 10316
f 10315 10411 10412
f 10316 10413 10317
f 10316 10412 10413
f 10317 10414 10318
f 10317 10413 10414
f 10318 10415 10319
f 10318 10414 10415
f 10319 10416 10320
f 10319 10415 10416
f 10320 10417 10321
f 10320 10416 10417
f 10321 10418 10322
f 10321 10417 10418
f 10322 10419 10323
f 10322 10418 10419
f 10323 10420 10324
f 10323 10419 10420
f 10324 10421 10325
f 10324 10420 10421
f 10325 10422 10326
f 10325 10421 10422
f 10326 10423 10327
f 10326 10422 10423
f 10327 10424 10328
f 10327 10423 10424
f 10328 10425 10329
f 10328 10424 10425
f 10329 10426 10330
f 10329 10425 10426
f 10330 10427 10331
f 10330 10426 10427
f 10331 10428 10332
f 10331 10427 10428
f 10332 10429 10333
f 10332 10428 10429
f 10333 10430 10334
f 10333 10429 10430
f 10334 10431 10335
f 10334 10430 10431
f 10335 10432 10336
f 10335 10431 10432
f 10336 10433 10337
f 10336 10432 10433
f 10337 10434 10338
f 10337 10433 10434
f 10338 10435 10339
f 10338 10434 10435
f 10339 10436 10340
f 10339 10435 10436
f 10340 10437 10341
f 10340 10436 10437
f 10341 10438 10342
f 10341 10437 10438
f 10342 10439 10343
f 10342 10438 10439
f 10343 10440 10344
f 10343 10439 10440
f 10344 10441 10345
f 10344 10440 10441
f 10345 10442 10346
f 10345 10441 10442
f 10346 10443 10347
f 10346 10442 10443
f 10347 10444 10348
f 10347 10443 10444
f 10348 10445 10349
f 10348 10444 10445
f 10349 10446 10350
f 10349 10445 10446
f 10350 10447 10351
f 10350 10446 10447
f 10351 10448 10352
f 10351 10447 10448
f 10352 10449 10353
f 10352 10448 10449
f 10353 10450 10354
f 10353 10449 10450
f 10354 10451 10355
f 10354 10450 10451
f 10355 10452 10356
f 10355 10451 10452
f 10356 10453 10357
f 10356 10452 10453
f 10357 10454 10358
f 10357 10453 10454
f 10358 10455 10359
f 10358 10454 10455
f 10359 10456 10360
f 10359 10455 10456
f 10360 10457 10361
f 10360 10456 10457
f 10361 10458 10362
f 10361 10457 10458
f 10362 10459 10363
f 10362 10458 10459
f 10363 10460 10364
f 10363 10459 10460
f 10364 10461 10365
f 10364 10460 10461
f 10365 10462 10366
f 10365 10461 10462
f 10366 10463 10367
f 10366 10462 10463
f 10367 10464 10368
f 10367 10463 10464
f 10368 10465 10369
f 10368 10464 10465
f 10369 10370 10274
f 10369 10465 10370
f 10370 10467 10371
f 10370 10466 10467
f 10371 10468 10372
f 10371 10467 10468
f 10372 10469 10373
f 10372 10468 10469
f 10373 10470 10374
f 10373 10469 10470
f 10374 10471 10375
f 10374 10470 10471
f 10375 10472 10376
f 10375 10471 10472
f 10376 10473 10377
f 10376 10472 10473
f 10377 10474 10378
f 10377 10473 10474
f 10378 10475 10379
f 10378 10474 10475
f 10379 10476 10380
f 10379 10475 10476
f 10380 10477 10381
f 10380 10476 10477
f 10381 10478 10382
f 10381 10477 10478
f 10382 10479 10383
f 10382 10478 10479
f 10383 10480 10384
f 10383 10479 10480
f 10384 10481 10385
f 10384 10480 10481
f 10385 10482 10386
f 10385 10481 10482
f 10386 10483 10387
f 10386 10482 10483
f 10387 10484 10388
f 10387 10483 10484
f 10388 10485 10389
f 10388 10484 10485
f 10389 10486 10390
f 10389 10485 10486
f 10390 10487 10391
f 10390 10486 10487
f 10391 10488 10392
f 10391 10487 10488
f 10392 10489 10393
f 10392 10488 10489
f 10393 10490 10394
f 10393 10489 10490
f 10394 10491 10395
f 10394 10490 10491
f 10395 10492 10396
f 10395 10491 10492
f 10396 10493 10397
f 10396 10492 10493
f 10397 10494 10398
f 10397 10493 10494
f 10398 10495 10399
f 10398 10494 10495
f 10399 10496 10400
f 10399 10495 10496
f 10400 10497 10401
f 10400 10496 10497
f 10401 10498 10402
f 10401 10497 10498
f 10402 10499 10403
f 10402 10498 10499
f 10403 10500 10404
f 10403 10499 10500
f 10404 10501 10405
f 10404 10500 10501
f 10405 10502 10406
f 10405 10501 10502
f 10406 10503 10407
f 10406 10502 10503
f 10407 10504 10408
f 10407 10503 10504
f 10408 10505 10409
f 10408 10504 10505
f 10409 10506 10410
f 10409 10505 10506
f 10410 10507 10411
f 10410 10506 10507
f 10411 10508 10412
f 10411 10507 10508
f 10412 10509 10413
f 10412 10508 10509
f 10413 10510 10414
f 10413 10509 10510
f 10414 10511 10415
f 10414 10510 10511
f 10415 10512 10416
f 10415 10511 10512
f 10416 10513 10417
f 10416 10512 10513
f 10417 10514 10418
f 10417 10513 10514
f 10418 10515 10419
f 10418 10514 10515
f 10419 10516 10420
f 10419 10515 10516
f 10420 10517 10421
f 10420 10516 10517
f 10421 10518 10422
f 10421 10517 10518
f 10422 10519 10423
f 10422 10518 10519
f 10423 10520 10424
f 10423 10519 10520
f 10424 10521 10425
f 10424 10520 10521
f 10425 10522 10426
f 10425 10521 10522
f 10426 10523 10427
f 10426 10522 10523
f 10427 10524 10428
f 10427 10523 10524
f 10428 10525 10429
f 10428 10524 10525
f 10429 10526 10430
f 10429 10525 10526
f 10430 10527 10431
f 10430 10526 10527
f 10431 10528 10432
f 10431 10527 10528
f 10432 10529 10433
f 10432 10528 10529
f 10433 10530 10434
f 10433 10529 10530
f 10434 10531 10435
f 10434 10530 10531
f 10435 10532 10436
f 10435 10531 10532
f 10436 10533 10437
f 10436 10532 10533
f 10437 10534 10438
f 10437 10533 10534
f 10438 10535 10439
f 10438 10534 10535
f 10439 10536 10440
f 10439 10535 10536
f 10440 10537 10441
f 10440 10536 10537
f 10441 10538 10442
f 10441 10537 10538
f 10442 10539 10443
f 10442 10538 10539
f 10443 10540 10444
f 10443 10539 10540
f 10444 10541 10445
f 10444 10540 10541
f 10445 10542 10446
f 10445 10541 10542
f 10446 10543 10447
f 10446 10542 10543
f 10447 10544 10448
f 10447 10543 10544
f 10448 10545 10449
f 10448 10544 10545
f 10449 10546 10450
f 10449 10545 10546
f 10450 10547 10451
f 10450 10546 10547
f 10451 10548 10452
f 10451 10547 10548
f 10452 10549 10453
f 10452 10548 10549
f 10453 10550 10454
f 10453 10549 10550
f 10454 10551 10455
f 10454 10550 10551
f 10455 10552 10456
f 10455 10551 10552
f 10456 10553 10457
f 10456 10552 10553
f 10457 10554 10458
f 10457 10553 10554
f 10458 10555 10459
f 10458 10554 10555
f 10459 10556 10460
f 10459 10555 10556
f 10460 10557 10461
f 10460 10556 10557
f 10461 10558 10462
f 10461 10557 10558
f 10462 10559 10463
f 10462 10558 10559
f 10463 10560 10464
f 10463 10559 10560
f 10464 10561 10465
f 10464 10560 10561
f 10465 10466 10370
f 10465 10561 10466
f 10466 10563 10467
f 10466 10562 10563
f 10467 10564 10468
f 10467 10563 10564
f 10468 10565 10469
f 10468 10564 10565
f 10469 10566 10470
f 10469 10565 10566
f 10470 10567 10471
f 10470 10566 10567
f 10471 10568 10472
f 10471 10567 10568
f 10472 10569 10473
f 10472 10568 10569
f 10473 10570 10474
f 10473 10569 10570
f 10474 10571 10475
f 10474 10570 10571
f 10475 10572 10476
f 10475 10571 10572
f 10476 10573 10477
f 10476 10572 10573
f 10477 10574 10478
f 10477 10573 10574
f 10478 10575 10479
f 10478 10574 10575
f 10479 10576 10480
f 10479 10575 10576
f 10480 10577 10481
f 10480 10576 10577
f 10481 10578 10482
f 10481 10577 10578
f 10482 10579 10483
f 10482 10578 10579
f 10483 10580 10484
f 10483 10579 10580
f 10484 10581 10485
f 10484 10580 10581
f 10485 10582 10486
f 10485 10581 10582
f 10486 10583 10487
f 10486 10582 10583
f 10487 10584 10488
f 10487 10583 10584
f 10488 10585 10489
f 10488 10584 10585
f 10489 10586 10490
f 10489 10585 10586
f 10490 10587 10491
f 10490 10586 10587
f 10491 10588 10492
f 10491 10587 10588
f 10492 10589 10493
f 10492 10588 10589
f 10493 10590 10494
f 10493 10589 10590
f 10494 10591 10495
f 10494 10590 10591
f 10495 10592 10496
f 10495 10591 10592
f 10496 10593 10497
f 10496 10592 10593
f 10497 10594 10498
f 10497 10593 10594
f 10498 10595 10499
f 10498 10594 10595
f 10499 10596 10500
f 10499 10595 10596
f 10500 10597 10501
f 10500 10596 10597
f 10501 10598 10502
f 10501 10597 10598
f 10502 10599 10503
f 10502 10598 10599
f 10503 10600 10504
f 10503 10599 10600
f 10504 10601 10505
f 10504 10600 10601
f 10505 10602 10506
f 10505 10601 10602
f 10506 10603 10507
f 10506 10602 10603
f 10507 10604 10508
f 10507 10603 10604
f 10508 10605 10509
f 10508 10604 10605
f 10509 10606 10510
f 10509 10605 10606
f 10510 10607 10511
f 10510 10606 10607
f 10511 10608 10512
f 10511 10607 10608
f 10512 10609 10513
f 10512 10608 10609
f 10513 10610 10514
f 10513 10609 10610
f 10514 10611 10515
f 10514 10610 10611
f 10515 10612 10516
f 10515 10611 10612
f 10516 10613 10517
f 10516 10612 10613
f 10517 10614 10518
f 10517 10613 10614
f 10518 10615 10519
f 10518 10614 10615
f 10519 10616 10520
f 10519 10615 10616
f 10520 10617 10521
f 10520 10616 10617
f 10521 10618 10522
f 10521 10617 10618
f 10522 10619 10523
f 10522 10618 10619
f 10523 10620 10524
f 10523 10619 10620
f 10524 10621 10525
f 10524 10620 10621
f 10525 10622 10526
f 10525 10621 10622
f 10526 10623 10527
f 10526 10622 10623
f 10527 10624 10528
f 10527 10623 10624
f 10528 10625 10529
f 10528 10624 10625
f 10529 10626 10530
f 10529 10625 10626
f 10530 10627 10531
f 10530 10626 10627
f 10531 10628 10532
f 10531 10627 10628
f 10532 10629 10533
f 10532 10628 10629
f 10533 10630 10534
f 10533 10629 10630
f 10534 10631 10535
f 10534 10630 10631
f 10535 10632 10536
f 10535 10631 10632
f 10536 10633 10537
f 10536 10632 10633
f 10537 10634 10538
f 10537 10633 10634
f 10538 10635 10539
f 10538 10634 10635
f 10539 10636 10540
f 10539 10635 10636
f 10540 10637 10541
f 10540 10636 10637
f 10541 10638 10542
f 10541 10637 10638
f 10542 10639 10543
f 10542 10638 10639
f 10543 10640 10544
f 10543 10639 10640
f 10544 10641 10545
f 10544 10640 10641
f 10545 10642 10546
f 10545 10641 10642
f 10546 10643 10547
f 10546 10642 10643
f 10547 10644 10548
f 10547 10643 10644
f 10548 10645 10549
f 10548 10644 10645
f 10549 10646 10550
f 10549 10645 10646
f 10550 10647 10551
f 10550 10646 10647
f 10551 10648 10552
f 10551 10647 10648
f 10552 10649 10553
f 10552 10648 10649
f 10553 10650 10554
f 10553 10649 10650
f 10554 10651 10555
f 10554 10650 10651
f 10555 10652 10556
f 10555 10651 10652
f 10556 10653 10557
f 10556 10652 10653
f 10557 10654 10558
f 10557 10653 10654
f 10558 10655 10559
f 10558 10654 10655
f 10559 10656 10560
f 10559 10655 10656
f 10560 10657 10561
f 10560 10656 10657
f 10561 10562 10466
f 10561 10657 10562
f 10562 10659 10563
f 10562 10658 10659
f 10563 10660 10564
f 10563 10659 10660
f 10564 10661 10565
f 10564 10660 10661
f 10565 10662 10566
f 10565 10661 10662
f 10566 10663 10567
f 10566 10662 10663
f 10567 10664 10568
f 10567 10663 10664
f 10568 10665 10569
f 10568 10664 10665
f 10569 10666 10570
f 10569 10665 10666
f 10570 10667 10571
f 10570 10666 10667
f 10571 10668 10572
f 10571 10667 10668
f 10572 10669 10573
f 10572 10668 10669
f 10573 10670 10574
f 10573 10669 10670
f 10574 10671 10575
f 10574 10670 10671
f 10575 10672 10576
f 10575 10671 10672
f 10576 10673 10577
f 10576 10672 10673
f 10577 10674 10578
f 10577 10673 10674
f 10578 10675 10579
f 10578 10674 10675
f 10579 10676 10580
f 10579 10675 10676
f 10580 10677 10581
f 10580 10676 10677
f 10581 10678 10582
f 10581 10677 10678
f 10582 10679 10583
f 10582 10678 10679
f 10583 10680 10584
f 10583 10679 10680
f 10584 10681 10585
f 10584 10680 10681
f 10585 10682 10586
f 10585 10681 10682
f 10586 10683 10587
f 10586 10682 10683
f 10587 10684 10588
f 10587 10683 10684
f 10588 10685 10589
f 10588 10684 10685
f 10589 10686 10590
f 10589 10685 10686
f 10590 10687 10591
f 10590 10686 10687
f 10591 10688 10592
f 10591 10687 10688
f 10592 10689 10593
f 10592 10688 10689
f 10593 10690 10594
f 10593 10689 10690
f 10594 10691 10595
f 10594 10690 10691
f 10595 10692 10596
f 10595 10691 10692
f 10596 10693 10597
f 10596 10692 10693
f 10597 10694 10598
f 10597 10693 10694
f 10598 10695 10599
f 10598 10694 10695
f 10599 10696 10600
f 10599 10695 10696
f 10600 10697 10601
f 10600 10696 10697
f 10601 10698 10602
f 10601 10697 10698
f 10602 10699 10603
f 10602 10698 10699
f 10603 10700 10604
f 10603 10699 10700
f 10604 10701 10605
f 10604 10700 10701
f 10605 10702 10606
f 10605 10701 10702
f 10606 10703 10607
f 10606 10702 10703
f 10607 10704 10608
f 10607 10703 10704
f 10608 10705 10609
f 10608 10704 10705
f 10609 10706 10610
f 10609 10705 10706
f 10610 10707 10611
f 10610 10706 10707
f 10611 10708 10612
f 10611 10707 10708
f 10612 10709 10613
f 10612 10708 10709
f 10613 10710 10614
f 10613 10709 10710
f 10614 10711 10615
f 10614 10710 10711
f 10615 10712 10616
f 10615 10711 10712
f 10616 10713 10617
f 10616 10712 10713
f 10617 10714 10618
f 10617 10713 10714
f 10618 10715 10619
f 10618 10714 10715
f 10619 10716 10620
f 10619 10715 10716
f 10620 10717 10621
f 10620 10716 10717
f 10621 10718 10622
f 10621 10717 10718
f 10622 10719 10623
f 10622 10718 10719
f 10623 10720 10624
f 10623 10719 10720
f 10624 10721 10625
f 10624 10720 10721
f 10625 10722 10626
f 10625 10721 10722
f 10626 10723 10627
f 10626 10722 10723
f 10627 10724 10628
f 10627 10723 10724
f 10628 10725 10629
f 10628 10724 10725
f 10629 10726 10630
f 10629 10725 10726
f 10630 10727 10631
f 10630 10726 10727
f 10631 10728 10632
f 10631 10727 10728
f 10632 10729 10633
f 10632 10728 10729
f 10633 10730 10634
f 10633 10729 10730
f 10634 10731 10635
f 10634 10730 10731
f 10635 10732 10636
f 10635 10731 10732
f 10636 10733 10637
f 10636 10732 10733
f 10637 10734 10638
f 10637 10733 10734
f 10638 10735 10639
f 10638 10734 10735
f 10639 10736 10640
f 10639 10735 10736
f 10640 10737 10641
f 10640 10736 10737
f 10641 10738 10642
f 10641 10737 10738
f 10642 10739 10643
f 10642 10738 10739
f 10643 10740 10644
f 10643 10739 10740
f 10644 10741 10645
f 10644 10740 10741
f 10645 10742 10646
f 10645 10741 10742
f 10646 10743 10647
f 10646 10742 10743
f 10647 10744 10648
f 10647 10743 10744
f 10648 10745 10649
f 10648 10744 10745
f 10649 10746 10650
f 10649 10745 10746
f 10650 10747 10651
f 10650 10746 10747
f 10651 10748 10652
f 10651 10747 10748
f 10652 10749 10653
f 10652 10748 10749
f 10653 10750 10654
f 10653 10749 10750
f 10654 10751 10655
f 10654 10750 10751
f 10655 10752 10656
f 10655 10751 10752
f 10656 10753 10657
f 10656 10752 10753
f 10657 10658 10562
f 10657 10753 10658
f 10658 10755 10659
f 10658 10754 10755
f 10659 10756 10660
f 10659 10755 10756
f 10660 10757 10661
f 10660 10756 10757
f 10661 10758 10662
f 10661 10757 10758
f 10662 10759 10663
f 10662 10758 10759
f 10663 10760 10664
f 10663 10759 10760
f 10664 10761 10665
f 10664 10760 10761
f 10665 10762 10666
f 10665 10761 10762
f 10666 10763 10667
f 10666 10762 10763
f 10667 10764 10668
f 10667 10763 10764
f 10668 10765 10669
f 10668 10764 10765
f 10669 10766 10670
f 10669 10765 10766
f 10670 10767 10671
f 10670 10766 10767
f 10671 10768 10672
f 10671 10767 10768
f 10672 10769 10673
f 10672 10768 10769
f 10673 10770 10674
f 10673 10769 10770
f 10674 10771 10675
f 10674 10770 10771
f 10675 10772 10676
f 10675 10771 10772
f 10676 10773 10677
f 10676 10772 10773
f 10677 10774 10678
f 10677 10773 10774
f 10678 10775 10679
f 10678 10774 10775
f 10679 10776 10680
f 10679 10775 10776
f 10680 10777 10681
f 10680 10776 10777
f 10681 10778 10682
f 10681 10777 10778
f 10682 10779 10683
f 10682 10778 10779
f 10683 10780 10684
f 10683 10779 10780
f 10684 10781 10685
f 10684 10780 10781
f 10685 10782 10686
f 10685 10781 10782
f 10686 10783 10687
f 10686 10782 10783
f 10687 10784 10688
f 10687 10783 10784
f 10688 10785 10689
f 10688 10784 10785
f 10689 10786 10690
f 10689 10785 10786
f 10690 10787 10691
f 10690 10786 10787
f 10691 10788 10692
f 10691 10787 10788
f 10692 10789 10693
f 10692 10788 10789
f 10693 10790 10694
f 10693 10789 10790
f 10694 10791 10695
f 10694 10790 10791
f 10695 10792 10696
f 10695 10791 10792
f 10696 10793 10697
f 10696 10792 10793
f 10697 10794 10698
f 10697 10793 10794
f 10698 10795 10699
f 10698 10794 10795
f 10699 10796 10700
f 10699 10795 10796
f 10700 10797 10701
f 10700 10796 10797
f 10701 10798 10702
f 10701 10797 10798
f 10702 10799 10703
f 10702 10798 10799
f 10703 10800 10704
f 10703 10799 10800
f 10704 10801 10705
f 10704 10800 10801
f 10705 10802 10706
f 10705 10801 10802
f 10706 10803 10707
f 10706 10802 10803
f 10707 10804 10708
f 10707 10803 10804
f 10708 10805 10709
f 10708 10804 10805
f 10709 10806 10710
f 10709 10805 10806
f 10710 10807 10711
f 10710 10806 10807
f 10711 10808 10712
f 10711 10807 10808
f 10712 10809 10713
f 10712 10808 10809
f 10713 10810 10714
f 10713 10809 10810
f 10714 10811 10715
f 10714 10810 10811
f 10715 10812 10716
f 10715 10811 10812
f 10716 10813 10717
f 10716 10812 10813
f 10717 10814 10718
f 10717 10813 10814
f 10718 10815 10719
f 10718 10814 10815
f 10719 10816 10720
f 10719 10815 10816
f 10720 10817 10721
f 10720 10816 10817
f 10721 10818 10722
f 10721 10817 10818
f 10722 10819 10723
f 10722 10818 10819
f 10723 10820 10724
f 10723 10819 10820
f 10724 10821 10725
f 10724 10820 10821
f 10725 10822 10726
f 10725 10821 10822
f 10726 10823 10727
f 10726 10822 10823
f 10727 10824 10728
f 10727 10823 10824
f 10728 10825 10729
f 10728 10824 10825
f 10729 10826 10730
f 10729 10825 10826
f 10730 10827 10731
f 10730 10826 10827
f 10731 10828 10732
f 10731 10827 10828
f 10732 10829 10733
f 10732 10828 10829
f 10733 10830 10734
f 10733 10829 10830
f 10734 10831 10735
f 10734 10830 10831
f 10735 10832 10736
f 10735 10831 10832
f 10736 10833 10737
f 10736 10832 10833
f 10737 10834 10738
f 10737 10833 10834
f 10738 10835 10739
f 10738 10834 10835
f 10739 10836 10740
f 10739 10835 10836
f 10740 10837 10741
f 10740 10836 10837
f 10741 10838 10742
f 10741 10837 10838
f 10742 10839 10743
f 10742 10838 10839
f 10743 10840 10744
f 10743 10839 10840
f 10744 10841 10745
f 10744 10840 10841
f 10745 10842 10746
f 10745 10841 10842
f 10746 10843 10747
f 10746 10842 10843
f 10747 10844 10748
f 10747 10843 10844
f 10748 10845 10749
f 10748 10844 10845
f 10749 10846 10750
f 10749 10845 10846
f 10750 10847 10751
f 10750 10846 10847
f 10751 10848 10752
f 10751 10847 10848
f 10752 10849 10753
f 10752 10848 10849
f 10753 10754 10658
f 10753 10849 10754
f 10754 10851 10755
f 10754 10850 10851
f 10755 10852 10756
f 10755 10851 10852
f 10756 10853 10757
f 10756 10852 10853
f 10757 10854 10758
f 10757 10853 10854
f 10758 10855 10759
f 10758 10854 10855
f 10759 10856 10760
f 10759 10855 10856
f 10760 10857 10761
f 10760 10856 10857
f 10761 10858 10762
f 10761 10857 10858
f 10762 10859 10763
f 10762 10858 10859
f 10763 10860 10764
f 10763 10859 10860
f 10764 10861 10765
f 10764 10860 10861
f 10765 10862 10766
f 10765 10861 10862
f 10766 10863 10767
f 10766 10862 10863
f 10767 10864 10768
f 10767 10863 10864
f 10768 10865 10769
f 10768 10864 10865
f 10769 10866 10770
f 10769 10865 10866
f 10770 10867 10771
f 10770 10866 10867
f 10771 10868 10772
f 10771 10867 10868
f 10772 10869 10773
f 10772 10868 10869
f 10773 10870 10774
f 10773 10869 10870
f 10774 10871 10775
f 10774 10870 10871
f 10775 10872 10776
f 10775 10871 10872
f 10776 10873 10777
f 10776 10872 10873
f 10777 10874 10778
f 10777 10873 10874
f 10778 10875 10779
f 10778 10874 10875
f 10779 10876 10780
f 10779 10875 10876
f 10780 10877 10781
f 10780 10876 10877
f 10781 10878 10782
f 10781 10877 10878
f 10782 10879 10783
f 10782 10878 10879
f 10783 10880 10784
f 10783 10879 10880
f 10784 10881 10785
f 10784 10880 10881
f 10785 10882 10786
f 10785 10881 10882
f 10786 10883 10787
f 10786 10882 10883
f 10787 10884 10788
f 10787 10883 10884
f 10788 10885 10789
f 10788 10884 10885
f 10789 10886 10790
f 10789 10885 10886
f 10790 10887 10791
f 10790 10886 10887
f 10791 10888 10792
f 10791 10887 10888
f 10792 10889 10793
f 10792 10888 10889
f 10793 10890 10794
f 10793 10889 10890
f 10794 10891 10795
f 10794 10890 10891
f 10795 10892 10796
f 10795 10891 10892
f 10796 10893 10797
f 10796 10892 10893
f 10797 10894 10798
f 10797 10893 10894
f 10798 10895 10799
f 10798 10894 10895
f 10799 10896 10800
f 10799 10895 10896
f 10800 10897 10801
f 10800 10896 10897
f 10801 10898 10802
f 10801 10897 10898
f 10802 10899 10803
f 10802 10898 10899
f 10803 10900 10804
f 10803 10899 10900
f 10804 10901 10805
f 10804 10900 10901
f 10805 10902 10806
f 10805 10901 10902
f 10806 10903 10807
f 10806 10902 10903
f 10807 10904 10808
f 10807 10903 10904
f 10808 10905 10809
f 10808 10904 10905
f 10809 10906 10810
f 10809 10905 10906
f 10810 10907 10811
f 10810 10906 10907
f 10811 10908 10812
f 10811 10907 10908
f 10812 10909 10813
f 10812 10908 10909
f 10813 10910 10814
f 10813 10909 10910
f 10814 10911 10815
f 10814 10910 10911
f 10815 10912 10816
f 10815 10911 10912
f 10816 10913 10817
f 10816 10912 10913
f 10817 10914 10818
f 10817 10913 10914
f 10818 10915 10819
f 10818 10914 10915
f 10819 10916 10820
f 10819 10915 10916
f 10820 10917 10821
f 10820 10916 10917
f 10821 10918 10822
f 10821 10917 10918
f 10822 10919 10823
f 10822 10918 10919
f 10823 10920 10824
f 10823 10919 10920
f 10824 10921 10825
f 10824 10920 10921
f 10825 10922 10826
f 10825 10921 10922
f 10826 10923 10827
f 10826 10922 10923
f 10827 10924 10828
f 10827 10923 10924
f 10828 10925 10829
f 10828 10924 10925
f 10829 10926 10830
f 10829 10925 10926
f 10830 10927 10831
f 10830 10926 10927
f 10831 10928 10832
f 10831 10927 10928
f 10832 10929 10833
f 10832 10928 10929
f 10833 10930 10834
f 10833 10929 10930
f 10834 10931 10835
f 10834 10930 10931
f 10835 10932 10836
f 10835 10931 10932
f 10836 10933 10837
f 10836 10932 10933
f 10837 10934 10838
f 10837 10933 10934
f 10838 10935 10839
f 10838 10934 10935
f 10839 10936 10840
f 10839 10935 10936
f 10840 10937 10841
f 10840 10936 10937
f 10841 10938 10842
f 10841 10937 10938
f 10842 10939 10843
f 10842 10938 10939
f 10843 10940 10844
f 10843 10939 10940
f 10844 10941 10845
f 10844 10940 10941
f 10845 10942 10846
f 10845 10941 10942
f 10846 10943 10847
f 10846 10942 10943
f 10847 10944 10848
f 10847 10943 10944
f 10848 10945 10849
f 10848 10944 10945
f 10849 10850 10754
f 10849 10945 10850
f 10850 10947 10851
f 10850 10946 10947
f 10851 10948 10852
f 10851 10947 10948
f 10852 10949 10853
f 10852 10948 10949
f 10853 10950 10854
f 10853 10949 10950
f 10854 10951 10855
f 10854 10950 10951
f 10855 10952 10856
f 10855 10951 10952
f 10856 10953 10857
f 10856 10952 10953
f 10857 10954 10858
f 10857 10953 10954
f 10858 10955 10859
f 10858 10954 10955
f 10859 10956 10860
f 10859 10955 10956
f 10860 10957 10861
f 10860 10956 10957
f 10861 10958 10862
f 10861 10957 10958
f 10862 10959 10863
f 10862 10958 10959
f 10863 10960 10864
f 10863 10959 10960
f 10864 10961 10865
f 10864 10960 10961
f 10865 10962 10866
f 10865 10961 10962
f 10866 10963 10867
f 10866 10962 10963
f 10867 10964 10868
f 10867 10963 10964
f 10868 10965 10869
f 10868 10964 10965
f 10869 10966 10870
f 10869 10965 10966
f 10870 10967 10871
f 10870 10966 10967
f 10871 10968 10872
f 10871 10967 10968
f 10872 10969 10873
f 10872 10968 10969
f 10873 10970 10874
f 10873 10969 10970
f 10874 10971 10875
f 10874 10970 10971
f 10875 10972 10876
f 10875 10971 10972
f 10876 10973 10877
f 10876 10972 10973
f 10877 10974 10878
f 10877 10973 10974
f 10878 10975 10879
f 10878 10974 10975
f 10879 10976 10880
f 10879 10975 10976
f 10880 10977 10881
f 10880 10976 10977
f 10881 10978 10882
f 10881 10977 10978
f 10882 10979 10883
f 10882 10978 10979
f 10883 10980 10884
f 10883 10979 10980
f 10884 10981 10885
f 10884 10980 10981
f 10885 10982 10886
f 10885 10981 10982
f 10886 10983 10887
f 10886 10982 10983
f 10887 10984 10888
f 10887 10983 10984
f 10888 10985 10889
f 10888 10984 10985
f 10889 10986 10890
f 10889 10985 10986
f 10890 10987 10891
f 10890 10986 10987
f 10891 10988 10892
f 10891 10987 10988
f 10892 10989 10893
f 10892 10988 10989
f 10893 10990 10894
f 10893 10989 10990
f 10894 10991 10895
f 10894 10990 10991
f 10895 10992 10896
f 10895 10991 10992
f 10896 10993 10897
f 10896 10992 10993
f 10897 10994 10898
f 10897 10993 10994
f 10898 10995 10899
f 10898 10994 10995
f 10899 10996 10900
f 10899 10995 10996
f 10900 10997 10901
f 10900 10996 10997
f 10901 10998 10902
f 10901 10997 10998
f 10902 10999 10903
f 10902 10998 10999
f 10903 11000 10904
f 10903 10999 11000
f 10904 11001 10905
f 10904 11000 11001
f 10905 11002 10906
f 10905 11001 11002
f 10906 11003 10907
f 10906 11002 11003
f 10907 11004 10908
f 10907 11003 11004
f 10908 11005 10909
f 10908 11004 11005
f 10909 11006 10910
f 10909 11005 11006
f 10910 11007 10911
f 10910 11006 11007
f 10911 11008 10912
f 10911 11007 11008
f 10912 11009 10913
f 10912 11008 11009
f 10913 11010 10914
f 10913 11009 11010
f 10914 11011 10915
f 10914 11010 11011
f 10915 11012 10916
f 10915 11011 11012
f 10916 11013 10917
f 10916 11012 11013
f 10917 11014 10918
f 10917 11013 11014
f 10918 11015 10919
f 10918 11014 11015
f 10919 11016 10920
f 10919 11015 11016
f 10920 11017 10921
f 10920 11016 11017
f 10921 11018 10922
f 10921 11017 11018
f 10922 11019 10923
f 10922 11018 11019
f 10923 11020 10924
f 10923 11019 11020
f 10924 11021 10925
f 10924 11020 11021
f 10925 11022 10926
f 10925 11021 11022
f 10926 11023 10927
f 10926 11022 11023
f 10927 11024 10928
f 10927 11023 11024
f 10928 11025 10929
f 10928 11024 11025
f 10929 11026 10930
f 10929 11025 11026
f 10930 11027 10931
f 10930 11026 11027
f 10931 11028 10932
f 10931 11027 11028
f 10932 11029 10933
f 10932 11028 11029
f 10933 11030 10934
f 10933 11029 11030
f 10934 11031 10935
f 10934 11030 11031
f 10935 11032 10936
f 10935 11031 11032
f 10936 11033 10937
f 10936 11032 11033
f 10937 11034 10938
f 10937 11033 11034
f 10938 11035 10939
f 10938 11034 11035
f 10939 11036 10940
f 10939 11035 11036
f 10940 11037 10941
f 10940 11036 11037
f 10941 11038 10942
f 10941 11037 11038
f 10942 11039 10943
f 10942 11038 11039
f 10943 11040 10944
f 10943 11039 11040
f 10944 11041 10945
f 10944 11040 11041
f 10945 10946 10850
f 10945 11041 10946
f 10946 11043 10947
f 10946 11042 11043
f 10947 11044 10948
f 10947 11043 11044
f 10948 11045 10949
f 10948 11044 11045
f 10949 11046 10950
f 10949 11045 11046
f 10950 11047 10951
f 10950 11046 11047
f 10951 11048 10952
f 10951 11047 11048
f 10952 11049 10953
f 10952 11048 11049
f 10953 11050 10954
f 10953 11049 11050
f 10954 11051 10955
f 10954 11050 11051
f 10955 11052 10956
f 10955 11051 11052
f 10956 11053 10957
f 10956 11052 11053
f 10957 11054 10958
f 10957 11053 11054
f 10958 11055 10959
f 10958 11054 11055
f 10959 11056 10960
f 10959 11055 11056
f 10960 11057 10961
f 10960 11056 11057
f 10961 11058 10962
f 10961 11057 11058
f 10962 11059 10963
f 10962 11058 11059
f 10963 11060 10964
f 10963 11059 11060
f 10964 11061 10965
f 10964 11060 11061
f 10965 11062 10966
f 10965 11061 11062
f 10966 11063 10967
f 10966 11062 11063
f 10967 11064 10968
f 10967 11063 11064
f 10968 11065 10969
f 10968 11064 11065
f 10969 11066 10970
f 10969 11065 11066
f 10970 11067 10971
f 10970 11066 11067
f 10971 11068 10972
f 10971 11067 11068
f 10972 11069 10973
f 10972 11068 11069
f 10973 11070 10974
f 10973 11069 11070
f 10974 11071 10975
f 10974 11070 11071
f 10975 11072 10976
f 10975 11071 11072
f 10976 11073 10977
f 10976 11072 11073
f 10977 11074 10978
f 10977 11073 11074
f 10978 11075 10979
f 10978 11074 11075
f 10979 11076 10980
f 10979 11075 11076
f 10980 11077 10981
f 10980 11076 11077
f 10981 11078 10982
f 10981 11077 11078
f 10982 11079 10983
f 10982 11078 11079
f 10983 11080 10984
f 10983 11079 11080
f 10984 11081 10985
f 10984 11080 11081
f 10985 11082 10986
f 10985 11081 11082
f 10986 11083 10987
f 10986 11082 11083
f 10987 11084 10988
f 10987 11083 11084
f 10988 11085 10989
f 10988 11084 11085
f 10989 11086 10990
f 10989 11085 11086
f 10990 11087 10991
f 10990 11086 11087
f 10991 11088 10992
f 10991 11087 11088
f 10992 11089 10993
f 10992 11088 11089
f 10993 11090 10994
f 10993 11089 11090
f 10994 11091 10995
f 10994 11090 11091
f 10995 11092 10996
f 10995 11091 11092
f 10996 11093 10997
f 10996 11092 11093
f 10997 11094 10998
f 10997 11093 11094
f 10998 11095 10999
f 10998 11094 11095
f 10999 11096 11000
f 10999 11095 11096
f 11000 11097 11001
f 11000 11096 11097
f 11001 11098 11002
f 11001 11097 11098
f 11002 11099 11003
f 11002 11098 11099
f 11003 11100 11004
f 11003 11099 11100
f 11004 11101 11005
f 11004 11100 11101
f 11005 11102 11006
f 11005 11101 11102
f 11006 11103 11007
f 11006 11102 11103
f 11007 11104 11008
f 11007 11103 11104
f 11008 11105 11009
f 11008 11104 11105
f 11009 11106 11010
f 11009 11105 11106
f 11010 11107 11011
f 11010 11106 11107
f 11011 11108 11012
f 11011 11107 11108
f 11012 11109 11013
f 11012 11108 11109
f 11013 11110 11014
f 11013 11109 11110
f 11014 11111 11015
f 11014 11110 11111
f 11015 11112 11016
f 11015 11111 11112
f 11016 11113 11017
f 11016 11112 11113
f 11017 11114 11018
f 11017 11113 11114
f 11018 11115 11019
f 11018 11114 11115
f 11019 11116 11020
f 11019 11115 11116
f 11020 11117 11021
f 11020 11116 11117
f 11021 11118 11022
f 11021 11117 11118
f 11022 11119 11023
f 11022 11118 11119
f 11023 11120 11024
f 11023 11119 11120
f 11024 11121 11025
f 11024 11120 11121
f 11025 11122 11026
f 11025 11121 11122
f 11026 11123 11027
f 11026 11122 11123
f 11027 11124 11028
f 11027 11123 11124
f 11028 11125 11029
f 11028 11124 11125
f 11029 11126 11030
f 11029 11125 11126
f 11030 11127 11031
f 11030 11126 11127
f 11031 11128 11032
f 11031 11127 11128
f 11032 11129 11033
f 11032 11128 11129
f 11033 11130 11034
f 11033 11129 11130
f 11034 11131 11035
f 11034 11130 11131
f 11035 11132 11036
f 11035 11131 11132
f 11036 11133 11037
f 11036 11132 11133
f 11037 11134 11038
f 11037 11133 11134
f 11038 11135 11039
f 11038 11134 11135
f 11039 11136 11040
f 11039 11135 11136
f 11040 11137 11041
f 11040 11136 11137
f 11041 11042 10946
f 11041 11137 11042
f 11042 11139 11043
f 11042 11138 11139
f 11043 11140 11044
f 11043 11139 11140
f 11044 11141 11045
f 11044 11140 11141
f 11045 11142 11046
f 11045 11141 11142
f 11046 11143 11047
f 11046 11142 11143
f 11047 11144 11048
f 11047 11143 11144
f 11048 11145 11049
f 11048 11144 11145
f 11049 11146 11050
f 11049 11145 11146
f 11050 11147 11051
f 11050 11146 11147
f 11051 11148 11052
f 11051 11147 11148
f 11052 11149 11053
f 11052 11148 11149
f 11053 11150 11054
f 11053 11149 11150
f 11054 11151 11055
f 11054 11150 11151
f 11055 11152 11056
f 11055 11151 11152
f 11056 11153 11057
f 11056 11152 11153
f 11057 11154 11058
f 11057 11153 11154
f 11058 11155 11059
f 11058 11154 11155
f 11059 11156 11060
f 11059 11155 11156
f 11060 11157 11061
f 11060 11156 11157
f 11061 11158 11062
f 11061 11157 11158
f 11062 11159 11063
f 11062 11158 11159
f 11063 11160 11064
f 11063 11159 11160
f 11064 11161 11065
f 11064 11160 11161
f 11065 11162 11066
f 11065 11161 11162
f 11066 11163 11067
f 11066 11162 11163
f 11067 11164 11068
f 11067 11163 11164
f 11068 11165 11069
f 11068 11164 11165
f 11069 11166 11070
f 11069 11165 11166
f 11070 11167 11071
f 11070 11166 11167
f 11071 11168 11072
f 11071 11167 11168
f 11072 11169 11073
f 11072 11168 11169
f 11073 11170 11074
f 11073 11169 11170
f 11074 11171 11075
f 11074 11170 11171
f 11075 11172 11076
f 11075 11171 11172
f 11076 11173 11077
f 11076 11172 11173
f 11077 11174 11078
f 11077 11173 11174
f 11078 11175 11079
f 11078 11174 11175
f 11079 11176 11080
f 11079 11175 11176
f 11080 11177 11081
f 11080 11176 11177
f 11081 11178 11082
f 11081 11177 11178
f 11082 11179 11083
f 11082 11178 11179
f 11083 11180 11084
f 11083 11179 11180
f 11084 11181 11085
f 11084 11180 11181
f 11085 11182 11086
f 11085 11181 11182
f 11086 11183 11087
f 11086 11182 11183
f 11087 11184 11088
f 11087 11183 11184
f 11088 11185 11089
f 11088 11184 11185
f 11089 11186 11090
f 11089 11185 11186
f 11090 11187 11091
f 11090 11186 11187
f 11091 11188 11092
f 11091 11187 11188
f 11092 11189 11093
f 11092 11188 11189
f 11093 11190 11094
f 11093 11189 11190
f 11094 11191 11095
f 11094 11190 11191
f 11095 11192 11096
f 11095 11191 11192
f 11096 11193 11097
f 11096 11192 11193
f 11097 11194 11098
f 11097 11193 11194
f 11098 11195 11099
f 11098 11194 11195
f 11099 11196 11100
f 11099 11195 11196
f 11100 11197 11101
f 11100 11196 11197
f 11101 11198 11102
f 11101 11197 11198
f 11102 11199 11103
f 11102 11198 11199
f 11103 11200 11104
f 11103 11199 11200
f 11104 11201 11105
f 11104 11200 11201
f 11105 11202 11106
f 11105 11201 11202
f 11106 11203 11107
f 11106 11202 11203
f 11107 11204 11108
f 11107 11203 11204
f 11108 11205 11109
f 11108 11204 11205
f 11109 11206 11110
f 11109 11205 11206
f 11110 11207 11111
f 11110 11206 11207
f 11111 11208 11112
f 11111 11207 11208
f 11112 11209 11113
f 11112 11208 11209
f 11113 11210 11114
f 11113 11209 11210
f 11114 11211 11115
f 11114 11210 11211
f 11115 11212 11116
f 11115 11211 11212
f 11116 11213 11117
f 11116 11212 11213
f 11117 11214 11118
f 11117 11213 11214
f 11118 11215 11119
f 11118 11214 11215
f 11119 11216 11120
f 11119 11215 11216
f 11120 11217 11121
f 11120 11216 11217
f 11121 11218 11122
f 11121 11217 11218
f 11122 11219 11123
f 11122 11218 11219
f 11123 11220 11124
f 11123 11219 11220
f 11124 11221 11125
f 11124 11220 11221
f 11125 11222 11126
f 11125 11221 11222
f 11126 11223 11127
f 11126 11222 11223
f 11127 11224 11128
f 11127 11223 11224
f 11128 11225 11129
f 11128 11224 11225
f 11129 11226 11130
f 11129 11225 11226
f 11130 11227 11131
f 11130 11226 11227
f 11131 11228 11132
f 11131 11227 11228
f 11132 11229 11133
f 11132 11228 11229
f 11133 11230 11134
f 11133 11229 11230
f 11134 11231 11135
f 11134 11230 11231
f 11135 11232 11136
f 11135 11231 11232
f 11136 11233 11137
f 11136 11232 11233
f 11137 11138 11042
f 11137 11233 11138
f 11138 11235 11139
f 11138 11234 11235
f 11139 11236 11140
f 11139 11235 11236
f 11140 11237 11141
f 11140 11236 11237
f 11141 11238 11142
f 11141 11237 11238
f 11142 11239 11143
f 11142 11238 11239
f 11143 11240 11144
f 11143 11239 11240
f 11144 11241 11145
f 11144 11240 11241
f 11145 11242 11146
f 11145 11241 11242
f 11146 11243 11147
f 11146 11242 11243
f 11147 11244 11148
f 11147 11243 11244
f 11148 11245 11149
f 11148 11244 11245
f 11149 11246 11150
f 11149 11245 11246
f 11150 11247 11151
f 11150 11246 11247
f 11151 11248 11152
f 11151 11247 11248
f 11152 11249 11153
f 11152 11248 11249
f 11153 11250 11154
f 11153 11249 11250
f 11154 11251 11155
f 11154 11250 11251
f 11155 11252 11156
f 11155 11251 11252
f 11156 11253 11157
f 11156 11252 11253
f 11157 11254 11158
f 11157 11253 11254
f 11158 11255 11159
f 11158 11254 11255
f 11159 11256 11160
f 11159 11255 11256
f 11160 11257 11161
f 11160 11256 11257
f 11161 11258 11162
f 11161 11257 11258
f 11162 11259 11163
f 11162 11258 11259
f 11163 11260 11164
f 11163 11259 11260
f 11164 11261 11165
f 11164 11260 11261
f 11165 11262 11166
f 11165 11261 11262
f 11166 11263 11167
f 11166 11262 11263
f 11167 11264 11168
f 11167 11263 11264
f 11168 11265 11169
f 11168 11264 11265
f 11169 11266 11170
f 11169 11265 11266
f 11170 11267 11171
f 11170 11266 11267
f 11171 11268 11172
f 11171 11267 11268
f 11172 11269 11173
f 11172 11268 11269
f 11173 11270 11174
f 11173 11269 11270
f 11174 11271 11175
f 11174 11270 11271
f 11175 11272 11176
f 11175 11271 11272
f 11176 11273 11177
f 11176 11272 11273
f 11177 11274 11178
f 11177 11273 11274
f 11178 11275 11179
f 11178 11274 11275
f 11179 11276 11180
f 11179 11275 11276
f 11180 11277 11181
f 11180 11276 11277
f 11181 11278 11182
f 11181 11277 11278
f 11182 11279 11183
f 11182 11278 11279
f 11183 11280 11184
f 11183 11279 11280
f 11184 11281 11185
f 11184 11280 11281
f 11185 11282 11186
f 11185 11281 11282
f 11186 11283 11187
f 11186 11282 11283
f 11187 11284 11188
f 11187 11283 11284
f 11188 11285 11189
f 11188 11284 11285
f 11189 11286 11190
f 11189 11285 11286
f 11190 11287 11191
f 11190 11286 11287
f 11191 11288 11192
f 11191 11287 11288
f 11192 11289 11193
f 11192 11288 11289
f 11193 11290 11194
f 11193 11289 11290
f 11194 11291 11195
f 11194 11290 11291
f 11195 11292 11196
f 11195 11291 11292
f 11196 11293 11197
f 11196 11292 11293
f 11197 11294 11198
f 11197 11293 11294
f 11198 11295 11199
f 11198 11294 11295
f 11199 11296 11200
f 11199 11295 11296
f 11200 11297 11201
f 11200 11296 11297
f 11201 11298 11202
f 11201 11297 11298
f 11202 11299 11203
f 11202 11298 11299
f 11203 11300 11204
f 11203 11299 11300
f 11204 11301 11205
f 11204 11300 11301
f 11205 11302 11206
f 11205 11301 11302
f 11206 11303 11207
f 11206 11302 11303
f 11207 11304 11208
f 11207 11303 11304
f 11208 11305 11209
f 11208 11304 11305
f 11209 11306 11210
f 11209 11305 11306
f 11210 11307 11211
f 11210 11306 11307
f 11211 11308 11212
f 11211 11307 11308
f 11212 11309 11213
f 11212 11308 11309
f 11213 11310 11214
f 11213 11309 11310
f 11214 11311 11215
f 11214 11310 11311
f 11215 11312 11216
f 11215 11311 11312
f 11216 11313 11217
f 11216 11312 11313
f 11217 11314 11218
f 11217 11313 11314
f 11218 11315 11219
f 11218 11314 11315
f 11219 11316 11220
f 11219 11315 11316
f 11220 11317 11221
f 11220 11316 11317
f 11221 11318 11222
f 11221 11317 11318
f 11222 11319 11223
f 11222 11318 11319
f 11223 11320 11224
f 11223 11319 11320
f 11224 11321 11225
f 11224 11320 11321
f 11225 11322 11226
f 11225 11321 11322
f 11226 11323 11227
f 11226 11322 11323
f 11227 11324 11228
f 11227 11323 11324
f 11228 11325 11229
f 11228 11324 11325
f 11229 11326 11230
f 11229 11325 11326
f 11230 11327 11231
f 11230 11326 11327
f 11231 11328 11232
f 11231 11327 11328
f 11232 11329 11233
f 11232 11328 11329
f 11233 11234 11138
f 11233 11329 11234
f 11234 11331 11235
f 11234 11330 11331
f 11235 11332 11236
f 11235 11331 11332
f 11236 11333 11237
f 11236 11332 11333
f 11237 11334 11238
f 11237 11333 11334
f 11238 11335 11239
f 11238 11334 11335
f 11239 11336 11240
f 11239 11335 11336
f 11240 11337 11241
f 11240 11336 11337
f 11241 11338 11242
f 11241 11337 11338
f 11242 11339 11243
f 11242 11338 11339
f 11243 11340 11244
f 11243 11339 11340
f 11244 11341 11245
f 11244 11340 11341
f 11245 11342 11246
f 11245 11341 11342
f 11246 11343 11247
f 11246 11342 11343
f 11247 11344 11248
f 11247 11343 11344
f 11248 11345 11249
f 11248 11344 11345
f 11249 11346 11250
f 11249 11345 11346
f 11250 11347 11251
f 11250 11346 11347
f 11251 11348 11252
f 11251 11347 11348
f 11252 11349 11253
f 11252 11348 11349
f 11253 11350 11254
f 11253 11349 11350
f 11254 11351 11255
f 11254 11350 11351
f 11255 11352 11256
f 11255 11351 11352
f 11256 11353 11257
f 11256 11352 11353
f 11257 11354 11258
f 11257 11353 11354
f 11258 11355 11259
f 11258 11354 11355
f 11259 11356 11260
f 11259 11355 11356
f 11260 11357 11261
f 11260 11356 11357
f 11261 11358 11262
f 11261 11357 11358
f 11262 11359 11263
f 11262 11358 11359
f 11263 11360 11264
f 11263 11359 11360
f 11264 11361 11265
f 11264 11360 11361
f 11265 11362 11266
f 11265 11361 11362
f 11266 11363 11267
f 11266 11362 11363
f 11267 11364 11268
f 11267 11363 11364
f 11268 11365 11269
f 11268 11364 11365
f 11269 11366 11270
f 11269 11365 11366
f 11270 11367 11271
f 11270 11366 11367
f 11271 11368 11272
f 11271 11367 11368
f 11272 11369 11273
f 11272 11368 11369
f 11273 11370 11274
f 11273 11369 11370
f 11274 11371 11275
f 11274 11370 11371
f 11275 11372 11276
f 11275 11371 11372
f 11276 11373 11277
f 11276 11372 11373
f 11277 11374 11278
f 11277 11373 11374
f 11278 11375 11279
f 11278 11374 11375
f 11279 11376 11280
f 11279 11375 11376
f 11280 11377 11281
f 11280 11376 11377
f 11281 11378 11282
f 11281 11377 11378
f 11282 11379 11283
f 11282 11378 11379
f 11283 11380 11284
f 11283 11379 11380
f 11284 11381 11285
f 11284 11380 11381
f 11285 11382 11286
f 11285 11381 11382
f 11286 11383 11287
f 11286 11382 11383
f 11287 11384 11288
f 11287 11383 11384
f 11288 11385 11289
f 11288 11384 11385
f 11289 11386 11290
f 11289 11385 11386
f 11290 11387 11291
f 11290 11386 11387
f 11291 11388 11292
f 11291 11387 11388
f 11292 11389 11293
f 11292 11388 11389
f 11293 11390 11294
f 11293 11389 11390
f 11294 11391 11295
f 11294 11390 11391
f 11295 11392 11296
f 11295 11391 11392
f 11296 11393 11297
f 11296 11392 11393
f 11297 11394 11298
f 11297 11393 11394
f 11298 11395 11299
f 11298 11394 11395
f 11299 11396 11300
f 11299 11395 11396
f 11300 11397 11301
f 11300 11396 11397
f 11301 11398 11302
f 11301 11397 11398
f 11302 11399 11303
f 11302 11398 11399
f 11303 11400 11304
f 11303 11399 11400
f 11304 11401 11305
f 11304 11400 11401
f 11305 11402 11306
f 11305 11401 11402
f 11306 11403 11307
f 11306 11402 11403
f 11307 11404 11308
f 11307 11403 11404
f 11308 11405 11309
f 11308 11404 11405
f 11309 11406 11310
f 11309 11405 11406
f 11310 11407 11311
f 11310 11406 11407
f 11311 11408 11312
f 11311 11407 11408
f 11312 11409 11313
f 11312 11408 11409
f 11313 11410 11314
f 11313 11409 11410
f 11314 11411 11315
f 11314 11410 11411
f 11315 11412 11316
f 11315 11411 11412
f 11316 11413 11317
f 11316 11412 11413
f 11317 11414 11318
f 11317 11413 11414
f 11318 11415 11319
f 11318 11414 11415
f 11319 11416 11320
f 11319 11415 11416
f 11320 11417 11321
f 11320 11416 11417
f 11321 11418 11322
f 11321 11417 11418
f 11322 11419 11323
f 11322 11418 11419
f 11323 11420 11324
f 11323 11419 11420
f 11324 11421 11325
f 11324 11420 11421
f 11325 11422 11326
f 11325 11421 11422
f 11326 11423 11327
f 11326 11422 11423
f 11327 11424 11328
f 11327 11423 11424
f 11328 11425 11329
f 11328 11424 11425
f 11329 11330 11234
f 11329 11425 11330
f 11330 11427 11331
f 11330 11426 11427
f 11331 11428 11332
f 11331 11427 11428
f 11332 11429 11333
f 11332 11428 11429
f 11333 11430 11334
f 11333 11429 11430
f 11334 11431 11335
f 11334 11430 11431
f 11335 11432 11336
f 11335 11431 11432
f 11336 11433 11337
f 11336 11432 11433
f 11337 11434 11338
f 11337 11433 11434
f 11338 11435 11339
f 11338 11434 11435
f 11339 11436 11340
f 11339 11435 11436
f 11340 11437 11341
f 11340 11436 11437
f 11341 11438 11342
f 11341 11437 11438
f 11342 11439 11343
f 11342 11438 11439
f 11343 11440 11344
f 11343 11439 11440
f 11344 11441 11345
f 11344 11440 11441
f 11345 11442 11346
f 11345 11441 11442
f 11346 11443 11347
f 11346 11442 11443
f 11347 11444 11348
f 11347 11443 11444
f 11348 11445 11349
f 11348 11444 11445
f 11349 11446 11350
f 11349 11445 11446
f 11350 11447 11351
f 11350 11446 11447
f 11351 11448 11352
f 11351 11447 11448
f 11352 11449 11353
f 11352 11448 11449
f 11353 11450 11354
f 11353 11449 11450
f 11354 11451 11355
f 11354 11450 11451
f 11355 11452 11356
f 11355 11451 11452
f 11356 11453 11357
f 11356 11452 11453
f 11357 11454 11358
f 11357 11453 11454
f 11358 11455 11359
f 11358 11454 11455
f 11359 11456 11360
f 11359 11455 11456
f 11360 11457 11361
f 11360 11456 11457
f 11361 11458 11362
f 11361 11457 11458
f 11362 11459 11363
f 11362 11458 11459
f 11363 11460 11364
f 11363 11459 11460
f 11364 11461 11365
f 11364 11460 11461
f 11365 11462 11366
f 11365 11461 11462
f 11366 11463 11367
f 11366 11462 11463
f 11367 11464 11368
f 11367 11463 11464
f 11368 11465 11369
f 11368 11464 11465
f 11369 11466 11370
f 11369 11465 11466
f 11370 11467 11371
f 11370 11466 11467
f 11371 11468 11372
f 11371 11467 11468
f 11372 11469 11373
f 11372 11468 11469
f 11373 11470 11374
f 11373 11469 11470
f 11374 11471 11375
f 11374 11470 11471
f 11375 11472 11376
f 11375 11471 11472
f 11376 11473 11377
f 11376 11472 11473
f 11377 11474 11378
f 11377 11473 11474
f 11378 11475 11379
f 11378 11474 11475
f 11379 11476 11380
f 11379 11475 11476
f 11380 11477 11381
f 11380 11476 11477
f 11381 11478 11382
f 11381 11477 11478
f 11382 11479 11383
f 11382 11478 11479
f 11383 11480 11384
f 11383 11479 11480
f 11384 11481 11385
f 11384 11480 11481
f 11385 11482 11386
f 11385 11481 11482
f 11386 11483 11387
f 11386 11482 11483
f 11387 11484 11388
f 11387 11483 11484
f 11388 11485 11389
f 11388 11484 11485
f 11389 11486 11390
f 11389 11485 11486
f 11390 11487 11391
f 11390 11486 11487
f 11391 11488 11392
f 11391 11487 11488
f 11392 11489 11393
f 11392 11488 11489
f 11393 11490 11394
f 11393 11489 11490
f 11394 11491 11395
f 11394 11490 11491
f 11395 11492 11396
f 11395 11491 11492
f 11396 11493 11397
f 11396 11492 11493
f 11397 11494 11398
f 11397 11493 11494
f 11398 11495 11399
f 11398 11494 11495
f 11399 11496 11400
f 11399 11495 11496
f 11400 11497 11401
f 11400 11496 11497
f 11401 11498 11402
f 11401 11497 11498
f 11402 11499 11403
f 11402 11498 11499
f 11403 11500 11404
f 11403 11499 11500
f 11404 11501 11405
f 11404 11500 11501
f 11405 11502 11406
f 11405 11501 11502
f 11406 11503 11407
f 11406 11502 11503
f 11407 11504 11408
f 11407 11503 11504
f 11408 11505 11409
f 11408 11504 11505
f 11409 11506 11410
f 11409 11505 11506
f 11410 11507 11411
f 11410 11506 11507
f 11411 11508 11412
f 11411 11507 11508
f 11412 11509 11413
f 11412 11508 11509
f 11413 11510 11414
f 11413 11509 11510
f 11414 11511 11415
f 11414 11510 11511
f 11415 11512 11416
f 11415 11511 11512
f 11416 11513 11417
f 11416 11512 11513
f 11417 11514 11418
f 11417 11513 11514
f 11418 11515 11419
f 11418 11514 11515
f 11419 11516 11420
f 11419 11515 11516
f 11420 11517 11421
f 11420 11516 11517
f 11421 11518 11422
f 11421 11517 11518
f 11422 11519 11423
f 11422 11518 11519
f 11423 11520 11424
f 11423 11519 11520
f 11424 11521 11425
f 11424 11520 11521
f 11425 11426 11330
f 11425 11521 11426
f 11426 11523 11427
f 11426 11522 11523
f 11427 11524 11428
f 11427 11523 11524
f 11428 11525 11429
f 11428 11524 11525
f 11429 11526 11430
f 11429 11525 11526
f 11430 11527 11431
f 11430 11526 11527
f 11431 11528 11432
f 11431 11527 11528
f 11432 11529 11433
f 11432 11528 11529
f 11433 11530 11434
f 11433 11529 11530
f 11434 11531 11435
f 11434 11530 11531
f 11435 11532 11436
f 11435 11531 11532
f 11436 11533 11437
f 11436 11532 11533
f 11437 11534 11438
f 11437 11533 11534
f 11438 11535 11439
f 11438 11534 11535
f 11439 11536 11440
f 11439 11535 11536
f 11440 11537 11441
f 11440 11536 11537
f 11441 11538 11442
f 11441 11537 11538
f 11442 11539 11443
f 11442 11538 11539
f 11443 11540 11444
f 11443 11539 11540
f 11444 11541 11445
f 11444 11540 11541
f 11445 11542 11446
f 11445 11541 11542
f 11446 11543 11447
f 11446 11542 11543
f 11447 11544 11448
f 11447 11543 11544
f 11448 11545 11449
f 11448 11544 11545
f 11449 11546 11450
f 11449 11545 11546
f 11450 11547 11451
f 11450 11546 11547
f 11451 11548 11452
f 11451 11547 11548
f 11452 11549 11453
f 11452 11548 11549
f 11453 11550 11454
f 11453 11549 11550
f 11454 11551 11455
f 11454 11550 11551
f 11455 11552 11456
f 11455 11551 11552
f 11456 11553 11457
f 11456 11552 11553
f 11457 11554 11458
f 11457 11553 11554
f 11458 11555 11459
f 11458 11554 11555
f 11459 11556 11460
f 11459 11555 11556
f 11460 11557 11461
f 11460 11556 11557
f 11461 11558 11462
f 11461 11557 11558
f 11462 11559 11463
f 11462 11558 11559
f 11463 11560 11464
f 11463 11559 11560
f 11464 11561 11465
f 11464 11560 11561
f 11465 11562 11466
f 11465 11561 11562
f 11466 11563 11467
f 11466 11562 11563
f 11467 11564 11468
f 11467 11563 11564
f 11468 11565 11469
f 11468 11564 11565
f 11469 11566 11470
f 11469 11565 11566
f 11470 11567 11471
f 11470 11566 11567
f 11471 11568 11472
f 11471 11567 11568
f 11472 11569 11473
f 11472 11568 11569
f 11473 11570 11474
f 11473 11569 11570
f 11474 11571 11475
f 11474 11570 11571
f 11475 11572 11476
f 11475 11571 11572
f 11476 11573 11477
f 11476 11572 11573
f 11477 11574 11478
f 11477 11573 11574
f 11478 11575 11479
f 11478 11574 11575
f 11479 11576 11480
f 11479 11575 11576
f 11480 11577 11481
f 11480 11576 11577
f 11481 11578 11482
f 11481 11577 11578
f 11482 11579 11483
f 11482 11578 11579
f 11483 11580 11484
f 11483 11579 11580
f 11484 11581 11485
f 11484 11580 11581
f 11485 11582 11486
f 11485 11581 11582
f 11486 11583 11487
f 11486 11582 11583
f 11487 11584 11488
f 11487 11583 11584
f 11488 11585 11489
f 11488 11584 11585
f 11489 11586 11490
f 11489 11585 11586
f 11490 11587 11491
f 11490 11586 11587
f 11491 11588 11492
f 11491 11587 11588
f 11492 11589 11493
f 11492 11588 11589
f 11493 11590 11494
f 11493 11589 11590
f 11494 11591 11495
f 11494 11590 11591
f 11495 11592 11496
f 11495 11591 11592
f 11496 11593 11497
f 11496 11592 11593
f 11497 11594 11498
f 11497 11593 11594
f 11498 11595 11499
f 11498 11594 11595
f 11499 11596 11500
f 11499 11595 11596
f 11500 11597 11501
f 11500 11596 11597
f 11501 11598 11502
f 11501 11597 11598
f 11502 11599 11503
f 11502 11598 11599
f 11503 11600 11504
f 11503 11599 11600
f 11504 11601 11505
f 11504 11600 11601
f 11505 11602 11506
f 11505 11601 11602
f 11506 11603 11507
f 11506 11602 11603
f 11507 11604 11508
f 11507 11603 11604
f 11508 11605 11509
f 11508 11604 11605
f 11509 11606 11510
f 11509 11605 11606
f 11510 11607 11511
f 11510 11606 11607
f 11511 11608 11512
f 11511 11607 11608
f 11512 11609 11513
f 11512 11608 11609
f 11513 11610 11514
f 11513 11609 11610
f 11514 11611 11515
f 11514 11610 11611
f 11515 11612 11516
f 11515 11611 11612
f 11516 11613 11517
f 11516 11612 11613
f 11517 11614 11518
f 11517 11613 11614
f 11518 11615 11519
f 11518 11614 11615
f 11519 11616 11520
f 11519 11615 11616
f 11520 11617 11521
f 11520 11616 11617
f 11521 11522 11426
f 11521 11617 11522
f 11522 11619 11523
f 11522 11618 11619
f 11523 11620 11524
f 11523 11619 11620
f 11524 11621 11525
f 11524 11620 11621
f 11525 11622 11526
f 11525 11621 11622
f 11526 11623 11527
f 11526 11622 11623
f 11527 11624 11528
f 11527 11623 11624
f 11528 11625 11529
f 11528 11624 11625
f 11529 11626 11530
f 11529 11625 11626
f 11530 11627 11531
f 11530 11626 11627
f 11531 11628 11532
f 11531 11627 11628
f 11532 11629 11533
f 11532 11628 11629
f 11533 11630 11534
f 11533 11629 11630
f 11534 11631 11535
f 11534 11630 11631
f 11535 11632 11536
f 11535 11631 11632
f 11536 11633 11537
f 11536 11632 11633
f 11537 11634 11538
f 11537 11633 11634
f 11538 11635 11539
f 11538 11634 11635
f 11539 11636 11540
f 11539 11635 11636
f 11540 11637 11541
f 11540 11636 11637
f 11541 11638 11542
f 11541 11637 11638
f 11542 11639 11543
f 11542 11638 11639
f 11543 11640 11544
f 11543 11639 11640
f 11544 11641 11545
f 11544 11640 11641
f 11545 11642 11546
f 11545 11641 11642
f 11546 11643 11547
f 11546 11642 11643
f 11547 11644 11548
f 11547 11643 11644
f 11548 11645 11549
f 11548 11644 11645
f 11549 11646 11550
f 11549 11645 11646
f 11550 11647 11551
f 11550 11646 11647
f 11551 11648 11552
f 11551 11647 11648
f 11552 11649 11553
f 11552 11648 11649
f 11553 11650 11554
f 11553 11649 11650
f 11554 11651 11555
f 11554 11650 11651
f 11555 11652 11556
f 11555 11651 11652
f 11556 11653 11557
f 11556 11652 11653
f 11557 11654 11558
f 11557 11653 11654
f 11558 11655 11559
f 11558 11654 11655
f 11559 11656 11560
f 11559 11655 11656
f 11560 11657 11561
f 11560 11656 11657
f 11561 11658 11562
f 11561 11657 11658
f 11562 11659 11563
f 11562 11658 11659
f 11563 11660 11564
f 11563 11659 11660
f 11564 11661 11565
f 11564 11660 11661
f 11565 11662 11566
f 11565 11661 11662
f 11566 11663 11567
f 11566 11662 11663
f 11567 11664 11568
f 11567 11663 11664
f 11568 11665 11569
f 11568 11664 11665
f 11569 11666 11570
f 11569 11665 11666
f 11570 11667 11571
f 11570 11666 11667
f 11571 11668 11572
f 11571 11667 11668
f 11572 11669 11573
f 11572 11668 11669
f 11573 11670 11574
f 11573 11669 11670
f 11574 11671 11575
f 11574 11670 11671
f 11575 11672 11576
f 11575 11671 11672
f 11576 11673 11577
f 11576 11672 11673
f 11577 11674 11578
f 11577 11673 11674
f 11578 11675 11579
f 11578 11674 11675
f 11579 11676 11580
f 11579 11675 11676
f 11580 11677 11581
f 11580 11676 11677
f 11581 11678 11582
f 11581 11677 11678
f 11582 11679 11583
f 11582 11678 11679
f 11583 11680 11584
f 11583 11679 11680
f 11584 11681 11585
f 11584 11680 11681
f 11585 11682 11586
f 11585 11681 11682
f 11586 11683 11587
f 11586 11682 11683
f 11587 11684 11588
f 11587 11683 11684
f 11588 11685 11589
f 11588 11684 11685
f 11589 11686 11590
f 11589 11685 11686
f 11590 11687 11591
f 11590 11686 11687
f 11591 11688 11592
f 11591 11687 11688
f 11592 11689 11593
f 11592 11688 11689
f 11593 11690 11594
f 11593 11689 11690
f 11594 11691 11595
f 11594 11690 11691
f 11595 11692 11596
f 11595 11691 11692
f 11596 11693 11597
f 11596 11692 11693
f 11597 11694 11598
f 11597 11693 11694
f 11598 11695 11599
f 11598 11694 11695
f 11599 11696 11600
f 11599 11695 11696
f 11600 11697 11601
f 11600 11696 11697
f 11601 11698 11602
f 11601 11697 11698
f 11602 11699 11603
f 11602 11698 11699
f 11603 11700 11604
f 11603 11699 11700
f 11604 11701 11605
f 11604 11700 11701
f 11605 11702 11606
f 11605 11701 11702
f 11606 11703 11607
f 11606 11702 11703
f 11607 11704 11608
f 11607 11703 11704
f 11608 11705 11609
f 11608 11704 11705
f 11609 11706 11610
f 11609 11705 11706
f 11610 11707 11611
f 11610 11706 11707
f 11611 11708 11612
f 11611 11707 11708
f 11612 11709 11613
f 11612 11708 11709
f 11613 11710 11614
f 11613 11709 11710
f 11614 11711 11615
f 11614 11710 11711
f 11615 11712 11616
f 11615 11711 11712
f 11616 11713 11617
f 11616 11712 11713
f 11617 11618 11522
f 11617 11713 11618
f 11618 11715 11619
f 11618 11714 11715
f 11619 11716 11620
f 11619 11715 11716
f 11620 11717 11621
f 11620 11716 11717
f 11621 11718 11622
f 11621 11717 11718
f 11622 11719 11623
f 11622 11718 11719
f 11623 11720 11624
f 11623 11719 11720
f 11624 11721 11625
f 11624 11720 11721
f 11625 11722 11626
f 11625 11721 11722
f 11626 11723 11627
f 11626 11722 11723
f 11627 11724 11628
f 11627 11723 11724
f 11628 11725 11629
f 11628 11724 11725
f 11629 11726 11630
f 11629 11725 11726
f 11630 11727 11631
f 11630 11726 11727
f 11631 11728 11632
f 11631 11727 11728
f 11632 11729 11633
f 11632 11728 11729
f 11633 11730 11634
f 11633 11729 11730
f 11634 11731 11635
f 11634 11730 11731
f 11635 11732 11636
f 11635 11731 11732
f 11636 11733 11637
f 11636 11732 11733
f 11637 11734 11638
f 11637 11733 11734
f 11638 11735 11639
f 11638 11734 11735
f 11639 11736 11640
f 11639 11735 11736
f 11640 11737 11641
f 11640 11736 11737
f 11641 11738 11642
f 11641 11737 11738
f 11642 11739 11643
f 11642 11738 11739
f 11643 11740 11644
f 11643 11739 11740
f 11644 11741 11645
f 11644 11740 11741
f 11645 11742 11646
f 11645 11741 11742
f 11646 11743 11647
f 11646 11742 11743
f 11647 11744 11648
f 11647 11743 11744
f 11648 11745 11649
f 11648 11744 11745
f 11649 11746 11650
f 11649 11745 11746
f 11650 11747 11651
f 11650 11746 11747
f 11651 11748 11652
f 11651 11747 11748
f 11652 11749 11653
f 11652 11748 11749
f 11653 11750 11654
f 11653 11749 11750
f 11654 11751 11655
f 11654 11750 11751
f 11655 11752 11656
f 11655 11751 11752
f 11656 11753 11657
f 11656 11752 11753
f 11657 11754 11658
f 11657 11753 11754
f 11658 11755 11659
f 11658 11754 11755
f 11659 11756 11660
f 11659 11755 11756
f 11660 11757 11661
f 11660 11756 11757
f 11661 11758 11662
f 11661 11757 11758
f 11662 11759 11663
f 11662 11758 11759
f 11663 11760 11664
f 11663 11759 11760
f 11664 11761 11665
f 11664 11760 11761
f 11665 11762 11666
f 11665 11761 11762
f 11666 11763 11667
f 11666 11762 11763
f 11667 11764 11668
f 11667 11763 11764
f 11668 11765 11669
f 11668 11764 11765
f 11669 11766 11670
f 11669 11765 11766
f 11670 11767 11671
f 11670 11766 11767
f 11671 11768 11672
f 11671 11767 11768
f 11672 11769 11673
f 11672 11768 11769
f 11673 11770 11674
f 11673 11769 11770
f 11674 11771 11675
f 11674 11770 11771
f 11675 11772 11676
f 11675 11771 11772
f 11676 11773 11677
f 11676 11772 11773
f 11677 11774 11678
f 11677 11773 11774
f 11678 11775 11679
f 11678 11774 11775
f 11679 11776 11680
f 11679 11775 11776
f 11680 11777 11681
f 11680 11776 11777
f 11681 11778 11682
f 11681 11777 11778
f 11682 11779 11683
f 11682 11778 11779
f 11683 11780 11684
f 11683 11779 11780
f 11684 11781 11685
f 11684 11780 11781
f 11685 11782 11686
f 11685 11781 11782
f 11686 11783 11687
f 11686 11782 11783
f 11687 11784 11688
f 11687 11783 11784
f 11688 11785 11689
f 11688 11784 11785
f 11689 11786 11690
f 11689 11785 11786
f 11690 11787 11691
f 11690 11786 11787
f 11691 11788 11692
f 11691 11787 11788
f 11692 11789 11693
f 11692 11788 11789
f 11693 11790 11694
f 11693 11789 11790
f 11694 11791 11695
f 11694 11790 11791
f 11695 11792 11696
f 11695 11791 11792
f 11696 11793 11697
f 11696 11792 11793
f 11697 11794 11698
f 11697 11793 11794
f 11698 11795 11699
f 11698 11794 11795
f 11699 11796 11700
f 11699 11795 11796
f 11700 11797 11701
f 11700 11796 11797
f 11701 11798 11702
f 11701 11797 11798
f 11702 11799 11703
f 11702 11798 11799
f 11703 11800 11704
f 11703 11799 11800
f 11704 11801 11705
f 11704 11800 11801
f 11705 11802 11706
f 11705 11801 11802
f 11706 11803 11707
f 11706 11802 11803
f 11707 11804 11708
f 11707 11803 11804
f 11708 11805 11709
f 11708 11804 11805
f 11709 11806 11710
f 11709 11805 11806
f 11710 11807 11711
f 11710 11806 11807
f 11711 11808 11712
f 11711 11807 11808
f 11712 11809 11713
f 11712 11808 11809
f 11713 11714 11618
f 11713 11809 11714
f 11714 11811 11715
f 11714 11810 11811
f 11715 11812 11716
f 11715 11811 11812
f 11716 11813 11717
f 11716 11812 11813
f 11717 11814 11718
f 11717 11813 11814
f 11718 11815 11719
f 11718 11814 11815
f 11719 11816 11720
f 11719 11815 11816
f 11720 11817 11721
f 11720 11816 11817
f 11721 11818 11722
f 11721 11817 11818
f 11722 11819 11723
f 11722 11818 11819
f 11723 11820 11724
f 11723 11819 11820
f 11724 11821 11725
f 11724 11820 11821
f 11725 11822 11726
f 11725 11821 11822
f 11726 11823 11727
f 11726 11822 11823
f 11727 11824 11728
f 11727 11823 11824
f 11728 11825 11729
f 11728 11824 11825
f 11729 11826 11730
f 11729 11825 11826
f 11730 11827 11731
f 11730 11826 11827
f 11731 11828 11732
f 11731 11827 11828
f 11732 11829 11733
f 11732 11828 11829
f 11733 11830 11734
f 11733 11829 11830
f 11734 11831 11735
f 11734 11830 11831
f 11735 11832 11736
f 11735 11831 11832
f 11736 11833 11737
f 11736 11832 11833
f 11737 11834 11738
f 11737 11833 11834
f 11738 11835 11739
f 11738 11834 11835
f 11739 11836 11740
f 11739 11835 11836
f 11740 11837 11741
f 11740 11836 11837
f 11741 11838 11742
f 11741 11837 11838
f 11742 11839 11743
f 11742 11838 11839
f 11743 11840 11744
f 11743 11839 11840
f 11744 11841 11745
f 11744 11840 11841
f 11745 11842 11746
f 11745 11841 11842
f 11746 11843 11747
f 11746 11842 11843
f 11747 11844 11748
f 11747 11843 11844
f 11748 11845 11749
f 11748 11844 11845
f 11749 11846 11750
f 11749 11845 11846
f 11750 11847 11751
f 11750 11846 11847
f 11751 11848 11752
f 11751 11847 11848
f 11752 11849 11753
f 11752 11848 11849
f 11753 11850 11754
f 11753 11849 11850
f 11754 11851 11755
f 11754 11850 11851
f 11755 11852 11756
f 11755 11851 11852
f 11756 11853 11757
f 11756 11852 11853
f 11757 11854 11758
f 11757 11853 11854
f 11758 11855 11759
f 11758 11854 11855
f 11759 11856 11760
f 11759 11855 11856
f 11760 11857 11761
f 11760 11856 11857
f 11761 11858 11762
f 11761 11857 11858
f 11762 11859 11763
f 11762 11858 11859
f 11763 11860 11764
f 11763 11859 11860
f 11764 11861 11765
f 11764 11860 11861
f 11765 11862 11766
f 11765 11861 11862
f 11766 11863 11767
f 11766 11862 11863
f 11767 11864 11768
f 11767 11863 11864
f 11768 11865 11769
f 11768 11864 11865
f 11769 11866 11770
f 11769 11865 11866
f 11770 11867 11771
f 11770 11866 11867
f 11771 11868 11772
f 11771 11867 11868
f 11772 11869 11773
f 11772 11868 11869
f 11773 11870 11774
f 11773 11869 11870
f 11774 11871 11775
f 11774 11870 11871
f 11775 11872 11776
f 11775 11871 11872
f 11776 11873 11777
f 11776 11872 11873
f 11777 11874 11778
f 11777 11873 11874
f 11778 11875 11779
f 11778 11874 11875
f 11779 11876 11780
f 11779 11875 11876
f 11780 11877 11781
f 11780 11876 11877
f 11781 11878 11782
f 11781 11877 11878
f 11782 11879 11783
f 11782 11878 11879
f 11783 11880 11784
f 11783 11879 11880
f 11784 11881 11785
f 11784 11880 11881
f 11785 11882 11786
f 11785 11881 11882
f 11786 11883 11787
f 11786 11882 11883
f 11787 11884 11788
f 11787 11883 11884
f 11788 11885 11789
f 11788 11884 11885
f 11789 11886 11790
f 11789 11885 11886
f 11790 11887 11791
f 11790 11886 11887
f 11791 11888 11792
f 11791 11887 11888
f 11792 11889 11793
f 11792 11888 11889
f 11793 11890 11794
f 11793 11889 11890
f 11794 11891 11795
f 11794 11890 11891
f 11795 11892 11796
f 11795 11891 11892
f 11796 11893 11797
f 11796 11892 11893
f 11797 11894 11798
f 11797 11893 11894
f 11798 11895 11799
f 11798 11894 11895
f 11799 11896 11800
f 11799 11895 11896
f 11800 11897 11801
f 11800 11896 11897
f 11801 11898 11802
f 11801 11897 11898
f 11802 11899 11803
f 11802 11898 11899
f 11803 11900 11804
f 11803 11899 11900
f 11804 11901 11805
f 11804 11900 11901
f 11805 11902 11806
f 11805 11901 11902
f 11806 11903 11807
f 11806 11902 11903
f 11807 11904 11808
f 11807 11903 11904
f 11808 11905 11809
f 11808 11904 11905
f 11809 11810 11714
f 11809 11905 11810
f 11810 11907 11811
f 11810 11906 11907
f 11811 11908 11812
f 11811 11907 11908
f 11812 11909 11813
f 11812 11908 11909
f 11813 11910 11814
f 11813 11909 11910
f 11814 11911 11815
f 11814 11910 11911
f 11815 11912 11816
f 11815 11911 11912
f 11816 11913 11817
f 11816 11912 11913
f 11817 11914 11818
f 11817 11913 11914
f 11818 11915 11819
f 11818 11914 11915
f 11819 11916 11820
f 11819 11915 11916
f 11820 11917 11821
f 11820 11916 11917
f 11821 11918 11822
f 11821 11917 11918
f 11822 11919 11823
f 11822 11918 11919
f 11823 11920 11824
f 11823 11919 11920
f 11824 11921 11825
f 11824 11920 11921
f 11825 11922 11826
f 11825 11921 11922
f 11826 11923 11827
f 11826 11922 11923
f 11827 11924 11828
f 11827 11923 11924
f 11828 11925 11829
f 11828 11924 11925
f 11829 11926 11830
f 11829 11925 11926
f 11830 11927 11831
f 11830 11926 11927
f 11831 11928 11832
f 11831 11927 11928
f 11832 11929 11833
f 11832 11928 11929
f 11833 11930 11834
f 11833 11929 11930
f 11834 11931 11835
f 11834 11930 11931
f 11835 11932 11836
f 11835 11931 11932
f 11836 11933 11837
f 11836 11932 11933
f 11837 11934 11838
f 11837 11933 11934
f 11838 11935 11839
f 11838 11934 11935
f 11839 11936 11840
f 11839 11935 11936
f 11840 11937 11841
f 11840 11936 11937
f 11841 11938 11842
f 11841 11937 11938
f 11842 11939 11843
f 11842 11938 11939
f 11843 11940 11844
f 11843 11939 11940
f 11844 11941 11845
f 11844 11940 11941
f 11845 11942 11846
f 11845 11941 11942
f 11846 11943 11847
f 11846 11942 11943
f 11847 11944 11848
f 11847 11943 11944
f 11848 11945 11849
f 11848 11944 11945
f 11849 11946 11850
f 11849 11945 11946
f 11850 11947 11851
f 11850 11946 11947
f 11851 11948 11852
f 11851 11947 11948
f 11852 11949 11853
f 11852 11948 11949
f 11853 11950 11854
f 11853 11949 11950
f 11854 11951 11855
f 11854 11950 11951
f 11855 11952 11856
f 11855 11951 11952
f 11856 11953 11857
f 11856 11952 11953
f 11857 11954 11858
f 11857 11953 11954
f 11858 11955 11859
f 11858 11954 11955
f 11859 11956 11860
f 11859 11955 11956
f 11860 11957 11861
f 11860 11956 11957
f 11861 11958 11862
f 11861 11957 11958
f 11862 11959 11863
f 11862 11958 11959
f 11863 11960 11864
f 11863 11959 11960
f 11864 11961 11865
f 11864 11960 11961
f 11865 11962 11866
f 11865 11961 11962
f 11866 11963 11867
f 11866 11962 11963
f 11867 11964 11868
f 11867 11963 11964
f 11868 11965 11869
f 11868 11964 11965
f 11869 11966 11870
f 11869 11965 11966
f 11870 11967 11871
f 11870 11966 11967
f 11871 11968 11872
f 11871 11967 11968
f 11872 11969 11873
f 11872 11968 11969
f 11873 11970 11874
f 11873 11969 11970
f 11874 11971 11875
f 11874 11970 11971
f 11875 11972 11876
f 11875 11971 11972
f 11876 11973 11877
f 11876 11972 11973
f 11877 11974 11878
f 11877 11973 11974
f 11878 11975 11879
f 11878 11974 11975
f 11879 11976 11880
f 11879 11975 11976
f 11880 11977 11881
f 11880 11976 11977
f 11881 11978 11882
f 11881 11977 11978
f 11882 11979 11883
f 11882 11978 11979
f 11883 11980 11884
f 11883 11979 11980
f 11884 11981 11885
f 11884 11980 11981
f 11885 11982 11886
f 11885 11981 11982
f 11886 11983 11887
f 11886 11982 11983
f 11887 11984 11888
f 11887 11983 11984
f 11888 11985 11889
f 11888 11984 11985
f 11889 11986 11890
f 11889 11985 11986
f 11890 11987 11891
f 11890 11986 11987
f 11891 11988 11892
f 11891 11987 11988
f 11892 11989 11893
f 11892 11988 11989
f 11893 11990 11894
f 11893 11989 11990
f 11894 11991 11895
f 11894 11990 11991
f 11895 11992 11896
f 11895 11991 11992
f 11896 11993 11897
f 11896 11992 11993
f 11897 11994 11898
f 11897 11993 11994
f 11898 11995 11899
f 11898 11994 11995
f 11899 11996 11900
f 11899 11995 11996
f 11900 11997 11901
f 11900 11996 11997
f 11901 11998 11902
f 11901 11997 11998
f 11902 11999 11903
f 11902 11998 11999
f 11903 12000 11904
f 11903 11999 12000
f 11904 12001 11905
f 11904 12000 12001
f 11905 11906 11810
f 11905 12001 11906
f 11906 12003 11907
f 11906 12002 12003
f 11907 12004 11908
f 11907 12003 12004
f 11908 12005 11909
f 11908 12004 12005
f 11909 12006 11910
f 11909 12005 12006
f 11910 12007 11911
f 11910 12006 12007
f 11911 12008 11912
f 11911 12007 12008
f 11912 12009 11913
f 11912 12008 12009
f 11913 12010 11914
f 11913 12009 12010
f 11914 12011 11915
f 11914 12010 12011
f 11915 12012 11916
f 11915 12011 12012
f 11916 12013 11917
f 11916 12012 12013
f 11917 12014 11918
f 11917 12013 12014
f 11918 12015 11919
f 11918 12014 12015
f 11919 12016 11920
f 11919 12015 12016
f 11920 12017 11921
f 11920 12016 12017
f 11921 12018 11922
f 11921 12017 12018
f 11922 12019 11923
f 11922 12018 12019
f 11923 12020 11924
f 11923 12019 12020
f 11924 12021 11925
f 11924 12020 12021
f 11925 12022 11926
f 11925 12021 12022
f 11926 12023 11927
f 11926 12022 12023
f 11927 12024 11928
f 11927 12023 12024
f 11928 12025 11929
f 11928 12024 12025
f 11929 12026 11930
f 11929 12025 12026
f 11930 12027 11931
f 11930 12026 12027
f 11931 12028 11932
f 11931 12027 12028
f 11932 12029 11933
f 11932 12028 12029
f 11933 12030 11934
f 11933 12029 12030
f 11934 12031 11935
f 11934 12030 12031
f 11935 12032 11936
f 11935 12031 12032
f 11936 12033 11937
f 11936 12032 12033
f 11937 12034 11938
f 11937 12033 12034
f 11938 12035 11939
f 11938 12034 12035
f 11939 12036 11940
f 11939 12035 12036
f 11940 12037 11941
f 11940 12036 12037
f 11941 12038 11942
f 11941 12037 12038
f 11942 12039 11943
f 11942 12038 12039
f 11943 12040 11944
f 11943 12039 12040
f 11944 12041 11945
f 11944 12040 12041
f 11945 12042 11946
f 11945 12041 12042
f 11946 12043 11947
f 11946 12042 12043
f 11947 12044 11948
f 11947 12043 12044
f 11948 12045 11949
f 11948 12044 12045
f 11949 12046 11950
f 11949 12045 12046
f 11950 12047 11951
f 11950 12046 12047
f 11951 12048 11952
f 11951 12047 12048
f 11952 12049 11953
f 11952 12048 12049
f 11953 12050 11954
f 11953 12049 12050
f 11954 12051 11955
f 11954 12050 12051
f 11955 12052 11956
f 11955 12051 12052
f 11956 12053 11957
f 11956 12052 12053
f 11957 12054 11958
f 11957 12053 12054
f 11958 12055 11959
f 11958 12054 12055
f 11959 12056 11960
f 11959 12055 12056
f 11960 12057 11961
f 11960 12056 12057
f 11961 12058 11962
f 11961 12057 12058
f 11962 12059 11963
f 11962 12058 12059
f 11963 12060 11964
f 11963 12059 12060
f 11964 12061 11965
f 11964 12060 12061
f 11965 12062 11966
f 11965 12061 12062
f 11966 12063 11967
f 11966 12062 12063
f 11967 12064 11968
f 11967 12063 12064
f 11968 12065 11969
f 11968 12064 12065
f 11969 12066 11970
f 11969 12065 12066
f 11970 12067 11971
f 11970 12066 12067
f 11971 12068 11972
f 11971 12067 12068
f 11972 12069 11973
f 11972 12068 12069
f 11973 12070 11974
f 11973 12069 12070
f 11974 12071 11975
f 11974 12070 12071
f 11975 12072 11976
f 11975 12071 12072
f 11976 12073 11977
f 11976 12072 12073
f 11977 12074 11978
f 11977 12073 12074
f 11978 12075 11979
f 11978 12074 12075
f 11979 12076 11980
f 11979 12075 12076
f 11980 12077 11981
f 11980 12076 12077
f 11981 12078 11982
f 11981 12077 12078
f 11982 12079 11983
f 11982 12078 12079
f 11983 12080 11984
f 11983 12079 12080
f 11984 12081 11985
f 11984 12080 12081
f 11985 12082 11986
f 11985 12081 12082
f 11986 12083 11987
f 11986 12082 12083
f 11987 12084 11988
f 11987 12083 12084
f 11988 12085 11989
f 11988 12084 12085
f 11989 12086 11990
f 11989 12085 12086
f 11990 12087 11991
f 11990 12086 12087
f 11991 12088 11992
f 11991 12087 12088
f 11992 12089 11993
f 11992 12088 12089
f 11993 12090 11994
f 11993 12089 12090
f 11994 12091 11995
f 11994 12090 12091
f 11995 12092 11996
f 11995 12091 12092
f 11996 12093 11997
f 11996 12092 12093
f 11997 12094 11998
f 11997 12093 12094
f 11998 12095 11999
f 11998 12094 12095
f 11999 12096 12000
f 11999 12095 12096
f 12000 12097 12001
f 12000 12096 12097
f 12001 12002 11906
f 12001 12097 12002
f 12002 12099 12003
f 12002 12098 12099
f 12003 12100 12004
f 12003 12099 12100
f 12004 12101 12005
f 12004 12100 12101
f 12005 12102 12006
f 12005 12101 12102
f 12006 12103 12007
f 12006 12102 12103
f 12007 12104 12008
f 12007 12103 12104
f 12008 12105 12009
f 12008 12104 12105
f 12009 12106 12010
f 12009 12105 12106
f 12010 12107 12011
f 12010 12106 12107
f 12011 12108 12012
f 12011 12107 12108
f 12012 12109 12013
f 12012 12108 12109
f 12013 12110 12014
f 12013 12109 12110
f 12014 12111 12015
f 12014 12110 12111
f 12015 12112 12016
f 12015 12111 12112
f 12016 12113 12017
f 12016 12112 12113
f 12017 12114 12018
f 12017 12113 12114
f 12018 12115 12019
f 12018 12114 12115
f 12019 12116 12020
f 12019 12115 12116
f 12020 12117 12021
f 12020 12116 12117
f 12021 12118 12022
f 12021 12117 12118
f 12022 12119 12023
f 12022 12118 12119
f 12023 12120 12024
f 12023 12119 12120
f 12024 12121 12025
f 12024 12120 12121
f 12025 12122 12026
f 12025 12121 12122
f 12026 12123 12027
f 12026 12122 12123
f 12027 12124 12028
f 12027 12123 12124
f 12028 12125 12029
f 12028 12124 12125
f 12029 12126 12030
f 12029 12125 12126
f 12030 12127 12031
f 12030 12126 12127
f 12031 12128 12032
f 12031 12127 12128
f 12032 12129 12033
f 12032 12128 12129
f 12033 12130 12034
f 12033 12129 12130
f 12034 12131 12035
f 12034 12130 12131
f 12035 12132 12036
f 12035 12131 12132
f 12036 12133 12037
f 12036 12132 12133
f 12037 12134 12038
f 12037 12133 12134
f 12038 12135 12039
f 12038 12134 12135
f 12039 12136 12040
f 12039 12135 12136
f 12040 12137 12041
f 12040 12136 12137
f 12041 12138 12042
f 12041 12137 12138
f 12042 12139 12043
f 12042 12138 12139
f 12043 12140 12044
f 12043 12139 12140
f 12044 12141 12045
f 12044 12140 12141
f 12045 12142 12046
f 12045 12141 12142
f 12046 12143 12047
f 12046 12142 12143
f 12047 12144 12048
f 12047 12143 12144
f 12048 12145 12049
f 12048 12144 12145
f 12049 12146 12050
f 12049 12145 12146
f 12050 12147 12051
f 12050 12146 12147
f 12051 12148 12052
f 12051 12147 12148
f 12052 12149 12053
f 12052 12148 12149
f 12053 12150 12054
f 12053 12149 12150
f 12054 12151 12055
f 12054 12150 12151
f 12055 12152 12056
f 12055 12151 12152
f 12056 12153 12057
f 12056 12152 12153
f 12057 12154 12058
f 12057 12153 12154
f 12058 12155 12059
f 12058 12154 12155
f 12059 12156 12060
f 12059 12155 12156
f 12060 12157 12061
f 12060 12156 12157
f 12061 12158 12062
f 12061 12157 12158
f 12062 12159 12063
f 12062 12158 12159
f 12063 12160 12064
f 12063 12159 12160
f 12064 12161 12065
f 12064 12160 12161
f 12065 12162 12066
f 12065 12161 12162
f 12066 12163 12067
f 12066 12162 12163
f 12067 12164 12068
f 12067 12163 12164
f 12068 12165 12069
f 12068 12164 12165
f 12069 12166 12070
f 12069 12165 12166
f 12070 12167 12071
f 12070 12166 12167
f 12071 12168 12072
f 12071 12167 12168
f 12072 12169 12073
f 12072 12168 12169
f 12073 12170 12074
f 12073 12169 12170
f 12074 12171 12075
f 12074 12170 12171
f 12075 12172 12076
f 12075 12171 12172
f 12076 12173 12077
f 12076 12172 12173
f 12077 12174 12078
f 12077 12173 12174
f 12078 12175 12079
f 12078 12174 12175
f 12079 12176 12080
f 12079 12175 12176
f 12080 12177 12081
f 12080 12176 12177
f 12081 12178 12082
f 12081 12177 12178
f 12082 12179 12083
f 12082 12178 12179
f 12083 12180 12084
f 12083 12179 12180
f 12084 12181 12085
f 12084 12180 12181
f 12085 12182 12086
f 12085 12181 12182
f 12086 12183 12087
f 12086 12182 12183
f 12087 12184 12088
f 12087 12183 12184
f 12088 12185 12089
f 12088 12184 12185
f 12089 12186 12090
f 12089 12185 12186
f 12090 12187 12091
f 12090 12186 12187
f 12091 12188 12092
f 12091 12187 12188
f 12092 12189 12093
f 12092 12188 12189
f 12093 12190 12094
f 12093 12189 12190
f 12094 12191 12095
f 12094 12190 12191
f 12095 12192 12096
f 12095 12191 12192
f 12096 12193 12097
f 12096 12192 12193
f 12097 12098 12002
f 12097 12193 12098
f 12098 12195 12099
f 12098 12194 12195
f 12099 12196 12100
f 12099 12195 12196
f 12100 12197 12101
f 12100 12196 12197
f 12101 12198 12102
f 12101 12197 12198
f 12102 12199 12103
f 12102 12198 12199
f 12103 12200 12104
f 12103 12199 12200
f 12104 12201 12105
f 12104 12200 12201
f 12105 12202 12106
f 12105 12201 12202
f 12106 12203 12107
f 12106 12202 12203
f 12107 12204 12108
f 12107 12203 12204
f 12108 12205 12109
f 12108 12204 12205
f 12109 12206 12110
f 12109 12205 12206
f 12110 12207 12111
f 12110 12206 12207
f 12111 12208 12112
f 12111 12207 12208
f 12112 12209 12113
f 12112 12208 12209
f 12113 12210 12114
f 12113 12209 12210
f 12114 12211 12115
f 12114 12210 12211
f 12115 12212 12116
f 12115 12211 12212
f 12116 12213 12117
f 12116 12212 12213
f 12117 12214 12118
f 12117 12213 12214
f 12118 12215 12119
f 12118 12214 12215
f 12119 12216 12120
f 12119 12215 12216
f 12120 12217 12121
f 12120 12216 12217
f 12121 12218 12122
f 12121 12217 12218
f 12122 12219 12123
f 12122 12218 12219
f 12123 12220 12124
f 12123 12219 12220
f 12124 12221 12125
f 12124 12220 12221
f 12125 12222 12126
f 12125 12221 12222
f 12126 12223 12127
f 12126 12222 12223
f 12127 12224 12128
f 12127 12223 12224
f 12128 12225 12129
f 12128 12224 12225
f 12129 12226 12130
f 12129 12225 12226
f 12130 12227 12131
f 12130 12226 12227
f 12131 12228 12132
f 12131 12227 12228
f 12132 12229 12133
f 12132 12228 12229
f 12133 12230 12134
f 12133 12229 12230
f 12134 12231 12135
f 12134 12230 12231
f 12135 12232 12136
f 12135 12231 12232
f 12136 12233 12137
f 12136 12232 12233
f 12137 12234 12138
f 12137 12233 12234
f 12138 12235 12139
f 12138 12234 12235
f 12139 12236 12140
f 12139 12235 12236
f 12140 12237 12141
f 12140 12236 12237
f 12141 12238 12142
f 12141 12237 12238
f 12142 12239 12143
f 12142 12238 12239
f 12143 12240 12144
f 12143 12239 12240
f 12144 12241 12145
f 12144 12240 12241
f 12145 12242 12146
f 12145 12241 12242
f 12146 12243 12147
f 12146 12242 12243
f 12147 12244 12148
f 12147 12243 12244
f 12148 12245 12149
f 12148 12244 12245
f 12149 12246 12150
f 12149 12245 12246
f 12150 12247 12151
f 12150 12246 12247
f 12151 12248 12152
f 12151 12247 12248
f 12152 12249 12153
f 12152 12248 12249
f 12153 12250 12154
f 12153 12249 12250
f 12154 12251 12155
f 12154 12250 12251
f 12155 12252 12156
f 12155 12251 12252
f 12156 12253 12157
f 12156 12252 12253
f 12157 12254 12158
f 12157 12253 12254
f 12158 12255 12159
f 12158 12254 12255
f 12159 12256 12160
f 12159 12255 12256
f 12160 12257 12161
f 12160 12256 12257
f 12161 12258 12162
f 12161 12257 12258
f 12162 12259 12163
f 12162 12258 12259
f 12163 12260 12164
f 12163 12259 12260
f 12164 12261 12165
f 12164 12260 12261
f 12165 12262 12166
f 12165 12261 12262
f 12166 12263 12167
f 12166 12262 12263
f 12167 12264 12168
f 12167 12263 12264
f 12168 12265 12169
f 12168 12264 12265
f 12169 12266 12170
f 12169 12265 12266
f 12170 12267 12171
f 12170 12266 12267
f 12171 12268 12172
f 12171 12267 12268
f 12172 12269 12173
f 12172 12268 12269
f 12173 12270 12174
f 12173 12269 12270
f 12174 12271 12175
f 12174 12270 12271
f 12175 12272 12176
f 12175 12271 12272
f 12176 12273 12177
f 12176 12272 12273
f 12177 12274 12178
f 12177 12273 12274
f 12178 12275 12179
f 12178 12274 12275
f 12179 12276 12180
f 12179 12275 12276
f 12180 12277 12181
f 12180 12276 12277
f 12181 12278 12182
f 12181 12277 12278
f 12182 12279 12183
f 12182 12278 12279
f 12183 12280 12184
f 12183 12279 12280
f 12184 12281 12185
f 12184 12280 12281
f 12185 12282 12186
f 12185 12281 12282
f 12186 12283 12187
f 12186 12282 12283
f 12187 12284 12188
f 12187 12283 12284
f 12188 12285 12189
f 12188 12284 12285
f 12189 12286 12190
f 12189 12285 12286
f 12190 12287 12191
f 12190 12286 12287
f 12191 12288 12192
f 12191 12287 12288
f 12192 12289 12193
f 12192 12288 12289
f 12193 12194 12098
f 12193 12289 12194
f 12194 12291 12195
f 12194 12290 12291
f 12195 12292 12196
f 12195 12291 12292
f 12196 12293 12197
f 12196 12292 12293
f 12197 12294 12198
f 12197 12293 12294
f 12198 12295 12199
f 12198 12294 12295
f 12199 12296 12200
f 12199 12295 12296
f 12200 12297 12201
f 12200 12296 12297
f 12201 12298 12202
f 12201 12297 12298
f 12202 12299 12203
f 12202 12298 12299
f 12203 12300 12204
f 12203 12299 12300
f 12204 12301 12205
f 12204 12300 12301
f 12205 12302 12206
f 12205 12301 12302
f 12206 12303 12207
f 12206 12302 12303
f 12207 12304 12208
f 12207 12303 12304
f 12208 12305 12209
f 12208 12304 12305
f 12209 12306 12210
f 12209 12305 12306
f 12210 12307 12211
f 12210 12306 12307
f 12211 12308 12212
f 12211 12307 12308
f 12212 12309 12213
f 12212 12308 12309
f 12213 12310 12214
f 12213 12309 12310
f 12214 12311 12215
f 12214 12310 12311
f 12215 12312 12216
f 12215 12311 12312
f 12216 12313 12217
f 12216 12312 12313
f 12217 12314 12218
f 12217 12313 12314
f 12218 12315 12219
f 12218 12314 12315
f 12219 12316 12220
f 12219 12315 12316
f 12220 12317 12221
f 12220 12316 12317
f 12221 12318 12222
f 12221 12317 12318
f 12222 12319 12223
f 12222 12318 12319
f 12223 12320 12224
f 12223 12319 12320
f 12224 12321 12225
f 12224 12320 12321
f 12225 12322 12226
f 12225 12321 12322
f 12226 12323 12227
f 12226 12322 12323
f 12227 12324 12228
f 12227 12323 12324
f 12228 12325 12229
f 12228 12324 12325
f 12229 12326 12230
f 12229 12325 12326
f 12230 12327 12231
f 12230 12326 12327
f 12231 12328 12232
f 12231 12327 12328
f 12232 12329 12233
f 12232 12328 12329
f 12233 12330 12234
f 12233 12329 12330
f 12234 12331 12235
f 12234 12330 12331
f 12235 12332 12236
f 12235 12331 12332
f 12236 12333 12237
f 12236 12332 12333
f 12237 12334 12238
f 12237 12333 12334
f 12238 12335 12239
f 12238 12334 12335
f 12239 12336 12240
f 12239 12335 12336
f 12240 12337 12241
f 12240 12336 12337
f 12241 12338 12242
f 12241 12337 12338
f 12242 12339 12243
f 12242 12338 12339
f 12243 12340 12244
f 12243 12339 12340
f 12244 12341 12245
f 12244 12340 12341
f 12245 12342 12246
f 12245 12341 12342
f 12246 12343 12247
f 12246 12342 12343
f 12247 12344 12248
f 12247 12343 12344
f 12248 12345 12249
f 12248 12344 12345
f 12249 12346 12250
f 12249 12345 12346
f 12250 12347 12251
f 12250 12346 12347
f 12251 12348 12252
f 12251 12347 12348
f 12252 12349 12253
f 12252 12348 12349
f 12253 12350 12254
f 12253 12349 12350
f 12254 12351 12255
f 12254 12350 12351
f 12255 12352 12256
f 12255 12351 12352
f 12256 12353 12257
f 12256 12352 12353
f 12257 12354 12258
f 12257 12353 12354
f 12258 12355 12259
f 12258 12354 12355
f 12259 12356 12260
f 12259 12355 12356
f 12260 12357 12261
f 12260 12356 12357
f 12261 12358 12262
f 12261 12357 12358
f 12262 12359 12263
f 12262 12358 12359
f 12263 12360 12264
f 12263 12359 12360
f 12264 12361 12265
f 12264 12360 12361
f 12265 12362 12266
f 12265 12361 12362
f 12266 12363 12267
f 12266 12362 12363
f 12267 12364 12268
f 12267 12363 12364
f 12268 12365 12269
f 12268 12364 12365
f 12269 12366 12270
f 12269 12365 12366
f 12270 12367 12271
f 12270 12366 12367
f 12271 12368 12272
f 12271 12367 12368
f 12272 12369 12273
f 12272 12368 12369
f 12273 12370 12274
f 12273 12369 12370
f 12274 12371 12275
f 12274 12370 12371
f 12275 12372 12276
f 12275 12371 12372
f 12276 12373 12277
f 12276 12372 12373
f 12277 12374 12278
f 12277 12373 12374
f 12278 12375 12279
f 12278 12374 12375
f 12279 12376 12280
f 12279 12375 12376
f 12280 12377 12281
f 12280 12376 12377
f 12281 12378 12282
f 12281 12377 12378
f 12282 12379 12283
f 12282 12378 12379
f 12283 12380 12284
f 12283 12379 12380
f 12284 12381 12285
f 12284 12380 12381
f 12285 12382 12286
f 12285 12381 12382
f 12286 12383 12287
f 12286 12382 12383
f 12287 12384 12288
f 12287 12383 12384
f 12288 12385 12289
f 12288 12384 12385
f 12289 12290 12194
f 12289 12385 12290
f 12290 12387 12291
f 12290 12386 12387
f 12291 12388 12292
f 12291 12387 12388
f 12292 12389 12293
f 12292 12388 12389
f 12293 12390 12294
f 12293 12389 12390
f 12294 12391 12295
f 12294 12390 12391
f 12295 12392 12296
f 12295 12391 12392
f 12296 12393 12297
f 12296 12392 12393
f 12297 12394 12298
f 12297 12393 12394
f 12298 12395 12299
f 12298 12394 12395
f 12299 12396 12300
f 12299 12395 12396
f 12300 12397 12301
f 12300 12396 12397
f 12301 12398 12302
f 12301 12397 12398
f 12302 12399 12303
f 12302 12398 12399
f 12303 12400 12304
f 12303 12399 12400
f 12304 12401 12305
f 12304 12400 12401
f 12305 12402 12306
f 12305 12401 12402
f 12306 12403 12307
f 12306 12402 12403
f 12307 12404 12308
f 12307 12403 12404
f 12308 12405 12309
f 12308 12404 12405
f 12309 12406 12310
f 12309 12405 12406
f 12310 12407 12311
f 12310 12406 12407
f 12311 12408 12312
f 12311 12407 12408
f 12312 12409 12313
f 12312 12408 12409
f 12313 12410 12314
f 12313 12409 12410
f 12314 12411 12315
f 12314 12410 12411
f 12315 12412 12316
f 12315 12411 12412
f 12316 12413 12317
f 12316 12412 12413
f 12317 12414 12318
f 12317 12413 12414
f 12318 12415 12319
f 12318 12414 12415
f 12319 12416 12320
f 12319 12415 12416
f 12320 12417 12321
f 12320 12416 12417
f 12321 12418 12322
f 12321 12417 12418
f 12322 12419 12323
f 12322 12418 12419
f 12323 12420 12324
f 12323 12419 12420
f 12324 12421 12325
f 12324 12420 12421
f 12325 12422 12326
f 12325 12421 12422
f 12326 12423 12327
f 12326 12422 12423
f 12327 12424 12328
f 12327 12423 12424
f 12328 12425 12329
f 12328 12424 12425
f 12329 12426 12330
f 12329 12425 12426
f 12330 12427 12331
f 12330 12426 12427
f 12331 12428 12332
f 12331 12427 12428
f 12332 12429 12333
f 12332 12428 12429
f 12333 12430 12334
f 12333 12429 12430
f 12334 12431 12335
f 12334 12430 12431
f 12335 12432 12336
f 12335 12431 12432
f 12336 12433 12337
f 12336 12432 12433
f 12337 12434 12338
f 12337 12433 12434
f 12338 12435 12339
f 12338 12434 12435
f 12339 12436 12340
f 12339 12435 12436
f 12340 12437 12341
f 12340 12436 12437
f 12341 12438 12342
f 12341 12437 12438
f 12342 12439 12343
f 12342 12438 12439
f 12343 12440 12344
f 12343 12439 12440
f 12344 12441 12345
f 12344 12440 12441
f 12345 12442 12346
f 12345 12441 12442
f 12346 12443 12347
f 12346 12442 12443
f 12347 12444 12348
f 12347 12443 12444
f 12348 12445 12349
f 12348 12444 12445
f 12349 12446 12350
f 12349 12445 12446
f 12350 12447 12351
f 12350 12446 12447
f 12351 12448 12352
f 12351 12447 12448
f 12352 12449 12353
f 12352 12448 12449
f 12353 12450 12354
f 12353 12449 12450
f 12354 12451 12355
f 12354 12450 12451
f 12355 12452 12356
f 12355 12451 12452
f 12356 12453 12357
f 12356 12452 12453
f 12357 12454 12358
f 12357 12453 12454
f 12358 12455 12359
f 12358 12454 12455
f 12359 12456 12360
f 12359 12455 12456
f 12360 12457 12361
f 12360 12456 12457
f 12361 12458 12362
f 12361 12457 12458
f 12362 12459 12363
f 12362 12458 12459
f 12363 12460 12364
f 12363 12459 12460
f 12364 12461 12365
f 12364 12460 12461
f 12365 12462 12366
f 12365 12461 12462
f 12366 12463 12367
f 12366 12462 12463
f 12367 12464 12368
f 12367 12463 12464
f 12368 12465 12369
f 12368 12464 12465
f 12369 12466 12370
f 12369 12465 12466
f 12370 12467 12371
f 12370 12466 12467
f 12371 12468 12372
f 12371 12467 12468
f 12372 12469 12373
f 12372 12468 12469
f 12373 12470 12374
f 12373 12469 12470
f 12374 12471 12375
f 12374 12470 12471
f 12375 12472 12376
f 12375 12471 12472
f 12376 12473 12377
f 12376 12472 12473
f 12377 12474 12378
f 12377 12473 12474
f 12378 12475 12379
f 12378 12474 12475
f 12379 12476 12380
f 12379 12475 12476
f 12380 12477 12381
f 12380 12476 12477
f 12381 12478 12382
f 12381 12477 12478
f 12382 12479 12383
f 12382 12478 12479
f 12383 12480 12384
f 12383 12479 12480
f 12384 12481 12385
f 12384 12480 12481
f 12385 12386 12290
f 12385 12481 12386
f 12386 12483 12387
f 12386 12482 12483
f 12387 12484 12388
f 12387 12483 12484
f 12388 12485 12389
f 12388 12484 12485
f 12389 12486 12390
f 12389 12485 12486
f 12390 12487 12391
f 12390 12486 12487
f 12391 12488 12392
f 12391 12487 12488
f 12392 12489 12393
f 12392 12488 12489
f 12393 12490 12394
f 12393 12489 12490
f 12394 12491 12395
f 12394 12490 12491
f 12395 12492 12396
f 12395 12491 12492
f 12396 12493 12397
f 12396 12492 12493
f 12397 12494 12398
f 12397 12493 12494
f 12398 12495 12399
f 12398 12494 12495
f 12399 12496 12400
f 12399 12495 12496
f 12400 12497 12401
f 12400 12496 12497
f 12401 12498 12402
f 12401 12497 12498
f 12402 12499 12403
f 12402 12498 12499
f 12403 12500 12404
f 12403 12499 12500
f 12404 12501 12405
f 12404 12500 12501
f 12405 12502 12406
f 12405 12501 12502
f 12406 12503 12407
f 12406 12502 12503
f 12407 12504 12408
f 12407 12503 12504
f 12408 12505 12409
f 12408 12504 12505
f 12409 12506 12410
f 12409 12505 12506
f 12410 12507 12411
f 12410 12506 12507
f 12411 12508 12412
f 12411 12507 12508
f 12412 12509 12413
f 12412 12508 12509
f 12413 12510 12414
f 12413 12509 12510
f 12414 12511 12415
f 12414 12510 12511
f 12415 12512 12416
f 12415 12511 12512
f 12416 12513 12417
f 12416 12512 12513
f 12417 12514 12418
f 12417 12513 12514
f 12418 12515 12419
f 12418 12514 12515
f 12419 12516 12420
f 12419 12515 12516
f 12420 12517 12421
f 12420 12516 12517
f 12421 12518 12422
f 12421 12517 12518
f 12422 12519 12423
f 12422 12518 12519
f 12423 12520 12424
f 12423 12519 12520
f 12424 12521 12425
f 12424 12520 12521
f 12425 12522 12426
f 12425 12521 12522
f 12426 12523 12427
f 12426 12522 12523
f 12427 12524 12428
f 12427 12523 12524
f 12428 12525 12429
f 12428 12524 12525
f 12429 12526 12430
f 12429 12525 12526
f 12430 12527 12431
f 12430 12526 12527
f 12431 12528 12432
f 12431 12527 12528
f 12432 12529 12433
f 12432 12528 12529
f 12433 12530 12434
f 12433 12529 12530
f 12434 12531 12435
f 12434 12530 12531
f 12435 12532 12436
f 12435 12531 12532
f 12436 12533 12437
f 12436 12532 12533
f 12437 12534 12438
f 12437 12533 12534
f 12438 12535 12439
f 12438 12534 12535
f 12439 12536 12440
f 12439 12535 12536
f 12440 12537 12441
f 12440 12536 12537
f 12441 12538 12442
f 12441 12537 12538
f 12442 12539 12443
f 12442 12538 12539
f 12443 12540 12444
f 12443 12539 12540
f 12444 12541 12445
f 12444 12540 12541
f 12445 12542 12446
f 12445 12541 12542
f 12446 12543 12447
f 12446 12542 12543
f 12447 12544 12448
f 12447 12543 12544
f 12448 12545 12449
f 12448 12544 12545
f 12449 12546 12450
f 12449 12545 12546
f 12450 12547 12451
f 12450 12546 12547
f 12451 12548 12452
f 12451 12547 12548
f 12452 12549 12453
f 12452 12548 12549
f 12453 12550 12454
f 12453 12549 12550
f 12454 12551 12455
f 12454 12550 12551
f 12455 12552 12456
f 12455 12551 12552
f 12456 12553 12457
f 12456 12552 12553
f 12457 12554 12458
f 12457 12553 12554
f 12458 12555 12459
f 12458 12554 12555
f 12459 12556 12460
f 12459 12555 12556
f 12460 12557 12461
f 12460 12556 12557
f 12461 12558 12462
f 12461 12557 12558
f 12462 12559 12463
f 12462 12558 12559
f 12463 12560 12464
f 12463 12559 12560
f 12464 12561 12465
f 12464 12560 12561
f 12465 12562 12466
f 12465 12561 12562
f 12466 12563 12467
f 12466 12562 12563
f 12467 12564 12468
f 12467 12563 12564
f 12468 12565 12469
f 12468 12564 12565
f 12469 12566 12470
f 12469 12565 12566
f 12470 12567 12471
f 12470 12566 12567
f 12471 12568 12472
f 12471 12567 12568
f 12472 12569 12473
f 12472 12568 12569
f 12473 12570 12474
f 12473 12569 12570
f 12474 12571 12475
f 12474 12570 12571
f 12475 12572 12476
f 12475 12571 12572
f 12476 12573 12477
f 12476 12572 12573
f 12477 12574 12478
f 12477 12573 12574
f 12478 12575 12479
f 12478 12574 12575
f 12479 12576 12480
f 12479 12575 12576
f 12480 12577 12481
f 12480 12576 12577
f 12481 12482 12386
f 12481 12577 12482
f 12482 12579 12483
f 12482 12578 12579
f 12483 12580 12484
f 12483 12579 12580
f 12484 12581 12485
f 12484 12580 12581
f 12485 12582 12486
f 12485 12581 12582
f 12486 12583 12487
f 12486 12582 12583
f 12487 12584 12488
f 12487 12583 12584
f 12488 12585 12489
f 12488 12584 12585
f 12489 12586 12490
f 12489 12585 12586
f 12490 12587 12491
f 12490 12586 12587
f 12491 12588 12492
f 12491 12587 12588
f 12492 12589 12493
f 12492 12588 12589
f 12493 12590 12494
f 12493 12589 12590
f 12494 12591 12495
f 12494 12590 12591
f 12495 12592 12496
f 12495 12591 12592
f 12496 12593 12497
f 12496 12592 12593
f 12497 12594 12498
f 12497 12593 12594
f 12498 12595 12499
f 12498 12594 12595
f 12499 12596 12500
f 12499 12595 12596
f 12500 12597 12501
f 12500 12596 12597
f 12501 12598 12502
f 12501 12597 12598
f 12502 12599 12503
f 12502 12598 12599
f 12503 12600 12504
f 12503 12599 12600
f 12504 12601 12505
f 12504 12600 12601
f 12505 12602 12506
f 12505 12601 12602
f 12506 12603 12507
f 12506 12602 12603
f 12507 12604 12508
f 12507 12603 12604
f 12508 12605 12509
f 12508 12604 12605
f 12509 12606 12510
f 12509 12605 12606
f 12510 12607 12511
f 12510 12606 12607
f 12511 12608 12512
f 12511 12607 12608
f 12512 12609 12513
f 12512 12608 12609
f 12513 12610 12514
f 12513 12609 12610
f 12514 12611 12515
f 12514 12610 12611
f 12515 12612 12516
f 12515 12611 12612
f 12516 12613 12517
f 12516 12612 12613
f 12517 12614 12518
f 12517 12613 12614
f 12518 12615 12519
f 12518 12614 12615
f 12519 12616 12520
f 12519 12615 12616
f 12520 12617 12521
f 12520 12616 12617
f 12521 12618 12522
f 12521 12617 12618
f 12522 12619 12523
f 12522 12618 12619
f 12523 12620 12524
f 12523 12619 12620
f 12524 12621 12525
f 12524 12620 12621
f 12525 12622 12526
f 12525 12621 12622
f 12526 12623 12527
f 12526 12622 12623
f 12527 12624 12528
f 12527 12623 12624
f 12528 12625 12529
f 12528 12624 12625
f 12529 12626 12530
f 12529 12625 12626
f 12530 12627 12531
f 12530 12626 12627
f 12531 12628 12532
f 12531 12627 12628
f 12532 12629 12533
f 12532 12628 12629
f 12533 12630 12534
f 12533 12629 12630
f 12534 12631 12535
f 12534 12630 12631
f 12535 12632 12536
f 12535 12631 12632
f 12536 12633 12537
f 12536 12632 12633
f 12537 12634 12538
f 12537 12633 12634
f 12538 12635 12539
f 12538 12634 12635
f 12539 12636 12540
f 12539 12635 12636
f 12540 12637 12541
f 12540 12636 12637
f 12541 12638 12542
f 12541 12637 12638
f 12542 12639 12543
f 12542 12638 12639
f 12543 12640 12544
f 12543 12639 12640
f 12544 12641 12545
f 12544 12640 12641
f 12545 12642 12546
f 12545 12641 12642
f 12546 12643 12547
f 12546 12642 12643
f 12547 12644 12548
f 12547 12643 12644
f 12548 12645 12549
f 12548 12644 12645
f 12549 12646 12550
f 12549 12645 12646
f 12550 12647 12551
f 12550 12646 12647
f 12551 12648 12552
f 12551 12647 12648
f 12552 12649 12553
f 12552 12648 12649
f 12553 12650 12554
f 12553 12649 12650
f 12554 12651 12555
f 12554 12650 12651
f 12555 12652 12556
f 12555 12651 12652
f 12556 12653 12557
f 12556 12652 12653
f 12557 12654 12558
f 12557 12653 12654
f 12558 12655 12559
f 12558 12654 12655
f 12559 12656 12560
f 12559 12655 12656
f 12560 12657 12561
f 12560 12656 12657
f 12561 12658 12562
f 12561 12657 12658
f 12562 12659 12563
f 12562 12658 12659
f 12563 12660 12564
f 12563 12659 12660
f 12564 12661 12565
f 12564 12660 12661
f 12565 12662 12566
f 12565 12661 12662
f 12566 12663 12567
f 12566 12662 12663
f 12567 12664 12568
f 12567 12663 12664
f 12568 12665 12569
f 12568 12664 12665
f 12569 12666 12570
f 12569 12665 12666
f 12570 12667 12571
f 12570 12666 12667
f 12571 12668 12572
f 12571 12667 12668
f 12572 12669 12573
f 12572 12668 12669
f 12573 12670 12574
f 12573 12669 12670
f 12574 12671 12575
f 12574 12670 12671
f 12575 12672 12576
f 12575 12671 12672
f 12576 12673 12577
f 12576 12672 12673
f 12577 12578 12482
f 12577 12673 12578
f 12578 12675 12579
f 12578 12674 12675
f 12579 12676 12580
f 12579 12675 12676
f 12580 12677 12581
f 12580 12676 12677
f 12581 12678 12582
f 12581 12677 12678
f 12582 12679 12583
f 12582 12678 12679
f 12583 12680 12584
f 12583 12679 12680
f 12584 12681 12585
f 12584 12680 12681
f 12585 12682 12586
f 12585 12681 12682
f 12586 12683 12587
f 12586 12682 12683
f 12587 12684 12588
f 12587 12683 12684
f 12588 12685 12589
f 12588 12684 12685
f 12589 12686 12590
f 12589 12685 12686
f 12590 12687 12591
f 12590 12686 12687
f 12591 12688 12592
f 12591 12687 12688
f 12592 12689 12593
f 12592 12688 12689
f 12593 12690 12594
f 12593 12689 12690
f 12594 12691 12595
f 12594 12690 12691
f 12595 12692 12596
f 12595 12691 12692
f 12596 12693 12597
f 12596 12692 12693
f 12597 12694 12598
f 12597 12693 12694
f 12598 12695 12599
f 12598 12694 12695
f 12599 12696 12600
f 12599 12695 12696
f 12600 12697 12601
f 12600 12696 12697
f 12601 12698 12602
f 12601 12697 12698
f 12602 12699 12603
f 12602 12698 12699
f 12603 12700 12604
f 12603 12699 12700
f 12604 12701 12605
f 12604 12700 12701
f 12605 12702 12606
f 12605 12701 12702
f 12606 12703 12607
f 12606 12702 12703
f 12607 12704 12608
f 12607 12703 12704
f 12608 12705 12609
f 12608 12704 12705
f 12609 12706 12610
f 12609 12705 12706
f 12610 12707 12611
f 12610 12706 12707
f 12611 12708 12612
f 12611 12707 12708
f 12612 12709 12613
f 12612 12708 12709
f 12613 12710 12614
f 12613 12709 12710
f 12614 12711 12615
f 12614 12710 12711
f 12615 12712 12616
f 12615 12711 12712
f 12616 12713 12617
f 12616 12712 12713
f 12617 12714 12618
f 12617 12713 12714
f 12618 12715 12619
f 12618 12714 12715
f 12619 12716 12620
f 12619 12715 12716
f 12620 12717 12621
f 12620 12716 12717
f 12621 12718 12622
f 12621 12717 12718
f 12622 12719 12623
f 12622 12718 12719
f 12623 12720 12624
f 12623 12719 12720
f 12624 12721 12625
f 12624 12720 12721
f 12625 12722 12626
f 12625 12721 12722
f 12626 12723 12627
f 12626 12722 12723
f 12627 12724 12628
f 12627 12723 12724
f 12628 12725 12629
f 12628 12724 12725
f 12629 12726 12630
f 12629 12725 12726
f 12630 12727 12631
f 12630 12726 12727
f 12631 12728 12632
f 12631 12727 12728
f 12632 12729 12633
f 12632 12728 12729
f 12633 12730 12634
f 12633 12729 12730
f 12634 12731 12635
f 12634 12730 12731
f 12635 12732 12636
f 12635 12731 12732
f 12636 12733 12637
f 12636 12732 12733
f 12637 12734 12638
f 12637 12733 12734
f 12638 12735 12639
f 12638 12734 12735
f 12639 12736 12640
f 12639 12735 12736
f 12640 12737 12641
f 12640 12736 12737
f 12641 12738 12642
f 12641 12737 12738
f 12642 12739 12643
f 12642 12738 12739
f 12643 12740 12644
f 12643 12739 12740
f 12644 12741 12645
f 12644 12740 12741
f 12645 12742 12646
f 12645 12741 12742
f 12646 12743 12647
f 12646 12742 12743
f 12647 12744 12648
f 12647 12743 12744
f 12648 12745 12649
f 12648 12744 12745
f 12649 12746 12650
f 12649 12745 12746
f 12650 12747 12651
f 12650 12746 12747
f 12651 12748 12652
f 12651 12747 12748
f 12652 12749 12653
f 12652 12748 12749
f 12653 12750 12654
f 12653 12749 12750
f 12654 12751 12655
f 12654 12750 12751
f 12655 12752 12656
f 12655 12751 12752
f 12656 12753 12657
f 12656 12752 12753
f 12657 12754 12658
f 12657 12753 12754
f 12658 12755 12659
f 12658 12754 12755
f 12659 12756 12660
f 12659 12755 12756
f 12660 12757 12661
f 12660 12756 12757
f 12661 12758 12662
f 12661 12757 12758
f 12662 12759 12663
f 12662 12758 12759
f 12663 12760 12664
f 12663 12759 12760
f 12664 12761 12665
f 12664 12760 12761
f 12665 12762 12666
f 12665 12761 12762
f 12666 12763 12667
f 12666 12762 12763
f 12667 12764 12668
f 12667 12763 12764
f 12668 12765 12669
f 12668 12764 12765
f 12669 12766 12670
f 12669 12765 12766
f 12670 12767 12671
f 12670 12766 12767
f 12671 12768 12672
f 12671 12767 12768
f 12672 12769 12673
f 12672 12768 12769
f 12673 12674 12578
f 12673 12769 12674
f 12674 12771 12675
f 12674 12770 12771
f 12675 12772 12676
f 12675 12771 12772
f 12676 12773 12677
f 12676 12772 12773
f 12677 12774 12678
f 12677 12773 12774
f 12678 12775 12679
f 12678 12774 12775
f 12679 12776 12680
f 12679 12775 12776
f 12680 12777 12681
f 12680 12776 12777
f 12681 12778 12682
f 12681 12777 12778
f 12682 12779 12683
f 12682 12778 12779
f 12683 12780 12684
f 12683 12779 12780
f 12684 12781 12685
f 12684 12780 12781
f 12685 12782 12686
f 12685 12781 12782
f 12686 12783 12687
f 12686 12782 12783
f 12687 12784 12688
f 12687 12783 12784
f 12688 12785 12689
f 12688 12784 12785
f 12689 12786 12690
f 12689 12785 12786
f 12690 12787 12691
f 12690 12786 12787
f 12691 12788 12692
f 12691 12787 12788
f 12692 12789 12693
f 12692 12788 12789
f 12693 12790 12694
f 12693 12789 12790
f 12694 12791 12695
f 12694 12790 12791
f 12695 12792 12696
f 12695 12791 12792
f 12696 12793 12697
f 12696 12792 12793
f 12697 12794 12698
f 12697 12793 12794
f 12698 12795 12699
f 12698 12794 12795
f 12699 12796 12700
f 12699 12795 12796
f 12700 12797 12701
f 12700 12796 12797
f 12701 12798 12702
f 12701 12797 12798
f 12702 12799 12703
f 12702 12798 12799
f 12703 12800 12704
f 12703 12799 12800
f 12704 12801 12705
f 12704 12800 12801
f 12705 12802 12706
f 12705 12801 12802
f 12706 12803 12707
f 12706 12802 12803
f 12707 12804 12708
f 12707 12803 12804
f 12708 12805 12709
f 12708 12804 12805
f 12709 12806 12710
f 12709 12805 12806
f 12710 12807 12711
f 12710 12806 12807
f 12711 12808 12712
f 12711 12807 12808
f 12712 12809 12713
f 12712 12808 12809
f 12713 12810 12714
f 12713 12809 12810
f 12714 12811 12715
f 12714 12810 12811
f 12715 12812 12716
f 12715 12811 12812
f 12716 12813 12717
f 12716 12812 12813
f 12717 12814 12718
f 12717 12813 12814
f 12718 12815 12719
f 12718 12814 12815
f 12719 12816 12720
f 12719 12815 12816
f 12720 12817 12721
f 12720 12816 12817
f 12721 12818 12722
f 12721 12817 12818
f 12722 12819 12723
f 12722 12818 12819
f 12723 12820 12724
f 12723 12819 12820
f 12724 12821 12725
f 12724 12820 12821
f 12725 12822 12726
f 12725 12821 12822
f 12726 12823 12727
f 12726 12822 12823
f 12727 12824 12728
f 12727 12823 12824
f 12728 12825 12729
f 12728 12824 12825
f 12729 12826 12730
f 12729 12825 12826
f 12730 12827 12731
f 12730 12826 12827
f 12731 12828 12732
f 12731 12827 12828
f 12732 12829 12733
f 12732 12828 12829
f 12733 12830 12734
f 12733 12829 12830
f 12734 12831 12735
f 12734 12830 12831
f 12735 12832 12736
f 12735 12831 12832
f 12736 12833 12737
f 12736 12832 12833
f 12737 12834 12738
f 12737 12833 12834
f 12738 12835 12739
f 12738 12834 12835
f 12739 12836 12740
f 12739 12835 12836
f 12740 12837 12741
f 12740 12836 12837
f 12741 12838 12742
f 12741 12837 12838
f 12742 12839 12743
f 12742 12838 12839
f 12743 12840 12744
f 12743 12839 12840
f 12744 12841 12745
f 12744 12840 12841
f 12745 12842 12746
f 12745 12841 12842
f 12746 12843 12747
f 12746 12842 12843
f 12747 12844 12748
f 12747 12843 12844
f 12748 12845 12749
f 12748 12844 12845
f 12749 12846 12750
f 12749 12845 12846
f 12750 12847 12751
f 12750 12846 12847
f 12751 12848 12752
f 12751 12847 12848
f 12752 12849 12753
f 12752 12848 12849
f 12753 12850 12754
f 12753 12849 12850
f 12754 12851 12755
f 12754 12850 12851
f 12755 12852 12756
f 12755 12851 12852
f 12756 12853 12757
f 12756 12852 12853
f 12757 12854 12758
f 12757 12853 12854
f 12758 12855 12759
f 12758 12854 12855
f 12759 12856 12760
f 12759 12855 12856
f 12760 12857 12761
f 12760 12856 12857
f 12761 12858 12762
f 12761 12857 12858
f 12762 12859 12763
f 12762 12858 12859
f 12763 12860 12764
f 12763 12859 12860
f 12764 12861 12765
f 12764 12860 12861
f 12765 12862 12766
f 12765 12861 12862
f 12766 12863 12767
f 12766 12862 12863
f 12767 12864 12768
f 12767 12863 12864
f 12768 12865 12769
f 12768 12864 12865
f 12769 12770 12674
f 12769 12865 12770
f 12770 12867 12771
f 12770 12866 12867
f 12771 12868 12772
f 12771 12867 12868
f 12772 12869 12773
f 12772 12868 12869
f 12773 12870 12774
f 12773 12869 12870
f 12774 12871 12775
f 12774 12870 12871
f 12775 12872 12776
f 12775 12871 12872
f 12776 12873 12777
f 12776 12872 12873
f 12777 12874 12778
f 12777 12873 12874
f 12778 12875 12779
f 12778 12874 12875
f 12779 12876 12780
f 12779 12875 12876
f 12780 12877 12781
f 12780 12876 12877
f 12781 12878 12782
f 12781 12877 12878
f 12782 12879 12783
f 12782 12878 12879
f 12783 12880 12784
f 12783 12879 12880
f 12784 12881 12785
f 12784 12880 12881
f 12785 12882 12786
f 12785 12881 12882
f 12786 12883 12787
f 12786 12882 12883
f 12787 12884 12788
f 12787 12883 12884
f 12788 12885 12789
f 12788 12884 12885
f 12789 12886 12790
f 12789 12885 12886
f 12790 12887 12791
f 12790 12886 12887
f 12791 12888 12792
f 12791 12887 12888
f 12792 12889 12793
f 12792 12888 12889
f 12793 12890 12794
f 12793 12889 12890
f 12794 12891 12795
f 12794 12890 12891
f 12795 12892 12796
f 12795 12891 12892
f 12796 12893 12797
f 12796 12892 12893
f 12797 12894 12798
f 12797 12893 12894
f 12798 12895 12799
f 12798 12894 12895
f 12799 12896 12800
f 12799 12895 12896
f 12800 12897 12801
f 12800 12896 12897
f 12801 12898 12802
f 12801 12897 12898
f 12802 12899 12803
f 12802 12898 12899
f 12803 12900 12804
f 12803 12899 12900
f 12804 12901 12805
f 12804 12900 12901
f 12805 12902 12806
f 12805 12901 12902
f 12806 12903 12807
f 12806 12902 12903
f 12807 12904 12808
f 12807 12903 12904
f 12808 12905 12809
f 12808 12904 12905
f 12809 12906 12810
f 12809 12905 12906
f 12810 12907 12811
f 12810 12906 12907
f 12811 12908 12812
f 12811 12907 12908
f 12812 12909 12813
f 12812 12908 12909
f 12813 12910 12814
f 12813 12909 12910
f 12814 12911 12815
f 12814 12910 12911
f 12815 12912 12816
f 12815 12911 12912
f 12816 12913 12817
f 12816 12912 12913
f 12817 12914 12818
f 12817 12913 12914
f 12818 12915 12819
f 12818 12914 12915
f 12819 12916 12820
f 12819 12915 12916
f 12820 12917 12821
f 12820 12916 12917
f 12821 12918 12822
f 12821 12917 12918
f 12822 12919 12823
f 12822 12918 12919
f 12823 12920 12824
f 12823 12919 12920
f 12824 12921 12825
f 12824 12920 12921
f 12825 12922 12826
f 12825 12921 12922
f 12826 12923 12827
f 12826 12922 12923
f 12827 12924 12828
f 12827 12923 12924
f 12828 12925 12829
f 12828 12924 12925
f 12829 12926 12830
f 12829 12925 12926
f 12830 12927 12831
f 12830 12926 12927
f 12831 12928 12832
f 12831 12927 12928
f 12832 12929 12833
f 12832 12928 12929
f 12833 12930 12834
f 12833 12929 12930
f 12834 12931 12835
f 12834 12930 12931
f 12835 12932 12836
f 12835 12931 12932
f 12836 12933 12837
f 12836 12932 12933
f 12837 12934 12838
f 12837 12933 12934
f 12838 12935 12839
f 12838 12934 12935
f 12839 12936 12840
f 12839 12935 12936
f 12840 12937 12841
f 12840 12936 12937
f 12841 12938 12842
f 12841 12937 12938
f 12842 12939 12843
f 12842 12938 12939
f 12843 12940 12844
f 12843 12939 12940
f 12844 12941 12845
f 12844 12940 12941
f 12845 12942 12846
f 12845 12941 12942
f 12846 12943 12847
f 12846 12942 12943
f 12847 12944 12848
f 12847 12943 12944
f 12848 12945 12849
f 12848 12944 12945
f 12849 12946 12850
f 12849 12945 12946
f 12850 12947 12851
f 12850 12946 12947
f 12851 12948 12852
f 12851 12947 12948
f 12852 12949 12853
f 12852 12948 12949
f 12853 12950 12854
f 12853 12949 12950
f 12854 12951 12855
f 12854 12950 12951
f 12855 12952 12856
f 12855 12951 12952
f 12856 12953 12857
f 12856 12952 12953
f 12857 12954 12858
f 12857 12953 12954
f 12858 12955 12859
f 12858 12954 12955
f 12859 12956 12860
f 12859 12955 12956
f 12860 12957 12861
f 12860 12956 12957
f 12861 12958 12862
f 12861 12957 12958
f 12862 12959 12863
f 12862 12958 12959
f 12863 12960 12864
f 12863 12959 12960
f 12864 12961 12865
f 12864 12960 12961
f 12865 12866 12770
f 12865 12961 12866
f 12866 12963 12867
f 12866 12962 12963
f 12867 12964 12868
f 12867 12963 12964
f 12868 12965 12869
f 12868 12964 12965
f 12869 12966 12870
f 12869 12965 12966
f 12870 12967 12871
f 12870 12966 12967
f 12871 12968 12872
f 12871 12967 12968
f 12872 12969 12873
f 12872 12968 12969
f 12873 12970 12874
f 12873 12969 12970
f 12874 12971 12875
f 12874 12970 12971
f 12875 12972 12876
f 12875 12971 12972
f 12876 12973 12877
f 12876 12972 12973
f 12877 12974 12878
f 12877 12973 12974
f 12878 12975 12879
f 12878 12974 12975
f 12879 12976 12880
f 12879 12975 12976
f 12880 12977 12881
f 12880 12976 12977
f 12881 12978 12882
f 12881 12977 12978
f 12882 12979 12883
f 12882 12978 12979
f 12883 12980 12884
f 12883 12979 12980
f 12884 12981 12885
f 12884 12980 12981
f 12885 12982 12886
f 12885 12981 12982
f 12886 12983 12887
f 12886 12982 12983
f 12887 12984 12888
f 12887 12983 12984
f 12888 12985 12889
f 12888 12984 12985
f 12889 12986 12890
f 12889 12985 12986
f 12890 12987 12891
f 12890 12986 12987
f 12891 12988 12892
f 12891 12987 12988
f 12892 12989 12893
f 12892 12988 12989
f 12893 12990 12894
f 12893 12989 12990
f 12894 12991 12895
f 12894 12990 12991
f 12895 12992 12896
f 12895 12991 12992
f 12896 12993 12897
f 12896 12992 12993
f 12897 12994 12898
f 12897 12993 12994
f 12898 12995 12899
f 12898 12994 12995
f 12899 12996 12900
f 12899 12995 12996
f 12900 12997 12901
f 12900 12996 12997
f 12901 12998 12902
f 12901 12997 12998
f 12902 12999 12903
f 12902 12998 12999
f 12903 13000 12904
f 12903 12999 13000
f 12904 13001 12905
f 12904 13000 13001
f 12905 13002 12906
f 12905 13001 13002
f 12906 13003 12907
f 12906 13002 13003
f 12907 13004 12908
f 12907 13003 13004
f 12908 13005 12909
f 12908 13004 13005
f 12909 13006 12910
f 12909 13005 13006
f 12910 13007 12911
f 12910 13006 13007
f 12911 13008 12912
f 12911 13007 13008
f 12912 13009 12913
f 12912 13008 13009
f 12913 13010 12914
f 12913 13009 13010
f 12914 13011 12915
f 12914 13010 13011
f 12915 13012 12916
f 12915 13011 13012
f 12916 13013 12917
f 12916 13012 13013
f 12917 13014 12918
f 12917 13013 13014
f 12918 13015 12919
f 12918 13014 13015
f 12919 13016 12920
f 12919 13015 13016
f 12920 13017 12921
f 12920 13016 13017
f 12921 13018 12922
f 12921 13017 13018
f 12922 13019 12923
f 12922 13018 13019
f 12923 13020 12924
f 12923 13019 13020
f 12924 13021 12925
f 12924 13020 13021
f 12925 13022 12926
f 12925 13021 13022
f 12926 13023 12927
f 12926 13022 13023
f 12927 13024 12928
f 12927 13023 13024
f 12928 13025 12929
f 12928 13024 13025
f 12929 13026 12930
f 12929 13025 13026
f 12930 13027 12931
f 12930 13026 13027
f 12931 13028 12932
f 12931 13027 13028
f 12932 13029 12933
f 12932 13028 13029
f 12933 13030 12934
f 12933 13029 13030
f 12934 13031 12935
f 12934 13030 13031
f 12935 13032 12936
f 12935 13031 13032
f 12936 13033 12937
f 12936 13032 13033
f 12937 13034 12938
f 12937 13033 13034
f 12938 13035 12939
f 12938 13034 13035
f 12939 13036 12940
f 12939 13035 13036
f 12940 13037 12941
f 12940 13036 13037
f 12941 13038 12942
f 12941 13037 13038
f 12942 13039 12943
f 12942 13038 13039
f 12943 13040 12944
f 12943 13039 13040
f 12944 13041 12945
f 12944 13040 13041
f 12945 13042 12946
f 12945 13041 13042
f 12946 13043 12947
f 12946 13042 13043
f 12947 13044 12948
f 12947 13043 13044
f 12948 13045 12949
f 12948 13044 13045
f 12949 13046 12950
f 12949 13045 13046
f 12950 13047 12951
f 12950 13046 13047
f 12951 13048 12952
f 12951 13047 13048
f 12952 13049 12953
f 12952 13048 13049
f 12953 13050 12954
f 12953 13049 13050
f 12954 13051 12955
f 12954 13050 13051
f 12955 13052 12956
f 12955 13051 13052
f 12956 13053 12957
f 12956 13052 13053
f 12957 13054 12958
f 12957 13053 13054
f 12958 13055 12959
f 12958 13054 13055
f 12959 13056 12960
f 12959 13055 13056
f 12960 13057 12961
f 12960 13056 13057
f 12961 12962 12866
f 12961 13057 12962
f 12962 13059 12963
f 12962 13058 13059
f 12963 13060 12964
f 12963 13059 13060
f 12964 13061 12965
f 12964 13060 13061
f 12965 13062 12966
f 12965 13061 13062
f 12966 13063 12967
f 12966 13062 13063
f 12967 13064 12968
f 12967 13063 13064
f 12968 13065 12969
f 12968 13064 13065
f 12969 13066 12970
f 12969 13065 13066
f 12970 13067 12971
f 12970 13066 13067
f 12971 13068 12972
f 12971 13067 13068
f 12972 13069 12973
f 12972 13068 13069
f 12973 13070 12974
f 12973 13069 13070
f 12974 13071 12975
f 12974 13070 13071
f 12975 13072 12976
f 12975 13071 13072
f 12976 13073 12977
f 12976 13072 13073
f 12977 13074 12978
f 12977 13073 13074
f 12978 13075 12979
f 12978 13074 13075
f 12979 13076 12980
f 12979 13075 13076
f 12980 13077 12981
f 12980 13076 13077
f 12981 13078 12982
f 12981 13077 13078
f 12982 13079 12983
f 12982 13078 13079
f 12983 13080 12984
f 12983 13079 13080
f 12984 13081 12985
f 12984 13080 13081
f 12985 13082 12986
f 12985 13081 13082
f 12986 13083 12987
f 12986 13082 13083
f 12987 13084 12988
f 12987 13083 13084
f 12988 13085 12989
f 12988 13084 13085
f 12989 13086 12990
f 12989 13085 13086
f 12990 13087 12991
f 12990 13086 13087
f 12991 13088 12992
f 12991 13087 13088
f 12992 13089 12993
f 12992 13088 13089
f 12993 13090 12994
f 12993 13089 13090
f 12994 13091 12995
f 12994 13090 13091
f 12995 13092 12996
f 12995 13091 13092
f 12996 13093 12997
f 12996 13092 13093
f 12997 13094 12998
f 12997 13093 13094
f 12998 13095 12999
f 12998 13094 13095
f 12999 13096 13000
f 12999 13095 13096
f 13000 13097 13001
f 13000 13096 13097
f 13001 13098 13002
f 13001 13097 13098
f 13002 13099 13003
f 13002 13098 13099
f 13003 13100 13004
f 13003 13099 13100
f 13004 13101 13005
f 13004 13100 13101
f 13005 13102 13006
f 13005 13101 13102
f 13006 13103 13007
f 13006 13102 13103
f 13007 13104 13008
f 13007 13103 13104
f 13008 13105 13009
f 13008 13104 13105
f 13009 13106 13010
f 13009 13105 13106
f 13010 13107 13011
f 13010 13106 13107
f 13011 13108 13012
f 13011 13107 13108
f 13012 13109 13013
f 13012 13108 13109
f 13013 13110 13014
f 13013 13109 13110
f 13014 13111 13015
f 13014 13110 13111
f 13015 13112 13016
f 13015 13111 13112
f 13016 13113 13017
f 13016 13112 13113
f 13017 13114 13018
f 13017 13113 13114
f 13018 13115 13019
f 13018 13114 13115
f 13019 13116 13020
f 13019 13115 13116
f 13020 13117 13021
f 13020 13116 13117
f 13021 13118 13022
f 13021 13117 13118
f 13022 13119 13023
f 13022 13118 13119
f 13023 13120 13024
f 13023 13119 13120
f 13024 13121 13025
f 13024 13120 13121
f 13025 13122 13026
f 13025 13121 13122
f 13026 13123 13027
f 13026 13122 13123
f 13027 13124 13028
f 13027 13123 13124
f 13028 13125 13029
f 13028 13124 13125
f 13029 13126 13030
f 13029 13125 13126
f 13030 13127 13031
f 13030 13126 13127
f 13031 13128 13032
f 13031 13127 13128
f 13032 13129 13033
f 13032 13128 13129
f 13033 13130 13034
f 13033 13129 13130
f 13034 13131 13035
f 13034 13130 13131
f 13035 13132 13036
f 13035 13131 13132
f 13036 13133 13037
f 13036 13132 13133
f 13037 13134 13038
f 13037 13133 13134
f 13038 13135 13039
f 13038 13134 13135
f 13039 13136 13040
f 13039 13135 13136
f 13040 13137 13041
f 13040 13136 13137
f 13041 13138 13042
f 13041 13137 13138
f 13042 13139 13043
f 13042 13138 13139
f 13043 13140 13044
f 13043 13139 13140
f 13044 13141 13045
f 13044 13140 13141
f 13045 13142 13046
f 13045 13141 13142
f 13046 13143 13047
f 13046 13142 13143
f 13047 13144 13048
f 13047 13143 13144
f 13048 13145 13049
f 13048 13144 13145
f 13049 13146 13050
f 13049 13145 13146
f 13050 13147 13051
f 13050 13146 13147
f 13051 13148 13052
f 13051 13147 13148
f 13052 13149 13053
f 13052 13148 13149
f 13053 13150 13054
f 13053 13149 13150
f 13054 13151 13055
f 13054 13150 13151
f 13055 13152 13056
f 13055 13151 13152
f 13056 13153 13057
f 13056 13152 13153
f 13057 13058 12962
f 13057 13153 13058
f 13058 13155 13059
f 13058 13154 13155
f 13059 13156 13060
f 13059 13155 13156
f 13060 13157 13061
f 13060 13156 13157
f 13061 13158 13062
f 13061 13157 13158
f 13062 13159 13063
f 13062 13158 13159
f 13063 13160 13064
f 13063 13159 13160
f 13064 13161 13065
f 13064 13160 13161
f 13065 13162 13066
f 13065 13161 13162
f 13066 13163 13067
f 13066 13162 13163
f 13067 13164 13068
f 13067 13163 13164
f 13068 13165 13069
f 13068 13164 13165
f 13069 13166 13070
f 13069 13165 13166
f 13070 13167 13071
f 13070 13166 13167
f 13071 13168 13072
f 13071 13167 13168
f 13072 13169 13073
f 13072 13168 13169
f 13073 13170 13074
f 13073 13169 13170
f 13074 13171 13075
f 13074 13170 13171
f 13075 13172 13076
f 13075 13171 13172
f 13076 13173 13077
f 13076 13172 13173
f 13077 13174 13078
f 13077 13173 13174
f 13078 13175 13079
f 13078 13174 13175
f 13079 13176 13080
f 13079 13175 13176
f 13080 13177 13081
f 13080 13176 13177
f 13081 13178 13082
f 13081 13177 13178
f 13082 13179 13083
f 13082 13178 13179
f 13083 13180 13084
f 13083 13179 13180
f 13084 13181 13085
f 13084 13180 13181
f 13085 13182 13086
f 13085 13181 13182
f 13086 13183 13087
f 13086 13182 13183
f 13087 13184 13088
f 13087 13183 13184
f 13088 13185 13089
f 13088 13184 13185
f 13089 13186 13090
f 13089 13185 13186
f 13090 13187 13091
f 13090 13186 13187
f 13091 13188 13092
f 13091 13187 13188
f 13092 13189 13093
f 13092 13188 13189
f 13093 13190 13094
f 13093 13189 13190
f 13094 13191 13095
f 13094 13190 13191
f 13095 13192 13096
f 13095 13191 13192
f 13096 13193 13097
f 13096 13192 13193
f 13097 13194 13098
f 13097 13193 13194
f 13098 13195 13099
f 13098 13194 13195
f 13099 13196 13100
f 13099 13195 13196
f 13100 13197 13101
f 13100 13196 13197
f 13101 13198 13102
f 13101 13197 13198
f 13102 13199 13103
f 13102 13198 13199
f 13103 13200 13104
f 13103 13199 13200
f 13104 13201 13105
f 13104 13200 13201
f 13105 13202 13106
f 13105 13201 13202
f 13106 13203 13107
f 13106 13202 13203
f 13107 13204 13108
f 13107 13203 13204
f 13108 13205 13109
f 13108 13204 13205
f 13109 13206 13110
f 13109 13205 13206
f 13110 13207 13111
f 13110 13206 13207
f 13111 13208 13112
f 13111 13207 13208
f 13112 13209 13113
f 13112 13208 13209
f 13113 13210 13114
f 13113 13209 13210
f 13114 13211 13115
f 13114 13210 13211
f 13115 13212 13116
f 13115 13211 13212
f 13116 13213 13117
f 13116 13212 13213
f 13117 13214 13118
f 13117 13213 13214
f 13118 13215 13119
f 13118 13214 13215
f 13119 13216 13120
f 13119 13215 13216
f 13120 13217 13121
f 13120 13216 13217
f 13121 13218 13122
f 13121 13217 13218
f 13122 13219 13123
f 13122 13218 13219
f 13123 13220 13124
f 13123 13219 13220
f 13124 13221 13125
f 13124 13220 13221
f 13125 13222 13126
f 13125 13221 13222
f 13126 13223 13127
f 13126 13222 13223
f 13127 13224 13128
f 13127 13223 13224
f 13128 13225 13129
f 13128 13224 13225
f 13129 13226 13130
f 13129 13225 13226
f 13130 13227 13131
f 13130 13226 13227
f 13131 13228 13132
f 13131 13227 13228
f 13132 13229 13133
f 13132 13228 13229
f 13133 13230 13134
f 13133 13229 13230
f 13134 13231 13135
f 13134 13230 13231
f 13135 13232 13136
f 13135 13231 13232
f 13136 13233 13137
f 13136 13232 13233
f 13137 13234 13138
f 13137 13233 13234
f 13138 13235 13139
f 13138 13234 13235
f 13139 13236 13140
f 13139 13235 13236
f 13140 13237 13141
f 13140 13236 13237
f 13141 13238 13142
f 13141 13237 13238
f 13142 13239 13143
f 13142 13238 13239
f 13143 13240 13144
f 13143 13239 13240
f 13144 13241 13145
f 13144 13240 13241
f 13145 13242 13146
f 13145 13241 13242
f 13146 13243 13147
f 13146 13242 13243
f 13147 13244 13148
f 13147 13243 13244
f 13148 13245 13149
f 13148 13244 13245
f 13149 13246 13150
f 13149 13245 13246
f 13150 13247 13151
f 13150 13246 13247
f 13151 13248 13152
f 13151 13247 13248
f 13152 13249 13153
f 13152 13248 13249
f 13153 13154 13058
f 13153 13249 13154
f 13154 13251 13155
f 13154 13250 13251
f 13155 13252 13156
f 13155 13251 13252
f 13156 13253 13157
f 13156 13252 13253
f 13157 13254 13158
f 13157 13253 13254
f 13158 13255 13159
f 13158 13254 13255
f 13159 13256 13160
f 13159 13255 13256
f 13160 13257 13161
f 13160 13256 13257
f 13161 13258 13162
f 13161 13257 13258
f 13162 13259 13163
f 13162 13258 13259
f 13163 13260 13164
f 13163 13259 13260
f 13164 13261 13165
f 13164 13260 13261
f 13165 13262 13166
f 13165 13261 13262
f 13166 13263 13167
f 13166 13262 13263
f 13167 13264 13168
f 13167 13263 13264
f 13168 13265 13169
f 13168 13264 13265
f 13169 13266 13170
f 13169 13265 13266
f 13170 13267 13171
f 13170 13266 13267
f 13171 13268 13172
f 13171 13267 13268
f 13172 13269 13173
f 13172 13268 13269
f 13173 13270 13174
f 13173 13269 13270
f 13174 13271 13175
f 13174 13270 13271
f 13175 13272 13176
f 13175 13271 13272
f 13176 13273 13177
f 13176 13272 13273
f 13177 13274 13178
f 13177 13273 13274
f 13178 13275 13179
f 13178 13274 13275
f 13179 13276 13180
f 13179 13275 13276
f 13180 13277 13181
f 13180 13276 13277
f 13181 13278 13182
f 13181 13277 13278
f 13182 13279 13183
f 13182 13278 13279
f 13183 13280 13184
f 13183 13279 13280
f 13184 13281 13185
f 13184 13280 13281
f 13185 13282 13186
f 13185 13281 13282
f 13186 13283 13187
f 13186 13282 13283
f 13187 13284 13188
f 13187 13283 13284
f 13188 13285 13189
f 13188 13284 13285
f 13189 13286 13190
f 13189 13285 13286
f 13190 13287 13191
f 13190 13286 13287
f 13191 13288 13192
f 13191 13287 13288
f 13192 13289 13193
f 13192 13288 13289
f 13193 13290 13194
f 13193 13289 13290
f 13194 13291 13195
f 13194 13290 13291
f 13195 13292 13196
f 13195 13291 13292
f 13196 13293 13197
f 13196 13292 13293
f 13197 13294 13198
f 13197 13293 13294
f 13198 13295 13199
f 13198 13294 13295
f 13199 13296 13200
f 13199 13295 13296
f 13200 13297 13201
f 13200 13296 13297
f 13201 13298 13202
f 13201 13297 13298
f 13202 13299 13203
f 13202 13298 13299
f 13203 13300 13204
f 13203 13299 13300
f 13204 13301 13205
f 13204 13300 13301
f 13205 13302 13206
f 13205 13301 13302
f 13206 13303 13207
f 13206 13302 13303
f 13207 13304 13208
f 13207 13303 13304
f 13208 13305 13209
f 13208 13304 13305
f 13209 13306 13210
f 13209 13305 13306
f 13210 13307 13211
f 13210 13306 13307
f 13211 13308 13212
f 13211 13307 13308
f 13212 13309 13213
f 13212 13308 13309
f 13213 13310 13214
f 13213 13309 13310
f 13214 13311 13215
f 13214 13310 13311
f 13215 13312 13216
f 13215 13311 13312
f 13216 13313 13217
f 13216 13312 13313
f 13217 13314 13218
f 13217 13313 13314
f 13218 13315 13219
f 13218 13314 13315
f 13219 13316 13220
f 13219 13315 13316
f 13220 13317 13221
f 13220 13316 13317
f 13221 13318 13222
f 13221 13317 13318
f 13222 13319 13223
f 13222 13318 13319
f 13223 13320 13224
f 13223 13319 13320
f 13224 13321 13225
f 13224 13320 13321
f 13225 13322 13226
f 13225 13321 13322
f 13226 13323 13227
f 13226 13322 13323
f 13227 13324 13228
f 13227 13323 13324
f 13228 13325 13229
f 13228 13324 13325
f 13229 13326 13230
f 13229 13325 13326
f 13230 13327 13231
f 13230 13326 13327
f 13231 13328 13232
f 13231 13327 13328
f 13232 13329 13233
f 13232 13328 13329
f 13233 13330 13234
f 13233 13329 13330
f 13234 13331 13235
f 13234 13330 13331
f 13235 13332 13236
f 13235 13331 13332
f 13236 13333 13237
f 13236 13332 13333
f 13237 13334 13238
f 13237 13333 13334
f 13238 13335 13239
f 13238 13334 13335
f 13239 13336 13240
f 13239 13335 13336
f 13240 13337 13241
f 13240 13336 13337
f 13241 13338 13242
f 13241 13337 13338
f 13242 13339 13243
f 13242 13338 13339
f 13243 13340 13244
f 13243 13339 13340
f 13244 13341 13245
f 13244 13340 13341
f 13245 13342 13246
f 13245 13341 13342
f 13246 13343 13247
f 13246 13342 13343
f 13247 13344 13248
f 13247 13343 13344
f 13248 13345 13249
f 13248 13344 13345
f 13249 13250 13154
f 13249 13345 13250
f 13250 13346 13251
f 13251 13346 13252
f 13252 13346 13253
f 13253 13346 13254
f 13254 13346 13255
f 13255 13346 13256
f 13256 13346 13257
f 13257 13346 13258
f 13258 13346 13259
f 13259 13346 13260
f 13260 13346 13261
f 13261 13346 13262
f 13262 13346 13263
f 13263 13346 13264
f 13264 13346 13265
f 13265 13346 13266
f 13266 13346 13267
f 13267 13346 13268
f 13268 13346 13269
f 13269 13346 13270
f 13270 13346 13271
f 13271 13346 13272
f 13272 13346 13273
f 13273 13346 13274
f 13274 13346 13275
f 13275 13346 13276
f 13276 13346 13277
f 13277 13346 13278
f 13278 13346 13279
f 13279 13346 13280
f 13280 13346 13281
f 13281 13346 13282
f 13282 13346 13283
f 13283 13346 13284
f 13284 13346 13285
f 13285 13346 13286
f 13286 13346 13287
f 13287 13346 13288
f 13288 13346 13289
f 13289 13346 13290
f 13290 13346 13291
f 13291 13346 13292
f 13292 13346 13293
f 13293 13346 13294
f 13294 13346 13295
f 13295 13346 13296
f 13296 13346 13297
f 13297 13346 13298
f 13298 13346 13299
f 13299 13346 13300
f 13300 13346 13301
f 13301 13346 13302
f 13302 13346 13303
f 13303 13346 13304
f 13304 13346 13305
f 13305 13346 13306
f 13306 13346 13307
f 13307 13346 13308
f 13308 13346 13309
f 13309 13346 13310
f 13310 13346 13311
f 13311 13346 13312
f 13312 13346 13313
f 13313 13346 13314
f 13314 13346 13315
f 13315 13346 13316
f 13316 13346 13317
f 13317 13346 13318
f 13318 13346 13319
f 13319 13346 13320
f 13320 13346 13321
f 13321 13346 13322
f 13322 13346 13323
f 13323 13346 13324
f 13324 13346 13325
f 13325 13346 13326
f 13326 13346 13327
f 13327 13346 13328
f 13328 13346 13329
f 13329 13346 13330
f 13330 13346 13331
f 13331 13346 13332
f 13332 13346 13333
f 13333 13346 13334
f 13334 13346 13335
f 13335 13346 13336
f 13336 13346 13337
f 13337 13346 13338
f 13338 13346 13339
f 13339 13346 13340
f 13340 13346 13341
f 13341 13346 13342
f 13342 13346 13343
f 13343 13346 13344
f 13344 13346 13345
f 13345 13346 13250
